text_a,text_b,label,faq_id,candidate_faq_id,split,pair_type
what courses are provide master of visual studies in studio art at uoft? Any idea?,what courses are offered in Master of Visual Studies in Studio Art at UOFT?,1,1,1,train,positive
what courses are provide master of visual studies in studio art at uoft? Any idea?,"I am an Indigenous student, what do I need to know about registering for Jump Start?",0,1,320,train,random
what courses are provide master of visual studies in studio art at uoft? Any idea?,where do Master of Visual Studies in Studio Art graduates from UOFT typically work?,0,1,57,train,hard
what courses are provide in master of visual studies in studio art at uoft? Thanks.,what courses are offered in Master of Visual Studies in Studio Art at UOFT?,1,1,1,train,positive
what courses are provide in master of visual studies in studio art at uoft? Thanks.,what kind of research is done in English at UOFT?,0,1,110,train,random
what courses are provide in master of visual studies in studio art at uoft? Thanks.,where do Master of Visual Studies in Studio Art graduates from UOFT typically work?,0,1,57,train,hard
what courses are provide in master of visual studies in studio art at uoft?,what courses are offered in Master of Visual Studies in Studio Art at UOFT?,1,1,1,dev,positive
what courses are provide in master of visual studies in studio art at uoft?,Do I have health or dental insurance coverage through U of T?,0,1,476,dev,random
what courses are provide in master of visual studies in studio art at uoft?,where do Master of Visual Studies in Studio Art graduates from UOFT typically work?,0,1,57,dev,hard
Could you tell me what courses are provide in master visual studies in curatorial studies at uoft?,what courses are offered in Master of Visual Studies in Curatorial Studies at UOFT?,1,2,2,train,positive
Could you tell me what courses are provide in master visual studies in curatorial studies at uoft?,"what can I do with a degree in Innovation, Law and Technology from UOFT?",0,2,130,train,random
Could you tell me what courses are provide in master visual studies in curatorial studies at uoft?,what courses are offered in Master of Visual Studies in Studio Art at UOFT?,0,2,1,train,hard
what courses are provide in master of visual studies in curatorial studies at uoft? Any idea?,what courses are offered in Master of Visual Studies in Curatorial Studies at UOFT?,1,2,2,train,positive
what courses are provide in master of visual studies in curatorial studies at uoft? Any idea?,can you explain the structure of Biotechnology at UOFT?,0,2,73,train,random
what courses are provide in master of visual studies in curatorial studies at uoft? Any idea?,what courses are offered in Master of Visual Studies in Studio Art at UOFT?,0,2,1,train,hard
Could you tell me what courses provide in master of visual studies in curatorial studies at uoft?,what courses are offered in Master of Visual Studies in Curatorial Studies at UOFT?,1,2,2,dev,positive
Could you tell me what courses provide in master of visual studies in curatorial studies at uoft?,Which stream am I part of if I live at University Village or Wesbrook Village?,0,2,329,dev,random
Could you tell me what courses provide in master of visual studies in curatorial studies at uoft?,what courses are offered in Master of Visual Studies in Studio Art at UOFT?,0,2,1,dev,hard
describe phd in architecture landscape and design curriculum at uoft? Thanks.,"describe the PhD in Architecture, Landscape, and Design curriculum at UOFT.",1,3,3,train,positive
describe phd in architecture landscape and design curriculum at uoft? Thanks.,what can I do with a degree in Museum Studies from UOFT?,0,3,202,train,random
describe phd in architecture landscape and design curriculum at uoft? Thanks.,"what are the admission requirements for PhD in Architecture, Landscape, and Design at UOFT?",0,3,196,train,hard
describe the phd in architecture landscape design curriculum at uoft?,"describe the PhD in Architecture, Landscape, and Design curriculum at UOFT.",1,3,3,train,positive
describe the phd in architecture landscape design curriculum at uoft?,"Are staff, faculty and students able to smoke or vape tobacco or cannabis off university property and then go to work/class?",0,3,310,train,random
describe the phd in architecture landscape design curriculum at uoft?,"what are the admission requirements for PhD in Architecture, Landscape, and Design at UOFT?",0,3,196,train,hard
Could you tell me describe the phd in architecture landscape and design curriculum uoft?,"describe the PhD in Architecture, Landscape, and Design curriculum at UOFT.",1,3,3,dev,positive
Could you tell me describe the phd in architecture landscape and design curriculum uoft?,"Will I be considered for all of the programs I applied to at the same time, or only in the order I ranked them?",0,3,337,dev,random
Could you tell me describe the phd in architecture landscape and design curriculum uoft?,"what are the admission requirements for PhD in Architecture, Landscape, and Design at UOFT?",0,3,196,dev,hard
Quick question: can you explain the structure of adult education community development uoft?,can you explain the structure of Adult Education and Community Development at UOFT?,1,4,4,train,positive
Quick question: can you explain the structure of adult education community development uoft?,"can you explain the structure of Health Policy, Management and Evaluation at UOFT?",0,4,154,train,random
Quick question: can you explain the structure of adult education community development uoft?,what subjects will I study in Adult Education and Community Development at UOFT?,0,4,20,train,hard
Help needed: can you explain the structure of adult education and community development at uoft?,can you explain the structure of Adult Education and Community Development at UOFT?,1,4,4,train,positive
Help needed: can you explain the structure of adult education and community development at uoft?,When are references due?,0,4,433,train,random
Help needed: can you explain the structure of adult education and community development at uoft?,what subjects will I study in Adult Education and Community Development at UOFT?,0,4,20,train,hard
Help needed: can you explain the structure of adult education community development uoft?,can you explain the structure of Adult Education and Community Development at UOFT?,1,4,4,dev,positive
Help needed: can you explain the structure of adult education community development uoft?,I recently became a Canadian Permanent Resident. How can I update my legal status on my application?,0,4,415,dev,random
Help needed: can you explain the structure of adult education community development uoft?,what subjects will I study in Adult Education and Community Development at UOFT?,0,4,20,dev,hard
"Hi, can explain the structure teaching uoft?",can you explain the structure of Teaching at UOFT?,1,5,5,train,positive
"Hi, can explain the structure teaching uoft?",Can I work on- and/or off-campus?,0,5,457,train,random
"Hi, can explain the structure teaching uoft?",describe the Teaching curriculum at UOFT.,0,5,31,train,hard
Help needed: can you explain structure of teaching at uoft?,can you explain the structure of Teaching at UOFT?,1,5,5,train,positive
Help needed: can you explain structure of teaching at uoft?,what can I do with a degree in Health Administration from UOFT?,0,5,90,train,random
Help needed: can you explain structure of teaching at uoft?,can you explain the structure of English at UOFT?,0,5,65,train,hard
Help needed: can you explain the structure teaching at uoft?,can you explain the structure of Teaching at UOFT?,1,5,5,dev,positive
Help needed: can you explain the structure teaching at uoft?,How will a repeated course affect my admission?,0,5,336,dev,random
Help needed: can you explain the structure teaching at uoft?,can you explain the structure of English at UOFT?,0,5,65,dev,hard
"Hi, can you explain structure of global professional law at uoft?",can you explain the structure of Global Professional Law at UOFT?,1,6,6,train,positive
"Hi, can you explain structure of global professional law at uoft?",where do Master of Business Administration (Extended Full-Time MBA) graduates from UOFT typically work?,0,6,113,train,random
"Hi, can you explain structure of global professional law at uoft?",what subjects will I study in Global Professional Law at UOFT?,0,6,11,train,hard
Quick question: can you explain structure global professional law at uoft?,can you explain the structure of Global Professional Law at UOFT?,1,6,6,train,positive
Quick question: can you explain structure global professional law at uoft?,I applied last year / I'm a current or former OISE student - do I have to re-submit documents?,0,6,251,train,random
Quick question: can you explain structure global professional law at uoft?,what subjects will I study in Global Professional Law at UOFT?,0,6,11,train,hard
"Hi, can you explain the structure of global professional law at uoft?",can you explain the structure of Global Professional Law at UOFT?,1,6,6,dev,positive
"Hi, can you explain the structure of global professional law at uoft?","I have submitted my application but want to make a change, how do I do that?",0,6,343,dev,random
"Hi, can you explain the structure of global professional law at uoft?",can you explain the structure of Global Affairs at UOFT?,0,6,96,dev,hard
can you explain structure of germanic literature culture and theory at uoft?,"can you explain the structure of Germanic Literature, Culture and Theory at UOFT?",1,7,7,train,positive
can you explain structure of germanic literature culture and theory at uoft?,Where can I find help with housing?,0,7,471,train,random
can you explain structure of germanic literature culture and theory at uoft?,"what subjects will I study in Germanic Literature, Culture and Theory at UOFT?",0,7,97,train,hard
can explain the structure of germanic literature culture and theory at uoft? Any idea?,"can you explain the structure of Germanic Literature, Culture and Theory at UOFT?",1,7,7,train,positive
can explain the structure of germanic literature culture and theory at uoft? Any idea?,How do U of T Mississauga's degree requirements impact my transfer credits?,0,7,398,train,random
can explain the structure of germanic literature culture and theory at uoft? Any idea?,"what subjects will I study in Germanic Literature, Culture and Theory at UOFT?",0,7,97,train,hard
Help needed: can you explain the structure of germanic literature culture and theory uoft?,"can you explain the structure of Germanic Literature, Culture and Theory at UOFT?",1,7,7,dev,positive
Help needed: can you explain the structure of germanic literature culture and theory uoft?,What is an appropriate bachelor's degree?,0,7,403,dev,random
Help needed: can you explain the structure of germanic literature culture and theory uoft?,"what subjects will I study in Germanic Literature, Culture and Theory at UOFT?",0,7,97,dev,hard
Quick question: can you explain the structure of curriculum and pedagogy at uoft?,can you explain the structure of Curriculum and Pedagogy at UOFT?,1,8,8,train,positive
Quick question: can you explain the structure of curriculum and pedagogy at uoft?,what kind of research is done in Art History at UOFT?,0,8,150,train,random
Quick question: can you explain the structure of curriculum and pedagogy at uoft?,what subjects will I study in Curriculum and Pedagogy at UOFT?,0,8,22,train,hard
Quick question: can you explain structure of curriculum pedagogy uoft?,can you explain the structure of Curriculum and Pedagogy at UOFT?,1,8,8,train,positive
Quick question: can you explain structure of curriculum pedagogy uoft?,"I'm an international student, and this will be my first time studying in Canada. How can I prepare for arrival?",0,8,472,train,random
Quick question: can you explain structure of curriculum pedagogy uoft?,what subjects will I study in Curriculum and Pedagogy at UOFT?,0,8,22,train,hard
"Hi, can you explain the structure of curriculum and pedagogy at uoft?",can you explain the structure of Curriculum and Pedagogy at UOFT?,1,8,8,dev,positive
"Hi, can you explain the structure of curriculum and pedagogy at uoft?",Am I required to have a police check done for my practicum?,0,8,484,dev,random
"Hi, can you explain the structure of curriculum and pedagogy at uoft?",what subjects will I study in Curriculum and Pedagogy at UOFT?,0,8,22,dev,hard
"Hi, can you explain the structure of spanish at uoft?",can you explain the structure of Spanish at UOFT?,1,9,9,train,positive
"Hi, can you explain the structure of spanish at uoft?",what are the admission requirements for Canadian Law in a Global Context at UOFT?,0,9,191,train,random
"Hi, can you explain the structure of spanish at uoft?",can you explain the structure of English at UOFT?,0,9,65,train,hard
can you explain the structure of spanish uoft?,can you explain the structure of Spanish at UOFT?,1,9,9,train,positive
can you explain the structure of spanish uoft?,what subjects will I study in Child Study and Education at UOFT?,0,9,163,train,random
can you explain the structure of spanish uoft?,can you explain the structure of English at UOFT?,0,9,65,train,hard
can you explain structure of spanish at uoft?,can you explain the structure of Spanish at UOFT?,1,9,9,dev,positive
can you explain structure of spanish at uoft?,I want to apply to more than one program; do I have to submit more than one application?,0,9,414,dev,random
can you explain structure of spanish at uoft?,can you explain the structure of English at UOFT?,0,9,65,dev,hard
Could you tell me where do master of education in counselling psychology global mental health counselling psychology field graduates from uoft typically work?,where do Master of Education in Counselling Psychology (Global Mental Health & Counselling Psychology Field) graduates from UOFT typically work?,1,10,10,train,positive
Could you tell me where do master of education in counselling psychology global mental health counselling psychology field graduates from uoft typically work?,I'm having trouble logging in to Join U of T. What should I do?,0,10,341,train,random
Could you tell me where do master of education in counselling psychology global mental health counselling psychology field graduates from uoft typically work?,where do Doctor of Education in Counselling Psychology (School Psychology Field) graduates from UOFT typically work?,0,10,37,train,hard
Help needed: where do master of education in counselling psychology global mental health counselling psychology field graduates uoft typically work?,where do Master of Education in Counselling Psychology (Global Mental Health & Counselling Psychology Field) graduates from UOFT typically work?,1,10,10,train,positive
Help needed: where do master of education in counselling psychology global mental health counselling psychology field graduates uoft typically work?,what subjects will I study in Master of Forest Conservation at UOFT?,0,10,44,train,random
Help needed: where do master of education in counselling psychology global mental health counselling psychology field graduates uoft typically work?,what research opportunities exist in Master of Education in Counselling Psychology (Global Mental Health & Counselling Psychology Field) at UOFT?,0,10,15,train,hard
Quick question: where master education in counselling psychology global mental health counselling psychology field graduates uoft typically work?,where do Master of Education in Counselling Psychology (Global Mental Health & Counselling Psychology Field) graduates from UOFT typically work?,1,10,10,dev,positive
Quick question: where master education in counselling psychology global mental health counselling psychology field graduates uoft typically work?,what are the research strengths of Educational Leadership and Policy at UOFT?,0,10,161,dev,random
Quick question: where master education in counselling psychology global mental health counselling psychology field graduates uoft typically work?,what research opportunities exist in Master of Education in Counselling Psychology (Global Mental Health & Counselling Psychology Field) at UOFT?,0,10,15,dev,hard
Help needed: what topic will i survey in global professional law uoft?,what subjects will I study in Global Professional Law at UOFT?,1,11,11,train,positive
Help needed: what topic will i survey in global professional law uoft?,what kind of research is done in Astronomy and Astrophysics at UOFT?,0,11,199,train,random
Help needed: what topic will i survey in global professional law uoft?,what can I do with a degree in Global Professional Law from UOFT?,0,11,63,train,hard
what topic will i survey in global professional law at uoft? Any idea?,what subjects will I study in Global Professional Law at UOFT?,1,11,11,train,positive
what topic will i survey in global professional law at uoft? Any idea?,Do I need to wear an academic hood?,0,11,277,train,random
what topic will i survey in global professional law at uoft? Any idea?,what kind of research is done in Global Professional Law at UOFT?,0,11,220,train,hard
Could you tell me what topic survey global professional law at uoft?,what subjects will I study in Global Professional Law at UOFT?,1,11,11,dev,positive
Could you tell me what topic survey global professional law at uoft?,I am planning on taking a prerequisite in the summer before starting my undergraduate studies. Will this affect my admission?,0,11,352,dev,random
Could you tell me what topic survey global professional law at uoft?,can you explain the structure of Global Professional Law at UOFT?,0,11,6,dev,hard
what are the vocation prognosis for doctor of education in counselling psychology counselling psychotherapy field graduates from uoft? Any idea?,what are the career prospects for Doctor of Education in Counselling Psychology (Counselling & Psychotherapy Field) graduates from UOFT?,1,12,12,train,positive
what are the vocation prognosis for doctor of education in counselling psychology counselling psychotherapy field graduates from uoft? Any idea?,how can I apply to Postdoctoral Studies in the School of Architecture at MCGILL?,0,12,95,train,random
what are the vocation prognosis for doctor of education in counselling psychology counselling psychotherapy field graduates from uoft? Any idea?,what courses are offered in Doctor of Education in Counselling Psychology (Counselling & Psychotherapy Field) at UOFT?,0,12,34,train,hard
Quick question: what are the vocation prognosis for doctor of education in counselling psychology counselling psychotherapy field graduates from uoft?,what are the career prospects for Doctor of Education in Counselling Psychology (Counselling & Psychotherapy Field) graduates from UOFT?,1,12,12,train,positive
Quick question: what are the vocation prognosis for doctor of education in counselling psychology counselling psychotherapy field graduates from uoft?,Where can I get information on applying for a post-graduate work permit (PGWP)?,0,12,460,train,random
Quick question: what are the vocation prognosis for doctor of education in counselling psychology counselling psychotherapy field graduates from uoft?,what courses are offered in Doctor of Education in Counselling Psychology (Counselling & Psychotherapy Field) at UOFT?,0,12,34,train,hard
what are the vocation prognosis doctor education counselling psychology counselling psychotherapy field graduates uoft?,what are the career prospects for Doctor of Education in Counselling Psychology (Counselling & Psychotherapy Field) graduates from UOFT?,1,12,12,dev,positive
what are the vocation prognosis doctor education counselling psychology counselling psychotherapy field graduates uoft?,Which method is the fastest?,0,12,289,dev,random
what are the vocation prognosis doctor education counselling psychology counselling psychotherapy field graduates uoft?,what courses are offered in Doctor of Education in Counselling Psychology (Counselling & Psychotherapy Field) at UOFT?,0,12,34,dev,hard
"Hi, what makes counselling and clinical psychology field in clinical psychology utsc curriculum at uoft unusual?",what makes the Counselling and Clinical Psychology - Field in Clinical Psychology (UTSC) program at UOFT unique?,1,13,13,train,positive
"Hi, what makes counselling and clinical psychology field in clinical psychology utsc curriculum at uoft unusual?",what are the admission requirements for Spanish at UOFT?,0,13,177,train,random
"Hi, what makes counselling and clinical psychology field in clinical psychology utsc curriculum at uoft unusual?",how can I apply to Counselling and Clinical Psychology - Field in Clinical Psychology (UTSC) at UOFT?,0,13,137,train,hard
what makes the counselling and clinical psychology field in clinical psychology utsc curriculum at uoft unusual? Any idea?,what makes the Counselling and Clinical Psychology - Field in Clinical Psychology (UTSC) program at UOFT unique?,1,13,13,train,positive
what makes the counselling and clinical psychology field in clinical psychology utsc curriculum at uoft unusual? Any idea?,what kind of research is done in Molecular Genetics at UOFT?,0,13,159,train,random
what makes the counselling and clinical psychology field in clinical psychology utsc curriculum at uoft unusual? Any idea?,how can I apply to Counselling and Clinical Psychology - Field in Clinical Psychology (UTSC) at UOFT?,0,13,137,train,hard
what makes the counselling and clinical psychology field clinical psychology utsc curriculum at uoft unequaled? Any idea?,what makes the Counselling and Clinical Psychology - Field in Clinical Psychology (UTSC) program at UOFT unique?,1,13,13,dev,positive
what makes the counselling and clinical psychology field clinical psychology utsc curriculum at uoft unequaled? Any idea?,When will I find out about scholarships?,0,13,368,dev,random
what makes the counselling and clinical psychology field clinical psychology utsc curriculum at uoft unequaled? Any idea?,how can I apply to Counselling and Clinical Psychology - Field in Clinical Psychology (UTSC) at UOFT?,0,13,137,dev,hard
can you explain the structure of educational leadership and policy at uoft? Thanks.,can you explain the structure of Educational Leadership and Policy at UOFT?,1,14,14,train,positive
can you explain the structure of educational leadership and policy at uoft? Thanks.,what makes the Master of Business Administration (Extended Full-Time MBA) program at UOFT unique?,0,14,109,train,random
can you explain the structure of educational leadership and policy at uoft? Thanks.,what subjects will I study in Educational Leadership and Policy at UOFT?,0,14,122,train,hard
can explain the structure of educational leadership policy at uoft? Thanks.,can you explain the structure of Educational Leadership and Policy at UOFT?,1,14,14,train,positive
can explain the structure of educational leadership policy at uoft? Thanks.,My name in my official transcripts is different from my passport / other transcripts; shall I provide a document explaining the discrepancy?,0,14,426,train,random
can explain the structure of educational leadership policy at uoft? Thanks.,what subjects will I study in Educational Leadership and Policy at UOFT?,0,14,122,train,hard
can you explain the structure of educational leadership and policy uoft? Any idea?,can you explain the structure of Educational Leadership and Policy at UOFT?,1,14,14,dev,positive
can you explain the structure of educational leadership and policy uoft? Any idea?,When is the move-in date? Do I need to apply for an early move-in?,0,14,326,dev,random
can you explain the structure of educational leadership and policy uoft? Any idea?,what subjects will I study in Educational Leadership and Policy at UOFT?,0,14,122,dev,hard
Could you tell me what research chance exist in master education counselling psychology global mental health counselling psychology field at uoft?,what research opportunities exist in Master of Education in Counselling Psychology (Global Mental Health & Counselling Psychology Field) at UOFT?,1,15,15,train,positive
Could you tell me what research chance exist in master education counselling psychology global mental health counselling psychology field at uoft?,what subjects will I study in Electrical & Computer Engineering Undergraduate Program at UOFT?,0,15,218,train,random
Could you tell me what research chance exist in master education counselling psychology global mental health counselling psychology field at uoft?,where do Master of Education in Counselling Psychology (Global Mental Health & Counselling Psychology Field) graduates from UOFT typically work?,0,15,10,train,hard
Could you tell me what research chance exist master of education counselling psychology global mental health counselling psychology field uoft?,what research opportunities exist in Master of Education in Counselling Psychology (Global Mental Health & Counselling Psychology Field) at UOFT?,1,15,15,train,positive
Could you tell me what research chance exist master of education counselling psychology global mental health counselling psychology field uoft?,My referee did not receive the email from the School of Graduate Studies. Could you please resend it?,0,15,432,train,random
Could you tell me what research chance exist master of education counselling psychology global mental health counselling psychology field uoft?,where do Master of Education in Counselling Psychology (Global Mental Health & Counselling Psychology Field) graduates from UOFT typically work?,0,15,10,train,hard
what research chance exist in master of education in counselling psychology global mental health counselling psychology field at uoft?,what research opportunities exist in Master of Education in Counselling Psychology (Global Mental Health & Counselling Psychology Field) at UOFT?,1,15,15,dev,positive
what research chance exist in master of education in counselling psychology global mental health counselling psychology field at uoft?,what kind of research is done in Teaching at UOFT?,0,15,112,dev,random
what research chance exist in master of education in counselling psychology global mental health counselling psychology field at uoft?,where do Master of Education in Counselling Psychology (Global Mental Health & Counselling Psychology Field) graduates from UOFT typically work?,0,15,10,dev,hard
Help needed: can explain the structure germanic languages and literatures at uoft?,can you explain the structure of Germanic Languages and Literatures at UOFT?,1,16,16,train,positive
Help needed: can explain the structure germanic languages and literatures at uoft?,I just sent my new English proficiency test score. How long does it take for the university to get it?,0,16,359,train,random
Help needed: can explain the structure germanic languages and literatures at uoft?,what are the career prospects for Germanic Languages and Literatures graduates from UOFT?,0,16,160,train,hard
can explain structure germanic languages literatures at uoft? Any idea?,can you explain the structure of Germanic Languages and Literatures at UOFT?,1,16,16,train,positive
can explain structure germanic languages literatures at uoft? Any idea?,Can I use my study permit to apply for a SIN?,0,16,458,train,random
can explain structure germanic languages literatures at uoft? Any idea?,what are the career prospects for Germanic Languages and Literatures graduates from UOFT?,0,16,160,train,hard
Could you tell me can you explain the structure of germanic languages and literatures at uoft?,can you explain the structure of Germanic Languages and Literatures at UOFT?,1,16,16,dev,positive
Could you tell me can you explain the structure of germanic languages and literatures at uoft?,Can I bring bags into Convocation Hall?,0,16,272,dev,random
Could you tell me can you explain the structure of germanic languages and literatures at uoft?,what are the career prospects for Germanic Languages and Literatures graduates from UOFT?,0,16,160,dev,hard
can explain the structure of health informatics at uoft? Any idea?,can you explain the structure of Health Informatics at UOFT?,1,17,17,train,positive
can explain the structure of health informatics at uoft? Any idea?,what kind of research is done in Ecology and Evolutionary Biology at UOFT?,0,17,127,train,random
can explain the structure of health informatics at uoft? Any idea?,can you explain the structure of Health Administration at UOFT?,0,17,30,train,hard
Help needed: can explain the structure of health informatics at uoft?,can you explain the structure of Health Informatics at UOFT?,1,17,17,train,positive
Help needed: can explain the structure of health informatics at uoft?,can you explain the structure of Political Science at UOFT?,0,17,21,train,random
Help needed: can explain the structure of health informatics at uoft?,can you explain the structure of Health Administration at UOFT?,0,17,30,train,hard
can explain structure health informatics at uoft?,can you explain the structure of Health Informatics at UOFT?,1,17,17,dev,positive
can explain structure health informatics at uoft?,what subjects will I study in Political Science at UOFT?,0,17,45,dev,random
can explain structure health informatics at uoft?,what can I do with a degree in Health Informatics from UOFT?,0,17,165,dev,hard
Quick question: what topic will i survey master of architecture post professional uoft?,what subjects will I study in Master of Architecture (post-professional) at UOFT?,1,18,18,train,positive
Quick question: what topic will i survey master of architecture post professional uoft?,what research opportunities exist in Master of Education in Counselling Psychology; (Global Mental Health & Counselling Psychology Field) Dual Degree Programs at UOFT?,0,18,24,train,random
Quick question: what topic will i survey master of architecture post professional uoft?,what are the admission requirements for Master of Architecture (post-professional) at UOFT?,0,18,187,train,hard
Could you tell me what topic i survey in master of architecture post professional uoft?,what subjects will I study in Master of Architecture (post-professional) at UOFT?,1,18,18,train,positive
Could you tell me what topic i survey in master of architecture post professional uoft?,"My visa or eTA is about to expire or already expired, can I travel/return to Canada with my valid study permit?",0,18,455,train,random
Could you tell me what topic i survey in master of architecture post professional uoft?,what are the admission requirements for Master of Architecture (post-professional) at UOFT?,0,18,187,train,hard
what topic will i survey in master of architecture post professional at uoft? Thanks.,what subjects will I study in Master of Architecture (post-professional) at UOFT?,1,18,18,dev,positive
what topic will i survey in master of architecture post professional at uoft? Thanks.,can you explain the structure of One Year MMPA at UOFT?,0,18,40,dev,random
what topic will i survey in master of architecture post professional at uoft? Thanks.,what are the admission requirements for Master of Architecture (post-professional) at UOFT?,0,18,187,dev,hard
can you explain the structure of school and clinical child psychology at uoft? Any idea?,can you explain the structure of School and Clinical Child Psychology at UOFT?,1,19,19,train,positive
can you explain the structure of school and clinical child psychology at uoft? Any idea?,"I'm currently enrolled in a graduate program, can I transfer to OISE and get credit for my studies?",0,19,246,train,random
can you explain the structure of school and clinical child psychology at uoft? Any idea?,what kind of research is done in School and Clinical Child Psychology at UOFT?,0,19,152,train,hard
Help needed: can you explain the structure of school and clinical child psychology at uoft?,can you explain the structure of School and Clinical Child Psychology at UOFT?,1,19,19,train,positive
Help needed: can you explain the structure of school and clinical child psychology at uoft?,I was refused admission - can I appeal?,0,19,270,train,random
Help needed: can you explain the structure of school and clinical child psychology at uoft?,what kind of research is done in School and Clinical Child Psychology at UOFT?,0,19,152,train,hard
Could you tell me can you explain the structure of school clinical child psychology at uoft?,can you explain the structure of School and Clinical Child Psychology at UOFT?,1,19,19,dev,positive
Could you tell me can you explain the structure of school clinical child psychology at uoft?,I was awarded the University of Toronto International Scholar Award. Is this scholarship offer tenable with other scholarships?,0,19,375,dev,random
Could you tell me can you explain the structure of school clinical child psychology at uoft?,can you explain the structure of Counselling & Clinical Psychology at UTSC at UOFT?,0,19,83,dev,hard
Help needed: what topic will i study in adult education and community development uoft?,what subjects will I study in Adult Education and Community Development at UOFT?,1,20,20,train,positive
Help needed: what topic will i study in adult education and community development uoft?,What is the process for referees?,0,20,431,train,random
Help needed: what topic will i study in adult education and community development uoft?,can you explain the structure of Adult Education and Community Development at UOFT?,0,20,4,train,hard
Help needed: what topic will i study in adult education and community development at uoft?,what subjects will I study in Adult Education and Community Development at UOFT?,1,20,20,train,positive
Help needed: what topic will i study in adult education and community development at uoft?,what subjects will I study in Social Justice Education at UOFT?,0,20,81,train,random
Help needed: what topic will i study in adult education and community development at uoft?,can you explain the structure of Adult Education and Community Development at UOFT?,0,20,4,train,hard
what topic will i study adult education and community development at uoft?,what subjects will I study in Adult Education and Community Development at UOFT?,1,20,20,dev,positive
what topic will i study adult education and community development at uoft?,what makes the Counselling and Clinical Psychology - Field in Clinical and Counselling Psychology (OISE) program at UOFT unique?,0,20,39,dev,random
what topic will i study adult education and community development at uoft?,can you explain the structure of Adult Education and Community Development at UOFT?,0,20,4,dev,hard
Help needed: can explain structure of political science at uoft?,can you explain the structure of Political Science at UOFT?,1,21,21,train,positive
Help needed: can explain structure of political science at uoft?,what kind of research is done in Electrical and Computer Engineering at UOFT?,0,21,67,train,random
Help needed: can explain structure of political science at uoft?,what subjects will I study in Political Science at UOFT?,0,21,45,train,hard
Quick question: can you explain the structure of political science uoft?,can you explain the structure of Political Science at UOFT?,1,21,21,train,positive
Quick question: can you explain the structure of political science uoft?,what can I do with a degree in Museum Studies from UOFT?,0,21,202,train,random
Quick question: can you explain the structure of political science uoft?,can you explain the structure of Medical Science at UOFT?,0,21,51,train,hard
can you explain the structure of political science at uoft? Any idea?,can you explain the structure of Political Science at UOFT?,1,21,21,dev,positive
can you explain the structure of political science at uoft? Any idea?,what are the career prospects for Speech-Language Pathology (Research) graduates from UOFT?,0,21,222,dev,random
can you explain the structure of political science at uoft? Any idea?,can you explain the structure of Medical Science at UOFT?,0,21,51,dev,hard
Could you tell me what subjects i study in curriculum and pedagogy at uoft?,what subjects will I study in Curriculum and Pedagogy at UOFT?,1,22,22,train,positive
Could you tell me what subjects i study in curriculum and pedagogy at uoft?,What personal information does the system store?,0,22,302,train,random
Could you tell me what subjects i study in curriculum and pedagogy at uoft?,can you explain the structure of Curriculum and Pedagogy at UOFT?,0,22,8,train,hard
Quick question: what subjects i study in curriculum and pedagogy uoft?,what subjects will I study in Curriculum and Pedagogy at UOFT?,1,22,22,train,positive
Quick question: what subjects i study in curriculum and pedagogy uoft?,where do Master of Education in Counselling Psychology (Global Mental Health & Counselling Psychology Field) graduates from UOFT typically work?,0,22,10,train,random
Quick question: what subjects i study in curriculum and pedagogy uoft?,can you explain the structure of Curriculum and Pedagogy at UOFT?,0,22,8,train,hard
what subjects will i study curriculum and pedagogy at uoft? Any idea?,what subjects will I study in Curriculum and Pedagogy at UOFT?,1,22,22,dev,positive
what subjects will i study curriculum and pedagogy at uoft? Any idea?,How can I pay my tuition fees?,0,22,469,dev,random
what subjects will i study curriculum and pedagogy at uoft? Any idea?,can you explain the structure of Curriculum and Pedagogy at UOFT?,0,22,8,dev,hard
Help needed: can you explain the structure immunology uoft?,can you explain the structure of Immunology at UOFT?,1,23,23,train,positive
Help needed: can you explain the structure immunology uoft?,how can I apply to Postdoctoral Studies in the School of Architecture at MCGILL?,0,23,95,train,random
Help needed: can you explain the structure immunology uoft?,can you explain the structure of English at UOFT?,0,23,65,train,hard
Could you tell me can explain the structure of immunology at uoft?,can you explain the structure of Immunology at UOFT?,1,23,23,train,positive
Could you tell me can explain the structure of immunology at uoft?,what kind of research is done in Zheming (Taro) Cai at UOFT?,0,23,170,train,random
Could you tell me can explain the structure of immunology at uoft?,can you explain the structure of English at UOFT?,0,23,65,train,hard
"Hi, can you explain structure immunology at uoft?",can you explain the structure of Immunology at UOFT?,1,23,23,dev,positive
"Hi, can you explain structure immunology at uoft?",what subjects will I study in Master of Architecture (post-professional) at UOFT?,0,23,18,dev,random
"Hi, can you explain structure immunology at uoft?",can you explain the structure of English at UOFT?,0,23,65,dev,hard
what research chance exist in master of education in counselling psychology global mental health counselling psychology field dual degree programs at uoft?,what research opportunities exist in Master of Education in Counselling Psychology; (Global Mental Health & Counselling Psychology Field) Dual Degree Programs at UOFT?,1,24,24,train,positive
what research chance exist in master of education in counselling psychology global mental health counselling psychology field dual degree programs at uoft?,what subjects will I study in Applied Computing at UOFT?,0,24,141,train,random
what research chance exist in master of education in counselling psychology global mental health counselling psychology field dual degree programs at uoft?,where do Master of Education in Counselling Psychology (Global Mental Health & Counselling Psychology Field) graduates from UOFT typically work?,0,24,10,train,hard
"Hi, what research chance exist in master education in counselling psychology global mental health counselling psychology field dual degree programs at uoft?",what research opportunities exist in Master of Education in Counselling Psychology; (Global Mental Health & Counselling Psychology Field) Dual Degree Programs at UOFT?,1,24,24,train,positive
"Hi, what research chance exist in master education in counselling psychology global mental health counselling psychology field dual degree programs at uoft?",How can I give feedback about practicum-related issues?,0,24,498,train,random
"Hi, what research chance exist in master education in counselling psychology global mental health counselling psychology field dual degree programs at uoft?",where do Master of Education in Counselling Psychology (Global Mental Health & Counselling Psychology Field) graduates from UOFT typically work?,0,24,10,train,hard
what research chance exist in master education in counselling psychology global mental health counselling psychology field dual degree programs uoft? Any idea?,what research opportunities exist in Master of Education in Counselling Psychology; (Global Mental Health & Counselling Psychology Field) Dual Degree Programs at UOFT?,1,24,24,dev,positive
what research chance exist in master education in counselling psychology global mental health counselling psychology field dual degree programs uoft? Any idea?,can you explain the structure of Music at UOFT?,0,24,111,dev,random
what research chance exist in master education in counselling psychology global mental health counselling psychology field dual degree programs uoft? Any idea?,where do Master of Education in Counselling Psychology (Global Mental Health & Counselling Psychology Field) graduates from UOFT typically work?,0,24,10,dev,hard
what are the admission prerequisite master of applied science masc at uoft? Thanks.,what are the admission requirements for Master of Applied Science (MASc) at UOFT?,1,25,25,train,positive
what are the admission prerequisite master of applied science masc at uoft? Thanks.,what kind of research is done in Medical Science at UOFT?,0,25,139,train,random
what are the admission prerequisite master of applied science masc at uoft? Thanks.,can you explain the structure of Master of Applied Science (MASc) at UOFT?,0,25,75,train,hard
what the admission prerequisite for master of applied science masc at uoft?,what are the admission requirements for Master of Applied Science (MASc) at UOFT?,1,25,25,train,positive
what the admission prerequisite for master of applied science masc at uoft?,"I'm an international student, where can I find information on study permits and work permits?",0,25,473,train,random
what the admission prerequisite for master of applied science masc at uoft?,can you explain the structure of Master of Applied Science (MASc) at UOFT?,0,25,75,train,hard
what are the admission prerequisite for master of applied science masc at uoft?,what are the admission requirements for Master of Applied Science (MASc) at UOFT?,1,25,25,dev,positive
what are the admission prerequisite for master of applied science masc at uoft?,How do I extend my study permit?,0,25,459,dev,random
what are the admission prerequisite for master of applied science masc at uoft?,can you explain the structure of Master of Applied Science (MASc) at UOFT?,0,25,75,dev,hard
what are the vocation prognosis master forest conservation alumna uoft? Thanks.,what are the career prospects for Master of Forest Conservation graduates from UOFT?,1,26,26,train,positive
what are the vocation prognosis master forest conservation alumna uoft? Thanks.,Why didn't I receive the alert right away - or at all?,0,26,299,train,random
what are the vocation prognosis master forest conservation alumna uoft? Thanks.,what subjects will I study in Master of Forest Conservation at UOFT?,0,26,44,train,hard
what the vocation prognosis master of forest conservation alumnus uoft? Any idea?,what are the career prospects for Master of Forest Conservation graduates from UOFT?,1,26,26,train,positive
what the vocation prognosis master of forest conservation alumnus uoft? Any idea?,How and when will I receive my scholarship/award payment?,0,26,377,train,random
what the vocation prognosis master of forest conservation alumnus uoft? Any idea?,what subjects will I study in Master of Forest Conservation at UOFT?,0,26,44,train,hard
Could you tell me what are the vocation prognosis for master of forest conservation alum from uoft?,what are the career prospects for Master of Forest Conservation graduates from UOFT?,1,26,26,dev,positive
Could you tell me what are the vocation prognosis for master of forest conservation alum from uoft?,"can you explain the structure of Health Policy, Management and Evaluation at UOFT?",0,26,154,dev,random
Could you tell me what are the vocation prognosis for master of forest conservation alum from uoft?,can you explain the structure of Forest Conservation at UOFT?,0,26,145,dev,hard
"Hi, what makes the global executive master business administration for healthcare the life sciences gemba hls plan uoft unequaled?",what makes the Global Executive Master of Business Administration for Healthcare and the Life Sciences (GEMBA-HLS) program at UOFT unique?,1,27,27,train,positive
"Hi, what makes the global executive master business administration for healthcare the life sciences gemba hls plan uoft unequaled?",what are the admission requirements for Spanish at UOFT?,0,27,177,train,random
"Hi, what makes the global executive master business administration for healthcare the life sciences gemba hls plan uoft unequaled?",what are the prerequisites for Global Executive Master of Business Administration for Healthcare and the Life Sciences (GEMBA-HLS) at UOFT?,0,27,66,train,hard
Could you tell me what makes the global executive master of business administration for healthcare and the life sciences gemba hls plan at uoft singular?,what makes the Global Executive Master of Business Administration for Healthcare and the Life Sciences (GEMBA-HLS) program at UOFT unique?,1,27,27,train,positive
Could you tell me what makes the global executive master of business administration for healthcare and the life sciences gemba hls plan at uoft singular?,what makes the Master of Business Administration (Extended Full-Time MBA) program at UOFT unique?,0,27,109,train,random
Could you tell me what makes the global executive master of business administration for healthcare and the life sciences gemba hls plan at uoft singular?,what are the prerequisites for Global Executive Master of Business Administration for Healthcare and the Life Sciences (GEMBA-HLS) at UOFT?,0,27,66,train,hard
what makes global executive master of business administration for healthcare the life sciences gemba hls plan uoft singular? Any idea?,what makes the Global Executive Master of Business Administration for Healthcare and the Life Sciences (GEMBA-HLS) program at UOFT unique?,1,27,27,dev,positive
what makes global executive master of business administration for healthcare the life sciences gemba hls plan uoft singular? Any idea?,can you explain the structure of Educational Leadership and Policy at UOFT?,0,27,14,dev,random
what makes global executive master of business administration for healthcare the life sciences gemba hls plan uoft singular? Any idea?,what are the prerequisites for Global Executive Master of Business Administration for Healthcare and the Life Sciences (GEMBA-HLS) at UOFT?,0,27,66,dev,hard
can explain the structure of comparative literature uoft? Any idea?,can you explain the structure of Comparative Literature at UOFT?,1,28,28,train,positive
can explain the structure of comparative literature uoft? Any idea?,what kind of research is done in European and Eurasian Studies at UOFT?,0,28,107,train,random
can explain the structure of comparative literature uoft? Any idea?,"can you explain the structure of Germanic Literature, Culture and Theory at UOFT?",0,28,7,train,hard
Help needed: can explain structure comparative literature at uoft?,can you explain the structure of Comparative Literature at UOFT?,1,28,28,train,positive
Help needed: can explain structure comparative literature at uoft?,English is not my first language. Do I need to take the TOEFL exam?,0,28,438,train,random
Help needed: can explain structure comparative literature at uoft?,"can you explain the structure of Germanic Literature, Culture and Theory at UOFT?",0,28,7,train,hard
Could you tell me can you explain the structure of comparative literature at uoft?,can you explain the structure of Comparative Literature at UOFT?,1,28,28,dev,positive
Could you tell me can you explain the structure of comparative literature at uoft?,Does dropping a course or taking a gap year affect my legal status?,0,28,461,dev,random
Could you tell me can you explain the structure of comparative literature at uoft?,can you explain the structure of English at UOFT?,0,28,65,dev,hard
Help needed: what can i do with a degree in mechanical engineering from uoft?,what can I do with a degree in Mechanical Engineering from UOFT?,1,29,29,train,positive
Help needed: what can i do with a degree in mechanical engineering from uoft?,can you explain the structure of Master of Applied Science (MASc) at UOFT?,0,29,75,train,random
Help needed: what can i do with a degree in mechanical engineering from uoft?,what can I do with a degree in Engineering Science Undergraduate Program from UOFT?,0,29,169,train,hard
"Hi, what can i a degree in mechanical engineering from uoft?",what can I do with a degree in Mechanical Engineering from UOFT?,1,29,29,train,positive
"Hi, what can i a degree in mechanical engineering from uoft?",what subjects will I study in Two Year MMPA at UOFT?,0,29,149,train,random
"Hi, what can i a degree in mechanical engineering from uoft?",what are the admission requirements for Mechanical Engineering at UOFT?,0,29,164,train,hard
what do with degree in mechanical engineering from uoft? Any idea?,what can I do with a degree in Mechanical Engineering from UOFT?,1,29,29,dev,positive
what do with degree in mechanical engineering from uoft? Any idea?,what can I do with a degree in Industrial Engineering Undergraduate Program from UOFT?,0,29,104,dev,random
what do with degree in mechanical engineering from uoft? Any idea?,what can I do with a degree in Engineering Science Undergraduate Program from UOFT?,0,29,169,dev,hard
Could you tell me can you explain structure health administration at uoft?,can you explain the structure of Health Administration at UOFT?,1,30,30,train,positive
Could you tell me can you explain structure health administration at uoft?,How am I matched to a practicum?,0,30,478,train,random
Could you tell me can you explain structure health administration at uoft?,can you explain the structure of Health Informatics at UOFT?,0,30,17,train,hard
"Hi, can you explain the structure of health administration at uoft?",can you explain the structure of Health Administration at UOFT?,1,30,30,train,positive
"Hi, can you explain the structure of health administration at uoft?",I was awarded the University of Toronto International Scholar Award. Is this scholarship offer tenable with other scholarships?,0,30,375,train,random
"Hi, can you explain the structure of health administration at uoft?",can you explain the structure of Health Informatics at UOFT?,0,30,17,train,hard
Help needed: can you explain structure health administration at uoft?,can you explain the structure of Health Administration at UOFT?,1,30,30,dev,positive
Help needed: can you explain structure health administration at uoft?,what can I do with a degree in Forest Conservation from UOFT?,0,30,208,dev,random
Help needed: can you explain structure health administration at uoft?,can you explain the structure of Health Informatics at UOFT?,0,30,17,dev,hard
"Hi, describe the teaching curriculum at uoft?",describe the Teaching curriculum at UOFT.,1,31,31,train,positive
"Hi, describe the teaching curriculum at uoft?",How do I enroll in my first-year courses?,0,31,464,train,random
"Hi, describe the teaching curriculum at uoft?",describe the Health Administration curriculum at UOFT.,0,31,108,train,hard
"Hi, describe the teaching curriculum uoft?",describe the Teaching curriculum at UOFT.,1,31,31,train,positive
"Hi, describe the teaching curriculum uoft?",How do I check my UTAlert settings and update my contact information?,0,31,294,train,random
"Hi, describe the teaching curriculum uoft?",describe the Health Administration curriculum at UOFT.,0,31,108,train,hard
Help needed: describe the teaching curriculum at uoft?,describe the Teaching curriculum at UOFT.,1,31,31,dev,positive
Help needed: describe the teaching curriculum at uoft?,can you explain the structure of Zheming (Taro) Cai at UOFT?,0,31,226,dev,random
Help needed: describe the teaching curriculum at uoft?,describe the Health Administration curriculum at UOFT.,0,31,108,dev,hard
can you explain structure of drama theatre performance studies at uoft? Thanks.,"can you explain the structure of Drama, Theatre and Performance Studies at UOFT?",1,32,32,train,positive
can you explain structure of drama theatre performance studies at uoft? Thanks.,can you explain the structure of One Year MMPA at UOFT?,0,32,40,train,random
can you explain structure of drama theatre performance studies at uoft? Thanks.,"what subjects will I study in Drama, Theatre and Performance Studies at UOFT?",0,32,132,train,hard
"Hi, can you explain structure drama theatre and performance studies at uoft?","can you explain the structure of Drama, Theatre and Performance Studies at UOFT?",1,32,32,train,positive
"Hi, can you explain structure drama theatre and performance studies at uoft?",what subjects will I study in Biotechnology at UOFT?,0,32,62,train,random
"Hi, can you explain structure drama theatre and performance studies at uoft?","what subjects will I study in Drama, Theatre and Performance Studies at UOFT?",0,32,132,train,hard
Could you tell me can you explain structure drama theatre and performance studies at uoft?,"can you explain the structure of Drama, Theatre and Performance Studies at UOFT?",1,32,32,dev,positive
Could you tell me can you explain structure drama theatre and performance studies at uoft?,what courses are offered in Master of Business Administration (Extended Full-Time MBA) at UOFT?,0,32,135,dev,random
Could you tell me can you explain structure drama theatre and performance studies at uoft?,"what subjects will I study in Drama, Theatre and Performance Studies at UOFT?",0,32,132,dev,hard
can you explain structure of child study education at uoft? Thanks.,can you explain the structure of Child Study and Education at UOFT?,1,33,33,train,positive
can you explain structure of child study education at uoft? Thanks.,"what subjects will I study in Bachelor of Arts, Visual Studies at UOFT?",0,33,42,train,random
can you explain structure of child study education at uoft? Thanks.,what subjects will I study in Child Study and Education at UOFT?,0,33,163,train,hard
Help needed: can you explain the structure of child study and education at uoft?,can you explain the structure of Child Study and Education at UOFT?,1,33,33,train,positive
Help needed: can you explain the structure of child study and education at uoft?,what kind of research is done in Master of Forest Conservation at UOFT?,0,33,194,train,random
Help needed: can you explain the structure of child study and education at uoft?,can you explain the structure of School and Clinical Child Psychology at UOFT?,0,33,19,train,hard
Could you tell me can you explain structure child study and education at uoft?,can you explain the structure of Child Study and Education at UOFT?,1,33,33,dev,positive
Could you tell me can you explain structure child study and education at uoft?,Do you always have a practicum for every student?,0,33,481,dev,random
Could you tell me can you explain structure child study and education at uoft?,can you explain the structure of School and Clinical Child Psychology at UOFT?,0,33,19,dev,hard
Quick question: what courses are provide in doctor of education in counselling psychology counselling psychotherapy field at uoft?,what courses are offered in Doctor of Education in Counselling Psychology (Counselling & Psychotherapy Field) at UOFT?,1,34,34,train,positive
Quick question: what courses are provide in doctor of education in counselling psychology counselling psychotherapy field at uoft?,what can I do with a degree in Civil Engineering Undergraduate Program from UOFT?,0,34,198,train,random
Quick question: what courses are provide in doctor of education in counselling psychology counselling psychotherapy field at uoft?,what are the career prospects for Doctor of Education in Counselling Psychology (Counselling & Psychotherapy Field) graduates from UOFT?,0,34,12,train,hard
"Hi, what courses are provide in doctor education in counselling psychology counselling psychotherapy field at uoft?",what courses are offered in Doctor of Education in Counselling Psychology (Counselling & Psychotherapy Field) at UOFT?,1,34,34,train,positive
"Hi, what courses are provide in doctor education in counselling psychology counselling psychotherapy field at uoft?",How do I know if I'm admissible?,0,34,264,train,random
"Hi, what courses are provide in doctor education in counselling psychology counselling psychotherapy field at uoft?",what are the career prospects for Doctor of Education in Counselling Psychology (Counselling & Psychotherapy Field) graduates from UOFT?,0,34,12,train,hard
Help needed: what courses are provide in doctor of education in counselling psychology counselling psychotherapy field at uoft?,what courses are offered in Doctor of Education in Counselling Psychology (Counselling & Psychotherapy Field) at UOFT?,1,34,34,dev,positive
Help needed: what courses are provide in doctor of education in counselling psychology counselling psychotherapy field at uoft?,Who do I contact if I have questions about the smoke-free policy?,0,34,317,dev,random
Help needed: what courses are provide in doctor of education in counselling psychology counselling psychotherapy field at uoft?,what are the career prospects for Doctor of Education in Counselling Psychology (Counselling & Psychotherapy Field) graduates from UOFT?,0,34,12,dev,hard
Could you tell me what courses provide in doctor of education in counselling psychology school psychology field at uoft?,what courses are offered in Doctor of Education in Counselling Psychology (School Psychology Field) at UOFT?,1,35,35,train,positive
Could you tell me what courses provide in doctor of education in counselling psychology school psychology field at uoft?,How do I enable app notifications for Alertable?,0,35,296,train,random
Could you tell me what courses provide in doctor of education in counselling psychology school psychology field at uoft?,what courses are offered in Doctor of Education in Counselling Psychology (Counselling & Psychotherapy Field) at UOFT?,0,35,34,train,hard
Could you tell me what courses are provide in doctor of education counselling psychology school psychology field at uoft?,what courses are offered in Doctor of Education in Counselling Psychology (School Psychology Field) at UOFT?,1,35,35,train,positive
Could you tell me what courses are provide in doctor of education counselling psychology school psychology field at uoft?,what subjects will I study in Master of Architecture (post-professional) at UOFT?,0,35,18,train,random
Could you tell me what courses are provide in doctor of education counselling psychology school psychology field at uoft?,what courses are offered in Doctor of Education in Counselling Psychology (Counselling & Psychotherapy Field) at UOFT?,0,35,34,train,hard
"Hi, what courses provide in doctor of education in counselling psychology school psychology field at uoft?",what courses are offered in Doctor of Education in Counselling Psychology (School Psychology Field) at UOFT?,1,35,35,dev,positive
"Hi, what courses provide in doctor of education in counselling psychology school psychology field at uoft?",what can I do with a degree in Management and Professional Accounting from UOFT?,0,35,117,dev,random
"Hi, what courses provide in doctor of education in counselling psychology school psychology field at uoft?",what courses are offered in Doctor of Education in Counselling Psychology (Counselling & Psychotherapy Field) at UOFT?,0,35,34,dev,hard
can explain the structure of half time program uoft?,can you explain the structure of Half-Time Program at UOFT?,1,36,36,train,positive
can explain the structure of half time program uoft?,where do Master of Business Administration (Extended Full-Time MBA) graduates from UOFT typically work?,0,36,113,train,random
can explain the structure of half time program uoft?,can you explain the structure of English at UOFT?,0,36,65,train,hard
Help needed: can you explain the structure of half time program at uoft?,can you explain the structure of Half-Time Program at UOFT?,1,36,36,train,positive
Help needed: can you explain the structure of half time program at uoft?,What kind of computer or laptop should I buy?,0,36,468,train,random
Help needed: can you explain the structure of half time program at uoft?,can you explain the structure of English at UOFT?,0,36,65,train,hard
can you explain the structure of half time program uoft? Thanks.,can you explain the structure of Half-Time Program at UOFT?,1,36,36,dev,positive
can you explain the structure of half time program uoft? Thanks.,what subjects will I study in Electrical & Computer Engineering Undergraduate Program at UOFT?,0,36,218,dev,random
can you explain the structure of half time program uoft? Thanks.,can you explain the structure of English at UOFT?,0,36,65,dev,hard
where doctor education in counselling psychology school psychology field graduates from uoft typically work? Any idea?,where do Doctor of Education in Counselling Psychology (School Psychology Field) graduates from UOFT typically work?,1,37,37,train,positive
where doctor education in counselling psychology school psychology field graduates from uoft typically work? Any idea?,"what subjects will I study in Germanic Literature, Culture and Theory at UOFT?",0,37,97,train,random
where doctor education in counselling psychology school psychology field graduates from uoft typically work? Any idea?,where do Master of Education in Counselling Psychology (Global Mental Health & Counselling Psychology Field) graduates from UOFT typically work?,0,37,10,train,hard
where do doctor education in counselling psychology school psychology field graduates from uoft typically work? Thanks.,where do Doctor of Education in Counselling Psychology (School Psychology Field) graduates from UOFT typically work?,1,37,37,train,positive
where do doctor education in counselling psychology school psychology field graduates from uoft typically work? Thanks.,can you explain the structure of Global Affairs at UOFT?,0,37,96,train,random
where do doctor education in counselling psychology school psychology field graduates from uoft typically work? Thanks.,where do Master of Education in Counselling Psychology (Global Mental Health & Counselling Psychology Field) graduates from UOFT typically work?,0,37,10,train,hard
"Hi, where do doctor education in counselling psychology school psychology field graduates from uoft typically work?",where do Doctor of Education in Counselling Psychology (School Psychology Field) graduates from UOFT typically work?,1,37,37,dev,positive
"Hi, where do doctor education in counselling psychology school psychology field graduates from uoft typically work?",How can I pay my tuition fees?,0,37,469,dev,random
"Hi, where do doctor education in counselling psychology school psychology field graduates from uoft typically work?",where do Master of Education in Counselling Psychology (Global Mental Health & Counselling Psychology Field) graduates from UOFT typically work?,0,37,10,dev,hard
"Hi, what subjects i study in spanish at uoft?",what subjects will I study in Spanish at UOFT?,1,38,38,train,positive
"Hi, what subjects i study in spanish at uoft?",What if it's really difficult for me to get an academic (or professional) letter of reference?,0,38,259,train,random
"Hi, what subjects i study in spanish at uoft?",what subjects will I study in English at UOFT?,0,38,233,train,hard
Could you tell me what subjects will i study in spanish at uoft?,what subjects will I study in Spanish at UOFT?,1,38,38,train,positive
Could you tell me what subjects will i study in spanish at uoft?,Will I need to show ID to collect my gown?,0,38,276,train,random
Could you tell me what subjects will i study in spanish at uoft?,what subjects will I study in English at UOFT?,0,38,233,train,hard
Could you tell me what subjects study in spanish at uoft?,what subjects will I study in Spanish at UOFT?,1,38,38,dev,positive
Could you tell me what subjects study in spanish at uoft?,Can I receive an admission decision before sending in my English language test results? I have all required prerequisites.,0,38,361,dev,random
Could you tell me what subjects study in spanish at uoft?,can you explain the structure of Spanish at UOFT?,0,38,9,dev,hard
what makes counselling and clinical psychology field in clinical counselling psychology oise curriculum uoft unparalleled? Thanks.,what makes the Counselling and Clinical Psychology - Field in Clinical and Counselling Psychology (OISE) program at UOFT unique?,1,39,39,train,positive
what makes counselling and clinical psychology field in clinical counselling psychology oise curriculum uoft unparalleled? Thanks.,can you explain the structure of Global Affairs at UOFT?,0,39,96,train,random
what makes counselling and clinical psychology field in clinical counselling psychology oise curriculum uoft unparalleled? Thanks.,what research opportunities exist in Counselling and Clinical Psychology - Field in Clinical and Counselling Psychology (OISE) at UOFT?,0,39,129,train,hard
what makes the counselling and clinical psychology field in clinical and counselling psychology oise curriculum at uoft singular? Any idea?,what makes the Counselling and Clinical Psychology - Field in Clinical and Counselling Psychology (OISE) program at UOFT unique?,1,39,39,train,positive
what makes the counselling and clinical psychology field in clinical and counselling psychology oise curriculum at uoft singular? Any idea?,what are the research strengths of Educational Leadership and Policy at UOFT?,0,39,161,train,random
what makes the counselling and clinical psychology field in clinical and counselling psychology oise curriculum at uoft singular? Any idea?,what research opportunities exist in Counselling and Clinical Psychology - Field in Clinical and Counselling Psychology (OISE) at UOFT?,0,39,129,train,hard
Quick question: what makes the counselling clinical psychology field in clinical and counselling psychology oise curriculum at uoft singular?,what makes the Counselling and Clinical Psychology - Field in Clinical and Counselling Psychology (OISE) program at UOFT unique?,1,39,39,dev,positive
Quick question: what makes the counselling clinical psychology field in clinical and counselling psychology oise curriculum at uoft singular?,can you explain the structure of Geography at UOFT?,0,39,78,dev,random
Quick question: what makes the counselling clinical psychology field in clinical and counselling psychology oise curriculum at uoft singular?,what research opportunities exist in Counselling and Clinical Psychology - Field in Clinical and Counselling Psychology (OISE) at UOFT?,0,39,129,dev,hard
Could you tell me can you explain the structure one year mmpa at uoft?,can you explain the structure of One Year MMPA at UOFT?,1,40,40,train,positive
Could you tell me can you explain the structure one year mmpa at uoft?,what kind of research is done in Ecology and Evolutionary Biology at UOFT?,0,40,127,train,random
Could you tell me can you explain the structure one year mmpa at uoft?,what are the admission requirements for One Year MMPA at UOFT?,0,40,209,train,hard
Quick question: can you explain the structure of one year mmpa at uoft?,can you explain the structure of One Year MMPA at UOFT?,1,40,40,train,positive
Quick question: can you explain the structure of one year mmpa at uoft?,What is the Practicum Administration System (PAS)?,0,40,479,train,random
Quick question: can you explain the structure of one year mmpa at uoft?,what are the admission requirements for One Year MMPA at UOFT?,0,40,209,train,hard
Help needed: can you explain the structure of one year mmpa at uoft?,can you explain the structure of One Year MMPA at UOFT?,1,40,40,dev,positive
Help needed: can you explain the structure of one year mmpa at uoft?,what are the prerequisites for Global Executive Master of Business Administration for Healthcare and the Life Sciences (GEMBA-HLS) at UOFT?,0,40,66,dev,random
Help needed: can you explain the structure of one year mmpa at uoft?,what are the admission requirements for One Year MMPA at UOFT?,0,40,209,dev,hard
Quick question: can explain the structure of anthropology at uoft?,can you explain the structure of Anthropology at UOFT?,1,41,41,train,positive
Quick question: can explain the structure of anthropology at uoft?,what courses are offered in Master of Visual Studies in Studio Art at UOFT?,0,41,1,train,random
Quick question: can explain the structure of anthropology at uoft?,can you explain the structure of English at UOFT?,0,41,65,train,hard
Quick question: can you explain the structure anthropology uoft?,can you explain the structure of Anthropology at UOFT?,1,41,41,train,positive
Quick question: can you explain the structure anthropology uoft?,can you explain the structure of Astronomy and Astrophysics at UOFT?,0,41,181,train,random
Quick question: can you explain the structure anthropology uoft?,can you explain the structure of English at UOFT?,0,41,65,train,hard
"Hi, can you explain the structure anthropology uoft?",can you explain the structure of Anthropology at UOFT?,1,41,41,dev,positive
"Hi, can you explain the structure anthropology uoft?",I would like to apply to a graduate program at the University of Toronto. Where should I get the application form?,0,41,410,dev,random
"Hi, can you explain the structure anthropology uoft?",can you explain the structure of English at UOFT?,0,41,65,dev,hard
what subjects will study in bachelor of arts visual studies uoft? Thanks.,"what subjects will I study in Bachelor of Arts, Visual Studies at UOFT?",1,42,42,train,positive
what subjects will study in bachelor of arts visual studies uoft? Thanks.,what kind of research is done in Zheming (Taro) Cai at UOFT?,0,42,170,train,random
what subjects will study in bachelor of arts visual studies uoft? Thanks.,"what are the career prospects for Bachelor of Arts, Visual Studies graduates from UOFT?",0,42,212,train,hard
Help needed: what subjects i study in bachelor of arts visual studies at uoft?,"what subjects will I study in Bachelor of Arts, Visual Studies at UOFT?",1,42,42,train,positive
Help needed: what subjects i study in bachelor of arts visual studies at uoft?,Are all practicums reserved for FIFSW students?,0,42,485,train,random
Help needed: what subjects i study in bachelor of arts visual studies at uoft?,"what are the career prospects for Bachelor of Arts, Visual Studies graduates from UOFT?",0,42,212,train,hard
Could you tell me what subjects will study in bachelor of arts visual studies at uoft?,"what subjects will I study in Bachelor of Arts, Visual Studies at UOFT?",1,42,42,dev,positive
Could you tell me what subjects will study in bachelor of arts visual studies at uoft?,Should I send the results from courses I take in the summer before I start U of T Mississauga?,0,42,400,dev,random
Could you tell me what subjects will study in bachelor of arts visual studies at uoft?,"what are the career prospects for Bachelor of Arts, Visual Studies graduates from UOFT?",0,42,212,dev,hard
what topic i study in electrical and computer engineering uoft? Thanks.,what subjects will I study in Electrical and Computer Engineering at UOFT?,1,43,43,train,positive
what topic i study in electrical and computer engineering uoft? Thanks.,what can I do with a degree in Global Professional Law from UOFT?,0,43,63,train,random
what topic i study in electrical and computer engineering uoft? Thanks.,what subjects will I study in Electrical & Computer Engineering Undergraduate Program at UOFT?,0,43,218,train,hard
what topic will study in electrical and computer engineering uoft?,what subjects will I study in Electrical and Computer Engineering at UOFT?,1,43,43,train,positive
what topic will study in electrical and computer engineering uoft?,English is not my first language. Do I need to take the TOEFL exam?,0,43,438,train,random
what topic will study in electrical and computer engineering uoft?,what subjects will I study in Electrical & Computer Engineering Undergraduate Program at UOFT?,0,43,218,train,hard
what topic will i study in electrical and computer engineering at uoft?,what subjects will I study in Electrical and Computer Engineering at UOFT?,1,43,43,dev,positive
what topic will i study in electrical and computer engineering at uoft?,Are there any financial support options for me?,0,43,323,dev,random
what topic will i study in electrical and computer engineering at uoft?,what subjects will I study in Electrical & Computer Engineering Undergraduate Program at UOFT?,0,43,218,dev,hard
"Hi, what topic will i study in master of forest conservation uoft?",what subjects will I study in Master of Forest Conservation at UOFT?,1,44,44,train,positive
"Hi, what topic will i study in master of forest conservation uoft?",How do I know when the graduate unit received my supplemental materials?,0,44,435,train,random
"Hi, what topic will i study in master of forest conservation uoft?",what kind of research is done in Master of Forest Conservation at UOFT?,0,44,194,train,hard
what topic study in master of forest conservation uoft? Thanks.,what subjects will I study in Master of Forest Conservation at UOFT?,1,44,44,train,positive
what topic study in master of forest conservation uoft? Thanks.,"What is the difference between an admission category, a program, and POSt? Can I apply directly to my program or specialist/major/minor?",0,44,335,train,random
what topic study in master of forest conservation uoft? Thanks.,what kind of research is done in Master of Forest Conservation at UOFT?,0,44,194,train,hard
what topic will i study in master of forest conservation at uoft? Thanks.,what subjects will I study in Master of Forest Conservation at UOFT?,1,44,44,dev,positive
what topic will i study in master of forest conservation at uoft? Thanks.,what makes the Global Executive Master of Business Administration for Healthcare and the Life Sciences (GEMBA-HLS) program at UOFT unique?,0,44,27,dev,random
what topic will i study in master of forest conservation at uoft? Thanks.,what kind of research is done in Master of Forest Conservation at UOFT?,0,44,194,dev,hard
what topic i study political science at uoft? Thanks.,what subjects will I study in Political Science at UOFT?,1,45,45,train,positive
what topic i study political science at uoft? Thanks.,"can you explain the structure of Health Policy, Management and Evaluation at UOFT?",0,45,154,train,random
what topic i study political science at uoft? Thanks.,can you explain the structure of Political Science at UOFT?,0,45,21,train,hard
"Hi, what topic i study in political science uoft?",what subjects will I study in Political Science at UOFT?,1,45,45,train,positive
"Hi, what topic i study in political science uoft?",can you explain the structure of Applied Computing at UOFT?,0,45,144,train,random
"Hi, what topic i study in political science uoft?",what kind of research is done in Political Science at UOFT?,0,45,203,train,hard
Help needed: what topic will i study in political science at uoft?,what subjects will I study in Political Science at UOFT?,1,45,45,dev,positive
Help needed: what topic will i study in political science at uoft?,Do I need a study permit to study in Canada as an international student?,0,45,449,dev,random
Help needed: what topic will i study in political science at uoft?,what kind of research is done in Political Science at UOFT?,0,45,203,dev,hard
can you explain the structure of higher education at uoft? Thanks.,can you explain the structure of Higher Education at UOFT?,1,46,46,train,positive
can you explain the structure of higher education at uoft? Thanks.,what subjects will I study in Counselling Psychology at UOFT?,0,46,184,train,random
can you explain the structure of higher education at uoft? Thanks.,can you explain the structure of Executive Education at UOFT?,0,46,105,train,hard
Quick question: can you explain the structure of higher education at uoft?,can you explain the structure of Higher Education at UOFT?,1,46,46,train,positive
Quick question: can you explain the structure of higher education at uoft?,I'm having trouble logging in to Join U of T. What should I do?,0,46,341,train,random
Quick question: can you explain the structure of higher education at uoft?,can you explain the structure of Executive Education at UOFT?,0,46,105,train,hard
can explain the structure higher education at uoft?,can you explain the structure of Higher Education at UOFT?,1,46,46,dev,positive
can explain the structure higher education at uoft?,Can I defer my scholarship(s) to the following September?,0,46,379,dev,random
can explain the structure higher education at uoft?,what subjects will I study in Higher Education at UOFT?,0,46,172,dev,hard
what sort of research come germanic literature culture and theory at uoft? Thanks.,"what kind of research is done in Germanic Literature, Culture and Theory at UOFT?",1,47,47,train,positive
what sort of research come germanic literature culture and theory at uoft? Thanks.,describe the One Year MMPA curriculum at UOFT.,0,47,72,train,random
what sort of research come germanic literature culture and theory at uoft? Thanks.,"can you explain the structure of Germanic Literature, Culture and Theory at UOFT?",0,47,7,train,hard
Could you tell me what sort research come in germanic literature culture and theory uoft?,"what kind of research is done in Germanic Literature, Culture and Theory at UOFT?",1,47,47,train,positive
Could you tell me what sort research come in germanic literature culture and theory uoft?,"How can I submit my final, official transcript (or other required documents)?",0,47,385,train,random
Could you tell me what sort research come in germanic literature culture and theory uoft?,"can you explain the structure of Germanic Literature, Culture and Theory at UOFT?",0,47,7,train,hard
"Hi, what sort of research come in germanic literature culture theory at uoft?","what kind of research is done in Germanic Literature, Culture and Theory at UOFT?",1,47,47,dev,positive
"Hi, what sort of research come in germanic literature culture theory at uoft?","what are the admission requirements for PhD in Architecture, Landscape, and Design at UOFT?",0,47,196,dev,random
"Hi, what sort of research come in germanic literature culture theory at uoft?","what subjects will I study in Germanic Literature, Culture and Theory at UOFT?",0,47,97,dev,hard
"Hi, can you explain structure of ecology and evolutionary biology uoft?",can you explain the structure of Ecology and Evolutionary Biology at UOFT?,1,48,48,train,positive
"Hi, can you explain structure of ecology and evolutionary biology uoft?",Is it necessary that my practicum complies with my declared field of study?,0,48,483,train,random
"Hi, can you explain structure of ecology and evolutionary biology uoft?",what subjects will I study in Ecology and Evolutionary Biology at UOFT?,0,48,64,train,hard
can you explain the structure of ecology and evolutionary biology at uoft? Any idea?,can you explain the structure of Ecology and Evolutionary Biology at UOFT?,1,48,48,train,positive
can you explain the structure of ecology and evolutionary biology at uoft? Any idea?,what can I do with a degree in Financial Economics from UOFT?,0,48,89,train,random
can you explain the structure of ecology and evolutionary biology at uoft? Any idea?,what subjects will I study in Ecology and Evolutionary Biology at UOFT?,0,48,64,train,hard
can explain the structure of ecology evolutionary biology at uoft? Thanks.,can you explain the structure of Ecology and Evolutionary Biology at UOFT?,1,48,48,dev,positive
can explain the structure of ecology evolutionary biology at uoft? Thanks.,What program of study should I apply to?,0,48,240,dev,random
can explain the structure of ecology evolutionary biology at uoft? Thanks.,what subjects will I study in Ecology and Evolutionary Biology at UOFT?,0,48,64,dev,hard
what research chance exist doctor of philosophy in school clinical child psychology uoft?,what research opportunities exist in Doctor of Philosophy in School & Clinical Child Psychology at UOFT?,1,49,49,train,positive
what research chance exist doctor of philosophy in school clinical child psychology uoft?,can you explain the structure of Molecular Genetics at UOFT?,0,49,58,train,random
what research chance exist doctor of philosophy in school clinical child psychology uoft?,what kind of research is done in School and Clinical Child Psychology at UOFT?,0,49,152,train,hard
Quick question: what research chance exist in doctor of philosophy in school clinical child psychology uoft?,what research opportunities exist in Doctor of Philosophy in School & Clinical Child Psychology at UOFT?,1,49,49,train,positive
Quick question: what research chance exist in doctor of philosophy in school clinical child psychology uoft?,"can you explain the structure of Health Policy, Management and Evaluation at UOFT?",0,49,154,train,random
Quick question: what research chance exist in doctor of philosophy in school clinical child psychology uoft?,what kind of research is done in School and Clinical Child Psychology at UOFT?,0,49,152,train,hard
what research chance exist in doctor of philosophy in school clinical child psychology at uoft? Thanks.,what research opportunities exist in Doctor of Philosophy in School & Clinical Child Psychology at UOFT?,1,49,49,dev,positive
what research chance exist in doctor of philosophy in school clinical child psychology at uoft? Thanks.,How long will an assessment take?,0,49,381,dev,random
what research chance exist in doctor of philosophy in school clinical child psychology at uoft? Thanks.,what kind of research is done in School and Clinical Child Psychology at UOFT?,0,49,152,dev,hard
what are the vocation prognosis for biotechnology alumnus from uoft? Thanks.,what are the career prospects for Biotechnology graduates from UOFT?,1,50,50,train,positive
what are the vocation prognosis for biotechnology alumnus from uoft? Thanks.,what makes the Global Executive Master of Business Administration for Healthcare and the Life Sciences (GEMBA-HLS) program at UOFT unique?,0,50,27,train,random
what are the vocation prognosis for biotechnology alumnus from uoft? Thanks.,can you explain the structure of Biotechnology at UOFT?,0,50,73,train,hard
Could you tell me what are the vocation prognosis for biotechnology alumnus uoft?,what are the career prospects for Biotechnology graduates from UOFT?,1,50,50,train,positive
Could you tell me what are the vocation prognosis for biotechnology alumnus uoft?,Where can I find help with housing?,0,50,471,train,random
Could you tell me what are the vocation prognosis for biotechnology alumnus uoft?,can you explain the structure of Biotechnology at UOFT?,0,50,73,train,hard
what are the vocation prognosis for biotechnology alumnus from uoft? Any idea?,what are the career prospects for Biotechnology graduates from UOFT?,1,50,50,dev,positive
what are the vocation prognosis for biotechnology alumnus from uoft? Any idea?,can you explain the structure of Buddy Program at MCGILL?,0,50,124,dev,random
what are the vocation prognosis for biotechnology alumnus from uoft? Any idea?,can you explain the structure of Biotechnology at UOFT?,0,50,73,dev,hard
Quick question: can you explain the structure of medical science uoft?,can you explain the structure of Medical Science at UOFT?,1,51,51,train,positive
Quick question: can you explain the structure of medical science uoft?,What should I submit if I don't have my mid-term transcript yet? What if I don't get mid-term grades or a mid-term transcript?,0,51,348,train,random
Quick question: can you explain the structure of medical science uoft?,can you explain the structure of Political Science at UOFT?,0,51,21,train,hard
Quick question: can you explain structure of medical science at uoft?,can you explain the structure of Medical Science at UOFT?,1,51,51,train,positive
Quick question: can you explain structure of medical science at uoft?,what subjects will I study in Electrical & Computer Engineering Undergraduate Program at UOFT?,0,51,218,train,random
Quick question: can you explain structure of medical science at uoft?,can you explain the structure of Political Science at UOFT?,0,51,21,train,hard
"Hi, can explain the structure of medical science at uoft?",can you explain the structure of Medical Science at UOFT?,1,51,51,dev,positive
"Hi, can explain the structure of medical science at uoft?",what subjects will I study in Master of Architecture (post-professional) at UOFT?,0,51,18,dev,random
"Hi, can explain the structure of medical science at uoft?",what kind of research is done in Medical Science at UOFT?,0,51,139,dev,hard
Could you tell me what sort of research is come in child study and education at uoft?,what kind of research is done in Child Study and Education at UOFT?,1,52,52,train,positive
Could you tell me what sort of research is come in child study and education at uoft?,what subjects will I study in Electrical & Computer Engineering Undergraduate Program at UOFT?,0,52,218,train,random
Could you tell me what sort of research is come in child study and education at uoft?,can you explain the structure of Child Study and Education at UOFT?,0,52,33,train,hard
Quick question: what sort of research is come in child study education at uoft?,what kind of research is done in Child Study and Education at UOFT?,1,52,52,train,positive
Quick question: what sort of research is come in child study education at uoft?,what can I do with a degree in Counselling Psychology from UOFT?,0,52,156,train,random
Quick question: what sort of research is come in child study education at uoft?,what subjects will I study in Child Study and Education at UOFT?,0,52,163,train,hard
what sort of research come child study and education at uoft? Any idea?,what kind of research is done in Child Study and Education at UOFT?,1,52,52,dev,positive
what sort of research come child study and education at uoft? Any idea?,How many reference letters are required for admission?,0,52,430,dev,random
what sort of research come child study and education at uoft? Any idea?,what subjects will I study in Child Study and Education at UOFT?,0,52,163,dev,hard
Help needed: what jobs can i bring after phd in architecture landscape and design at uoft?,"what jobs can I get after PhD in Architecture, Landscape, and Design at UOFT?",1,53,53,train,positive
Help needed: what jobs can i bring after phd in architecture landscape and design at uoft?,what can I do with a degree in Aerospace Science and Engineering from UOFT?,0,53,70,train,random
Help needed: what jobs can i bring after phd in architecture landscape and design at uoft?,"what are the admission requirements for PhD in Architecture, Landscape, and Design at UOFT?",0,53,196,train,hard
what jobs can i bring phd in architecture landscape and design at uoft?,"what jobs can I get after PhD in Architecture, Landscape, and Design at UOFT?",1,53,53,train,positive
what jobs can i bring phd in architecture landscape and design at uoft?,I prefer to submit an official transcript instead of uploading an unofficial one - is that okay?,0,53,255,train,random
what jobs can i bring phd in architecture landscape and design at uoft?,"what are the admission requirements for PhD in Architecture, Landscape, and Design at UOFT?",0,53,196,train,hard
what jobs can i find after phd in architecture landscape and design at uoft?,"what jobs can I get after PhD in Architecture, Landscape, and Design at UOFT?",1,53,53,dev,positive
what jobs can i find after phd in architecture landscape and design at uoft?,"I am an Indigenous student, what do I need to know about registering for Jump Start?",0,53,320,dev,random
what jobs can i find after phd in architecture landscape and design at uoft?,"what are the admission requirements for PhD in Architecture, Landscape, and Design at UOFT?",0,53,196,dev,hard
what sort research is come in master urban design post professional at uoft? Any idea?,what kind of research is done in Master of Urban Design (post-professional) at UOFT?,1,54,54,train,positive
what sort research is come in master urban design post professional at uoft? Any idea?,"I am taking a course outside of my regular day high school, in summer school/night school, online, or private school. Will this affect my admission?",0,54,351,train,random
what sort research is come in master urban design post professional at uoft? Any idea?,what subjects will I study in Master of Urban Design (post-professional) at UOFT?,0,54,56,train,hard
what sort of research is come in master urban design post professional uoft? Thanks.,what kind of research is done in Master of Urban Design (post-professional) at UOFT?,1,54,54,train,positive
what sort of research is come in master urban design post professional uoft? Thanks.,what kind of research is done in Political Science at UOFT?,0,54,203,train,random
what sort of research is come in master urban design post professional uoft? Thanks.,what subjects will I study in Master of Urban Design (post-professional) at UOFT?,0,54,56,train,hard
what sort of research is come in master urban design post professional at uoft? Thanks.,what kind of research is done in Master of Urban Design (post-professional) at UOFT?,1,54,54,dev,positive
what sort of research is come in master urban design post professional at uoft? Thanks.,what subjects will I study in European and Eurasian Studies at UOFT?,0,54,103,dev,random
what sort of research is come in master urban design post professional at uoft? Thanks.,what subjects will I study in Master of Urban Design (post-professional) at UOFT?,0,54,56,dev,hard
"Hi, what topic will i survey in canadian law in a global context at uoft?",what subjects will I study in Canadian Law in a Global Context at UOFT?,1,55,55,train,positive
"Hi, what topic will i survey in canadian law in a global context at uoft?",Who do I contact if I have questions about the smoke-free policy?,0,55,317,train,random
"Hi, what topic will i survey in canadian law in a global context at uoft?",what are the admission requirements for Canadian Law in a Global Context at UOFT?,0,55,191,train,hard
what topic i survey in canadian law in global context uoft? Any idea?,what subjects will I study in Canadian Law in a Global Context at UOFT?,1,55,55,train,positive
what topic i survey in canadian law in global context uoft? Any idea?,A referee I want doesn't have an institution or organization email address - what should I do?,0,55,258,train,random
what topic i survey in canadian law in global context uoft? Any idea?,what are the admission requirements for Canadian Law in a Global Context at UOFT?,0,55,191,train,hard
Could you tell me what topic will i survey in canadian law in global context uoft?,what subjects will I study in Canadian Law in a Global Context at UOFT?,1,55,55,dev,positive
Could you tell me what topic will i survey in canadian law in global context uoft?,Does the Government of Canada's cap on study permits for International students apply to OISE programs?,0,55,247,dev,random
Could you tell me what topic will i survey in canadian law in global context uoft?,what are the admission requirements for Canadian Law in a Global Context at UOFT?,0,55,191,dev,hard
Could you tell me what topic will survey in master of urban design post professional at uoft?,what subjects will I study in Master of Urban Design (post-professional) at UOFT?,1,56,56,train,positive
Could you tell me what topic will survey in master of urban design post professional at uoft?,Where do I send my application supporting documents?,0,56,436,train,random
Could you tell me what topic will survey in master of urban design post professional at uoft?,can you explain the structure of Master of Urban Design (post-professional) at UOFT?,0,56,60,train,hard
what topic will i survey in master of urban design post professional at uoft? Any idea?,what subjects will I study in Master of Urban Design (post-professional) at UOFT?,1,56,56,train,positive
what topic will i survey in master of urban design post professional at uoft? Any idea?,Can I apply to two different programs at UTM?,0,56,331,train,random
what topic will i survey in master of urban design post professional at uoft? Any idea?,what kind of research is done in Master of Urban Design (post-professional) at UOFT?,0,56,54,train,hard
Could you tell me what topic i survey master of urban design post professional at uoft?,what subjects will I study in Master of Urban Design (post-professional) at UOFT?,1,56,56,dev,positive
Could you tell me what topic i survey master of urban design post professional at uoft?,what can I do with a degree in Child Study and Education from UOFT?,0,56,230,dev,random
Could you tell me what topic i survey master of urban design post professional at uoft?,can you explain the structure of Master of Urban Design (post-professional) at UOFT?,0,56,60,dev,hard
Quick question: where master of visual studies in studio art alumna from uoft typically work?,where do Master of Visual Studies in Studio Art graduates from UOFT typically work?,1,57,57,train,positive
Quick question: where master of visual studies in studio art alumna from uoft typically work?,I'm not feeling well. Can I see a doctor or mental health professional on campus?,0,57,475,train,random
Quick question: where master of visual studies in studio art alumna from uoft typically work?,what courses are offered in Master of Visual Studies in Studio Art at UOFT?,0,57,1,train,hard
Quick question: where do master of visual studies studio art alumnus from uoft typically work?,where do Master of Visual Studies in Studio Art graduates from UOFT typically work?,1,57,57,train,positive
Quick question: where do master of visual studies studio art alumnus from uoft typically work?,Where can I get information on applying for a post-graduate work permit (PGWP)?,0,57,460,train,random
Quick question: where do master of visual studies studio art alumnus from uoft typically work?,what courses are offered in Master of Visual Studies in Studio Art at UOFT?,0,57,1,train,hard
Could you tell me where master of visual studies in studio art alum from uoft typically work?,where do Master of Visual Studies in Studio Art graduates from UOFT typically work?,1,57,57,dev,positive
Could you tell me where master of visual studies in studio art alum from uoft typically work?,what subjects will I study in Electrical & Computer Engineering Undergraduate Program at UOFT?,0,57,218,dev,random
Could you tell me where master of visual studies in studio art alum from uoft typically work?,what courses are offered in Master of Visual Studies in Studio Art at UOFT?,0,57,1,dev,hard
Could you tell me can you explain the structure of molecular genetics at uoft?,can you explain the structure of Molecular Genetics at UOFT?,1,58,58,train,positive
Could you tell me can you explain the structure of molecular genetics at uoft?,what kind of research is done in European and Eurasian Studies at UOFT?,0,58,107,train,random
Could you tell me can you explain the structure of molecular genetics at uoft?,what kind of research is done in Molecular Genetics at UOFT?,0,58,159,train,hard
"Hi, can explain the structure of molecular genetics at uoft?",can you explain the structure of Molecular Genetics at UOFT?,1,58,58,train,positive
"Hi, can explain the structure of molecular genetics at uoft?",I have been excluded from a full-credit course because I only received a half-credit transfer - can I take the full-credit exclusion?,0,58,397,train,random
"Hi, can explain the structure of molecular genetics at uoft?",what kind of research is done in Molecular Genetics at UOFT?,0,58,159,train,hard
Help needed: can explain structure of molecular genetics at uoft?,can you explain the structure of Molecular Genetics at UOFT?,1,58,58,dev,positive
Help needed: can explain structure of molecular genetics at uoft?,what are the research strengths of Educational Leadership and Policy at UOFT?,0,58,161,dev,random
Help needed: can explain structure of molecular genetics at uoft?,what kind of research is done in Molecular Genetics at UOFT?,0,58,159,dev,hard
Help needed: can you explain the structure of financial economics at uoft?,can you explain the structure of Financial Economics at UOFT?,1,59,59,train,positive
Help needed: can you explain the structure of financial economics at uoft?,My institution will release transcripts to me but not to the institution to which I am applying. Will you accept transcripts submitted by me?,0,59,421,train,random
Help needed: can you explain the structure of financial economics at uoft?,what can I do with a degree in Financial Economics from UOFT?,0,59,89,train,hard
can you explain the structure of financial economics uoft? Thanks.,can you explain the structure of Financial Economics at UOFT?,1,59,59,train,positive
can you explain the structure of financial economics uoft? Thanks.,My referee did not receive the email from the School of Graduate Studies. Could you please resend it?,0,59,432,train,random
can you explain the structure of financial economics uoft? Thanks.,what can I do with a degree in Financial Economics from UOFT?,0,59,89,train,hard
"Hi, can you explain structure of financial economics at uoft?",can you explain the structure of Financial Economics at UOFT?,1,59,59,dev,positive
"Hi, can you explain structure of financial economics at uoft?",what are the career prospects for Doctor of Education in Counselling Psychology (Counselling & Psychotherapy Field) graduates from UOFT?,0,59,12,dev,random
"Hi, can you explain structure of financial economics at uoft?",what can I do with a degree in Financial Economics from UOFT?,0,59,89,dev,hard
can explain structure of master of urban design post professional at uoft?,can you explain the structure of Master of Urban Design (post-professional) at UOFT?,1,60,60,train,positive
can explain structure of master of urban design post professional at uoft?,what can I do with a degree in Management and Professional Accounting from UOFT?,0,60,117,train,random
can explain structure of master of urban design post professional at uoft?,what subjects will I study in Master of Urban Design (post-professional) at UOFT?,0,60,56,train,hard
can you explain structure of master urban design post professional at uoft? Any idea?,can you explain the structure of Master of Urban Design (post-professional) at UOFT?,1,60,60,train,positive
can you explain structure of master urban design post professional at uoft? Any idea?,what courses are offered in Doctor of Education in Counselling Psychology (School Psychology Field) at UOFT?,0,60,35,train,random
can you explain structure of master urban design post professional at uoft? Any idea?,what subjects will I study in Master of Urban Design (post-professional) at UOFT?,0,60,56,train,hard
can you explain the structure of master of urban design post professional at uoft? Any idea?,can you explain the structure of Master of Urban Design (post-professional) at UOFT?,1,60,60,dev,positive
can you explain the structure of master of urban design post professional at uoft? Any idea?,"What do you mean by an ""appropriate"" degree?",0,60,265,dev,random
can you explain the structure of master of urban design post professional at uoft? Any idea?,can you explain the structure of Urban Design at UOFT?,0,60,143,dev,hard
Quick question: what subjects will i study in anthropology uoft?,what subjects will I study in Anthropology at UOFT?,1,61,61,train,positive
Quick question: what subjects will i study in anthropology uoft?,what can I do with a degree in Industrial Engineering Undergraduate Program from UOFT?,0,61,104,train,random
Quick question: what subjects will i study in anthropology uoft?,what subjects will I study in English at UOFT?,0,61,233,train,hard
Quick question: what subjects will i study in anthropology at uoft?,what subjects will I study in Anthropology at UOFT?,1,61,61,train,positive
Quick question: what subjects will i study in anthropology at uoft?,I'm an international applicant - are there additional application requirements I need to know?,0,61,242,train,random
Quick question: what subjects will i study in anthropology at uoft?,what subjects will I study in English at UOFT?,0,61,233,train,hard
what subjects will i study anthropology at uoft?,what subjects will I study in Anthropology at UOFT?,1,61,61,dev,positive
what subjects will i study anthropology at uoft?,"I was confirmed to start practicum at a particular organization, and it is now cancelled. What happened?",0,61,496,dev,random
what subjects will i study anthropology at uoft?,what subjects will I study in English at UOFT?,0,61,233,dev,hard
what topic i study in biotechnology at uoft?,what subjects will I study in Biotechnology at UOFT?,1,62,62,train,positive
what topic i study in biotechnology at uoft?,can you explain the structure of Applied Computing at UOFT?,0,62,144,train,random
what topic i study in biotechnology at uoft?,can you explain the structure of Biotechnology at UOFT?,0,62,73,train,hard
Quick question: what topic will i study in biotechnology at uoft?,what subjects will I study in Biotechnology at UOFT?,1,62,62,train,positive
Quick question: what topic will i study in biotechnology at uoft?,My name in my official transcripts is different from my passport / other transcripts; shall I provide a document explaining the discrepancy?,0,62,426,train,random
Quick question: what topic will i study in biotechnology at uoft?,can you explain the structure of Biotechnology at UOFT?,0,62,73,train,hard
Help needed: what topic will i study in biotechnology uoft?,what subjects will I study in Biotechnology at UOFT?,1,62,62,dev,positive
Help needed: what topic will i study in biotechnology uoft?,What kind of computer or laptop should I buy?,0,62,468,dev,random
Help needed: what topic will i study in biotechnology uoft?,can you explain the structure of Biotechnology at UOFT?,0,62,73,dev,hard
Could you tell me what can i do a degree in global professional law from uoft?,what can I do with a degree in Global Professional Law from UOFT?,1,63,63,train,positive
Could you tell me what can i do a degree in global professional law from uoft?,what kind of research is done in Global Professional Law at UOFT?,0,63,220,train,random
Could you tell me what can i do a degree in global professional law from uoft?,can you explain the structure of Global Professional Law at UOFT?,0,63,6,train,hard
"Hi, what can do with a degree global professional law uoft?",what can I do with a degree in Global Professional Law from UOFT?,1,63,63,train,positive
"Hi, what can do with a degree global professional law uoft?",How can I get my U of T student card?,0,63,463,train,random
"Hi, what can do with a degree global professional law uoft?",can you explain the structure of Global Professional Law at UOFT?,0,63,6,train,hard
Quick question: what do a degree in global professional law from uoft?,what can I do with a degree in Global Professional Law from UOFT?,1,63,63,dev,positive
Quick question: what do a degree in global professional law from uoft?,what research opportunities exist in Master of Education in Counselling Psychology; (Global Mental Health & Counselling Psychology Field) Dual Degree Programs at UOFT?,0,63,24,dev,random
Quick question: what do a degree in global professional law from uoft?,what subjects will I study in Global Professional Law at UOFT?,0,63,11,dev,hard
what subjects will i study in ecology and evolutionary biology uoft? Any idea?,what subjects will I study in Ecology and Evolutionary Biology at UOFT?,1,64,64,train,positive
what subjects will i study in ecology and evolutionary biology uoft? Any idea?,"what research opportunities exist in Graduate Courses: Auditing, Non-degree Students, & Visitors at UOFT?",0,64,229,train,random
what subjects will i study in ecology and evolutionary biology uoft? Any idea?,what kind of research is done in Ecology and Evolutionary Biology at UOFT?,0,64,127,train,hard
what subjects will i study in ecology and evolutionary biology at uoft? Thanks.,what subjects will I study in Ecology and Evolutionary Biology at UOFT?,1,64,64,train,positive
what subjects will i study in ecology and evolutionary biology at uoft? Thanks.,I changed my mind and do not want to go to graduate school anymore; can I get a refund of the application fee?,0,64,419,train,random
what subjects will i study in ecology and evolutionary biology at uoft? Thanks.,what kind of research is done in Ecology and Evolutionary Biology at UOFT?,0,64,127,train,hard
what subjects will i study in ecology and evolutionary biology uoft? Thanks.,what subjects will I study in Ecology and Evolutionary Biology at UOFT?,1,64,64,dev,positive
what subjects will i study in ecology and evolutionary biology uoft? Thanks.,what are the research areas in Electrical & Computer Engineering Undergraduate Program at UOFT?,0,64,224,dev,random
what subjects will i study in ecology and evolutionary biology uoft? Thanks.,what kind of research is done in Ecology and Evolutionary Biology at UOFT?,0,64,127,dev,hard
"Hi, can explain the structure of english at uoft?",can you explain the structure of English at UOFT?,1,65,65,train,positive
"Hi, can explain the structure of english at uoft?",Who do I contact if I have questions about the smoke-free policy?,0,65,317,train,random
"Hi, can explain the structure of english at uoft?",can you explain the structure of Teaching at UOFT?,0,65,5,train,hard
"Hi, can you explain structure of english at uoft?",can you explain the structure of English at UOFT?,1,65,65,train,positive
"Hi, can you explain structure of english at uoft?",where do Master of Education in Counselling Psychology (Global Mental Health & Counselling Psychology Field) graduates from UOFT typically work?,0,65,10,train,random
"Hi, can you explain structure of english at uoft?",can you explain the structure of Teaching at UOFT?,0,65,5,train,hard
can you explain the structure of english at uoft? Thanks.,can you explain the structure of English at UOFT?,1,65,65,dev,positive
can you explain the structure of english at uoft? Thanks.,How do I sign up for UTAlert?,0,65,285,dev,random
can you explain the structure of english at uoft? Thanks.,can you explain the structure of Teaching at UOFT?,0,65,5,dev,hard
what are the requirement for global executive master business administration for healthcare and life sciences gemba hls at uoft?,what are the prerequisites for Global Executive Master of Business Administration for Healthcare and the Life Sciences (GEMBA-HLS) at UOFT?,1,66,66,train,positive
what are the requirement for global executive master business administration for healthcare and life sciences gemba hls at uoft?,describe the One Year MMPA curriculum at UOFT.,0,66,72,train,random
what are the requirement for global executive master business administration for healthcare and life sciences gemba hls at uoft?,what makes the Global Executive Master of Business Administration for Healthcare and the Life Sciences (GEMBA-HLS) program at UOFT unique?,0,66,27,train,hard
Could you tell me what are the requirement for global executive master business administration for healthcare and the life sciences gemba hls uoft?,what are the prerequisites for Global Executive Master of Business Administration for Healthcare and the Life Sciences (GEMBA-HLS) at UOFT?,1,66,66,train,positive
Could you tell me what are the requirement for global executive master business administration for healthcare and the life sciences gemba hls uoft?,can you explain the structure of Applied Computing at UOFT?,0,66,144,train,random
Could you tell me what are the requirement for global executive master business administration for healthcare and the life sciences gemba hls uoft?,what makes the Global Executive Master of Business Administration for Healthcare and the Life Sciences (GEMBA-HLS) program at UOFT unique?,0,66,27,train,hard
Help needed: what requirement global executive master of business administration healthcare and the life sciences gemba hls at uoft?,what are the prerequisites for Global Executive Master of Business Administration for Healthcare and the Life Sciences (GEMBA-HLS) at UOFT?,1,66,66,dev,positive
Help needed: what requirement global executive master of business administration healthcare and the life sciences gemba hls at uoft?,Do I have health or dental insurance coverage through U of T?,0,66,476,dev,random
Help needed: what requirement global executive master of business administration healthcare and the life sciences gemba hls at uoft?,what makes the Global Executive Master of Business Administration for Healthcare and the Life Sciences (GEMBA-HLS) program at UOFT unique?,0,66,27,dev,hard
"Hi, what sort of research is come in electrical and computer engineering at uoft?",what kind of research is done in Electrical and Computer Engineering at UOFT?,1,67,67,train,positive
"Hi, what sort of research is come in electrical and computer engineering at uoft?",what can I do with a degree in Global Professional Law from UOFT?,0,67,63,train,random
"Hi, what sort of research is come in electrical and computer engineering at uoft?",what subjects will I study in Electrical and Computer Engineering at UOFT?,0,67,43,train,hard
what sort of research come electrical and computer engineering at uoft? Any idea?,what kind of research is done in Electrical and Computer Engineering at UOFT?,1,67,67,train,positive
what sort of research come electrical and computer engineering at uoft? Any idea?,What program of study should I apply to?,0,67,240,train,random
what sort of research come electrical and computer engineering at uoft? Any idea?,what subjects will I study in Electrical and Computer Engineering at UOFT?,0,67,43,train,hard
what sort of research come in electrical and computer engineering at uoft?,what kind of research is done in Electrical and Computer Engineering at UOFT?,1,67,67,dev,positive
what sort of research come in electrical and computer engineering at uoft?,what kind of research is done in Ecology and Evolutionary Biology at UOFT?,0,67,127,dev,random
what sort of research come in electrical and computer engineering at uoft?,what subjects will I study in Electrical and Computer Engineering at UOFT?,0,67,43,dev,hard
Could you tell me what the vocation prognosis for master of urban design post professional alumnus from uoft?,what are the career prospects for Master of Urban Design (post-professional) graduates from UOFT?,1,68,68,train,positive
Could you tell me what the vocation prognosis for master of urban design post professional alumnus from uoft?,what subjects will I study in Political Science at UOFT?,0,68,45,train,random
Could you tell me what the vocation prognosis for master of urban design post professional alumnus from uoft?,can you explain the structure of Master of Urban Design (post-professional) at UOFT?,0,68,60,train,hard
"Hi, what are the vocation prognosis for master of urban design post professional alumnus uoft?",what are the career prospects for Master of Urban Design (post-professional) graduates from UOFT?,1,68,68,train,positive
"Hi, what are the vocation prognosis for master of urban design post professional alumnus uoft?",Do I have to be a teacher to apply to OISE?,0,68,241,train,random
"Hi, what are the vocation prognosis for master of urban design post professional alumnus uoft?",can you explain the structure of Master of Urban Design (post-professional) at UOFT?,0,68,60,train,hard
what vocation prognosis master urban design post professional alumnus from uoft? Any idea?,what are the career prospects for Master of Urban Design (post-professional) graduates from UOFT?,1,68,68,dev,positive
what vocation prognosis master urban design post professional alumnus from uoft? Any idea?,"what are the career prospects for Drama, Theatre and Performance Studies graduates from UOFT?",0,68,155,dev,random
what vocation prognosis master urban design post professional alumnus from uoft? Any idea?,what subjects will I study in Master of Urban Design (post-professional) at UOFT?,0,68,56,dev,hard
Help needed: what are the vocation prognosis sure summer undergraduate research in engineering alumnus mcgill?,what are the career prospects for SURE: Summer Undergraduate Research in Engineering graduates from MCGILL?,1,69,69,train,positive
Help needed: what are the vocation prognosis sure summer undergraduate research in engineering alumnus mcgill?,what kind of research is done in Health Administration at UOFT?,0,69,142,train,random
Help needed: what are the vocation prognosis sure summer undergraduate research in engineering alumnus mcgill?,what are the research areas in SURE: Summer Undergraduate Research in Engineering at MCGILL?,0,69,133,train,hard
Could you tell me what are the vocation prognosis for sure summer undergraduate research in engineering alumnus from mcgill?,what are the career prospects for SURE: Summer Undergraduate Research in Engineering graduates from MCGILL?,1,69,69,train,positive
Could you tell me what are the vocation prognosis for sure summer undergraduate research in engineering alumnus from mcgill?,what subjects will I study in IHRP: Clinic Course at UOFT?,0,69,166,train,random
Could you tell me what are the vocation prognosis for sure summer undergraduate research in engineering alumnus from mcgill?,can you explain the structure of SURE: Summer Undergraduate Research in Engineering at MCGILL?,0,69,79,train,hard
Quick question: what are the vocation prognosis sure summer undergraduate research in engineering alumnus from mcgill?,what are the career prospects for SURE: Summer Undergraduate Research in Engineering graduates from MCGILL?,1,69,69,dev,positive
Quick question: what are the vocation prognosis sure summer undergraduate research in engineering alumnus from mcgill?,How does U of T Mississauga assess courses for equivalency?,0,69,382,dev,random
Quick question: what are the vocation prognosis sure summer undergraduate research in engineering alumnus from mcgill?,what are the research areas in SURE: Summer Undergraduate Research in Engineering at MCGILL?,0,69,133,dev,hard
Quick question: what can with a degree in aerospace science engineering from uoft?,what can I do with a degree in Aerospace Science and Engineering from UOFT?,1,70,70,train,positive
Quick question: what can with a degree in aerospace science engineering from uoft?,Does dropping a course or taking a gap year affect my legal status?,0,70,461,train,random
Quick question: what can with a degree in aerospace science engineering from uoft?,what can I do with a degree in Engineering Science Undergraduate Program from UOFT?,0,70,169,train,hard
Quick question: what can i degree aerospace science and engineering from uoft?,what can I do with a degree in Aerospace Science and Engineering from UOFT?,1,70,70,train,positive
Quick question: what can i degree aerospace science and engineering from uoft?,"Will I be considered for all of the programs I applied to at the same time, or only in the order I ranked them?",0,70,337,train,random
Quick question: what can i degree aerospace science and engineering from uoft?,what can I do with a degree in Engineering Science Undergraduate Program from UOFT?,0,70,169,train,hard
what can do a degree in aerospace science engineering from uoft?,what can I do with a degree in Aerospace Science and Engineering from UOFT?,1,70,70,dev,positive
what can do a degree in aerospace science engineering from uoft?,what kind of research is done in Master of Applied Science (MASc) at UOFT?,0,70,221,dev,random
what can do a degree in aerospace science engineering from uoft?,what can I do with a degree in Engineering Science Undergraduate Program from UOFT?,0,70,169,dev,hard
Help needed: can you explain the structure finance at uoft?,can you explain the structure of Finance at UOFT?,1,71,71,train,positive
Help needed: can you explain the structure finance at uoft?,Can I receive UTAlerts if I don't work/study at U of T?,0,71,287,train,random
Help needed: can you explain the structure finance at uoft?,can you explain the structure of English at UOFT?,0,71,65,train,hard
can you explain the structure of finance uoft? Thanks.,can you explain the structure of Finance at UOFT?,1,71,71,train,positive
can you explain the structure of finance uoft? Thanks.,Do I need to wear an academic hood?,0,71,277,train,random
can you explain the structure of finance uoft? Thanks.,can you explain the structure of English at UOFT?,0,71,65,train,hard
can you explain the structure of finance at uoft? Any idea?,can you explain the structure of Finance at UOFT?,1,71,71,dev,positive
can you explain the structure of finance at uoft? Any idea?,can you explain the structure of Educational Leadership and Policy at UOFT?,0,71,14,dev,random
can you explain the structure of finance at uoft? Any idea?,can you explain the structure of English at UOFT?,0,71,65,dev,hard
Help needed: describe the one year mmpa program uoft?,describe the One Year MMPA curriculum at UOFT.,1,72,72,train,positive
Help needed: describe the one year mmpa program uoft?,what can I do with a degree in Art History from UOFT?,0,72,88,train,random
Help needed: describe the one year mmpa program uoft?,can you explain the structure of One Year MMPA at UOFT?,0,72,40,train,hard
Quick question: describe the one year mmpa program at uoft?,describe the One Year MMPA curriculum at UOFT.,1,72,72,train,positive
Quick question: describe the one year mmpa program at uoft?,Can the system contact me by phone?,0,72,291,train,random
Quick question: describe the one year mmpa program at uoft?,can you explain the structure of One Year MMPA at UOFT?,0,72,40,train,hard
"Hi, describe the one year mmpa program uoft?",describe the One Year MMPA curriculum at UOFT.,1,72,72,dev,positive
"Hi, describe the one year mmpa program uoft?",How do I check my UTAlert settings and update my contact information?,0,72,294,dev,random
"Hi, describe the one year mmpa program uoft?",can you explain the structure of One Year MMPA at UOFT?,0,72,40,dev,hard
Quick question: can explain the structure of biotechnology uoft?,can you explain the structure of Biotechnology at UOFT?,1,73,73,train,positive
Quick question: can explain the structure of biotechnology uoft?,what are the key features of Geography at UOFT?,0,73,74,train,random
Quick question: can explain the structure of biotechnology uoft?,can you explain the structure of English at UOFT?,0,73,65,train,hard
can you explain the structure biotechnology at uoft? Thanks.,can you explain the structure of Biotechnology at UOFT?,1,73,73,train,positive
can you explain the structure biotechnology at uoft? Thanks.,"Can I add a special stole, jewelry or badges to my graduation gown?",0,73,278,train,random
can you explain the structure biotechnology at uoft? Thanks.,can you explain the structure of English at UOFT?,0,73,65,train,hard
Help needed: can you explain the structure of biotechnology uoft?,can you explain the structure of Biotechnology at UOFT?,1,73,73,dev,positive
Help needed: can you explain the structure of biotechnology uoft?,"what subjects will I study in Health Policy, Management and Evaluation at UOFT?",0,73,214,dev,random
Help needed: can you explain the structure of biotechnology uoft?,can you explain the structure of English at UOFT?,0,73,65,dev,hard
what are fundamental boast of geography at uoft? Thanks.,what are the key features of Geography at UOFT?,1,74,74,train,positive
what are fundamental boast of geography at uoft? Thanks.,what can I do with a degree in Chemistry from UOFT?,0,74,239,train,random
what are fundamental boast of geography at uoft? Thanks.,can you explain the structure of Geography at UOFT?,0,74,78,train,hard
what are fundamental boast geography at uoft?,what are the key features of Geography at UOFT?,1,74,74,train,positive
what are fundamental boast geography at uoft?,what can I do with a degree in Mineral Engineering Undergraduate Program from UOFT?,0,74,205,train,random
what are fundamental boast geography at uoft?,can you explain the structure of Geography at UOFT?,0,74,78,train,hard
Could you tell me what the important boast of geography uoft?,what are the key features of Geography at UOFT?,1,74,74,dev,positive
Could you tell me what the important boast of geography uoft?,When is the move-in date? Do I need to apply for an early move-in?,0,74,326,dev,random
Could you tell me what the important boast of geography uoft?,can you explain the structure of Geography at UOFT?,0,74,78,dev,hard
can explain the structure of master applied science masc uoft?,can you explain the structure of Master of Applied Science (MASc) at UOFT?,1,75,75,train,positive
can explain the structure of master applied science masc uoft?,"Can I drop a course, or study part-time?",0,75,467,train,random
can explain the structure of master applied science masc uoft?,what subjects will I study in Master of Applied Science (MASc) at UOFT?,0,75,101,train,hard
Quick question: can you explain the structure master of applied science masc at uoft?,can you explain the structure of Master of Applied Science (MASc) at UOFT?,1,75,75,train,positive
Quick question: can you explain the structure master of applied science masc at uoft?,can you explain the structure of International Human Rights Program at UOFT?,0,75,134,train,random
Quick question: can you explain the structure master of applied science masc at uoft?,what subjects will I study in Master of Applied Science (MASc) at UOFT?,0,75,101,train,hard
Help needed: can you explain structure of master of applied science masc at uoft?,can you explain the structure of Master of Applied Science (MASc) at UOFT?,1,75,75,dev,positive
Help needed: can you explain structure of master of applied science masc at uoft?,can you explain the structure of Educational Leadership and Policy at UOFT?,0,75,14,dev,random
Help needed: can you explain structure of master of applied science masc at uoft?,what subjects will I study in Master of Applied Science (MASc) at UOFT?,0,75,101,dev,hard
can you explain structure of developmental psychology and education uoft?,can you explain the structure of Developmental Psychology and Education at UOFT?,1,76,76,train,positive
can you explain structure of developmental psychology and education uoft?,I prefer to submit an official transcript instead of uploading an unofficial one - is that okay?,0,76,255,train,random
can you explain structure of developmental psychology and education uoft?,can you explain the structure of Child Study and Education at UOFT?,0,76,33,train,hard
can explain the structure developmental psychology and education at uoft? Thanks.,can you explain the structure of Developmental Psychology and Education at UOFT?,1,76,76,train,positive
can explain the structure developmental psychology and education at uoft? Thanks.,Am I eligible to stay in Canada after completing my degree program?,0,76,456,train,random
can explain the structure developmental psychology and education at uoft? Thanks.,where do Master of Education in Developmental Psychology & Education graduates from UOFT typically work?,0,76,77,train,hard
can explain structure of developmental psychology and education uoft?,can you explain the structure of Developmental Psychology and Education at UOFT?,1,76,76,dev,positive
can explain structure of developmental psychology and education uoft?,Do you offer practicums outside of Toronto?,0,76,487,dev,random
can explain structure of developmental psychology and education uoft?,where do Master of Education in Developmental Psychology & Education graduates from UOFT typically work?,0,76,77,dev,hard
where master of education developmental psychology education graduates from uoft typically work? Any idea?,where do Master of Education in Developmental Psychology & Education graduates from UOFT typically work?,1,77,77,train,positive
where master of education developmental psychology education graduates from uoft typically work? Any idea?,what are the admission requirements for Industrial Engineering at UOFT?,0,77,157,train,random
where master of education developmental psychology education graduates from uoft typically work? Any idea?,where do Doctor of Education in Counselling Psychology (School Psychology Field) graduates from UOFT typically work?,0,77,37,train,hard
Quick question: where master of education in developmental psychology education graduates from uoft typically work?,where do Master of Education in Developmental Psychology & Education graduates from UOFT typically work?,1,77,77,train,positive
Quick question: where master of education in developmental psychology education graduates from uoft typically work?,"I have been admitted; however, I have a few questions before I make the final decision. Who do I need to contact?",0,77,447,train,random
Quick question: where master of education in developmental psychology education graduates from uoft typically work?,where do Doctor of Education in Counselling Psychology (School Psychology Field) graduates from UOFT typically work?,0,77,37,train,hard
Quick question: where do master of education in developmental psychology education graduates from uoft typically work?,where do Master of Education in Developmental Psychology & Education graduates from UOFT typically work?,1,77,77,dev,positive
Quick question: where do master of education in developmental psychology education graduates from uoft typically work?,what can I do with a degree in Engineering Science Undergraduate Program from UOFT?,0,77,169,dev,random
Quick question: where do master of education in developmental psychology education graduates from uoft typically work?,where do Doctor of Education in Counselling Psychology (School Psychology Field) graduates from UOFT typically work?,0,77,37,dev,hard
can you explain the structure geography at uoft? Thanks.,can you explain the structure of Geography at UOFT?,1,78,78,train,positive
can you explain the structure geography at uoft? Thanks.,what courses are offered in Doctor of Education in Counselling Psychology (School Psychology Field) at UOFT?,0,78,35,train,random
can you explain the structure geography at uoft? Thanks.,can you explain the structure of English at UOFT?,0,78,65,train,hard
Quick question: can explain the structure of geography uoft?,can you explain the structure of Geography at UOFT?,1,78,78,train,positive
Quick question: can explain the structure of geography uoft?,What does smoke-free mean? Does this include cannabis?,0,78,304,train,random
Quick question: can explain the structure of geography uoft?,what kind of research is done in Geography at UOFT?,0,78,178,train,hard
can you explain the structure of geography at uoft? Any idea?,can you explain the structure of Geography at UOFT?,1,78,78,dev,positive
can you explain the structure of geography at uoft? Any idea?,what subjects will I study in Two Year MMPA at UOFT?,0,78,149,dev,random
can you explain the structure of geography at uoft? Any idea?,can you explain the structure of English at UOFT?,0,78,65,dev,hard
"Hi, can you explain the structure of sure summer undergraduate research in engineering mcgill?",can you explain the structure of SURE: Summer Undergraduate Research in Engineering at MCGILL?,1,79,79,train,positive
"Hi, can you explain the structure of sure summer undergraduate research in engineering mcgill?",what subjects will I study in FASE Technical Emphases at UOFT?,0,79,185,train,random
"Hi, can you explain the structure of sure summer undergraduate research in engineering mcgill?",what are the research areas in SURE: Summer Undergraduate Research in Engineering at MCGILL?,0,79,133,train,hard
can you explain the structure of sure summer undergraduate research in engineering at mcgill? Thanks.,can you explain the structure of SURE: Summer Undergraduate Research in Engineering at MCGILL?,1,79,79,train,positive
can you explain the structure of sure summer undergraduate research in engineering at mcgill? Thanks.,can you explain the structure of Application Deadlines & Closing Dates at UOFT?,0,79,153,train,random
can you explain the structure of sure summer undergraduate research in engineering at mcgill? Thanks.,what are the research areas in SURE: Summer Undergraduate Research in Engineering at MCGILL?,0,79,133,train,hard
can you explain the structure sure summer undergraduate research in engineering at mcgill? Thanks.,can you explain the structure of SURE: Summer Undergraduate Research in Engineering at MCGILL?,1,79,79,dev,positive
can you explain the structure sure summer undergraduate research in engineering at mcgill? Thanks.,what kind of research is done in Master of Landscape Architecture at UOFT?,0,79,119,dev,random
can you explain the structure sure summer undergraduate research in engineering at mcgill? Thanks.,what are the research areas in SURE: Summer Undergraduate Research in Engineering at MCGILL?,0,79,133,dev,hard
Help needed: what topic i survey in dalla lana school of public health at uoft?,what subjects will I study in Dalla Lana School of Public Health at UOFT?,1,80,80,train,positive
Help needed: what topic i survey in dalla lana school of public health at uoft?,what can I do with a degree in Urban Design from UOFT?,0,80,138,train,random
Help needed: what topic i survey in dalla lana school of public health at uoft?,what subjects will I study in Public Policy at UOFT?,0,80,86,train,hard
Could you tell me what topic will survey in dalla lana school of public health uoft?,what subjects will I study in Dalla Lana School of Public Health at UOFT?,1,80,80,train,positive
Could you tell me what topic will survey in dalla lana school of public health uoft?,can you explain the structure of Museum Studies at UOFT?,0,80,91,train,random
Could you tell me what topic will survey in dalla lana school of public health uoft?,what subjects will I study in Public Policy at UOFT?,0,80,86,train,hard
what topic will i survey in dalla lana school of public health at uoft? Any idea?,what subjects will I study in Dalla Lana School of Public Health at UOFT?,1,80,80,dev,positive
what topic will i survey in dalla lana school of public health at uoft? Any idea?,what kind of research is done in Electrical and Computer Engineering at UOFT?,0,80,67,dev,random
what topic will i survey in dalla lana school of public health at uoft? Any idea?,what subjects will I study in Public Policy at UOFT?,0,80,86,dev,hard
Could you tell me what topic will survey in social justice education uoft?,what subjects will I study in Social Justice Education at UOFT?,1,81,81,train,positive
Could you tell me what topic will survey in social justice education uoft?,can you explain the structure of Educational Leadership and Policy at UOFT?,0,81,14,train,random
Could you tell me what topic will survey in social justice education uoft?,can you explain the structure of Social Justice Education at UOFT?,0,81,106,train,hard
what topic will i survey in social justice education at uoft? Any idea?,what subjects will I study in Social Justice Education at UOFT?,1,81,81,train,positive
what topic will i survey in social justice education at uoft? Any idea?,can you explain the structure of Chemistry at UOFT?,0,81,189,train,random
what topic will i survey in social justice education at uoft? Any idea?,can you explain the structure of Social Justice Education at UOFT?,0,81,106,train,hard
Quick question: what topic survey in social justice education at uoft?,what subjects will I study in Social Justice Education at UOFT?,1,81,81,dev,positive
Quick question: what topic survey in social justice education at uoft?,can you explain the structure of Urban Design at UOFT?,0,81,143,dev,random
Quick question: what topic survey in social justice education at uoft?,can you explain the structure of Social Justice Education at UOFT?,0,81,106,dev,hard
Could you tell me can you explain structure of master of science in forestry uoft?,can you explain the structure of Master of Science in Forestry at UOFT?,1,82,82,train,positive
Could you tell me can you explain structure of master of science in forestry uoft?,What is a Generic credit?,0,82,390,train,random
Could you tell me can you explain structure of master of science in forestry uoft?,can you explain the structure of PhD in Forestry at UOFT?,0,82,188,train,hard
"Hi, can you explain the structure of master science in forestry at uoft?",can you explain the structure of Master of Science in Forestry at UOFT?,1,82,82,train,positive
"Hi, can you explain the structure of master science in forestry at uoft?",can you explain the structure of Buddy Program at MCGILL?,0,82,124,train,random
"Hi, can you explain the structure of master science in forestry at uoft?",can you explain the structure of PhD in Forestry at UOFT?,0,82,188,train,hard
"Hi, can explain the structure of master science in forestry at uoft?",can you explain the structure of Master of Science in Forestry at UOFT?,1,82,82,dev,positive
"Hi, can explain the structure of master science in forestry at uoft?",what subjects will I study in Biotechnology at UOFT?,0,82,62,dev,random
"Hi, can explain the structure of master science in forestry at uoft?",what kind of research is done in Master of Science in Forestry at UOFT?,0,82,121,dev,hard
Could you tell me can explain the structure of counselling clinical psychology at utsc at uoft?,can you explain the structure of Counselling & Clinical Psychology at UTSC at UOFT?,1,83,83,train,positive
Could you tell me can explain the structure of counselling clinical psychology at utsc at uoft?,can you explain the structure of Electrical & Computer Engineering Undergraduate Program at UOFT?,0,83,217,train,random
Could you tell me can explain the structure of counselling clinical psychology at utsc at uoft?,how can I apply to Counselling and Clinical Psychology - Field in Clinical Psychology (UTSC) at UOFT?,0,83,137,train,hard
can you explain the structure of counselling clinical psychology utsc at uoft? Any idea?,can you explain the structure of Counselling & Clinical Psychology at UTSC at UOFT?,1,83,83,train,positive
can you explain the structure of counselling clinical psychology utsc at uoft? Any idea?,what can I do with a degree in Physical Therapy from UOFT?,0,83,85,train,random
can you explain the structure of counselling clinical psychology utsc at uoft? Any idea?,how can I apply to Counselling and Clinical Psychology - Field in Clinical Psychology (UTSC) at UOFT?,0,83,137,train,hard
Could you tell me can you explain the structure of counselling clinical psychology utsc at uoft?,can you explain the structure of Counselling & Clinical Psychology at UTSC at UOFT?,1,83,83,dev,positive
Could you tell me can you explain the structure of counselling clinical psychology utsc at uoft?,what subjects will I study in Educational Leadership and Policy at UOFT?,0,83,122,dev,random
Could you tell me can you explain the structure of counselling clinical psychology utsc at uoft?,can you explain the structure of School and Clinical Child Psychology at UOFT?,0,83,19,dev,hard
Help needed: what jobs can i bring canadian law in a global context at uoft?,what jobs can I get after Canadian Law in a Global Context at UOFT?,1,84,84,train,positive
Help needed: what jobs can i bring canadian law in a global context at uoft?,What if I can't get an official transcript?,0,84,254,train,random
Help needed: what jobs can i bring canadian law in a global context at uoft?,what subjects will I study in Canadian Law in a Global Context at UOFT?,0,84,55,train,hard
Help needed: what jobs can make after canadian law in a global context at uoft?,what jobs can I get after Canadian Law in a Global Context at UOFT?,1,84,84,train,positive
Help needed: what jobs can make after canadian law in a global context at uoft?,Is it necessary that my practicum complies with my declared field of study?,0,84,483,train,random
Help needed: what jobs can make after canadian law in a global context at uoft?,what subjects will I study in Canadian Law in a Global Context at UOFT?,0,84,55,train,hard
Help needed: what jobs can i bring canadian law a global context at uoft?,what jobs can I get after Canadian Law in a Global Context at UOFT?,1,84,84,dev,positive
Help needed: what jobs can i bring canadian law a global context at uoft?,I'm not feeling well. Can I see a doctor or mental health professional on campus?,0,84,475,dev,random
Help needed: what jobs can i bring canadian law a global context at uoft?,what subjects will I study in Canadian Law in a Global Context at UOFT?,0,84,55,dev,hard
Help needed: what can do with a degree in physical therapy uoft?,what can I do with a degree in Physical Therapy from UOFT?,1,85,85,train,positive
Help needed: what can do with a degree in physical therapy uoft?,Which method is the fastest?,0,85,289,train,random
Help needed: what can do with a degree in physical therapy uoft?,what are the admission requirements for Physical Therapy at UOFT?,0,85,206,train,hard
what can i do degree physical therapy from uoft?,what can I do with a degree in Physical Therapy from UOFT?,1,85,85,train,positive
what can i do degree physical therapy from uoft?,Why didn't I receive a notification through the app?,0,85,297,train,random
what can i do degree physical therapy from uoft?,what are the admission requirements for Physical Therapy at UOFT?,0,85,206,train,hard
what can do with a degree in physical therapy uoft? Any idea?,what can I do with a degree in Physical Therapy from UOFT?,1,85,85,dev,positive
what can do with a degree in physical therapy uoft? Any idea?,Can I receive an admission decision before sending in my English language test results? I have all required prerequisites.,0,85,361,dev,random
what can do with a degree in physical therapy uoft? Any idea?,what are the admission requirements for Physical Therapy at UOFT?,0,85,206,dev,hard
what topic will i report public policy uoft?,what subjects will I study in Public Policy at UOFT?,1,86,86,train,positive
what topic will i report public policy uoft?,Where do I submit my Vulnerable Sector Check clearance letter?,0,86,486,train,random
what topic will i report public policy uoft?,what can I do with a degree in Public Policy from UOFT?,0,86,211,train,hard
what topic will i report in public policy at uoft?,what subjects will I study in Public Policy at UOFT?,1,86,86,train,positive
what topic will i report in public policy at uoft?,Who do I contact if I have questions about the smoke-free policy?,0,86,317,train,random
what topic will i report in public policy at uoft?,what can I do with a degree in Public Policy from UOFT?,0,86,211,train,hard
Help needed: what topic will i survey in public policy at uoft?,what subjects will I study in Public Policy at UOFT?,1,86,86,dev,positive
Help needed: what topic will i survey in public policy at uoft?,I am interested in applying to a program at the University of Toronto Mississauga. If I apply to this program on OUAC will I be considered for this program at all three campuses?,0,86,334,dev,random
Help needed: what topic will i survey in public policy at uoft?,what can I do with a degree in Public Policy from UOFT?,0,86,211,dev,hard
what are admission demand counselling psychology uoft? Thanks.,what are the admission requirements for Counselling Psychology at UOFT?,1,87,87,train,positive
what are admission demand counselling psychology uoft? Thanks.,can you explain the structure of Medical Science at UOFT?,0,87,51,train,random
what are admission demand counselling psychology uoft? Thanks.,what subjects will I study in Counselling Psychology at UOFT?,0,87,184,train,hard
Help needed: what are the admission prerequisite for counselling psychology at uoft?,what are the admission requirements for Counselling Psychology at UOFT?,1,87,87,train,positive
Help needed: what are the admission prerequisite for counselling psychology at uoft?,Will I be able to live in the same room after Jump Start?,0,87,328,train,random
Help needed: what are the admission prerequisite for counselling psychology at uoft?,what subjects will I study in Counselling Psychology at UOFT?,0,87,184,train,hard
Could you tell me what are the admission demand counselling psychology at uoft?,what are the admission requirements for Counselling Psychology at UOFT?,1,87,87,dev,positive
Could you tell me what are the admission demand counselling psychology at uoft?,Does this policy apply to all three campuses?,0,87,306,dev,random
Could you tell me what are the admission demand counselling psychology at uoft?,what subjects will I study in Counselling Psychology at UOFT?,0,87,184,dev,hard
Could you tell me what can i with a degree in art history uoft?,what can I do with a degree in Art History from UOFT?,1,88,88,train,positive
Could you tell me what can i with a degree in art history uoft?,Who do I talk to if I have questions or need help with my legal status and/or study/work/co-op permit(s)?,0,88,462,train,random
Could you tell me what can i with a degree in art history uoft?,what can I do with a degree in History from UOFT?,0,88,179,train,hard
what can i do with degree in art history from uoft?,what can I do with a degree in Art History from UOFT?,1,88,88,train,positive
what can i do with degree in art history from uoft?,Can I receive an admission decision before sending in my English language test results? I have all required prerequisites.,0,88,361,train,random
what can i do with degree in art history from uoft?,what can I do with a degree in History from UOFT?,0,88,179,train,hard
what can i with degree in art history from uoft? Any idea?,what can I do with a degree in Art History from UOFT?,1,88,88,dev,positive
what can i with degree in art history from uoft? Any idea?,what subjects will I study in Curriculum and Pedagogy at UOFT?,0,88,22,dev,random
what can i with degree in art history from uoft? Any idea?,what can I do with a degree in History from UOFT?,0,88,179,dev,hard
"Hi, what can i do with a degree financial economics uoft?",what can I do with a degree in Financial Economics from UOFT?,1,89,89,train,positive
"Hi, what can i do with a degree financial economics uoft?","My interim transcript will not be available until December/January/February, will this impact my admission because the document deadline for early consideration is in December?",0,89,349,train,random
"Hi, what can i do with a degree financial economics uoft?",can you explain the structure of Financial Economics at UOFT?,0,89,59,train,hard
"Hi, what can i do with a degree in financial economics from uoft?",what can I do with a degree in Financial Economics from UOFT?,1,89,89,train,positive
"Hi, what can i do with a degree in financial economics from uoft?",How do I know if I'm already in the UTAlert system?,0,89,286,train,random
"Hi, what can i do with a degree in financial economics from uoft?",can you explain the structure of Financial Economics at UOFT?,0,89,59,train,hard
Help needed: what i do a degree in financial economics from uoft?,what can I do with a degree in Financial Economics from UOFT?,1,89,89,dev,positive
Help needed: what i do a degree in financial economics from uoft?,What are the Terms & Conditions of my offer of admission to the University of Toronto Mississauga?,0,89,354,dev,random
Help needed: what i do a degree in financial economics from uoft?,can you explain the structure of Financial Economics at UOFT?,0,89,59,dev,hard
Quick question: what can with a degree health administration uoft?,what can I do with a degree in Health Administration from UOFT?,1,90,90,train,positive
Quick question: what can with a degree health administration uoft?,what kind of research is done in Teaching at UOFT?,0,90,112,train,random
Quick question: what can with a degree health administration uoft?,what can I do with a degree in Health Informatics from UOFT?,0,90,165,train,hard
what i do with a degree health administration from uoft? Thanks.,what can I do with a degree in Health Administration from UOFT?,1,90,90,train,positive
what i do with a degree health administration from uoft? Thanks.,can you explain the structure of Social Justice Education at UOFT?,0,90,106,train,random
what i do with a degree health administration from uoft? Thanks.,what can I do with a degree in Health Informatics from UOFT?,0,90,165,train,hard
what can i do with degree in health administration from uoft? Thanks.,what can I do with a degree in Health Administration from UOFT?,1,90,90,dev,positive
what can i do with degree in health administration from uoft? Thanks.,I was refused admission - can I appeal?,0,90,270,dev,random
what can i do with degree in health administration from uoft? Thanks.,what can I do with a degree in Health Informatics from UOFT?,0,90,165,dev,hard
Quick question: can you explain the structure museum studies uoft?,can you explain the structure of Museum Studies at UOFT?,1,91,91,train,positive
Quick question: can you explain the structure museum studies uoft?,what kind of research is done in Electrical and Computer Engineering at UOFT?,0,91,67,train,random
Quick question: can you explain the structure museum studies uoft?,what can I do with a degree in Museum Studies from UOFT?,0,91,202,train,hard
"Hi, can you explain the structure museum studies at uoft?",can you explain the structure of Museum Studies at UOFT?,1,91,91,train,positive
"Hi, can you explain the structure museum studies at uoft?",what jobs can I get after Canadian Law in a Global Context at UOFT?,0,91,84,train,random
"Hi, can you explain the structure museum studies at uoft?",what can I do with a degree in Museum Studies from UOFT?,0,91,202,train,hard
"Hi, can you explain the structure of museum studies at uoft?",can you explain the structure of Museum Studies at UOFT?,1,91,91,dev,positive
"Hi, can you explain the structure of museum studies at uoft?",I changed my mind and do not want to go to graduate school anymore; can I get a refund of the application fee?,0,91,419,dev,random
"Hi, can you explain the structure of museum studies at uoft?",what can I do with a degree in Museum Studies from UOFT?,0,91,202,dev,hard
"Hi, what are vocation prognosis for school and clinical child psychology graduates uoft?",what are the career prospects for School and Clinical Child Psychology graduates from UOFT?,1,92,92,train,positive
"Hi, what are vocation prognosis for school and clinical child psychology graduates uoft?",Can I receive UTAlert notifications from all three campuses?,0,92,290,train,random
"Hi, what are vocation prognosis for school and clinical child psychology graduates uoft?",can you explain the structure of School and Clinical Child Psychology at UOFT?,0,92,19,train,hard
Help needed: what are the vocation prognosis for school and clinical child psychology graduates from uoft?,what are the career prospects for School and Clinical Child Psychology graduates from UOFT?,1,92,92,train,positive
Help needed: what are the vocation prognosis for school and clinical child psychology graduates from uoft?,Am I able to defer my offer of admission?,0,92,355,train,random
Help needed: what are the vocation prognosis for school and clinical child psychology graduates from uoft?,can you explain the structure of School and Clinical Child Psychology at UOFT?,0,92,19,train,hard
Help needed: what vocation prognosis for school clinical child psychology graduates from uoft?,what are the career prospects for School and Clinical Child Psychology graduates from UOFT?,1,92,92,dev,positive
Help needed: what vocation prognosis for school clinical child psychology graduates from uoft?,can you explain the structure of Social Justice Education at UOFT?,0,92,106,dev,random
Help needed: what vocation prognosis for school clinical child psychology graduates from uoft?,can you explain the structure of School and Clinical Child Psychology at UOFT?,0,92,19,dev,hard
"Hi, what are the vocation prognosis for speech language pathology practitioner graduates uoft?",what are the career prospects for Speech-Language Pathology (Practitioner) graduates from UOFT?,1,93,93,train,positive
"Hi, what are the vocation prognosis for speech language pathology practitioner graduates uoft?",what can I do with a degree in Forest Conservation from UOFT?,0,93,208,train,random
"Hi, what are the vocation prognosis for speech language pathology practitioner graduates uoft?",what are the career prospects for Biotechnology graduates from UOFT?,0,93,50,train,hard
what vocation prognosis for speech language pathology practitioner graduates from uoft?,what are the career prospects for Speech-Language Pathology (Practitioner) graduates from UOFT?,1,93,93,train,positive
what vocation prognosis for speech language pathology practitioner graduates from uoft?,can you explain the structure of Biotechnology at UOFT?,0,93,73,train,random
what vocation prognosis for speech language pathology practitioner graduates from uoft?,what are the career prospects for Biotechnology graduates from UOFT?,0,93,50,train,hard
Could you tell me what vocation prognosis for speech language pathology practitioner graduates from uoft?,what are the career prospects for Speech-Language Pathology (Practitioner) graduates from UOFT?,1,93,93,dev,positive
Could you tell me what vocation prognosis for speech language pathology practitioner graduates from uoft?,Where do I submit my Vulnerable Sector Check clearance letter?,0,93,486,dev,random
Could you tell me what vocation prognosis for speech language pathology practitioner graduates from uoft?,what are the career prospects for Biotechnology graduates from UOFT?,0,93,50,dev,hard
what are the vocation prognosis social work graduates from uoft?,what are the career prospects for Social Work graduates from UOFT?,1,94,94,train,positive
what are the vocation prognosis social work graduates from uoft?,can you explain the structure of Spanish at UOFT?,0,94,9,train,random
what are the vocation prognosis social work graduates from uoft?,what subjects will I study in Social Work at UOFT?,0,94,125,train,hard
what are the vocation prognosis for social work graduates from uoft?,what are the career prospects for Social Work graduates from UOFT?,1,94,94,train,positive
what are the vocation prognosis for social work graduates from uoft?,When will I hear a decision on my application?,0,94,442,train,random
what are the vocation prognosis for social work graduates from uoft?,what subjects will I study in Social Work at UOFT?,0,94,125,train,hard
Quick question: what are the vocation prognosis social work graduates from uoft?,what are the career prospects for Social Work graduates from UOFT?,1,94,94,dev,positive
Quick question: what are the vocation prognosis social work graduates from uoft?,what kind of research is done in History at UOFT?,0,94,175,dev,random
Quick question: what are the vocation prognosis social work graduates from uoft?,what subjects will I study in Social Work at UOFT?,0,94,125,dev,hard
Help needed: how can i implement to postdoctoral studies in school architecture at mcgill?,how can I apply to Postdoctoral Studies in the School of Architecture at MCGILL?,1,95,95,train,positive
Help needed: how can i implement to postdoctoral studies in school architecture at mcgill?,It says that uploading my transcript is unofficial so should I still upload my transcript?,0,95,346,train,random
Help needed: how can i implement to postdoctoral studies in school architecture at mcgill?,what research opportunities exist in Postdoctoral Studies in the School of Architecture at MCGILL?,0,95,192,train,hard
how implement to postdoctoral studies the school of architecture mcgill?,how can I apply to Postdoctoral Studies in the School of Architecture at MCGILL?,1,95,95,train,positive
how implement to postdoctoral studies the school of architecture mcgill?,what subjects will I study in Capstone at UOFT?,0,95,182,train,random
how implement to postdoctoral studies the school of architecture mcgill?,what makes the Postdoctoral Studies in the School of Architecture program at MCGILL unique?,0,95,190,train,hard
Quick question: how can implement postdoctoral studies in the school of architecture mcgill?,how can I apply to Postdoctoral Studies in the School of Architecture at MCGILL?,1,95,95,dev,positive
Quick question: how can implement postdoctoral studies in the school of architecture mcgill?,I'm not feeling well. Can I see a doctor or mental health professional on campus?,0,95,475,dev,random
Quick question: how can implement postdoctoral studies in the school of architecture mcgill?,what research opportunities exist in Postdoctoral Studies in the School of Architecture at MCGILL?,0,95,192,dev,hard
can explain the structure global affairs at uoft?,can you explain the structure of Global Affairs at UOFT?,1,96,96,train,positive
can explain the structure global affairs at uoft?,can you explain the structure of Civil Engineering Undergraduate Program at UOFT?,0,96,193,train,random
can explain the structure global affairs at uoft?,what can I do with a degree in Global Affairs from UOFT?,0,96,210,train,hard
can you explain the structure of global affairs uoft?,can you explain the structure of Global Affairs at UOFT?,1,96,96,train,positive
can you explain the structure of global affairs uoft?,what kind of research is done in Master of Science in Forestry at UOFT?,0,96,121,train,random
can you explain the structure of global affairs uoft?,can you explain the structure of Global Professional Law at UOFT?,0,96,6,train,hard
can explain structure of global affairs uoft? Any idea?,can you explain the structure of Global Affairs at UOFT?,1,96,96,dev,positive
can explain structure of global affairs uoft? Any idea?,When should I register for courses at U of T Mississauga?,0,96,394,dev,random
can explain structure of global affairs uoft? Any idea?,what can I do with a degree in Global Affairs from UOFT?,0,96,210,dev,hard
what subjects will i study in germanic literature culture and theory at uoft? Any idea?,"what subjects will I study in Germanic Literature, Culture and Theory at UOFT?",1,97,97,train,positive
what subjects will i study in germanic literature culture and theory at uoft? Any idea?,What is a Generic credit?,0,97,390,train,random
what subjects will i study in germanic literature culture and theory at uoft? Any idea?,"what kind of research is done in Germanic Literature, Culture and Theory at UOFT?",0,97,47,train,hard
Quick question: what subjects i study in germanic literature culture and theory at uoft?,"what subjects will I study in Germanic Literature, Culture and Theory at UOFT?",1,97,97,train,positive
Quick question: what subjects i study in germanic literature culture and theory at uoft?,Is there a deadline to submit my transfer credit application and documentation?,0,97,384,train,random
Quick question: what subjects i study in germanic literature culture and theory at uoft?,"what kind of research is done in Germanic Literature, Culture and Theory at UOFT?",0,97,47,train,hard
what subjects i study germanic literature culture and theory uoft? Any idea?,"what subjects will I study in Germanic Literature, Culture and Theory at UOFT?",1,97,97,dev,positive
what subjects i study germanic literature culture and theory uoft? Any idea?,can you explain the structure of Urban Design at UOFT?,0,97,143,dev,random
what subjects i study germanic literature culture and theory uoft? Any idea?,"can you explain the structure of Germanic Literature, Culture and Theory at UOFT?",0,97,7,dev,hard
what can i do with a degree in executive education from uoft? Any idea?,what can I do with a degree in Executive Education from UOFT?,1,98,98,train,positive
what can i do with a degree in executive education from uoft? Any idea?,can you explain the structure of Financial Economics at UOFT?,0,98,59,train,random
what can i do with a degree in executive education from uoft? Any idea?,what can I do with a degree in Child Study and Education from UOFT?,0,98,230,train,hard
Quick question: what can i do a degree executive education from uoft?,what can I do with a degree in Executive Education from UOFT?,1,98,98,train,positive
Quick question: what can i do a degree executive education from uoft?,can you explain the structure of Linguistics at UOFT?,0,98,180,train,random
Quick question: what can i do a degree executive education from uoft?,what can I do with a degree in Child Study and Education from UOFT?,0,98,230,train,hard
what can i a degree in executive education from uoft? Any idea?,what can I do with a degree in Executive Education from UOFT?,1,98,98,dev,positive
what can i a degree in executive education from uoft? Any idea?,can you explain the structure of Master of Science in Forestry at UOFT?,0,98,82,dev,random
what can i a degree in executive education from uoft? Any idea?,can you explain the structure of Executive Education at UOFT?,0,98,105,dev,hard
Help needed: can you explain structure of occupational therapy at uoft?,can you explain the structure of Occupational Therapy at UOFT?,1,99,99,train,positive
Help needed: can you explain structure of occupational therapy at uoft?,what subjects will I study in Anthropology at UOFT?,0,99,61,train,random
Help needed: can you explain structure of occupational therapy at uoft?,what subjects will I study in Occupational Therapy at UOFT?,0,99,146,train,hard
Quick question: can you explain the structure occupational therapy uoft?,can you explain the structure of Occupational Therapy at UOFT?,1,99,99,train,positive
Quick question: can you explain the structure occupational therapy uoft?,Do I have to be a teacher to apply to OISE?,0,99,241,train,random
Quick question: can you explain the structure occupational therapy uoft?,what subjects will I study in Occupational Therapy at UOFT?,0,99,146,train,hard
can explain structure occupational therapy at uoft?,can you explain the structure of Occupational Therapy at UOFT?,1,99,99,dev,positive
can explain structure occupational therapy at uoft?,what are the admission requirements for Master of Architecture (post-professional) at UOFT?,0,99,187,dev,random
can explain structure occupational therapy at uoft?,what subjects will I study in Occupational Therapy at UOFT?,0,99,146,dev,hard
Help needed: can you explain the structure genetic counselling at uoft?,can you explain the structure of Genetic Counselling at UOFT?,1,100,100,train,positive
Help needed: can you explain the structure genetic counselling at uoft?,How does U of T Mississauga assess courses for equivalency?,0,100,382,train,random
Help needed: can you explain the structure genetic counselling at uoft?,can you explain the structure of Counselling & Clinical Psychology at UTSC at UOFT?,0,100,83,train,hard
Could you tell me can explain the structure genetic counselling at uoft?,can you explain the structure of Genetic Counselling at UOFT?,1,100,100,train,positive
Could you tell me can explain the structure genetic counselling at uoft?,"My interim transcript will not be available until December/January/February, will this impact my admission because the document deadline for early consideration is in December?",0,100,349,train,random
Could you tell me can explain the structure genetic counselling at uoft?,can you explain the structure of Counselling & Clinical Psychology at UTSC at UOFT?,0,100,83,train,hard
"Hi, can you explain the structure of genetic counselling at uoft?",can you explain the structure of Genetic Counselling at UOFT?,1,100,100,dev,positive
"Hi, can you explain the structure of genetic counselling at uoft?","What do you mean by an ""appropriate"" degree?",0,100,265,dev,random
"Hi, can you explain the structure of genetic counselling at uoft?",can you explain the structure of Counselling & Clinical Psychology at UTSC at UOFT?,0,100,83,dev,hard
Quick question: what subjects will study in master of applied science masc uoft?,what subjects will I study in Master of Applied Science (MASc) at UOFT?,1,101,101,train,positive
Quick question: what subjects will study in master of applied science masc uoft?,can you explain the structure of Electrical & Computer Engineering Undergraduate Program at UOFT?,0,101,217,train,random
Quick question: what subjects will study in master of applied science masc uoft?,what kind of research is done in Master of Applied Science (MASc) at UOFT?,0,101,221,train,hard
what subjects will i study in master of applied science masc uoft?,what subjects will I study in Master of Applied Science (MASc) at UOFT?,1,101,101,train,positive
what subjects will i study in master of applied science masc uoft?,How should I pay the application fee?,0,101,418,train,random
what subjects will i study in master of applied science masc uoft?,what kind of research is done in Master of Applied Science (MASc) at UOFT?,0,101,221,train,hard
Quick question: what subjects will i study in master of applied science masc at uoft?,what subjects will I study in Master of Applied Science (MASc) at UOFT?,1,101,101,dev,positive
Quick question: what subjects will i study in master of applied science masc at uoft?,what kind of research is done in Art History at UOFT?,0,101,150,dev,random
Quick question: what subjects will i study in master of applied science masc at uoft?,what kind of research is done in Master of Applied Science (MASc) at UOFT?,0,101,221,dev,hard
Could you tell me can you explain structure urban innovation at uoft?,can you explain the structure of Urban Innovation at UOFT?,1,102,102,train,positive
Could you tell me can you explain structure urban innovation at uoft?,what subjects will I study in Electrical and Computer Engineering at UOFT?,0,102,43,train,random
Could you tell me can you explain structure urban innovation at uoft?,can you explain the structure of Urban Design at UOFT?,0,102,143,train,hard
can explain the structure urban innovation at uoft? Any idea?,can you explain the structure of Urban Innovation at UOFT?,1,102,102,train,positive
can explain the structure urban innovation at uoft? Any idea?,Can I make changes to my application after I paid the application fee?,0,102,416,train,random
can explain the structure urban innovation at uoft? Any idea?,can you explain the structure of Urban Design at UOFT?,0,102,143,train,hard
can explain the structure of urban innovation at uoft? Any idea?,can you explain the structure of Urban Innovation at UOFT?,1,102,102,dev,positive
can explain the structure of urban innovation at uoft? Any idea?,"Are staff, faculty and students able to smoke or vape tobacco or cannabis off university property and then go to work/class?",0,102,310,dev,random
can explain the structure of urban innovation at uoft? Any idea?,can you explain the structure of Urban Design at UOFT?,0,102,143,dev,hard
Could you tell me what subjects will i study in european eurasian studies at uoft?,what subjects will I study in European and Eurasian Studies at UOFT?,1,103,103,train,positive
Could you tell me what subjects will i study in european eurasian studies at uoft?,Where can I find help with housing?,0,103,471,train,random
Could you tell me what subjects will i study in european eurasian studies at uoft?,what kind of research is done in European and Eurasian Studies at UOFT?,0,103,107,train,hard
Quick question: what subjects will i study in european and eurasian studies uoft?,what subjects will I study in European and Eurasian Studies at UOFT?,1,103,103,train,positive
Quick question: what subjects will i study in european and eurasian studies uoft?,what subjects will I study in Minors and Certificates at UOFT?,0,103,147,train,random
Quick question: what subjects will i study in european and eurasian studies uoft?,what kind of research is done in European and Eurasian Studies at UOFT?,0,103,107,train,hard
what subjects will study in european and eurasian studies at uoft?,what subjects will I study in European and Eurasian Studies at UOFT?,1,103,103,dev,positive
what subjects will study in european and eurasian studies at uoft?,Where can I go to smoke?,0,103,308,dev,random
what subjects will study in european and eurasian studies at uoft?,what kind of research is done in European and Eurasian Studies at UOFT?,0,103,107,dev,hard
Could you tell me what i do with a degree industrial engineering undergraduate program from uoft?,what can I do with a degree in Industrial Engineering Undergraduate Program from UOFT?,1,104,104,train,positive
Could you tell me what i do with a degree industrial engineering undergraduate program from uoft?,where do Doctor of Education in Counselling Psychology (School Psychology Field) graduates from UOFT typically work?,0,104,37,train,random
Could you tell me what i do with a degree industrial engineering undergraduate program from uoft?,what can I do with a degree in Engineering Science Undergraduate Program from UOFT?,0,104,169,train,hard
Quick question: what can i do with degree in industrial engineering undergraduate program uoft?,what can I do with a degree in Industrial Engineering Undergraduate Program from UOFT?,1,104,104,train,positive
Quick question: what can i do with degree in industrial engineering undergraduate program uoft?,can you explain the structure of Global Professional Law at UOFT?,0,104,6,train,random
Quick question: what can i do with degree in industrial engineering undergraduate program uoft?,what can I do with a degree in Engineering Science Undergraduate Program from UOFT?,0,104,169,train,hard
Help needed: what can do a degree in industrial engineering undergraduate program uoft?,what can I do with a degree in Industrial Engineering Undergraduate Program from UOFT?,1,104,104,dev,positive
Help needed: what can do a degree in industrial engineering undergraduate program uoft?,My academic records are in a language other than English. Shall I also submit English translations of my documents?,0,104,427,dev,random
Help needed: what can do a degree in industrial engineering undergraduate program uoft?,what subjects will I study in Industrial Engineering Undergraduate Program at UOFT?,0,104,200,dev,hard
Help needed: can you explain the structure of executive education at uoft?,can you explain the structure of Executive Education at UOFT?,1,105,105,train,positive
Help needed: can you explain the structure of executive education at uoft?,what subjects will I study in Industrial Engineering Undergraduate Program at UOFT?,0,105,200,train,random
Help needed: can you explain the structure of executive education at uoft?,can you explain the structure of Higher Education at UOFT?,0,105,46,train,hard
can you explain the structure of executive education at uoft? Thanks.,can you explain the structure of Executive Education at UOFT?,1,105,105,train,positive
can you explain the structure of executive education at uoft? Thanks.,"what can I do with a degree in Innovation, Law and Technology from UOFT?",0,105,130,train,random
can you explain the structure of executive education at uoft? Thanks.,can you explain the structure of Higher Education at UOFT?,0,105,46,train,hard
Quick question: can explain the structure of executive education at uoft?,can you explain the structure of Executive Education at UOFT?,1,105,105,dev,positive
Quick question: can explain the structure of executive education at uoft?,can you explain the structure of Financial Economics at UOFT?,0,105,59,dev,random
Quick question: can explain the structure of executive education at uoft?,can you explain the structure of Higher Education at UOFT?,0,105,46,dev,hard
Could you tell me can you explain the structure social justice education at uoft?,can you explain the structure of Social Justice Education at UOFT?,1,106,106,train,positive
Could you tell me can you explain the structure social justice education at uoft?,My transcript does not include course title or grades. What should I do?,0,106,423,train,random
Could you tell me can you explain the structure social justice education at uoft?,what subjects will I study in Social Justice Education at UOFT?,0,106,81,train,hard
can you explain the structure of social justice education at uoft? Any idea?,can you explain the structure of Social Justice Education at UOFT?,1,106,106,train,positive
can you explain the structure of social justice education at uoft? Any idea?,"If I am not eligible for my program choice at U of T Mississauga, will I be considered for an alternate offer?",0,106,339,train,random
can you explain the structure of social justice education at uoft? Any idea?,what subjects will I study in Social Justice Education at UOFT?,0,106,81,train,hard
can you explain structure of social justice education at uoft? Thanks.,can you explain the structure of Social Justice Education at UOFT?,1,106,106,dev,positive
can you explain structure of social justice education at uoft? Thanks.,What program of study should I apply to?,0,106,240,dev,random
can you explain structure of social justice education at uoft? Thanks.,what subjects will I study in Social Justice Education at UOFT?,0,106,81,dev,hard
Quick question: what sort research is come in european and eurasian studies at uoft?,what kind of research is done in European and Eurasian Studies at UOFT?,1,107,107,train,positive
Quick question: what sort research is come in european and eurasian studies at uoft?,what can I do with a degree in Mineral Engineering Undergraduate Program from UOFT?,0,107,205,train,random
Quick question: what sort research is come in european and eurasian studies at uoft?,what subjects will I study in European and Eurasian Studies at UOFT?,0,107,103,train,hard
Help needed: what sort research is come in european and eurasian studies uoft?,what kind of research is done in European and Eurasian Studies at UOFT?,1,107,107,train,positive
Help needed: what sort research is come in european and eurasian studies uoft?,what can I do with a degree in Art History from UOFT?,0,107,88,train,random
Help needed: what sort research is come in european and eurasian studies uoft?,what subjects will I study in European and Eurasian Studies at UOFT?,0,107,103,train,hard
Could you tell me what sort of research is come in european and eurasian studies uoft?,what kind of research is done in European and Eurasian Studies at UOFT?,1,107,107,dev,positive
Could you tell me what sort of research is come in european and eurasian studies uoft?,"what are the admission requirements for PhD in Architecture, Landscape, and Design at UOFT?",0,107,196,dev,random
Could you tell me what sort of research is come in european and eurasian studies uoft?,what subjects will I study in European and Eurasian Studies at UOFT?,0,107,103,dev,hard
"Hi, describe the health administration program at uoft?",describe the Health Administration curriculum at UOFT.,1,108,108,train,positive
"Hi, describe the health administration program at uoft?",what courses are offered in Doctor of Education in Counselling Psychology (Counselling & Psychotherapy Field) at UOFT?,0,108,34,train,random
"Hi, describe the health administration program at uoft?",can you explain the structure of Health Administration at UOFT?,0,108,30,train,hard
describe the health administration program at uoft? Thanks.,describe the Health Administration curriculum at UOFT.,1,108,108,train,positive
describe the health administration program at uoft? Thanks.,what kind of research is done in Child Study and Education at UOFT?,0,108,52,train,random
describe the health administration program at uoft? Thanks.,can you explain the structure of Health Administration at UOFT?,0,108,30,train,hard
describe the health administration program at uoft? Any idea?,describe the Health Administration curriculum at UOFT.,1,108,108,dev,positive
describe the health administration program at uoft? Any idea?,Where can I find help with housing?,0,108,471,dev,random
describe the health administration program at uoft? Any idea?,can you explain the structure of Health Administration at UOFT?,0,108,30,dev,hard
Help needed: what makes the master business administration extended full time mba curriculum at uoft singular?,what makes the Master of Business Administration (Extended Full-Time MBA) program at UOFT unique?,1,109,109,train,positive
Help needed: what makes the master business administration extended full time mba curriculum at uoft singular?,how can I apply to Counselling and Clinical Psychology - Field in Clinical Psychology (UTSC) at UOFT?,0,109,137,train,random
Help needed: what makes the master business administration extended full time mba curriculum at uoft singular?,what courses are offered in Master of Business Administration (Extended Full-Time MBA) at UOFT?,0,109,135,train,hard
Could you tell me what makes the master business administration extended full time mba curriculum at uoft unparalleled?,what makes the Master of Business Administration (Extended Full-Time MBA) program at UOFT unique?,1,109,109,train,positive
Could you tell me what makes the master business administration extended full time mba curriculum at uoft unparalleled?,Can transfer students participate in the Jump Start program?,0,109,322,train,random
Could you tell me what makes the master business administration extended full time mba curriculum at uoft unparalleled?,what courses are offered in Master of Business Administration (Extended Full-Time MBA) at UOFT?,0,109,135,train,hard
what makes the master business administration extended full time mba curriculum at uoft singular? Any idea?,what makes the Master of Business Administration (Extended Full-Time MBA) program at UOFT unique?,1,109,109,dev,positive
what makes the master business administration extended full time mba curriculum at uoft singular? Any idea?,what kind of research is done in Applied Computing at UOFT?,0,109,171,dev,random
what makes the master business administration extended full time mba curriculum at uoft singular? Any idea?,what courses are offered in Master of Business Administration (Extended Full-Time MBA) at UOFT?,0,109,135,dev,hard
Quick question: what sort of research is come in english uoft?,what kind of research is done in English at UOFT?,1,110,110,train,positive
Quick question: what sort of research is come in english uoft?,what are the career prospects for Biotechnology graduates from UOFT?,0,110,50,train,random
Quick question: what sort of research is come in english uoft?,what subjects will I study in English at UOFT?,0,110,233,train,hard
Could you tell me what sort of research is come in english uoft?,what kind of research is done in English at UOFT?,1,110,110,train,positive
Could you tell me what sort of research is come in english uoft?,what are the career prospects for Doctor of Education in Counselling Psychology (Counselling & Psychotherapy Field) graduates from UOFT?,0,110,12,train,random
Could you tell me what sort of research is come in english uoft?,can you explain the structure of English at UOFT?,0,110,65,train,hard
"Hi, what sort of research is come in english at uoft?",what kind of research is done in English at UOFT?,1,110,110,dev,positive
"Hi, what sort of research is come in english at uoft?",Are there any financial support options for me?,0,110,323,dev,random
"Hi, what sort of research is come in english at uoft?",what subjects will I study in English at UOFT?,0,110,233,dev,hard
can you explain structure of music at uoft?,can you explain the structure of Music at UOFT?,1,111,111,train,positive
can you explain structure of music at uoft?,what kind of research is done in Dentistry (with Specialty Training) at UOFT?,0,111,183,train,random
can you explain structure of music at uoft?,can you explain the structure of English at UOFT?,0,111,65,train,hard
can you explain the structure music uoft?,can you explain the structure of Music at UOFT?,1,111,111,train,positive
can you explain the structure music uoft?,My previous program is ungraded - what should I do?,0,111,266,train,random
can you explain the structure music uoft?,can you explain the structure of English at UOFT?,0,111,65,train,hard
can you explain the structure of music at uoft? Thanks.,can you explain the structure of Music at UOFT?,1,111,111,dev,positive
can you explain the structure of music at uoft? Thanks.,"I have submitted my application but want to make a change, how do I do that?",0,111,343,dev,random
can you explain the structure of music at uoft? Thanks.,can you explain the structure of English at UOFT?,0,111,65,dev,hard
what sort research done in teaching at uoft? Thanks.,what kind of research is done in Teaching at UOFT?,1,112,112,train,positive
what sort research done in teaching at uoft? Thanks.,Where do I find information about the practicum courses - SWK4701H Practicum 1 and SWK4702Y Practicum 2?,0,112,480,train,random
what sort research done in teaching at uoft? Thanks.,can you explain the structure of Teaching at UOFT?,0,112,5,train,hard
Quick question: what sort of research is done in teaching at uoft?,what kind of research is done in Teaching at UOFT?,1,112,112,train,positive
Quick question: what sort of research is done in teaching at uoft?,The contact information of my referee has changed. As I have already submitted the online application how can I edit the referee's contact information?,0,112,434,train,random
Quick question: what sort of research is done in teaching at uoft?,what kind of research is done in English at UOFT?,0,112,110,train,hard
what sort of research is done in teaching uoft? Any idea?,what kind of research is done in Teaching at UOFT?,1,112,112,dev,positive
what sort of research is done in teaching uoft? Any idea?,what can I do with a degree in Global Professional Law from UOFT?,0,112,63,dev,random
what sort of research is done in teaching uoft? Any idea?,what kind of research is done in English at UOFT?,0,112,110,dev,hard
Quick question: where master of business administration extended full time mba alumnus uoft typically work?,where do Master of Business Administration (Extended Full-Time MBA) graduates from UOFT typically work?,1,113,113,train,positive
Quick question: where master of business administration extended full time mba alumnus uoft typically work?,How do I know if I require a TOEFL score?,0,113,262,train,random
Quick question: where master of business administration extended full time mba alumnus uoft typically work?,what courses are offered in Master of Business Administration (Extended Full-Time MBA) at UOFT?,0,113,135,train,hard
Could you tell me where master of business administration extended full time mba alumnus uoft typically work?,where do Master of Business Administration (Extended Full-Time MBA) graduates from UOFT typically work?,1,113,113,train,positive
Could you tell me where master of business administration extended full time mba alumnus uoft typically work?,What is an appropriate bachelor's degree?,0,113,403,train,random
Could you tell me where master of business administration extended full time mba alumnus uoft typically work?,what courses are offered in Master of Business Administration (Extended Full-Time MBA) at UOFT?,0,113,135,train,hard
where do master of business administration extended full time mba alumnus from uoft typically work? Thanks.,where do Master of Business Administration (Extended Full-Time MBA) graduates from UOFT typically work?,1,113,113,dev,positive
where do master of business administration extended full time mba alumnus from uoft typically work? Thanks.,What is an appropriate bachelor's degree?,0,113,403,dev,random
where do master of business administration extended full time mba alumnus from uoft typically work? Thanks.,what courses are offered in Master of Business Administration (Extended Full-Time MBA) at UOFT?,0,113,135,dev,hard
Quick question: what sort of research is come in anthropology uoft?,what kind of research is done in Anthropology at UOFT?,1,114,114,train,positive
Quick question: what sort of research is come in anthropology uoft?,"I have submitted my application but want to make a change, how do I do that?",0,114,343,train,random
Quick question: what sort of research is come in anthropology uoft?,what subjects will I study in Anthropology at UOFT?,0,114,61,train,hard
Quick question: what sort of research come in anthropology at uoft?,what kind of research is done in Anthropology at UOFT?,1,114,114,train,positive
Quick question: what sort of research come in anthropology at uoft?,My transcripts are in French. Shall I submit English translations?,0,114,428,train,random
Quick question: what sort of research come in anthropology at uoft?,what subjects will I study in Anthropology at UOFT?,0,114,61,train,hard
what sort of research is come in anthropology at uoft? Any idea?,what kind of research is done in Anthropology at UOFT?,1,114,114,dev,positive
what sort of research is come in anthropology at uoft? Any idea?,Can I appeal a transfer credit decision?,0,114,383,dev,random
what sort of research is come in anthropology at uoft? Any idea?,what subjects will I study in Anthropology at UOFT?,0,114,61,dev,hard
Could you tell me what topic will study in buddy program at mcgill?,what subjects will I study in Buddy Program at MCGILL?,1,115,115,train,positive
Could you tell me what topic will study in buddy program at mcgill?,what are the admission requirements for Master of Applied Science (MASc) at UOFT?,0,115,25,train,random
Could you tell me what topic will study in buddy program at mcgill?,can you explain the structure of Buddy Program at MCGILL?,0,115,124,train,hard
what topic will i study in buddy program at mcgill?,what subjects will I study in Buddy Program at MCGILL?,1,115,115,train,positive
what topic will i study in buddy program at mcgill?,what are the career prospects for School and Clinical Child Psychology graduates from UOFT?,0,115,92,train,random
what topic will i study in buddy program at mcgill?,can you explain the structure of Buddy Program at MCGILL?,0,115,124,train,hard
Could you tell me what topic i study buddy program at mcgill?,what subjects will I study in Buddy Program at MCGILL?,1,115,115,dev,positive
Could you tell me what topic i study buddy program at mcgill?,I just sent my new English proficiency test score. How long does it take for the university to get it?,0,115,359,dev,random
Could you tell me what topic i study buddy program at mcgill?,can you explain the structure of Buddy Program at MCGILL?,0,115,124,dev,hard
"Hi, can you explain the structure of physics uoft?",can you explain the structure of Physics at UOFT?,1,116,116,train,positive
"Hi, can you explain the structure of physics uoft?",Can I clap or cheer during the convocation ceremony?,0,116,280,train,random
"Hi, can you explain the structure of physics uoft?",can you explain the structure of English at UOFT?,0,116,65,train,hard
"Hi, can you explain the structure of physics at uoft?",can you explain the structure of Physics at UOFT?,1,116,116,train,positive
"Hi, can you explain the structure of physics at uoft?","Why did I receive an email or app alert, but not a text message?",0,116,298,train,random
"Hi, can you explain the structure of physics at uoft?",can you explain the structure of English at UOFT?,0,116,65,train,hard
can you explain the structure of physics at uoft? Thanks.,can you explain the structure of Physics at UOFT?,1,116,116,dev,positive
can you explain the structure of physics at uoft? Thanks.,Where do I send my application supporting documents?,0,116,436,dev,random
can you explain the structure of physics at uoft? Thanks.,can you explain the structure of English at UOFT?,0,116,65,dev,hard
what can i with degree in management and professional accounting uoft?,what can I do with a degree in Management and Professional Accounting from UOFT?,1,117,117,train,positive
what can i with degree in management and professional accounting uoft?,When should I apply?,0,117,408,train,random
what can i with degree in management and professional accounting uoft?,what can I do with a degree in Global Professional Law from UOFT?,0,117,63,train,hard
Help needed: what can i do degree in management and professional accounting from uoft?,what can I do with a degree in Management and Professional Accounting from UOFT?,1,117,117,train,positive
Help needed: what can i do degree in management and professional accounting from uoft?,can you explain the structure of Teaching at UOFT?,0,117,5,train,random
Help needed: what can i do degree in management and professional accounting from uoft?,what can I do with a degree in Global Professional Law from UOFT?,0,117,63,train,hard
Quick question: what can with a degree management and professional accounting from uoft?,what can I do with a degree in Management and Professional Accounting from UOFT?,1,117,117,dev,positive
Quick question: what can with a degree management and professional accounting from uoft?,what kind of research is done in Astronomy and Astrophysics at UOFT?,0,117,199,dev,random
Quick question: what can with a degree management and professional accounting from uoft?,what can I do with a degree in Global Professional Law from UOFT?,0,117,63,dev,hard
what subjects study in language literacies education at uoft? Thanks.,what subjects will I study in Language and Literacies Education at UOFT?,1,118,118,train,positive
what subjects study in language literacies education at uoft? Thanks.,I received a suspicious-looking email from a U of T account. How can I tell if it's legitimate?,0,118,477,train,random
what subjects study in language literacies education at uoft? Thanks.,what subjects will I study in Child Study and Education at UOFT?,0,118,163,train,hard
Help needed: what subjects will i study in language literacies education at uoft?,what subjects will I study in Language and Literacies Education at UOFT?,1,118,118,train,positive
Help needed: what subjects will i study in language literacies education at uoft?,can you explain the structure of Master of Urban Design (post-professional) at UOFT?,0,118,60,train,random
Help needed: what subjects will i study in language literacies education at uoft?,what subjects will I study in Child Study and Education at UOFT?,0,118,163,train,hard
Could you tell me what subjects will i study in language and literacies education at uoft?,what subjects will I study in Language and Literacies Education at UOFT?,1,118,118,dev,positive
Could you tell me what subjects will i study in language and literacies education at uoft?,how can I apply to Kawaskimhon Moot at UOFT?,0,118,231,dev,random
Could you tell me what subjects will i study in language and literacies education at uoft?,what subjects will I study in Child Study and Education at UOFT?,0,118,163,dev,hard
Help needed: what sort of research is come in master landscape architecture at uoft?,what kind of research is done in Master of Landscape Architecture at UOFT?,1,119,119,train,positive
Help needed: what sort of research is come in master landscape architecture at uoft?,When will I know the results of my application?,0,119,267,train,random
Help needed: what sort of research is come in master landscape architecture at uoft?,what are the admission requirements for Master of Landscape Architecture at UOFT?,0,119,173,train,hard
what sort of research is come in master landscape architecture at uoft? Thanks.,what kind of research is done in Master of Landscape Architecture at UOFT?,1,119,119,train,positive
what sort of research is come in master landscape architecture at uoft? Thanks.,What is UTAlert?,0,119,283,train,random
what sort of research is come in master landscape architecture at uoft? Thanks.,what are the admission requirements for Master of Landscape Architecture at UOFT?,0,119,173,train,hard
Quick question: what sort of research is come in master of landscape architecture uoft?,what kind of research is done in Master of Landscape Architecture at UOFT?,1,119,119,dev,positive
Quick question: what sort of research is come in master of landscape architecture uoft?,what can I do with a degree in Mechanical Engineering from UOFT?,0,119,29,dev,random
Quick question: what sort of research is come in master of landscape architecture uoft?,what are the admission requirements for Master of Landscape Architecture at UOFT?,0,119,173,dev,hard
can you explain structure mineral engineering undergraduate program at uoft? Any idea?,can you explain the structure of Mineral Engineering Undergraduate Program at UOFT?,1,120,120,train,positive
can you explain structure mineral engineering undergraduate program at uoft? Any idea?,what are the research strengths of Educational Leadership and Policy at UOFT?,0,120,161,train,random
can you explain structure mineral engineering undergraduate program at uoft? Any idea?,can you explain the structure of Civil Engineering Undergraduate Program at UOFT?,0,120,193,train,hard
can you explain the structure of mineral engineering undergraduate program uoft? Any idea?,can you explain the structure of Mineral Engineering Undergraduate Program at UOFT?,1,120,120,train,positive
can you explain the structure of mineral engineering undergraduate program uoft? Any idea?,what subjects will I study in IHRP: Clinic Course at UOFT?,0,120,166,train,random
can you explain the structure of mineral engineering undergraduate program uoft? Any idea?,can you explain the structure of Civil Engineering Undergraduate Program at UOFT?,0,120,193,train,hard
Help needed: can explain structure of mineral engineering undergraduate program at uoft?,can you explain the structure of Mineral Engineering Undergraduate Program at UOFT?,1,120,120,dev,positive
Help needed: can explain structure of mineral engineering undergraduate program at uoft?,what kind of research is done in Geography at UOFT?,0,120,178,dev,random
Help needed: can explain structure of mineral engineering undergraduate program at uoft?,what can I do with a degree in Mineral Engineering Undergraduate Program from UOFT?,0,120,205,dev,hard
"Hi, what sort of research come in master of science in forestry at uoft?",what kind of research is done in Master of Science in Forestry at UOFT?,1,121,121,train,positive
"Hi, what sort of research come in master of science in forestry at uoft?",what subjects will I study in Biotechnology at UOFT?,0,121,62,train,random
"Hi, what sort of research come in master of science in forestry at uoft?",can you explain the structure of Master of Science in Forestry at UOFT?,0,121,82,train,hard
what sort of research come in master of science forestry at uoft? Any idea?,what kind of research is done in Master of Science in Forestry at UOFT?,1,121,121,train,positive
what sort of research come in master of science forestry at uoft? Any idea?,can you explain the structure of Zheming (Taro) Cai at UOFT?,0,121,226,train,random
what sort of research come in master of science forestry at uoft? Any idea?,can you explain the structure of Master of Science in Forestry at UOFT?,0,121,82,train,hard
Help needed: what sort of research is come in master of science in forestry at uoft?,what kind of research is done in Master of Science in Forestry at UOFT?,1,121,121,dev,positive
Help needed: what sort of research is come in master of science in forestry at uoft?,"what jobs can I get after PhD in Architecture, Landscape, and Design at UOFT?",0,121,53,dev,random
Help needed: what sort of research is come in master of science in forestry at uoft?,can you explain the structure of Master of Science in Forestry at UOFT?,0,121,82,dev,hard
what topic will report in educational leadership and policy at uoft?,what subjects will I study in Educational Leadership and Policy at UOFT?,1,122,122,train,positive
what topic will report in educational leadership and policy at uoft?,can you explain the structure of Teaching at UOFT?,0,122,5,train,random
what topic will report in educational leadership and policy at uoft?,can you explain the structure of Educational Leadership and Policy at UOFT?,0,122,14,train,hard
what topic will i survey in educational leadership and policy at uoft?,what subjects will I study in Educational Leadership and Policy at UOFT?,1,122,122,train,positive
what topic will i survey in educational leadership and policy at uoft?,"what are the career prospects for Bachelor of Arts, Visual Studies graduates from UOFT?",0,122,212,train,random
what topic will i survey in educational leadership and policy at uoft?,can you explain the structure of Educational Leadership and Policy at UOFT?,0,122,14,train,hard
Could you tell me what topic will i report in educational leadership and policy at uoft?,what subjects will I study in Educational Leadership and Policy at UOFT?,1,122,122,dev,positive
Could you tell me what topic will i report in educational leadership and policy at uoft?,Do grade 11 marks count?,0,122,330,dev,random
Could you tell me what topic will i report in educational leadership and policy at uoft?,can you explain the structure of Educational Leadership and Policy at UOFT?,0,122,14,dev,hard
Quick question: what makes the slavic and east european languages and cultures plan at uoft unparalleled?,what makes the Slavic and East European Languages and Cultures program at UOFT unique?,1,123,123,train,positive
Quick question: what makes the slavic and east european languages and cultures plan at uoft unparalleled?,What does smoke-free mean? Does this include cannabis?,0,123,304,train,random
Quick question: what makes the slavic and east european languages and cultures plan at uoft unparalleled?,what courses are offered in Slavic and East European Languages and Cultures at UOFT?,0,123,197,train,hard
what makes slavic and east european languages cultures curriculum at uoft unusual?,what makes the Slavic and East European Languages and Cultures program at UOFT unique?,1,123,123,train,positive
what makes slavic and east european languages cultures curriculum at uoft unusual?,what subjects will I study in Global Professional Law at UOFT?,0,123,11,train,random
what makes slavic and east european languages cultures curriculum at uoft unusual?,what courses are offered in Slavic and East European Languages and Cultures at UOFT?,0,123,197,train,hard
"Hi, what makes the slavic and east european languages and cultures plan at uoft unusual?",what makes the Slavic and East European Languages and Cultures program at UOFT unique?,1,123,123,dev,positive
"Hi, what makes the slavic and east european languages and cultures plan at uoft unusual?",I reviewed your Partner Organizations on the FIFSW website. Why is it that I do not see a particular practicum in this year's options?,0,123,490,dev,random
"Hi, what makes the slavic and east european languages and cultures plan at uoft unusual?",what courses are offered in Slavic and East European Languages and Cultures at UOFT?,0,123,197,dev,hard
"Hi, can you explain the structure buddy program at mcgill?",can you explain the structure of Buddy Program at MCGILL?,1,124,124,train,positive
"Hi, can you explain the structure buddy program at mcgill?",Do I need to submit proof of English proficiency?,0,124,357,train,random
"Hi, can you explain the structure buddy program at mcgill?",what subjects will I study in Buddy Program at MCGILL?,0,124,115,train,hard
Could you tell me can explain the structure of buddy program at mcgill?,can you explain the structure of Buddy Program at MCGILL?,1,124,124,train,positive
Could you tell me can explain the structure of buddy program at mcgill?,My transcripts are in French. Shall I submit English translations?,0,124,428,train,random
Could you tell me can explain the structure of buddy program at mcgill?,what subjects will I study in Buddy Program at MCGILL?,0,124,115,train,hard
Help needed: can you explain the structure of buddy program at mcgill?,can you explain the structure of Buddy Program at MCGILL?,1,124,124,dev,positive
Help needed: can you explain the structure of buddy program at mcgill?,what are the career prospects for Germanic Languages and Literatures graduates from UOFT?,0,124,160,dev,random
Help needed: can you explain the structure of buddy program at mcgill?,what subjects will I study in Buddy Program at MCGILL?,0,124,115,dev,hard
Quick question: what topic will i survey social work at uoft?,what subjects will I study in Social Work at UOFT?,1,125,125,train,positive
Quick question: what topic will i survey social work at uoft?,The contact information of my referee has changed. As I have already submitted the online application how can I edit the referee's contact information?,0,125,434,train,random
Quick question: what topic will i survey social work at uoft?,what are the career prospects for Social Work graduates from UOFT?,0,125,94,train,hard
what topic will i survey social work at uoft?,what subjects will I study in Social Work at UOFT?,1,125,125,train,positive
what topic will i survey social work at uoft?,what subjects will I study in Biotechnology at UOFT?,0,125,62,train,random
what topic will i survey social work at uoft?,what are the career prospects for Social Work graduates from UOFT?,0,125,94,train,hard
what topic will i survey in social work at uoft? Any idea?,what subjects will I study in Social Work at UOFT?,1,125,125,dev,positive
what topic will i survey in social work at uoft? Any idea?,can you explain the structure of Applied Computing at UOFT?,0,125,144,dev,random
what topic will i survey in social work at uoft? Any idea?,what subjects will I study in Social Justice Education at UOFT?,0,125,81,dev,hard
where do counselling and clinical psychology field clinical psychology utsc alumna uoft typically work? Any idea?,where do Counselling and Clinical Psychology - Field in Clinical Psychology (UTSC) graduates from UOFT typically work?,1,126,126,train,positive
where do counselling and clinical psychology field clinical psychology utsc alumna uoft typically work? Any idea?,what jobs can I get after Counselling & Clinical Psychology at UTSC at UOFT?,0,126,131,train,random
where do counselling and clinical psychology field clinical psychology utsc alumna uoft typically work? Any idea?,how can I apply to Counselling and Clinical Psychology - Field in Clinical Psychology (UTSC) at UOFT?,0,126,137,train,hard
Could you tell me where do counselling clinical psychology field in clinical psychology utsc alumna uoft typically work?,where do Counselling and Clinical Psychology - Field in Clinical Psychology (UTSC) graduates from UOFT typically work?,1,126,126,train,positive
Could you tell me where do counselling clinical psychology field in clinical psychology utsc alumna uoft typically work?,My current transcript shows courses in-progress. Should I submit another transcript when new grades become available?,0,126,256,train,random
Could you tell me where do counselling clinical psychology field in clinical psychology utsc alumna uoft typically work?,how can I apply to Counselling and Clinical Psychology - Field in Clinical Psychology (UTSC) at UOFT?,0,126,137,train,hard
"Hi, where do counselling and clinical psychology field in clinical psychology utsc alumna from uoft typically work?",where do Counselling and Clinical Psychology - Field in Clinical Psychology (UTSC) graduates from UOFT typically work?,1,126,126,dev,positive
"Hi, where do counselling and clinical psychology field in clinical psychology utsc alumna from uoft typically work?",can you explain the structure of Comparative Literature at UOFT?,0,126,28,dev,random
"Hi, where do counselling and clinical psychology field in clinical psychology utsc alumna from uoft typically work?",how can I apply to Counselling and Clinical Psychology - Field in Clinical Psychology (UTSC) at UOFT?,0,126,137,dev,hard
"Hi, what sort of research is come in ecology and evolutionary biology at uoft?",what kind of research is done in Ecology and Evolutionary Biology at UOFT?,1,127,127,train,positive
"Hi, what sort of research is come in ecology and evolutionary biology at uoft?","Can I drop a course, or study part-time?",0,127,467,train,random
"Hi, what sort of research is come in ecology and evolutionary biology at uoft?",what subjects will I study in Ecology and Evolutionary Biology at UOFT?,0,127,64,train,hard
Could you tell me what sort research come in ecology evolutionary biology at uoft?,what kind of research is done in Ecology and Evolutionary Biology at UOFT?,1,127,127,train,positive
Could you tell me what sort research come in ecology evolutionary biology at uoft?,what can I do with a degree in Public Policy from UOFT?,0,127,211,train,random
Could you tell me what sort research come in ecology evolutionary biology at uoft?,can you explain the structure of Ecology and Evolutionary Biology at UOFT?,0,127,48,train,hard
"Hi, what sort of research is come ecology and evolutionary biology uoft?",what kind of research is done in Ecology and Evolutionary Biology at UOFT?,1,127,127,dev,positive
"Hi, what sort of research is come ecology and evolutionary biology uoft?","I was required to pay an Admission Deposit, is this refundable?",0,127,376,dev,random
"Hi, what sort of research is come ecology and evolutionary biology uoft?",can you explain the structure of Ecology and Evolutionary Biology at UOFT?,0,127,48,dev,hard
Help needed: what are the vocation prognosis for medical science graduates from uoft?,what are the career prospects for Medical Science graduates from UOFT?,1,128,128,train,positive
Help needed: what are the vocation prognosis for medical science graduates from uoft?,what subjects will I study in Master of Urban Design (post-professional) at UOFT?,0,128,56,train,random
Help needed: what are the vocation prognosis for medical science graduates from uoft?,can you explain the structure of Medical Science at UOFT?,0,128,51,train,hard
Help needed: what are the vocation prognosis for medical science graduates uoft?,what are the career prospects for Medical Science graduates from UOFT?,1,128,128,train,positive
Help needed: what are the vocation prognosis for medical science graduates uoft?,When should I apply?,0,128,408,train,random
Help needed: what are the vocation prognosis for medical science graduates uoft?,can you explain the structure of Medical Science at UOFT?,0,128,51,train,hard
what are vocation prognosis medical science graduates uoft? Thanks.,what are the career prospects for Medical Science graduates from UOFT?,1,128,128,dev,positive
what are vocation prognosis medical science graduates uoft? Thanks.,can you explain the structure of Health Informatics at UOFT?,0,128,17,dev,random
what are vocation prognosis medical science graduates uoft? Thanks.,can you explain the structure of Medical Science at UOFT?,0,128,51,dev,hard
Quick question: what research chance exist in counselling and clinical psychology field in clinical and counselling psychology oise at uoft?,what research opportunities exist in Counselling and Clinical Psychology - Field in Clinical and Counselling Psychology (OISE) at UOFT?,1,129,129,train,positive
Quick question: what research chance exist in counselling and clinical psychology field in clinical and counselling psychology oise at uoft?,what subjects will I study in Global Professional Law at UOFT?,0,129,11,train,random
Quick question: what research chance exist in counselling and clinical psychology field in clinical and counselling psychology oise at uoft?,what makes the Counselling and Clinical Psychology - Field in Clinical and Counselling Psychology (OISE) program at UOFT unique?,0,129,39,train,hard
Help needed: what research chance exist in counselling clinical psychology field clinical counselling psychology oise at uoft?,what research opportunities exist in Counselling and Clinical Psychology - Field in Clinical and Counselling Psychology (OISE) at UOFT?,1,129,129,train,positive
Help needed: what research chance exist in counselling clinical psychology field clinical counselling psychology oise at uoft?,what can I do with a degree in Counselling Psychology from UOFT?,0,129,156,train,random
Help needed: what research chance exist in counselling clinical psychology field clinical counselling psychology oise at uoft?,what makes the Counselling and Clinical Psychology - Field in Clinical and Counselling Psychology (OISE) program at UOFT unique?,0,129,39,train,hard
Could you tell me what research chance exist in counselling and clinical psychology field in clinical counselling psychology oise at uoft?,what research opportunities exist in Counselling and Clinical Psychology - Field in Clinical and Counselling Psychology (OISE) at UOFT?,1,129,129,dev,positive
Could you tell me what research chance exist in counselling and clinical psychology field in clinical counselling psychology oise at uoft?,Do I have health or dental insurance coverage through U of T?,0,129,476,dev,random
Could you tell me what research chance exist in counselling and clinical psychology field in clinical counselling psychology oise at uoft?,what makes the Counselling and Clinical Psychology - Field in Clinical and Counselling Psychology (OISE) program at UOFT unique?,0,129,39,dev,hard
Quick question: what i do a degree in innovation law and technology uoft?,"what can I do with a degree in Innovation, Law and Technology from UOFT?",1,130,130,train,positive
Quick question: what i do a degree in innovation law and technology uoft?,what are the career prospects for Pro Bono Students Canada (PBSC) graduates from UOFT?,0,130,213,train,random
Quick question: what i do a degree in innovation law and technology uoft?,"what kind of research is done in Innovation, Law and Technology at UOFT?",0,130,219,train,hard
"Hi, what can i with a degree in innovation law technology from uoft?","what can I do with a degree in Innovation, Law and Technology from UOFT?",1,130,130,train,positive
"Hi, what can i with a degree in innovation law technology from uoft?",what subjects will I study in Biotechnology at UOFT?,0,130,62,train,random
"Hi, what can i with a degree in innovation law technology from uoft?",what can I do with a degree in Urban Innovation from UOFT?,0,130,140,train,hard
Help needed: what do with degree in innovation law and technology from uoft?,"what can I do with a degree in Innovation, Law and Technology from UOFT?",1,130,130,dev,positive
Help needed: what do with degree in innovation law and technology from uoft?,Where do I find information about the practicum courses - SWK4701H Practicum 1 and SWK4702Y Practicum 2?,0,130,480,dev,random
Help needed: what do with degree in innovation law and technology from uoft?,"what kind of research is done in Innovation, Law and Technology at UOFT?",0,130,219,dev,hard
Quick question: what jobs i find after counselling clinical psychology at utsc at uoft?,what jobs can I get after Counselling & Clinical Psychology at UTSC at UOFT?,1,131,131,train,positive
Quick question: what jobs i find after counselling clinical psychology at utsc at uoft?,A referee I want doesn't have an institution or organization email address - what should I do?,0,131,258,train,random
Quick question: what jobs i find after counselling clinical psychology at utsc at uoft?,can you explain the structure of Counselling & Clinical Psychology at UTSC at UOFT?,0,131,83,train,hard
what jobs can i make after counselling clinical psychology at utsc at uoft?,what jobs can I get after Counselling & Clinical Psychology at UTSC at UOFT?,1,131,131,train,positive
what jobs can i make after counselling clinical psychology at utsc at uoft?,what are the career prospects for Master of Urban Design (post-professional) graduates from UOFT?,0,131,68,train,random
what jobs can i make after counselling clinical psychology at utsc at uoft?,can you explain the structure of Counselling & Clinical Psychology at UTSC at UOFT?,0,131,83,train,hard
Quick question: what jobs can find counselling clinical psychology at utsc at uoft?,what jobs can I get after Counselling & Clinical Psychology at UTSC at UOFT?,1,131,131,dev,positive
Quick question: what jobs can find counselling clinical psychology at utsc at uoft?,When will I hear a decision on my application?,0,131,442,dev,random
Quick question: what jobs can find counselling clinical psychology at utsc at uoft?,can you explain the structure of Counselling & Clinical Psychology at UTSC at UOFT?,0,131,83,dev,hard
what topic will study in drama theatre and performance studies at uoft?,"what subjects will I study in Drama, Theatre and Performance Studies at UOFT?",1,132,132,train,positive
what topic will study in drama theatre and performance studies at uoft?,Do you always have a practicum for every student?,0,132,481,train,random
what topic will study in drama theatre and performance studies at uoft?,"can you explain the structure of Drama, Theatre and Performance Studies at UOFT?",0,132,32,train,hard
Quick question: what topic will i study drama theatre and performance studies at uoft?,"what subjects will I study in Drama, Theatre and Performance Studies at UOFT?",1,132,132,train,positive
Quick question: what topic will i study drama theatre and performance studies at uoft?,what subjects will I study in Counselling Psychology at UOFT?,0,132,184,train,random
Quick question: what topic will i study drama theatre and performance studies at uoft?,"can you explain the structure of Drama, Theatre and Performance Studies at UOFT?",0,132,32,train,hard
"Hi, what topic will study drama theatre performance studies at uoft?","what subjects will I study in Drama, Theatre and Performance Studies at UOFT?",1,132,132,dev,positive
"Hi, what topic will study drama theatre performance studies at uoft?",Can I clap or cheer during the convocation ceremony?,0,132,280,dev,random
"Hi, what topic will study drama theatre performance studies at uoft?","can you explain the structure of Drama, Theatre and Performance Studies at UOFT?",0,132,32,dev,hard
Quick question: what research region in sure summer undergraduate research in engineering at mcgill?,what are the research areas in SURE: Summer Undergraduate Research in Engineering at MCGILL?,1,133,133,train,positive
Quick question: what research region in sure summer undergraduate research in engineering at mcgill?,When will I find out about scholarships?,0,133,368,train,random
Quick question: what research region in sure summer undergraduate research in engineering at mcgill?,can you explain the structure of SURE: Summer Undergraduate Research in Engineering at MCGILL?,0,133,79,train,hard
Help needed: what are the research region in sure summer undergraduate research in engineering at mcgill?,what are the research areas in SURE: Summer Undergraduate Research in Engineering at MCGILL?,1,133,133,train,positive
Help needed: what are the research region in sure summer undergraduate research in engineering at mcgill?,When will I hear a decision on my application?,0,133,442,train,random
Help needed: what are the research region in sure summer undergraduate research in engineering at mcgill?,can you explain the structure of SURE: Summer Undergraduate Research in Engineering at MCGILL?,0,133,79,train,hard
what are research region sure summer undergraduate research in engineering at mcgill? Any idea?,what are the research areas in SURE: Summer Undergraduate Research in Engineering at MCGILL?,1,133,133,dev,positive
what are research region sure summer undergraduate research in engineering at mcgill? Any idea?,what subjects will I study in Buddy Program at MCGILL?,0,133,115,dev,random
what are research region sure summer undergraduate research in engineering at mcgill? Any idea?,can you explain the structure of SURE: Summer Undergraduate Research in Engineering at MCGILL?,0,133,79,dev,hard
"Hi, can explain the structure of international human rights program at uoft?",can you explain the structure of International Human Rights Program at UOFT?,1,134,134,train,positive
"Hi, can explain the structure of international human rights program at uoft?",What is an Offer of Admission?,0,134,446,train,random
"Hi, can explain the structure of international human rights program at uoft?",can you explain the structure of English at UOFT?,0,134,65,train,hard
"Hi, can explain structure of international human rights program at uoft?",can you explain the structure of International Human Rights Program at UOFT?,1,134,134,train,positive
"Hi, can explain structure of international human rights program at uoft?",I prefer to submit an official transcript instead of uploading an unofficial one - is that okay?,0,134,255,train,random
"Hi, can explain structure of international human rights program at uoft?",can you explain the structure of Half-Time Program at UOFT?,0,134,36,train,hard
Could you tell me can you explain the structure international human rights program at uoft?,can you explain the structure of International Human Rights Program at UOFT?,1,134,134,dev,positive
Could you tell me can you explain the structure international human rights program at uoft?,What is an Exclusion?,0,134,391,dev,random
Could you tell me can you explain the structure international human rights program at uoft?,can you explain the structure of English at UOFT?,0,134,65,dev,hard
Could you tell me what courses provide master of business administration extended full time mba uoft?,what courses are offered in Master of Business Administration (Extended Full-Time MBA) at UOFT?,1,135,135,train,positive
Could you tell me what courses provide master of business administration extended full time mba uoft?,How can I give feedback about practicum-related issues?,0,135,498,train,random
Could you tell me what courses provide master of business administration extended full time mba uoft?,what makes the Master of Business Administration (Extended Full-Time MBA) program at UOFT unique?,0,135,109,train,hard
"Hi, what courses provide in master business administration extended full time mba at uoft?",what courses are offered in Master of Business Administration (Extended Full-Time MBA) at UOFT?,1,135,135,train,positive
"Hi, what courses provide in master business administration extended full time mba at uoft?","Will I be considered for all of the programs I applied to at the same time, or only in the order I ranked them?",0,135,337,train,random
"Hi, what courses provide in master business administration extended full time mba at uoft?",what makes the Master of Business Administration (Extended Full-Time MBA) program at UOFT unique?,0,135,109,train,hard
"Hi, what courses are provide in master of business administration extended full time mba at uoft?",what courses are offered in Master of Business Administration (Extended Full-Time MBA) at UOFT?,1,135,135,dev,positive
"Hi, what courses are provide in master of business administration extended full time mba at uoft?",what kind of research is done in Finance at UOFT?,0,135,238,dev,random
"Hi, what courses are provide in master of business administration extended full time mba at uoft?",what makes the Master of Business Administration (Extended Full-Time MBA) program at UOFT unique?,0,135,109,dev,hard
Quick question: what jobs can i take laws law in action within schools uoft?,what jobs can I get after LAWS (Law in Action Within Schools) at UOFT?,1,136,136,train,positive
Quick question: what jobs can i take laws law in action within schools uoft?,what research opportunities exist in Counselling and Clinical Psychology - Field in Clinical and Counselling Psychology (OISE) at UOFT?,0,136,129,train,random
Quick question: what jobs can i take laws law in action within schools uoft?,what are the admission requirements for LAWS (Law in Action Within Schools) at UOFT?,0,136,216,train,hard
Could you tell me what jobs can i make after laws law in action within schools at uoft?,what jobs can I get after LAWS (Law in Action Within Schools) at UOFT?,1,136,136,train,positive
Could you tell me what jobs can i make after laws law in action within schools at uoft?,what kind of research is done in Finance at UOFT?,0,136,238,train,random
Could you tell me what jobs can i make after laws law in action within schools at uoft?,what are the admission requirements for LAWS (Law in Action Within Schools) at UOFT?,0,136,216,train,hard
Could you tell me what jobs can i find after laws law in action within schools at uoft?,what jobs can I get after LAWS (Law in Action Within Schools) at UOFT?,1,136,136,dev,positive
Could you tell me what jobs can i find after laws law in action within schools at uoft?,"My permit is about to expire, how and when should I apply to extend it?",0,136,454,dev,random
Could you tell me what jobs can i find after laws law in action within schools at uoft?,what are the admission requirements for LAWS (Law in Action Within Schools) at UOFT?,0,136,216,dev,hard
how can i utilize to counselling and clinical psychology field clinical psychology utsc at uoft? Any idea?,how can I apply to Counselling and Clinical Psychology - Field in Clinical Psychology (UTSC) at UOFT?,1,137,137,train,positive
how can i utilize to counselling and clinical psychology field clinical psychology utsc at uoft? Any idea?,Is there a deadline to submit my transfer credit application and documentation?,0,137,384,train,random
how can i utilize to counselling and clinical psychology field clinical psychology utsc at uoft? Any idea?,what makes the Counselling and Clinical Psychology - Field in Clinical Psychology (UTSC) program at UOFT unique?,0,137,13,train,hard
how can i employ to counselling clinical psychology field in clinical psychology utsc uoft? Thanks.,how can I apply to Counselling and Clinical Psychology - Field in Clinical Psychology (UTSC) at UOFT?,1,137,137,train,positive
how can i employ to counselling clinical psychology field in clinical psychology utsc uoft? Thanks.,what subjects will I study in Adult Education and Community Development at UOFT?,0,137,20,train,random
how can i employ to counselling clinical psychology field in clinical psychology utsc uoft? Thanks.,what makes the Counselling and Clinical Psychology - Field in Clinical Psychology (UTSC) program at UOFT unique?,0,137,13,train,hard
Help needed: how can implement to counselling and clinical psychology field in clinical psychology utsc uoft?,how can I apply to Counselling and Clinical Psychology - Field in Clinical Psychology (UTSC) at UOFT?,1,137,137,dev,positive
Help needed: how can implement to counselling and clinical psychology field in clinical psychology utsc uoft?,what courses are offered in Doctor of Education in Counselling Psychology (Counselling & Psychotherapy Field) at UOFT?,0,137,34,dev,random
Help needed: how can implement to counselling and clinical psychology field in clinical psychology utsc uoft?,what makes the Counselling and Clinical Psychology - Field in Clinical Psychology (UTSC) program at UOFT unique?,0,137,13,dev,hard
Help needed: what can i do a degree in urban design from uoft?,what can I do with a degree in Urban Design from UOFT?,1,138,138,train,positive
Help needed: what can i do a degree in urban design from uoft?,can you explain the structure of Civil Engineering Undergraduate Program at UOFT?,0,138,193,train,random
Help needed: what can i do a degree in urban design from uoft?,what can I do with a degree in Urban Innovation from UOFT?,0,138,140,train,hard
what can i do a degree urban design from uoft? Thanks.,what can I do with a degree in Urban Design from UOFT?,1,138,138,train,positive
what can i do a degree urban design from uoft? Thanks.,I finished my practicum. Why do I still have IPR on my grade transcript?,0,138,499,train,random
what can i do a degree urban design from uoft? Thanks.,what can I do with a degree in Urban Innovation from UOFT?,0,138,140,train,hard
what can i a degree in urban design from uoft?,what can I do with a degree in Urban Design from UOFT?,1,138,138,dev,positive
what can i a degree in urban design from uoft?,can you explain the structure of Linguistics at UOFT?,0,138,180,dev,random
what can i a degree in urban design from uoft?,what can I do with a degree in Urban Innovation from UOFT?,0,138,140,dev,hard
what sort of research is come in medical science at uoft? Thanks.,what kind of research is done in Medical Science at UOFT?,1,139,139,train,positive
what sort of research is come in medical science at uoft? Thanks.,what kind of research is done in Geography at UOFT?,0,139,178,train,random
what sort of research is come in medical science at uoft? Thanks.,can you explain the structure of Medical Science at UOFT?,0,139,51,train,hard
what sort research come in medical science uoft? Thanks.,what kind of research is done in Medical Science at UOFT?,1,139,139,train,positive
what sort research come in medical science uoft? Thanks.,What program of study should I apply to?,0,139,240,train,random
what sort research come in medical science uoft? Thanks.,can you explain the structure of Medical Science at UOFT?,0,139,51,train,hard
Help needed: what sort of research is come medical science uoft?,what kind of research is done in Medical Science at UOFT?,1,139,139,dev,positive
Help needed: what sort of research is come medical science uoft?,where do Master of Visual Studies in Studio Art graduates from UOFT typically work?,0,139,57,dev,random
Help needed: what sort of research is come medical science uoft?,can you explain the structure of Medical Science at UOFT?,0,139,51,dev,hard
what can i degree in urban innovation uoft? Any idea?,what can I do with a degree in Urban Innovation from UOFT?,1,140,140,train,positive
what can i degree in urban innovation uoft? Any idea?,Can I defer my tuition and fee payments until my award is credited to my student account?,0,140,378,train,random
what can i degree in urban innovation uoft? Any idea?,can you explain the structure of Urban Innovation at UOFT?,0,140,102,train,hard
"Hi, what i do with degree in urban innovation from uoft?",what can I do with a degree in Urban Innovation from UOFT?,1,140,140,train,positive
"Hi, what i do with degree in urban innovation from uoft?","I was required to pay an Admission Deposit, is this refundable?",0,140,376,train,random
"Hi, what i do with degree in urban innovation from uoft?",what can I do with a degree in Urban Design from UOFT?,0,140,138,train,hard
Quick question: what i a degree in urban innovation from uoft?,what can I do with a degree in Urban Innovation from UOFT?,1,140,140,dev,positive
Quick question: what i a degree in urban innovation from uoft?,what kind of research is done in Professional Development at UOFT?,0,140,167,dev,random
Quick question: what i a degree in urban innovation from uoft?,what can I do with a degree in Urban Design from UOFT?,0,140,138,dev,hard
Help needed: what topic will i study in applied computing uoft?,what subjects will I study in Applied Computing at UOFT?,1,141,141,train,positive
Help needed: what topic will i study in applied computing uoft?,Where can I get information on the status of my application?,0,141,441,train,random
Help needed: what topic will i study in applied computing uoft?,what kind of research is done in Applied Computing at UOFT?,0,141,171,train,hard
what topic will i study in applied computing at uoft? Thanks.,what subjects will I study in Applied Computing at UOFT?,1,141,141,train,positive
what topic will i study in applied computing at uoft? Thanks.,can you explain the structure of Astronomy and Astrophysics at UOFT?,0,141,181,train,random
what topic will i study in applied computing at uoft? Thanks.,what kind of research is done in Applied Computing at UOFT?,0,141,171,train,hard
Could you tell me what topic will study applied computing uoft?,what subjects will I study in Applied Computing at UOFT?,1,141,141,dev,positive
Could you tell me what topic will study applied computing uoft?,what kind of research is done in Physics at UOFT?,0,141,237,dev,random
Could you tell me what topic will study applied computing uoft?,can you explain the structure of Applied Computing at UOFT?,0,141,144,dev,hard
Could you tell me what sort of research is come in health administration at uoft?,what kind of research is done in Health Administration at UOFT?,1,142,142,train,positive
Could you tell me what sort of research is come in health administration at uoft?,Do you offer practicums outside of Toronto?,0,142,487,train,random
Could you tell me what sort of research is come in health administration at uoft?,can you explain the structure of Health Administration at UOFT?,0,142,30,train,hard
Quick question: what sort of research is come in health administration at uoft?,what kind of research is done in Health Administration at UOFT?,1,142,142,train,positive
Quick question: what sort of research is come in health administration at uoft?,"what kind of research is done in Innovation, Law and Technology at UOFT?",0,142,219,train,random
Quick question: what sort of research is come in health administration at uoft?,can you explain the structure of Health Administration at UOFT?,0,142,30,train,hard
"Hi, what sort of research is come in health administration at uoft?",what kind of research is done in Health Administration at UOFT?,1,142,142,dev,positive
"Hi, what sort of research is come in health administration at uoft?",How can I pay my tuition fees?,0,142,469,dev,random
"Hi, what sort of research is come in health administration at uoft?",can you explain the structure of Health Administration at UOFT?,0,142,30,dev,hard
Help needed: can you explain the structure urban design at uoft?,can you explain the structure of Urban Design at UOFT?,1,143,143,train,positive
Help needed: can you explain the structure urban design at uoft?,How long does Jump Start run each day?,0,143,324,train,random
Help needed: can you explain the structure urban design at uoft?,can you explain the structure of Master of Urban Design (post-professional) at UOFT?,0,143,60,train,hard
Help needed: can explain the structure of urban design uoft?,can you explain the structure of Urban Design at UOFT?,1,143,143,train,positive
Help needed: can explain the structure of urban design uoft?,can you explain the structure of Health Informatics at UOFT?,0,143,17,train,random
Help needed: can explain the structure of urban design uoft?,can you explain the structure of Master of Urban Design (post-professional) at UOFT?,0,143,60,train,hard
Quick question: can you explain the structure of urban design at uoft?,can you explain the structure of Urban Design at UOFT?,1,143,143,dev,positive
Quick question: can you explain the structure of urban design at uoft?,How many reference letters are required for admission?,0,143,430,dev,random
Quick question: can you explain the structure of urban design at uoft?,can you explain the structure of Master of Urban Design (post-professional) at UOFT?,0,143,60,dev,hard
Could you tell me can you explain the structure of applied computing uoft?,can you explain the structure of Applied Computing at UOFT?,1,144,144,train,positive
Could you tell me can you explain the structure of applied computing uoft?,Will credits earned in secondary school or at a different post-secondary institution be eligible for prerequisites of the Computer Science program?,0,144,401,train,random
Could you tell me can you explain the structure of applied computing uoft?,can you explain the structure of Master of Applied Science (MASc) at UOFT?,0,144,75,train,hard
can you explain structure of applied computing at uoft?,can you explain the structure of Applied Computing at UOFT?,1,144,144,train,positive
can you explain structure of applied computing at uoft?,How do I know if I'm admissible?,0,144,264,train,random
can you explain structure of applied computing at uoft?,what subjects will I study in Applied Computing at UOFT?,0,144,141,train,hard
Could you tell me can you explain structure applied computing at uoft?,can you explain the structure of Applied Computing at UOFT?,1,144,144,dev,positive
Could you tell me can you explain structure applied computing at uoft?,what subjects will I study in Social Work at UOFT?,0,144,125,dev,random
Could you tell me can you explain structure applied computing at uoft?,what subjects will I study in Applied Computing at UOFT?,0,144,141,dev,hard
can you explain the structure of forest conservation uoft? Thanks.,can you explain the structure of Forest Conservation at UOFT?,1,145,145,train,positive
can you explain the structure of forest conservation uoft? Thanks.,what kind of research is done in School and Clinical Child Psychology at UOFT?,0,145,152,train,random
can you explain the structure of forest conservation uoft? Thanks.,what can I do with a degree in Forest Conservation from UOFT?,0,145,208,train,hard
Help needed: can you explain the structure of forest conservation at uoft?,can you explain the structure of Forest Conservation at UOFT?,1,145,145,train,positive
Help needed: can you explain the structure of forest conservation at uoft?,can you explain the structure of Katie Filek at UOFT?,0,145,223,train,random
Help needed: can you explain the structure of forest conservation at uoft?,what subjects will I study in Master of Forest Conservation at UOFT?,0,145,44,train,hard
can you explain the structure of forest conservation uoft?,can you explain the structure of Forest Conservation at UOFT?,1,145,145,dev,positive
can you explain the structure of forest conservation uoft?,My institution will release transcripts to me but not to the institution to which I am applying. Will you accept transcripts submitted by me?,0,145,421,dev,random
can you explain the structure of forest conservation uoft?,what can I do with a degree in Forest Conservation from UOFT?,0,145,208,dev,hard
what subjects study occupational therapy uoft?,what subjects will I study in Occupational Therapy at UOFT?,1,146,146,train,positive
what subjects study occupational therapy uoft?,Can I apply to a PhD program directly from a bachelor's degree?,0,146,406,train,random
what subjects study occupational therapy uoft?,can you explain the structure of Occupational Therapy at UOFT?,0,146,99,train,hard
what subjects will i study occupational therapy uoft? Thanks.,what subjects will I study in Occupational Therapy at UOFT?,1,146,146,train,positive
what subjects will i study occupational therapy uoft? Thanks.,what can I do with a degree in Art History from UOFT?,0,146,88,train,random
what subjects will i study occupational therapy uoft? Thanks.,can you explain the structure of Occupational Therapy at UOFT?,0,146,99,train,hard
Quick question: what subjects will study in occupational therapy at uoft?,what subjects will I study in Occupational Therapy at UOFT?,1,146,146,dev,positive
Quick question: what subjects will study in occupational therapy at uoft?,Will the School of Graduate Studies provide feedback for students who have been rejected?,0,146,445,dev,random
Quick question: what subjects will study in occupational therapy at uoft?,can you explain the structure of Occupational Therapy at UOFT?,0,146,99,dev,hard
what subjects i survey minors and certificates at uoft? Any idea?,what subjects will I study in Minors and Certificates at UOFT?,1,147,147,train,positive
what subjects i survey minors and certificates at uoft? Any idea?,what subjects will I study in Anthropology at UOFT?,0,147,61,train,random
what subjects i survey minors and certificates at uoft? Any idea?,Are any courses offered online?,0,147,466,train,hard
"Hi, what subjects will i survey in minors certificates uoft?",what subjects will I study in Minors and Certificates at UOFT?,1,147,147,train,positive
"Hi, what subjects will i survey in minors certificates uoft?",Am I required to have a police check done for my practicum?,0,147,484,train,random
"Hi, what subjects will i survey in minors certificates uoft?",what subjects will I study in English at UOFT?,0,147,233,train,hard
Could you tell me what subjects survey minors certificates at uoft?,what subjects will I study in Minors and Certificates at UOFT?,1,147,147,dev,positive
Could you tell me what subjects survey minors certificates at uoft?,Can I receive UTAlert notifications from all three campuses?,0,147,290,dev,random
Could you tell me what subjects survey minors certificates at uoft?,what subjects will I study in English at UOFT?,0,147,233,dev,hard
Quick question: what sort of research is come in health informatics at uoft?,what kind of research is done in Health Informatics at UOFT?,1,148,148,train,positive
Quick question: what sort of research is come in health informatics at uoft?,When will I find out about scholarships?,0,148,368,train,random
Quick question: what sort of research is come in health informatics at uoft?,can you explain the structure of Health Informatics at UOFT?,0,148,17,train,hard
"Hi, what sort of research is come in health informatics at uoft?",what kind of research is done in Health Informatics at UOFT?,1,148,148,train,positive
"Hi, what sort of research is come in health informatics at uoft?",can you explain the structure of Electrical & Computer Engineering Undergraduate Program at UOFT?,0,148,217,train,random
"Hi, what sort of research is come in health informatics at uoft?",can you explain the structure of Health Informatics at UOFT?,0,148,17,train,hard
Quick question: what sort of research is come health informatics at uoft?,what kind of research is done in Health Informatics at UOFT?,1,148,148,dev,positive
Quick question: what sort of research is come health informatics at uoft?,Do grade 11 marks count?,0,148,330,dev,random
Quick question: what sort of research is come health informatics at uoft?,can you explain the structure of Health Informatics at UOFT?,0,148,17,dev,hard
what topic will i survey in two year mmpa at uoft? Any idea?,what subjects will I study in Two Year MMPA at UOFT?,1,149,149,train,positive
what topic will i survey in two year mmpa at uoft? Any idea?,can you explain the structure of Anthropology at UOFT?,0,149,41,train,random
what topic will i survey in two year mmpa at uoft? Any idea?,what are the admission requirements for Two Year MMPA at UOFT?,0,149,158,train,hard
what topic will i survey in two year mmpa at uoft? Thanks.,what subjects will I study in Two Year MMPA at UOFT?,1,149,149,train,positive
what topic will i survey in two year mmpa at uoft? Thanks.,I know someone who would like to quit smoking or vaping. Are there resources available at U of T to help them?,0,149,316,train,random
what topic will i survey in two year mmpa at uoft? Thanks.,what are the admission requirements for Two Year MMPA at UOFT?,0,149,158,train,hard
"Hi, what topic i survey two year mmpa at uoft?",what subjects will I study in Two Year MMPA at UOFT?,1,149,149,dev,positive
"Hi, what topic i survey two year mmpa at uoft?","I'm currently enrolled in a graduate program, can I transfer to OISE and get credit for my studies?",0,149,246,dev,random
"Hi, what topic i survey two year mmpa at uoft?",what are the admission requirements for Two Year MMPA at UOFT?,0,149,158,dev,hard
Could you tell me what sort of research come art history at uoft?,what kind of research is done in Art History at UOFT?,1,150,150,train,positive
Could you tell me what sort of research come art history at uoft?,How is this policy enforced? Are there any penalties?,0,150,313,train,random
Could you tell me what sort of research come art history at uoft?,can you explain the structure of Art History at UOFT?,0,150,168,train,hard
what sort of research is come in art history at uoft? Any idea?,what kind of research is done in Art History at UOFT?,1,150,150,train,positive
what sort of research is come in art history at uoft? Any idea?,what jobs can I get after Counselling & Clinical Psychology at UTSC at UOFT?,0,150,131,train,random
what sort of research is come in art history at uoft? Any idea?,what kind of research is done in History at UOFT?,0,150,175,train,hard
Help needed: what sort of research is come in art history at uoft?,what kind of research is done in Art History at UOFT?,1,150,150,dev,positive
Help needed: what sort of research is come in art history at uoft?,How do I know when the graduate unit received my supplemental materials?,0,150,435,dev,random
Help needed: what sort of research is come in art history at uoft?,what kind of research is done in History at UOFT?,0,150,175,dev,hard
describe the health informatics curriculum at uoft? Any idea?,describe the Health Informatics curriculum at UOFT.,1,151,151,train,positive
describe the health informatics curriculum at uoft? Any idea?,How will I receive alerts?,0,151,288,train,random
describe the health informatics curriculum at uoft? Any idea?,describe the Health Administration curriculum at UOFT.,0,151,108,train,hard
Could you tell me describe the health informatics curriculum at uoft?,describe the Health Informatics curriculum at UOFT.,1,151,151,train,positive
Could you tell me describe the health informatics curriculum at uoft?,Can I change my course timetable?,0,151,465,train,random
Could you tell me describe the health informatics curriculum at uoft?,describe the Health Administration curriculum at UOFT.,0,151,108,train,hard
Help needed: describe the health informatics curriculum uoft?,describe the Health Informatics curriculum at UOFT.,1,151,151,dev,positive
Help needed: describe the health informatics curriculum uoft?,what kind of research is done in Master of Urban Design (post-professional) at UOFT?,0,151,54,dev,random
Help needed: describe the health informatics curriculum uoft?,describe the Health Administration curriculum at UOFT.,0,151,108,dev,hard
what sort research come school and clinical child psychology at uoft? Thanks.,what kind of research is done in School and Clinical Child Psychology at UOFT?,1,152,152,train,positive
what sort research come school and clinical child psychology at uoft? Thanks.,My academic records are in a language other than English. Shall I also submit English translations of my documents?,0,152,427,train,random
what sort research come school and clinical child psychology at uoft? Thanks.,can you explain the structure of School and Clinical Child Psychology at UOFT?,0,152,19,train,hard
Help needed: what sort of research come in school and clinical child psychology at uoft?,what kind of research is done in School and Clinical Child Psychology at UOFT?,1,152,152,train,positive
Help needed: what sort of research come in school and clinical child psychology at uoft?,what are the career prospects for Master of Forest Conservation graduates from UOFT?,0,152,26,train,random
Help needed: what sort of research come in school and clinical child psychology at uoft?,can you explain the structure of School and Clinical Child Psychology at UOFT?,0,152,19,train,hard
Help needed: what sort of research is come in school and clinical child psychology at uoft?,what kind of research is done in School and Clinical Child Psychology at UOFT?,1,152,152,dev,positive
Help needed: what sort of research is come in school and clinical child psychology at uoft?,can you explain the structure of Buddy Program at MCGILL?,0,152,124,dev,random
Help needed: what sort of research is come in school and clinical child psychology at uoft?,can you explain the structure of School and Clinical Child Psychology at UOFT?,0,152,19,dev,hard
Quick question: can you explain structure application deadlines closing dates at uoft?,can you explain the structure of Application Deadlines & Closing Dates at UOFT?,1,153,153,train,positive
Quick question: can you explain structure application deadlines closing dates at uoft?,can you explain the structure of Teaching at UOFT?,0,153,5,train,random
Quick question: can you explain structure application deadlines closing dates at uoft?,can you explain the structure of English at UOFT?,0,153,65,train,hard
Help needed: can you explain structure of application deadlines closing dates at uoft?,can you explain the structure of Application Deadlines & Closing Dates at UOFT?,1,153,153,train,positive
Help needed: can you explain structure of application deadlines closing dates at uoft?,What is an FFL?,0,153,497,train,random
Help needed: can you explain structure of application deadlines closing dates at uoft?,can you explain the structure of English at UOFT?,0,153,65,train,hard
Quick question: can explain structure of application deadlines closing dates at uoft?,can you explain the structure of Application Deadlines & Closing Dates at UOFT?,1,153,153,dev,positive
Quick question: can explain structure of application deadlines closing dates at uoft?,My referee did not receive the email from the School of Graduate Studies. Could you please resend it?,0,153,432,dev,random
Quick question: can explain structure of application deadlines closing dates at uoft?,can you explain the structure of English at UOFT?,0,153,65,dev,hard
can you explain the structure health policy management and evaluation at uoft? Any idea?,"can you explain the structure of Health Policy, Management and Evaluation at UOFT?",1,154,154,train,positive
can you explain the structure health policy management and evaluation at uoft? Any idea?,Which stream am I part of if I live at University Village or Wesbrook Village?,0,154,329,train,random
can you explain the structure health policy management and evaluation at uoft? Any idea?,"what subjects will I study in Health Policy, Management and Evaluation at UOFT?",0,154,214,train,hard
Quick question: can you explain the structure of health policy management and evaluation uoft?,"can you explain the structure of Health Policy, Management and Evaluation at UOFT?",1,154,154,train,positive
Quick question: can you explain the structure of health policy management and evaluation uoft?,can you explain the structure of Medical Science at UOFT?,0,154,51,train,random
Quick question: can you explain the structure of health policy management and evaluation uoft?,"what subjects will I study in Health Policy, Management and Evaluation at UOFT?",0,154,214,train,hard
can you explain structure of health policy management and evaluation at uoft?,"can you explain the structure of Health Policy, Management and Evaluation at UOFT?",1,154,154,dev,positive
can you explain structure of health policy management and evaluation at uoft?,Will I be able to live in the same room after Jump Start?,0,154,328,dev,random
can you explain structure of health policy management and evaluation at uoft?,"what subjects will I study in Health Policy, Management and Evaluation at UOFT?",0,154,214,dev,hard
Quick question: what are vocation prognosis for drama theatre and performance studies alum from uoft?,"what are the career prospects for Drama, Theatre and Performance Studies graduates from UOFT?",1,155,155,train,positive
Quick question: what are vocation prognosis for drama theatre and performance studies alum from uoft?,I'm waiting for an update on the status of my Visa application. Can I register for Jump Start?,0,155,321,train,random
Quick question: what are vocation prognosis for drama theatre and performance studies alum from uoft?,"what subjects will I study in Drama, Theatre and Performance Studies at UOFT?",0,155,132,train,hard
Could you tell me what are the vocation prognosis for drama theatre and performance studies alumnus uoft?,"what are the career prospects for Drama, Theatre and Performance Studies graduates from UOFT?",1,155,155,train,positive
Could you tell me what are the vocation prognosis for drama theatre and performance studies alumnus uoft?,can you explain the structure of Financial Economics at UOFT?,0,155,59,train,random
Could you tell me what are the vocation prognosis for drama theatre and performance studies alumnus uoft?,"can you explain the structure of Drama, Theatre and Performance Studies at UOFT?",0,155,32,train,hard
Could you tell me what the vocation prognosis for drama theatre and performance studies alumna from uoft?,"what are the career prospects for Drama, Theatre and Performance Studies graduates from UOFT?",1,155,155,dev,positive
Could you tell me what the vocation prognosis for drama theatre and performance studies alumna from uoft?,what makes the Master of Business Administration (Extended Full-Time MBA) program at UOFT unique?,0,155,109,dev,random
Could you tell me what the vocation prognosis for drama theatre and performance studies alumna from uoft?,"can you explain the structure of Drama, Theatre and Performance Studies at UOFT?",0,155,32,dev,hard
Help needed: what can i do with a degree in counselling psychology from uoft?,what can I do with a degree in Counselling Psychology from UOFT?,1,156,156,train,positive
Help needed: what can i do with a degree in counselling psychology from uoft?,"I have submitted my application but want to make a change, how do I do that?",0,156,343,train,random
Help needed: what can i do with a degree in counselling psychology from uoft?,what can I do with a degree in History from UOFT?,0,156,179,train,hard
what can i do a degree in counselling psychology uoft? Any idea?,what can I do with a degree in Counselling Psychology from UOFT?,1,156,156,train,positive
what can i do a degree in counselling psychology uoft? Any idea?,what can I do with a degree in Museum Studies from UOFT?,0,156,202,train,random
what can i do a degree in counselling psychology uoft? Any idea?,what subjects will I study in Counselling Psychology at UOFT?,0,156,184,train,hard
what can i do a degree in counselling psychology from uoft? Thanks.,what can I do with a degree in Counselling Psychology from UOFT?,1,156,156,dev,positive
what can i do a degree in counselling psychology from uoft? Thanks.,How will a repeated course affect my admission?,0,156,336,dev,random
what can i do a degree in counselling psychology from uoft? Thanks.,what can I do with a degree in History from UOFT?,0,156,179,dev,hard
Quick question: what are the admission demand for industrial engineering uoft?,what are the admission requirements for Industrial Engineering at UOFT?,1,157,157,train,positive
Quick question: what are the admission demand for industrial engineering uoft?,Do I need to submit proof of English proficiency?,0,157,357,train,random
Quick question: what are the admission demand for industrial engineering uoft?,what are the admission requirements for Mechanical Engineering at UOFT?,0,157,164,train,hard
Quick question: what are admission prerequisite for industrial engineering uoft?,what are the admission requirements for Industrial Engineering at UOFT?,1,157,157,train,positive
Quick question: what are admission prerequisite for industrial engineering uoft?,what can I do with a degree in Management and Professional Accounting from UOFT?,0,157,117,train,random
Quick question: what are admission prerequisite for industrial engineering uoft?,what subjects will I study in Industrial Engineering Undergraduate Program at UOFT?,0,157,200,train,hard
what are the admission demand for industrial engineering at uoft? Any idea?,what are the admission requirements for Industrial Engineering at UOFT?,1,157,157,dev,positive
what are the admission demand for industrial engineering at uoft? Any idea?,can you explain the structure of Teaching at UOFT?,0,157,5,dev,random
what are the admission demand for industrial engineering at uoft? Any idea?,what are the admission requirements for Mechanical Engineering at UOFT?,0,157,164,dev,hard
Could you tell me what are admission prerequisite two year mmpa at uoft?,what are the admission requirements for Two Year MMPA at UOFT?,1,158,158,train,positive
Could you tell me what are admission prerequisite two year mmpa at uoft?,Where can I get information on the status of my application?,0,158,441,train,random
Could you tell me what are admission prerequisite two year mmpa at uoft?,what subjects will I study in Two Year MMPA at UOFT?,0,158,149,train,hard
what the admission prerequisite for two year mmpa at uoft? Thanks.,what are the admission requirements for Two Year MMPA at UOFT?,1,158,158,train,positive
what the admission prerequisite for two year mmpa at uoft? Thanks.,what subjects will I study in English at UOFT?,0,158,233,train,random
what the admission prerequisite for two year mmpa at uoft? Thanks.,what subjects will I study in Two Year MMPA at UOFT?,0,158,149,train,hard
Quick question: what are admission demand for two year mmpa at uoft?,what are the admission requirements for Two Year MMPA at UOFT?,1,158,158,dev,positive
Quick question: what are admission demand for two year mmpa at uoft?,what are the prerequisites for Global Executive Master of Business Administration for Healthcare and the Life Sciences (GEMBA-HLS) at UOFT?,0,158,66,dev,random
Quick question: what are admission demand for two year mmpa at uoft?,what subjects will I study in Two Year MMPA at UOFT?,0,158,149,dev,hard
Quick question: what sort research is come in molecular genetics uoft?,what kind of research is done in Molecular Genetics at UOFT?,1,159,159,train,positive
Quick question: what sort research is come in molecular genetics uoft?,what jobs can I get after Counselling & Clinical Psychology at UTSC at UOFT?,0,159,131,train,random
Quick question: what sort research is come in molecular genetics uoft?,can you explain the structure of Molecular Genetics at UOFT?,0,159,58,train,hard
"Hi, what sort research is come molecular genetics at uoft?",what kind of research is done in Molecular Genetics at UOFT?,1,159,159,train,positive
"Hi, what sort research is come molecular genetics at uoft?",what subjects will I study in Industrial Engineering Undergraduate Program at UOFT?,0,159,200,train,random
"Hi, what sort research is come molecular genetics at uoft?",can you explain the structure of Molecular Genetics at UOFT?,0,159,58,train,hard
Quick question: what sort of research come molecular genetics uoft?,what kind of research is done in Molecular Genetics at UOFT?,1,159,159,dev,positive
Quick question: what sort of research come molecular genetics uoft?,what kind of research is done in English at UOFT?,0,159,110,dev,random
Quick question: what sort of research come molecular genetics uoft?,can you explain the structure of Molecular Genetics at UOFT?,0,159,58,dev,hard
Could you tell me what the vocation prognosis germanic languages and literatures alumna from uoft?,what are the career prospects for Germanic Languages and Literatures graduates from UOFT?,1,160,160,train,positive
Could you tell me what the vocation prognosis germanic languages and literatures alumna from uoft?,I have not completed my current degree yet; what should I do?,0,160,425,train,random
Could you tell me what the vocation prognosis germanic languages and literatures alumna from uoft?,can you explain the structure of Germanic Languages and Literatures at UOFT?,0,160,16,train,hard
what are the vocation prognosis for germanic languages literatures alumna from uoft? Thanks.,what are the career prospects for Germanic Languages and Literatures graduates from UOFT?,1,160,160,train,positive
what are the vocation prognosis for germanic languages literatures alumna from uoft? Thanks.,How and when will I receive my scholarship/award payment?,0,160,377,train,random
what are the vocation prognosis for germanic languages literatures alumna from uoft? Thanks.,can you explain the structure of Germanic Languages and Literatures at UOFT?,0,160,16,train,hard
Could you tell me what are the vocation prognosis for germanic languages and literatures alumnus from uoft?,what are the career prospects for Germanic Languages and Literatures graduates from UOFT?,1,160,160,dev,positive
Could you tell me what are the vocation prognosis for germanic languages and literatures alumnus from uoft?,can you explain the structure of PhD in Forestry at UOFT?,0,160,188,dev,random
Could you tell me what are the vocation prognosis for germanic languages and literatures alumnus from uoft?,can you explain the structure of Germanic Languages and Literatures at UOFT?,0,160,16,dev,hard
what are the research strengths of educational leadership policy at uoft?,what are the research strengths of Educational Leadership and Policy at UOFT?,1,161,161,train,positive
what are the research strengths of educational leadership policy at uoft?,what are the admission requirements for Physical Therapy at UOFT?,0,161,206,train,random
what are the research strengths of educational leadership policy at uoft?,can you explain the structure of Educational Leadership and Policy at UOFT?,0,161,14,train,hard
Could you tell me what are research strengths of educational leadership and policy at uoft?,what are the research strengths of Educational Leadership and Policy at UOFT?,1,161,161,train,positive
Could you tell me what are research strengths of educational leadership and policy at uoft?,what subjects will I study in Electrical and Computer Engineering at UOFT?,0,161,43,train,random
Could you tell me what are research strengths of educational leadership and policy at uoft?,can you explain the structure of Educational Leadership and Policy at UOFT?,0,161,14,train,hard
"Hi, what are the research strengths of educational leadership and policy at uoft?",what are the research strengths of Educational Leadership and Policy at UOFT?,1,161,161,dev,positive
"Hi, what are the research strengths of educational leadership and policy at uoft?",I reviewed your Partner Organizations on the FIFSW website. Why is it that I do not see a particular practicum in this year's options?,0,161,490,dev,random
"Hi, what are the research strengths of educational leadership and policy at uoft?",can you explain the structure of Educational Leadership and Policy at UOFT?,0,161,14,dev,hard
what the admission prerequisite for global professional law uoft? Thanks.,what are the admission requirements for Global Professional Law at UOFT?,1,162,162,train,positive
what the admission prerequisite for global professional law uoft? Thanks.,What is the difference between a special student and a regular student?,0,162,243,train,random
what the admission prerequisite for global professional law uoft? Thanks.,can you explain the structure of Global Professional Law at UOFT?,0,162,6,train,hard
what are admission prerequisite for global professional law uoft? Thanks.,what are the admission requirements for Global Professional Law at UOFT?,1,162,162,train,positive
what are admission prerequisite for global professional law uoft? Thanks.,can you explain the structure of Immunology at UOFT?,0,162,23,train,random
what are admission prerequisite for global professional law uoft? Thanks.,what subjects will I study in Global Professional Law at UOFT?,0,162,11,train,hard
what are the admission prerequisite for global professional law at uoft? Thanks.,what are the admission requirements for Global Professional Law at UOFT?,1,162,162,dev,positive
what are the admission prerequisite for global professional law at uoft? Thanks.,what can I do with a degree in Urban Design from UOFT?,0,162,138,dev,random
what are the admission prerequisite for global professional law at uoft? Thanks.,can you explain the structure of Global Professional Law at UOFT?,0,162,6,dev,hard
Could you tell me what subjects i study in child study and education at uoft?,what subjects will I study in Child Study and Education at UOFT?,1,163,163,train,positive
Could you tell me what subjects i study in child study and education at uoft?,what subjects will I study in Ecology and Evolutionary Biology at UOFT?,0,163,64,train,random
Could you tell me what subjects i study in child study and education at uoft?,can you explain the structure of Child Study and Education at UOFT?,0,163,33,train,hard
Help needed: what subjects will i study child study and education at uoft?,what subjects will I study in Child Study and Education at UOFT?,1,163,163,train,positive
Help needed: what subjects will i study child study and education at uoft?,what subjects will I study in Occupational Therapy at UOFT?,0,163,146,train,random
Help needed: what subjects will i study child study and education at uoft?,can you explain the structure of Child Study and Education at UOFT?,0,163,33,train,hard
Could you tell me what subjects will study in child study and education at uoft?,what subjects will I study in Child Study and Education at UOFT?,1,163,163,dev,positive
Could you tell me what subjects will study in child study and education at uoft?,what are the research strengths of Educational Leadership and Policy at UOFT?,0,163,161,dev,random
Could you tell me what subjects will study in child study and education at uoft?,can you explain the structure of Child Study and Education at UOFT?,0,163,33,dev,hard
Help needed: what are the admission demand for mechanical engineering at uoft?,what are the admission requirements for Mechanical Engineering at UOFT?,1,164,164,train,positive
Help needed: what are the admission demand for mechanical engineering at uoft?,what are the research areas in SURE: Summer Undergraduate Research in Engineering at MCGILL?,0,164,133,train,random
Help needed: what are the admission demand for mechanical engineering at uoft?,what are the admission requirements for Industrial Engineering at UOFT?,0,164,157,train,hard
what are the admission demand for mechanical engineering at uoft? Any idea?,what are the admission requirements for Mechanical Engineering at UOFT?,1,164,164,train,positive
what are the admission demand for mechanical engineering at uoft? Any idea?,can you explain the structure of Spanish at UOFT?,0,164,9,train,random
what are the admission demand for mechanical engineering at uoft? Any idea?,what are the admission requirements for Industrial Engineering at UOFT?,0,164,157,train,hard
what are the admission demand for mechanical engineering uoft?,what are the admission requirements for Mechanical Engineering at UOFT?,1,164,164,dev,positive
what are the admission demand for mechanical engineering uoft?,Can I forfeit awarded transfer credit?,0,164,393,dev,random
what are the admission demand for mechanical engineering uoft?,what can I do with a degree in Mechanical Engineering from UOFT?,0,164,29,dev,hard
"Hi, what can i do a degree in health informatics from uoft?",what can I do with a degree in Health Informatics from UOFT?,1,165,165,train,positive
"Hi, what can i do a degree in health informatics from uoft?",what can I do with a degree in Physical Therapy from UOFT?,0,165,85,train,random
"Hi, what can i do a degree in health informatics from uoft?",what can I do with a degree in Health Administration from UOFT?,0,165,90,train,hard
"Hi, what i with a degree in health informatics from uoft?",what can I do with a degree in Health Informatics from UOFT?,1,165,165,train,positive
"Hi, what i with a degree in health informatics from uoft?",can you explain the structure of Art History at UOFT?,0,165,168,train,random
"Hi, what i with a degree in health informatics from uoft?",what can I do with a degree in Health Administration from UOFT?,0,165,90,train,hard
Quick question: what can i do with a degree in health informatics uoft?,what can I do with a degree in Health Informatics from UOFT?,1,165,165,dev,positive
Quick question: what can i do with a degree in health informatics uoft?,I want to apply to more than one program; do I have to submit more than one application?,0,165,414,dev,random
Quick question: what can i do with a degree in health informatics uoft?,what can I do with a degree in Health Administration from UOFT?,0,165,90,dev,hard
Quick question: what topic study in ihrp clinic course at uoft?,what subjects will I study in IHRP: Clinic Course at UOFT?,1,166,166,train,positive
Quick question: what topic study in ihrp clinic course at uoft?,what subjects will I study in Electrical & Computer Engineering Undergraduate Program at UOFT?,0,166,218,train,random
Quick question: what topic study in ihrp clinic course at uoft?,what subjects will I study in Child Study and Education at UOFT?,0,166,163,train,hard
what topic study in ihrp clinic course at uoft?,what subjects will I study in IHRP: Clinic Course at UOFT?,1,166,166,train,positive
what topic study in ihrp clinic course at uoft?,Can I make changes to my application after I paid the application fee?,0,166,416,train,random
what topic study in ihrp clinic course at uoft?,what subjects will I study in Child Study and Education at UOFT?,0,166,163,train,hard
Quick question: what topic will study ihrp clinic course at uoft?,what subjects will I study in IHRP: Clinic Course at UOFT?,1,166,166,dev,positive
Quick question: what topic will study ihrp clinic course at uoft?,what can I do with a degree in Art History from UOFT?,0,166,88,dev,random
Quick question: what topic will study ihrp clinic course at uoft?,what subjects will I study in English at UOFT?,0,166,233,dev,hard
"Hi, what sort of research is done professional development uoft?",what kind of research is done in Professional Development at UOFT?,1,167,167,train,positive
"Hi, what sort of research is done professional development uoft?",I finished my practicum. Why do I still have IPR on my grade transcript?,0,167,499,train,random
"Hi, what sort of research is done professional development uoft?",what kind of research is done in Global Professional Law at UOFT?,0,167,220,train,hard
what sort of research is done in professional development at uoft? Any idea?,what kind of research is done in Professional Development at UOFT?,1,167,167,train,positive
what sort of research is done in professional development at uoft? Any idea?,How long does Jump Start run each day?,0,167,324,train,random
what sort of research is done in professional development at uoft? Any idea?,what kind of research is done in Global Professional Law at UOFT?,0,167,220,train,hard
Could you tell me what sort of research is done in professional development at uoft?,what kind of research is done in Professional Development at UOFT?,1,167,167,dev,positive
Could you tell me what sort of research is done in professional development at uoft?,what are the career prospects for Social Work graduates from UOFT?,0,167,94,dev,random
Could you tell me what sort of research is done in professional development at uoft?,what kind of research is done in Global Professional Law at UOFT?,0,167,220,dev,hard
Help needed: can you explain the structure art history at uoft?,can you explain the structure of Art History at UOFT?,1,168,168,train,positive
Help needed: can you explain the structure art history at uoft?,I have not completed my current degree yet; what should I do?,0,168,425,train,random
Help needed: can you explain the structure art history at uoft?,what can I do with a degree in Art History from UOFT?,0,168,88,train,hard
Could you tell me can explain the structure of art history at uoft?,can you explain the structure of Art History at UOFT?,1,168,168,train,positive
Could you tell me can explain the structure of art history at uoft?,"I have been admitted; however, I have a few questions before I make the final decision. Who do I need to contact?",0,168,447,train,random
Could you tell me can explain the structure of art history at uoft?,what kind of research is done in Art History at UOFT?,0,168,150,train,hard
Quick question: can you explain structure of art history at uoft?,can you explain the structure of Art History at UOFT?,1,168,168,dev,positive
Quick question: can you explain structure of art history at uoft?,I prefer to submit an official transcript instead of uploading an unofficial one - is that okay?,0,168,255,dev,random
Quick question: can you explain structure of art history at uoft?,what kind of research is done in Art History at UOFT?,0,168,150,dev,hard
Quick question: what do with a degree engineering science undergraduate program uoft?,what can I do with a degree in Engineering Science Undergraduate Program from UOFT?,1,169,169,train,positive
Quick question: what do with a degree engineering science undergraduate program uoft?,can you explain the structure of Global Affairs at UOFT?,0,169,96,train,random
Quick question: what do with a degree engineering science undergraduate program uoft?,what can I do with a degree in Industrial Engineering Undergraduate Program from UOFT?,0,169,104,train,hard
Could you tell me what i do with a degree in engineering science undergraduate program from uoft?,what can I do with a degree in Engineering Science Undergraduate Program from UOFT?,1,169,169,train,positive
Could you tell me what i do with a degree in engineering science undergraduate program from uoft?,What about residence members who smoke at night? Did you consider their safety having to go off campus?,0,169,311,train,random
Could you tell me what i do with a degree in engineering science undergraduate program from uoft?,what can I do with a degree in Industrial Engineering Undergraduate Program from UOFT?,0,169,104,train,hard
Could you tell me what can i do with degree in engineering science undergraduate program from uoft?,what can I do with a degree in Engineering Science Undergraduate Program from UOFT?,1,169,169,dev,positive
Could you tell me what can i do with degree in engineering science undergraduate program from uoft?,can you explain the structure of Pro Bono Students Canada (PBSC) at UOFT?,0,169,195,dev,random
Could you tell me what can i do with degree in engineering science undergraduate program from uoft?,what can I do with a degree in Industrial Engineering Undergraduate Program from UOFT?,0,169,104,dev,hard
what sort of research is come in zheming taro cai at uoft?,what kind of research is done in Zheming (Taro) Cai at UOFT?,1,170,170,train,positive
what sort of research is come in zheming taro cai at uoft?,can you explain the structure of Chemistry at UOFT?,0,170,189,train,random
what sort of research is come in zheming taro cai at uoft?,can you explain the structure of Zheming (Taro) Cai at UOFT?,0,170,226,train,hard
"Hi, what sort of research is come zheming taro cai at uoft?",what kind of research is done in Zheming (Taro) Cai at UOFT?,1,170,170,train,positive
"Hi, what sort of research is come zheming taro cai at uoft?",what are the admission requirements for Counselling Psychology at UOFT?,0,170,87,train,random
"Hi, what sort of research is come zheming taro cai at uoft?",can you explain the structure of Zheming (Taro) Cai at UOFT?,0,170,226,train,hard
what sort of research is come zheming taro cai at uoft?,what kind of research is done in Zheming (Taro) Cai at UOFT?,1,170,170,dev,positive
what sort of research is come zheming taro cai at uoft?,My institution will release transcripts to me but not to the institution to which I am applying. Will you accept transcripts submitted by me?,0,170,421,dev,random
what sort of research is come zheming taro cai at uoft?,can you explain the structure of Zheming (Taro) Cai at UOFT?,0,170,226,dev,hard
Quick question: what sort research is come in applied computing at uoft?,what kind of research is done in Applied Computing at UOFT?,1,171,171,train,positive
Quick question: what sort research is come in applied computing at uoft?,Does the Government of Canada's cap on study permits for International students apply to OISE programs?,0,171,247,train,random
Quick question: what sort research is come in applied computing at uoft?,what subjects will I study in Applied Computing at UOFT?,0,171,141,train,hard
Could you tell me what sort of research is come in applied computing at uoft?,what kind of research is done in Applied Computing at UOFT?,1,171,171,train,positive
Could you tell me what sort of research is come in applied computing at uoft?,what kind of research is done in Master of Landscape Architecture at UOFT?,0,171,119,train,random
Could you tell me what sort of research is come in applied computing at uoft?,can you explain the structure of Applied Computing at UOFT?,0,171,144,train,hard
what sort of research is come in applied computing at uoft?,what kind of research is done in Applied Computing at UOFT?,1,171,171,dev,positive
what sort of research is come in applied computing at uoft?,what can I do with a degree in Global Affairs from UOFT?,0,171,210,dev,random
what sort of research is come in applied computing at uoft?,what subjects will I study in Applied Computing at UOFT?,0,171,141,dev,hard
what subjects study higher education at uoft? Thanks.,what subjects will I study in Higher Education at UOFT?,1,172,172,train,positive
what subjects study higher education at uoft? Thanks.,what are the key features of Geography at UOFT?,0,172,74,train,random
what subjects study higher education at uoft? Thanks.,can you explain the structure of Higher Education at UOFT?,0,172,46,train,hard
Could you tell me what subjects will i study in higher education at uoft?,what subjects will I study in Higher Education at UOFT?,1,172,172,train,positive
Could you tell me what subjects will i study in higher education at uoft?,Does this policy apply to all three campuses?,0,172,306,train,random
Could you tell me what subjects will i study in higher education at uoft?,can you explain the structure of Higher Education at UOFT?,0,172,46,train,hard
what subjects will i study in higher education at uoft? Thanks.,what subjects will I study in Higher Education at UOFT?,1,172,172,dev,positive
what subjects will i study in higher education at uoft? Thanks.,can you explain the structure of Germanic Languages and Literatures at UOFT?,0,172,16,dev,random
what subjects will i study in higher education at uoft? Thanks.,what subjects will I study in Child Study and Education at UOFT?,0,172,163,dev,hard
Quick question: what are admission prerequisite for master of landscape architecture uoft?,what are the admission requirements for Master of Landscape Architecture at UOFT?,1,173,173,train,positive
Quick question: what are admission prerequisite for master of landscape architecture uoft?,Where can I get information on the status of my application?,0,173,441,train,random
Quick question: what are admission prerequisite for master of landscape architecture uoft?,what kind of research is done in Master of Landscape Architecture at UOFT?,0,173,119,train,hard
what are the admission prerequisite for master of landscape architecture at uoft? Thanks.,what are the admission requirements for Master of Landscape Architecture at UOFT?,1,173,173,train,positive
what are the admission prerequisite for master of landscape architecture at uoft? Thanks.,can you explain the structure of Physics at UOFT?,0,173,116,train,random
what are the admission prerequisite for master of landscape architecture at uoft? Thanks.,"what are the admission requirements for PhD in Architecture, Landscape, and Design at UOFT?",0,173,196,train,hard
Quick question: what are the admission prerequisite for master of landscape architecture uoft?,what are the admission requirements for Master of Landscape Architecture at UOFT?,1,173,173,dev,positive
Quick question: what are the admission prerequisite for master of landscape architecture uoft?,"Are staff, faculty and students able to smoke or vape tobacco or cannabis off university property and then go to work/class?",0,173,310,dev,random
Quick question: what are the admission prerequisite for master of landscape architecture uoft?,"what are the admission requirements for PhD in Architecture, Landscape, and Design at UOFT?",0,173,196,dev,hard
what sort of research is come phd forestry uoft? Any idea?,what kind of research is done in PhD in Forestry at UOFT?,1,174,174,train,positive
what sort of research is come phd forestry uoft? Any idea?,"What is the difference between an admission category, a program, and POSt? Can I apply directly to my program or specialist/major/minor?",0,174,335,train,random
what sort of research is come phd forestry uoft? Any idea?,can you explain the structure of PhD in Forestry at UOFT?,0,174,188,train,hard
what sort of research is come in phd in forestry at uoft?,what kind of research is done in PhD in Forestry at UOFT?,1,174,174,train,positive
what sort of research is come in phd in forestry at uoft?,Where do I submit my Vulnerable Sector Check clearance letter?,0,174,486,train,random
what sort of research is come in phd in forestry at uoft?,can you explain the structure of PhD in Forestry at UOFT?,0,174,188,train,hard
what sort research is come phd in forestry at uoft?,what kind of research is done in PhD in Forestry at UOFT?,1,174,174,dev,positive
what sort research is come phd in forestry at uoft?,can you explain the structure of Global Affairs at UOFT?,0,174,96,dev,random
what sort research is come phd in forestry at uoft?,can you explain the structure of PhD in Forestry at UOFT?,0,174,188,dev,hard
Could you tell me what sort of research is come in history at uoft?,what kind of research is done in History at UOFT?,1,175,175,train,positive
Could you tell me what sort of research is come in history at uoft?,How do I ensure that I will be assigned to a specific practicum/organization?,0,175,489,train,random
Could you tell me what sort of research is come in history at uoft?,what kind of research is done in Art History at UOFT?,0,175,150,train,hard
what sort research is come in history at uoft? Thanks.,what kind of research is done in History at UOFT?,1,175,175,train,positive
what sort research is come in history at uoft? Thanks.,what are the admission requirements for Canadian Law in a Global Context at UOFT?,0,175,191,train,random
what sort research is come in history at uoft? Thanks.,what kind of research is done in Art History at UOFT?,0,175,150,train,hard
what sort of research is come history at uoft? Any idea?,what kind of research is done in History at UOFT?,1,175,175,dev,positive
what sort of research is come history at uoft? Any idea?,what subjects will I study in Dalla Lana School of Public Health at UOFT?,0,175,80,dev,random
what sort of research is come history at uoft? Any idea?,what kind of research is done in Art History at UOFT?,0,175,150,dev,hard
Quick question: can you explain the structure of management phd at uoft?,"can you explain the structure of Management, PhD at UOFT?",1,176,176,train,positive
Quick question: can you explain the structure of management phd at uoft?,If I need to provide proof of English language proficiency will I get an offer of admission?,0,176,263,train,random
Quick question: can you explain the structure of management phd at uoft?,can you explain the structure of PhD in Forestry at UOFT?,0,176,188,train,hard
Could you tell me can you explain structure of management phd uoft?,"can you explain the structure of Management, PhD at UOFT?",1,176,176,train,positive
Could you tell me can you explain structure of management phd uoft?,How and when will I receive my scholarship/award payment?,0,176,377,train,random
Could you tell me can you explain structure of management phd uoft?,can you explain the structure of PhD in Forestry at UOFT?,0,176,188,train,hard
Could you tell me can you explain the structure of management phd at uoft?,"can you explain the structure of Management, PhD at UOFT?",1,176,176,dev,positive
Could you tell me can you explain the structure of management phd at uoft?,What is UTAlert?,0,176,283,dev,random
Could you tell me can you explain the structure of management phd at uoft?,can you explain the structure of PhD in Forestry at UOFT?,0,176,188,dev,hard
Help needed: what are admission prerequisite for spanish at uoft?,what are the admission requirements for Spanish at UOFT?,1,177,177,train,positive
Help needed: what are admission prerequisite for spanish at uoft?,can you explain the structure of Health Administration at UOFT?,0,177,30,train,random
Help needed: what are admission prerequisite for spanish at uoft?,what subjects will I study in Spanish at UOFT?,0,177,38,train,hard
Could you tell me what are the admission demand spanish at uoft?,what are the admission requirements for Spanish at UOFT?,1,177,177,train,positive
Could you tell me what are the admission demand spanish at uoft?,What are the admission requirements?,0,177,402,train,random
Could you tell me what are the admission demand spanish at uoft?,can you explain the structure of Spanish at UOFT?,0,177,9,train,hard
what are the admission demand for spanish at uoft? Any idea?,what are the admission requirements for Spanish at UOFT?,1,177,177,dev,positive
what are the admission demand for spanish at uoft? Any idea?,what are the admission requirements for Master of Architecture (post-professional) at UOFT?,0,177,187,dev,random
what are the admission demand for spanish at uoft? Any idea?,can you explain the structure of Spanish at UOFT?,0,177,9,dev,hard
Could you tell me what sort of research is come geography at uoft?,what kind of research is done in Geography at UOFT?,1,178,178,train,positive
Could you tell me what sort of research is come geography at uoft?,"What is an Unspecified credit? What does the 1**H, 2**Y, etc. mean?",0,178,389,train,random
Could you tell me what sort of research is come geography at uoft?,can you explain the structure of Geography at UOFT?,0,178,78,train,hard
what sort of research is come in geography at uoft?,what kind of research is done in Geography at UOFT?,1,178,178,train,positive
what sort of research is come in geography at uoft?,I was awarded the University of Toronto International Scholar Award but there has recently been a change to my legal status and now I qualify for domestic tuition. What do I do?,0,178,369,train,random
what sort of research is come in geography at uoft?,can you explain the structure of Geography at UOFT?,0,178,78,train,hard
Quick question: what sort research is come geography uoft?,what kind of research is done in Geography at UOFT?,1,178,178,dev,positive
Quick question: what sort research is come geography uoft?,what can I do with a degree in Museum Studies from UOFT?,0,178,202,dev,random
Quick question: what sort research is come geography uoft?,can you explain the structure of Geography at UOFT?,0,178,78,dev,hard
what can i do with degree in history from uoft? Thanks.,what can I do with a degree in History from UOFT?,1,179,179,train,positive
what can i do with degree in history from uoft? Thanks.,Where can I go to smoke?,0,179,308,train,random
what can i do with degree in history from uoft? Thanks.,what can I do with a degree in Art History from UOFT?,0,179,88,train,hard
Help needed: what can i do with a degree in history from uoft?,what can I do with a degree in History from UOFT?,1,179,179,train,positive
Help needed: what can i do with a degree in history from uoft?,can you explain the structure of Zheming (Taro) Cai at UOFT?,0,179,226,train,random
Help needed: what can i do with a degree in history from uoft?,what can I do with a degree in Art History from UOFT?,0,179,88,train,hard
Could you tell me what do with a degree history from uoft?,what can I do with a degree in History from UOFT?,1,179,179,dev,positive
Could you tell me what do with a degree history from uoft?,can you explain the structure of Educational Leadership and Policy at UOFT?,0,179,14,dev,random
Could you tell me what do with a degree history from uoft?,what can I do with a degree in Art History from UOFT?,0,179,88,dev,hard
can you explain structure linguistics at uoft?,can you explain the structure of Linguistics at UOFT?,1,180,180,train,positive
can you explain structure linguistics at uoft?,When will I hear a decision on my application?,0,180,442,train,random
can you explain structure linguistics at uoft?,can you explain the structure of English at UOFT?,0,180,65,train,hard
Help needed: can you explain structure of linguistics at uoft?,can you explain the structure of Linguistics at UOFT?,1,180,180,train,positive
Help needed: can you explain structure of linguistics at uoft?,what jobs can I get after Canadian Law in a Global Context at UOFT?,0,180,84,train,random
Help needed: can you explain structure of linguistics at uoft?,can you explain the structure of English at UOFT?,0,180,65,train,hard
can you explain the structure of linguistics uoft? Any idea?,can you explain the structure of Linguistics at UOFT?,1,180,180,dev,positive
can you explain the structure of linguistics uoft? Any idea?,Where do I send my application supporting documents?,0,180,436,dev,random
can you explain the structure of linguistics uoft? Any idea?,can you explain the structure of English at UOFT?,0,180,65,dev,hard
Could you tell me can you explain the structure of astronomy and astrophysics at uoft?,can you explain the structure of Astronomy and Astrophysics at UOFT?,1,181,181,train,positive
Could you tell me can you explain the structure of astronomy and astrophysics at uoft?,what can I do with a degree in Public Policy from UOFT?,0,181,211,train,random
Could you tell me can you explain the structure of astronomy and astrophysics at uoft?,what kind of research is done in Astronomy and Astrophysics at UOFT?,0,181,199,train,hard
Help needed: can you explain the structure astronomy astrophysics uoft?,can you explain the structure of Astronomy and Astrophysics at UOFT?,1,181,181,train,positive
Help needed: can you explain the structure astronomy astrophysics uoft?,My current transcript shows courses in-progress. Should I submit another transcript when new grades become available?,0,181,256,train,random
Help needed: can you explain the structure astronomy astrophysics uoft?,what kind of research is done in Astronomy and Astrophysics at UOFT?,0,181,199,train,hard
"Hi, can explain the structure of astronomy astrophysics uoft?",can you explain the structure of Astronomy and Astrophysics at UOFT?,1,181,181,dev,positive
"Hi, can explain the structure of astronomy astrophysics uoft?",How long will an assessment take?,0,181,381,dev,random
"Hi, can explain the structure of astronomy astrophysics uoft?",what kind of research is done in Astronomy and Astrophysics at UOFT?,0,181,199,dev,hard
what topic i study capstone at uoft? Any idea?,what subjects will I study in Capstone at UOFT?,1,182,182,train,positive
what topic i study capstone at uoft? Any idea?,What is a Generic credit?,0,182,390,train,random
what topic i study capstone at uoft? Any idea?,Are any courses offered online?,0,182,466,train,hard
Help needed: what topic i study in capstone at uoft?,what subjects will I study in Capstone at UOFT?,1,182,182,train,positive
Help needed: what topic i study in capstone at uoft?,Why is University of Toronto smoke-free?,0,182,303,train,random
Help needed: what topic i study in capstone at uoft?,what subjects will I study in Child Study and Education at UOFT?,0,182,163,train,hard
Quick question: what topic will i study in capstone at uoft?,what subjects will I study in Capstone at UOFT?,1,182,182,dev,positive
Quick question: what topic will i study in capstone at uoft?,Can I defer my scholarship(s) to the following September?,0,182,379,dev,random
Quick question: what topic will i study in capstone at uoft?,what subjects will I study in English at UOFT?,0,182,233,dev,hard
"Hi, what sort of research is come dentistry specialty training at uoft?",what kind of research is done in Dentistry (with Specialty Training) at UOFT?,1,183,183,train,positive
"Hi, what sort of research is come dentistry specialty training at uoft?",Where can I get information on the status of my application?,0,183,441,train,random
"Hi, what sort of research is come dentistry specialty training at uoft?",What number will alerts come from?,0,183,292,train,hard
Help needed: what sort research is come in dentistry specialty training at uoft?,what kind of research is done in Dentistry (with Specialty Training) at UOFT?,1,183,183,train,positive
Help needed: what sort research is come in dentistry specialty training at uoft?,What if my final high school grades change after I receive my scholarship offer?,0,183,367,train,random
Help needed: what sort research is come in dentistry specialty training at uoft?,What number will alerts come from?,0,183,292,train,hard
what sort of research is come in dentistry with specialty training uoft? Thanks.,what kind of research is done in Dentistry (with Specialty Training) at UOFT?,1,183,183,dev,positive
what sort of research is come in dentistry with specialty training uoft? Thanks.,"Can I add a special stole, jewelry or badges to my graduation gown?",0,183,278,dev,random
what sort of research is come in dentistry with specialty training uoft? Thanks.,What number will alerts come from?,0,183,292,dev,hard
what topic i study in counselling psychology at uoft?,what subjects will I study in Counselling Psychology at UOFT?,1,184,184,train,positive
what topic i study in counselling psychology at uoft?,what kind of research is done in European and Eurasian Studies at UOFT?,0,184,107,train,random
what topic i study in counselling psychology at uoft?,what can I do with a degree in Counselling Psychology from UOFT?,0,184,156,train,hard
Help needed: what topic will i study counselling psychology at uoft?,what subjects will I study in Counselling Psychology at UOFT?,1,184,184,train,positive
Help needed: what topic will i study counselling psychology at uoft?,describe the Health Administration curriculum at UOFT.,0,184,108,train,random
Help needed: what topic will i study counselling psychology at uoft?,what are the admission requirements for Counselling Psychology at UOFT?,0,184,87,train,hard
Help needed: what topic i study in counselling psychology at uoft?,what subjects will I study in Counselling Psychology at UOFT?,1,184,184,dev,positive
Help needed: what topic i study in counselling psychology at uoft?,what subjects will I study in Political Science at UOFT?,0,184,45,dev,random
Help needed: what topic i study in counselling psychology at uoft?,what can I do with a degree in Counselling Psychology from UOFT?,0,184,156,dev,hard
Could you tell me what topic will i survey fase technical emphases at uoft?,what subjects will I study in FASE Technical Emphases at UOFT?,1,185,185,train,positive
Could you tell me what topic will i survey fase technical emphases at uoft?,Can the system contact me by phone?,0,185,291,train,random
Could you tell me what topic will i survey fase technical emphases at uoft?,My institution will release transcripts to me but not to the institution to which I am applying. Will you accept transcripts submitted by me?,0,185,421,train,hard
what topic will i survey fase technical emphases at uoft? Thanks.,what subjects will I study in FASE Technical Emphases at UOFT?,1,185,185,train,positive
what topic will i survey fase technical emphases at uoft? Thanks.,Can I submit more than two letters of reference?,0,185,260,train,random
what topic will i survey fase technical emphases at uoft? Thanks.,what subjects will I study in English at UOFT?,0,185,233,train,hard
Help needed: what topic will i survey fase technical emphases at uoft?,what subjects will I study in FASE Technical Emphases at UOFT?,1,185,185,dev,positive
Help needed: what topic will i survey fase technical emphases at uoft?,can you explain the structure of Health Administration at UOFT?,0,185,30,dev,random
Help needed: what topic will i survey fase technical emphases at uoft?,Where can I find help with housing?,0,185,471,dev,hard
Help needed: what the research region in counselling clinical psychology at utsc at uoft?,what are the research areas in Counselling & Clinical Psychology at UTSC at UOFT?,1,186,186,train,positive
Help needed: what the research region in counselling clinical psychology at utsc at uoft?,"describe the PhD in Architecture, Landscape, and Design curriculum at UOFT.",0,186,3,train,random
Help needed: what the research region in counselling clinical psychology at utsc at uoft?,can you explain the structure of Counselling & Clinical Psychology at UTSC at UOFT?,0,186,83,train,hard
Quick question: what are the research region in counselling clinical psychology at utsc at uoft?,what are the research areas in Counselling & Clinical Psychology at UTSC at UOFT?,1,186,186,train,positive
Quick question: what are the research region in counselling clinical psychology at utsc at uoft?,The online admission application won't let me apply to the program I want - what's wrong?,0,186,248,train,random
Quick question: what are the research region in counselling clinical psychology at utsc at uoft?,can you explain the structure of Counselling & Clinical Psychology at UTSC at UOFT?,0,186,83,train,hard
Could you tell me what are the research region counselling clinical psychology at utsc uoft?,what are the research areas in Counselling & Clinical Psychology at UTSC at UOFT?,1,186,186,dev,positive
Could you tell me what are the research region counselling clinical psychology at utsc uoft?,How can I give feedback about practicum-related issues?,0,186,498,dev,random
Could you tell me what are the research region counselling clinical psychology at utsc uoft?,can you explain the structure of Counselling & Clinical Psychology at UTSC at UOFT?,0,186,83,dev,hard
Help needed: what are admission prerequisite master of architecture post professional uoft?,what are the admission requirements for Master of Architecture (post-professional) at UOFT?,1,187,187,train,positive
Help needed: what are admission prerequisite master of architecture post professional uoft?,can you explain the structure of One Year MMPA at UOFT?,0,187,40,train,random
Help needed: what are admission prerequisite master of architecture post professional uoft?,what subjects will I study in Master of Architecture (post-professional) at UOFT?,0,187,18,train,hard
Help needed: what are the admission prerequisite master of architecture post professional at uoft?,what are the admission requirements for Master of Architecture (post-professional) at UOFT?,1,187,187,train,positive
Help needed: what are the admission prerequisite master of architecture post professional at uoft?,what jobs can I get after Canadian Law in a Global Context at UOFT?,0,187,84,train,random
Help needed: what are the admission prerequisite master of architecture post professional at uoft?,what subjects will I study in Master of Architecture (post-professional) at UOFT?,0,187,18,train,hard
"Hi, what admission prerequisite for master of architecture post professional at uoft?",what are the admission requirements for Master of Architecture (post-professional) at UOFT?,1,187,187,dev,positive
"Hi, what admission prerequisite for master of architecture post professional at uoft?",can you explain the structure of Applied Computing at UOFT?,0,187,144,dev,random
"Hi, what admission prerequisite for master of architecture post professional at uoft?",what subjects will I study in Master of Architecture (post-professional) at UOFT?,0,187,18,dev,hard
can explain the structure of phd in forestry at uoft? Any idea?,can you explain the structure of PhD in Forestry at UOFT?,1,188,188,train,positive
can explain the structure of phd in forestry at uoft? Any idea?,How do I check my UTAlert settings and update my contact information?,0,188,294,train,random
can explain the structure of phd in forestry at uoft? Any idea?,can you explain the structure of Master of Science in Forestry at UOFT?,0,188,82,train,hard
"Hi, can you explain the structure of phd in forestry at uoft?",can you explain the structure of PhD in Forestry at UOFT?,1,188,188,train,positive
"Hi, can you explain the structure of phd in forestry at uoft?",I was refused admission - can I appeal?,0,188,270,train,random
"Hi, can you explain the structure of phd in forestry at uoft?",can you explain the structure of Master of Science in Forestry at UOFT?,0,188,82,train,hard
Could you tell me can you explain the structure phd in forestry at uoft?,can you explain the structure of PhD in Forestry at UOFT?,1,188,188,dev,positive
Could you tell me can you explain the structure phd in forestry at uoft?,Do I need a study permit to study in Canada as an international student?,0,188,449,dev,random
Could you tell me can you explain the structure phd in forestry at uoft?,can you explain the structure of Master of Science in Forestry at UOFT?,0,188,82,dev,hard
"Hi, can you explain the structure of chemistry at uoft?",can you explain the structure of Chemistry at UOFT?,1,189,189,train,positive
"Hi, can you explain the structure of chemistry at uoft?",What kind of computer or laptop should I buy?,0,189,468,train,random
"Hi, can you explain the structure of chemistry at uoft?",can you explain the structure of English at UOFT?,0,189,65,train,hard
can you explain the structure of chemistry uoft?,can you explain the structure of Chemistry at UOFT?,1,189,189,train,positive
can you explain the structure of chemistry uoft?,what courses are offered in Master of Visual Studies in Studio Art at UOFT?,0,189,1,train,random
can you explain the structure of chemistry uoft?,can you explain the structure of English at UOFT?,0,189,65,train,hard
Help needed: can you explain the structure chemistry at uoft?,can you explain the structure of Chemistry at UOFT?,1,189,189,dev,positive
Help needed: can you explain the structure chemistry at uoft?,what courses are offered in Slavic and East European Languages and Cultures at UOFT?,0,189,197,dev,random
Help needed: can you explain the structure chemistry at uoft?,can you explain the structure of English at UOFT?,0,189,65,dev,hard
what makes postdoctoral studies in school of architecture curriculum at mcgill unequaled? Any idea?,what makes the Postdoctoral Studies in the School of Architecture program at MCGILL unique?,1,190,190,train,positive
what makes postdoctoral studies in school of architecture curriculum at mcgill unequaled? Any idea?,"describe the PhD in Architecture, Landscape, and Design curriculum at UOFT.",0,190,3,train,random
what makes postdoctoral studies in school of architecture curriculum at mcgill unequaled? Any idea?,how can I apply to Postdoctoral Studies in the School of Architecture at MCGILL?,0,190,95,train,hard
Help needed: what makes the postdoctoral studies in the school architecture curriculum at mcgill unequaled?,what makes the Postdoctoral Studies in the School of Architecture program at MCGILL unique?,1,190,190,train,positive
Help needed: what makes the postdoctoral studies in the school architecture curriculum at mcgill unequaled?,what jobs can I get after Canadian Law in a Global Context at UOFT?,0,190,84,train,random
Help needed: what makes the postdoctoral studies in the school architecture curriculum at mcgill unequaled?,how can I apply to Postdoctoral Studies in the School of Architecture at MCGILL?,0,190,95,train,hard
what makes the postdoctoral studies in the school of architecture curriculum at mcgill unequaled?,what makes the Postdoctoral Studies in the School of Architecture program at MCGILL unique?,1,190,190,dev,positive
what makes the postdoctoral studies in the school of architecture curriculum at mcgill unequaled?,"If the award is renewable, what grade should I maintain?",0,190,372,dev,random
what makes the postdoctoral studies in the school of architecture curriculum at mcgill unequaled?,how can I apply to Postdoctoral Studies in the School of Architecture at MCGILL?,0,190,95,dev,hard
Help needed: what are admission prerequisite canadian law in a global context at uoft?,what are the admission requirements for Canadian Law in a Global Context at UOFT?,1,191,191,train,positive
Help needed: what are admission prerequisite canadian law in a global context at uoft?,When will I hear back after submitting my application?,0,191,340,train,random
Help needed: what are admission prerequisite canadian law in a global context at uoft?,what subjects will I study in Canadian Law in a Global Context at UOFT?,0,191,55,train,hard
Quick question: what are the admission demand for canadian law a global context uoft?,what are the admission requirements for Canadian Law in a Global Context at UOFT?,1,191,191,train,positive
Quick question: what are the admission demand for canadian law a global context uoft?,can you explain the structure of SURE: Summer Undergraduate Research in Engineering at MCGILL?,0,191,79,train,random
Quick question: what are the admission demand for canadian law a global context uoft?,what subjects will I study in Canadian Law in a Global Context at UOFT?,0,191,55,train,hard
Quick question: what admission prerequisite for canadian law in a global context at uoft?,what are the admission requirements for Canadian Law in a Global Context at UOFT?,1,191,191,dev,positive
Quick question: what admission prerequisite for canadian law in a global context at uoft?,"describe the PhD in Architecture, Landscape, and Design curriculum at UOFT.",0,191,3,dev,random
Quick question: what admission prerequisite for canadian law in a global context at uoft?,what subjects will I study in Canadian Law in a Global Context at UOFT?,0,191,55,dev,hard
"Hi, what research opportunities exist in postdoctoral studies in the school of architecture mcgill?",what research opportunities exist in Postdoctoral Studies in the School of Architecture at MCGILL?,1,192,192,train,positive
"Hi, what research opportunities exist in postdoctoral studies in the school of architecture mcgill?",what kind of research is done in Teaching at UOFT?,0,192,112,train,random
"Hi, what research opportunities exist in postdoctoral studies in the school of architecture mcgill?",how can I apply to Postdoctoral Studies in the School of Architecture at MCGILL?,0,192,95,train,hard
what research opportunities exist in postdoctoral studies in the school of architecture mcgill?,what research opportunities exist in Postdoctoral Studies in the School of Architecture at MCGILL?,1,192,192,train,positive
what research opportunities exist in postdoctoral studies in the school of architecture mcgill?,can you explain the structure of Master of Urban Design (post-professional) at UOFT?,0,192,60,train,random
what research opportunities exist in postdoctoral studies in the school of architecture mcgill?,how can I apply to Postdoctoral Studies in the School of Architecture at MCGILL?,0,192,95,train,hard
Could you tell me what research opportunities exist in postdoctoral studies in the school architecture at mcgill?,what research opportunities exist in Postdoctoral Studies in the School of Architecture at MCGILL?,1,192,192,dev,positive
Could you tell me what research opportunities exist in postdoctoral studies in the school architecture at mcgill?,What does smoke-free mean? Does this include cannabis?,0,192,304,dev,random
Could you tell me what research opportunities exist in postdoctoral studies in the school architecture at mcgill?,how can I apply to Postdoctoral Studies in the School of Architecture at MCGILL?,0,192,95,dev,hard
can you explain structure of civil engineering undergraduate program uoft? Thanks.,can you explain the structure of Civil Engineering Undergraduate Program at UOFT?,1,193,193,train,positive
can you explain structure of civil engineering undergraduate program uoft? Thanks.,can you explain the structure of Music at UOFT?,0,193,111,train,random
can you explain structure of civil engineering undergraduate program uoft? Thanks.,can you explain the structure of Mineral Engineering Undergraduate Program at UOFT?,0,193,120,train,hard
"Hi, can explain the structure of civil engineering undergraduate program at uoft?",can you explain the structure of Civil Engineering Undergraduate Program at UOFT?,1,193,193,train,positive
"Hi, can explain the structure of civil engineering undergraduate program at uoft?",what are the admission requirements for Industrial Engineering at UOFT?,0,193,157,train,random
"Hi, can explain the structure of civil engineering undergraduate program at uoft?",what subjects will I study in Civil Engineering Undergraduate Program at UOFT?,0,193,215,train,hard
Could you tell me can you explain the structure civil engineering undergraduate program at uoft?,can you explain the structure of Civil Engineering Undergraduate Program at UOFT?,1,193,193,dev,positive
Could you tell me can you explain the structure civil engineering undergraduate program at uoft?,what subjects will I study in Electrical & Computer Engineering Undergraduate Program at UOFT?,0,193,218,dev,random
Could you tell me can you explain the structure civil engineering undergraduate program at uoft?,can you explain the structure of Mineral Engineering Undergraduate Program at UOFT?,0,193,120,dev,hard
what sort of research is come in master of forest conservation at uoft? Thanks.,what kind of research is done in Master of Forest Conservation at UOFT?,1,194,194,train,positive
what sort of research is come in master of forest conservation at uoft? Thanks.,what courses are offered in Master of Visual Studies in Studio Art at UOFT?,0,194,1,train,random
what sort of research is come in master of forest conservation at uoft? Thanks.,what subjects will I study in Master of Forest Conservation at UOFT?,0,194,44,train,hard
what sort of research is come in master of forest conservation uoft?,what kind of research is done in Master of Forest Conservation at UOFT?,1,194,194,train,positive
what sort of research is come in master of forest conservation uoft?,I still have questions about my U of T Mississauga admission award. Who do I contact?,0,194,380,train,random
what sort of research is come in master of forest conservation uoft?,what subjects will I study in Master of Forest Conservation at UOFT?,0,194,44,train,hard
Could you tell me what sort of research is come in master of forest conservation at uoft?,what kind of research is done in Master of Forest Conservation at UOFT?,1,194,194,dev,positive
Could you tell me what sort of research is come in master of forest conservation at uoft?,"My degree includes transfer credit/exchange study, is a transcript for that needed?",0,194,257,dev,random
Could you tell me what sort of research is come in master of forest conservation at uoft?,what subjects will I study in Master of Forest Conservation at UOFT?,0,194,44,dev,hard
Quick question: can you explain structure pro bono students canada pbsc at uoft?,can you explain the structure of Pro Bono Students Canada (PBSC) at UOFT?,1,195,195,train,positive
Quick question: can you explain structure pro bono students canada pbsc at uoft?,Do I need to submit proof of English proficiency?,0,195,357,train,random
Quick question: can you explain structure pro bono students canada pbsc at uoft?,what are the career prospects for Pro Bono Students Canada (PBSC) graduates from UOFT?,0,195,213,train,hard
Help needed: can you explain structure of pro bono students canada pbsc at uoft?,can you explain the structure of Pro Bono Students Canada (PBSC) at UOFT?,1,195,195,train,positive
Help needed: can you explain structure of pro bono students canada pbsc at uoft?,Can I find my own practicum?,0,195,482,train,random
Help needed: can you explain structure of pro bono students canada pbsc at uoft?,what are the career prospects for Pro Bono Students Canada (PBSC) graduates from UOFT?,0,195,213,train,hard
can you explain structure of pro bono students canada pbsc at uoft? Any idea?,can you explain the structure of Pro Bono Students Canada (PBSC) at UOFT?,1,195,195,dev,positive
can you explain structure of pro bono students canada pbsc at uoft? Any idea?,What is an Extra?,0,195,392,dev,random
can you explain structure of pro bono students canada pbsc at uoft? Any idea?,what are the career prospects for Pro Bono Students Canada (PBSC) graduates from UOFT?,0,195,213,dev,hard
what the admission prerequisite for phd in architecture landscape and design at uoft? Thanks.,"what are the admission requirements for PhD in Architecture, Landscape, and Design at UOFT?",1,196,196,train,positive
what the admission prerequisite for phd in architecture landscape and design at uoft? Thanks.,what subjects will I study in Political Science at UOFT?,0,196,45,train,random
what the admission prerequisite for phd in architecture landscape and design at uoft? Thanks.,"describe the PhD in Architecture, Landscape, and Design curriculum at UOFT.",0,196,3,train,hard
Could you tell me what are the admission prerequisite for phd architecture landscape design uoft?,"what are the admission requirements for PhD in Architecture, Landscape, and Design at UOFT?",1,196,196,train,positive
Could you tell me what are the admission prerequisite for phd architecture landscape design uoft?,what kind of research is done in Political Science at UOFT?,0,196,203,train,random
Could you tell me what are the admission prerequisite for phd architecture landscape design uoft?,"describe the PhD in Architecture, Landscape, and Design curriculum at UOFT.",0,196,3,train,hard
Help needed: what are admission prerequisite for phd architecture landscape and design at uoft?,"what are the admission requirements for PhD in Architecture, Landscape, and Design at UOFT?",1,196,196,dev,positive
Help needed: what are admission prerequisite for phd architecture landscape and design at uoft?,"My school sent my transcript last week, how do I know if you have received it?",0,196,350,dev,random
Help needed: what are admission prerequisite for phd architecture landscape and design at uoft?,"describe the PhD in Architecture, Landscape, and Design curriculum at UOFT.",0,196,3,dev,hard
what courses are provide slavic east european languages cultures at uoft? Any idea?,what courses are offered in Slavic and East European Languages and Cultures at UOFT?,1,197,197,train,positive
what courses are provide slavic east european languages cultures at uoft? Any idea?,what research opportunities exist in Master of Education in Counselling Psychology; (Global Mental Health & Counselling Psychology Field) Dual Degree Programs at UOFT?,0,197,24,train,random
what courses are provide slavic east european languages cultures at uoft? Any idea?,what makes the Slavic and East European Languages and Cultures program at UOFT unique?,0,197,123,train,hard
Quick question: what courses provide in slavic and east european languages and cultures at uoft?,what courses are offered in Slavic and East European Languages and Cultures at UOFT?,1,197,197,train,positive
Quick question: what courses provide in slavic and east european languages and cultures at uoft?,"My mid-term grades will not be released until December/January/February, how should I self-report my grades?",0,197,347,train,random
Quick question: what courses provide in slavic and east european languages and cultures at uoft?,what makes the Slavic and East European Languages and Cultures program at UOFT unique?,0,197,123,train,hard
what courses are provide in slavic east european languages cultures at uoft? Any idea?,what courses are offered in Slavic and East European Languages and Cultures at UOFT?,1,197,197,dev,positive
what courses are provide in slavic east european languages cultures at uoft? Any idea?,Am I eligible to work in Canada while studying?,0,197,452,dev,random
what courses are provide in slavic east european languages cultures at uoft? Any idea?,what makes the Slavic and East European Languages and Cultures program at UOFT unique?,0,197,123,dev,hard
what can i do with degree in civil engineering undergraduate program uoft?,what can I do with a degree in Civil Engineering Undergraduate Program from UOFT?,1,198,198,train,positive
what can i do with degree in civil engineering undergraduate program uoft?,what can I do with a degree in Aerospace Science and Engineering from UOFT?,0,198,70,train,random
what can i do with degree in civil engineering undergraduate program uoft?,what can I do with a degree in Engineering Science Undergraduate Program from UOFT?,0,198,169,train,hard
what can i do a degree in civil engineering undergraduate program from uoft? Any idea?,what can I do with a degree in Civil Engineering Undergraduate Program from UOFT?,1,198,198,train,positive
what can i do a degree in civil engineering undergraduate program from uoft? Any idea?,what are the admission requirements for Global Professional Law at UOFT?,0,198,162,train,random
what can i do a degree in civil engineering undergraduate program from uoft? Any idea?,what can I do with a degree in Engineering Science Undergraduate Program from UOFT?,0,198,169,train,hard
what can i do with a degree in civil engineering undergraduate program from uoft? Thanks.,what can I do with a degree in Civil Engineering Undergraduate Program from UOFT?,1,198,198,dev,positive
what can i do with a degree in civil engineering undergraduate program from uoft? Thanks.,can you explain the structure of Materials Engineering Undergraduate Program at UOFT?,0,198,234,dev,random
what can i do with a degree in civil engineering undergraduate program from uoft? Thanks.,what can I do with a degree in Engineering Science Undergraduate Program from UOFT?,0,198,169,dev,hard
"Hi, what sort of research is come in astronomy and astrophysics at uoft?",what kind of research is done in Astronomy and Astrophysics at UOFT?,1,199,199,train,positive
"Hi, what sort of research is come in astronomy and astrophysics at uoft?",what are the admission requirements for Physical Therapy at UOFT?,0,199,206,train,random
"Hi, what sort of research is come in astronomy and astrophysics at uoft?",can you explain the structure of Astronomy and Astrophysics at UOFT?,0,199,181,train,hard
"Hi, what sort of research come in astronomy and astrophysics at uoft?",what kind of research is done in Astronomy and Astrophysics at UOFT?,1,199,199,train,positive
"Hi, what sort of research come in astronomy and astrophysics at uoft?",what courses are offered in Master of Visual Studies in Studio Art at UOFT?,0,199,1,train,random
"Hi, what sort of research come in astronomy and astrophysics at uoft?",can you explain the structure of Astronomy and Astrophysics at UOFT?,0,199,181,train,hard
what sort of research is come astronomy and astrophysics at uoft? Thanks.,what kind of research is done in Astronomy and Astrophysics at UOFT?,1,199,199,dev,positive
what sort of research is come astronomy and astrophysics at uoft? Thanks.,I'm waiting for an update on the status of my Visa application. Can I register for Jump Start?,0,199,321,dev,random
what sort of research is come astronomy and astrophysics at uoft? Thanks.,can you explain the structure of Astronomy and Astrophysics at UOFT?,0,199,181,dev,hard
Quick question: what subjects will i study in industrial engineering undergraduate program at uoft?,what subjects will I study in Industrial Engineering Undergraduate Program at UOFT?,1,200,200,train,positive
Quick question: what subjects will i study in industrial engineering undergraduate program at uoft?,what kind of research is done in Applied Computing at UOFT?,0,200,171,train,random
Quick question: what subjects will i study in industrial engineering undergraduate program at uoft?,what subjects will I study in Engineering Science Undergraduate Program at UOFT?,0,200,201,train,hard
"Hi, what subjects will i study industrial engineering undergraduate program at uoft?",what subjects will I study in Industrial Engineering Undergraduate Program at UOFT?,1,200,200,train,positive
"Hi, what subjects will i study industrial engineering undergraduate program at uoft?",Can I participate in the Jump Start program?,0,200,318,train,random
"Hi, what subjects will i study industrial engineering undergraduate program at uoft?",what subjects will I study in Engineering Science Undergraduate Program at UOFT?,0,200,201,train,hard
what subjects will study in industrial engineering undergraduate program at uoft? Any idea?,what subjects will I study in Industrial Engineering Undergraduate Program at UOFT?,1,200,200,dev,positive
what subjects will study in industrial engineering undergraduate program at uoft? Any idea?,what subjects will I study in Master of Urban Design (post-professional) at UOFT?,0,200,56,dev,random
what subjects will study in industrial engineering undergraduate program at uoft? Any idea?,what subjects will I study in Engineering Science Undergraduate Program at UOFT?,0,200,201,dev,hard
what subjects i study in engineering science undergraduate program at uoft? Thanks.,what subjects will I study in Engineering Science Undergraduate Program at UOFT?,1,201,201,train,positive
what subjects i study in engineering science undergraduate program at uoft? Thanks.,what subjects will I study in Master of Urban Design (post-professional) at UOFT?,0,201,56,train,random
what subjects i study in engineering science undergraduate program at uoft? Thanks.,what subjects will I study in Industrial Engineering Undergraduate Program at UOFT?,0,201,200,train,hard
Quick question: what subjects will study in engineering science undergraduate program at uoft?,what subjects will I study in Engineering Science Undergraduate Program at UOFT?,1,201,201,train,positive
Quick question: what subjects will study in engineering science undergraduate program at uoft?,My previous program is ungraded - what should I do?,0,201,266,train,random
Quick question: what subjects will study in engineering science undergraduate program at uoft?,what subjects will I study in Industrial Engineering Undergraduate Program at UOFT?,0,201,200,train,hard
Quick question: what subjects will i study engineering science undergraduate program uoft?,what subjects will I study in Engineering Science Undergraduate Program at UOFT?,1,201,201,dev,positive
Quick question: what subjects will i study engineering science undergraduate program uoft?,what are the admission requirements for Master of Applied Science (MASc) at UOFT?,0,201,25,dev,random
Quick question: what subjects will i study engineering science undergraduate program uoft?,what subjects will I study in Industrial Engineering Undergraduate Program at UOFT?,0,201,200,dev,hard
Quick question: what can i do with a degree museum studies uoft?,what can I do with a degree in Museum Studies from UOFT?,1,202,202,train,positive
Quick question: what can i do with a degree museum studies uoft?,Can I receive UTAlert notifications from all three campuses?,0,202,290,train,random
Quick question: what can i do with a degree museum studies uoft?,can you explain the structure of Museum Studies at UOFT?,0,202,91,train,hard
"Hi, what can i do with a degree museum studies from uoft?",what can I do with a degree in Museum Studies from UOFT?,1,202,202,train,positive
"Hi, what can i do with a degree museum studies from uoft?","I have submitted my application but want to make a change, how do I do that?",0,202,343,train,random
"Hi, what can i do with a degree museum studies from uoft?",what can I do with a degree in History from UOFT?,0,202,179,train,hard
what can i do with a degree in museum studies from uoft? Any idea?,what can I do with a degree in Museum Studies from UOFT?,1,202,202,dev,positive
what can i do with a degree in museum studies from uoft? Any idea?,what can I do with a degree in Industrial Engineering Undergraduate Program from UOFT?,0,202,104,dev,random
what can i do with a degree in museum studies from uoft? Any idea?,what can I do with a degree in History from UOFT?,0,202,179,dev,hard
what sort of research is come in political science at uoft? Any idea?,what kind of research is done in Political Science at UOFT?,1,203,203,train,positive
what sort of research is come in political science at uoft? Any idea?,May I defer admission to the University of Toronto?,0,203,448,train,random
what sort of research is come in political science at uoft? Any idea?,what subjects will I study in Political Science at UOFT?,0,203,45,train,hard
Quick question: what sort of research is come political science at uoft?,what kind of research is done in Political Science at UOFT?,1,203,203,train,positive
Quick question: what sort of research is come political science at uoft?,Is there a deadline to submit my transfer credit application and documentation?,0,203,384,train,random
Quick question: what sort of research is come political science at uoft?,can you explain the structure of Political Science at UOFT?,0,203,21,train,hard
"Hi, what sort research come political science at uoft?",what kind of research is done in Political Science at UOFT?,1,203,203,dev,positive
"Hi, what sort research come political science at uoft?",can you explain the structure of Civil Engineering Undergraduate Program at UOFT?,0,203,193,dev,random
"Hi, what sort research come political science at uoft?",what subjects will I study in Political Science at UOFT?,0,203,45,dev,hard
Quick question: what topic will study in pharmaceutical sciences at uoft?,what subjects will I study in Pharmaceutical Sciences at UOFT?,1,204,204,train,positive
Quick question: what topic will study in pharmaceutical sciences at uoft?,Can I appeal a transfer credit decision?,0,204,383,train,random
Quick question: what topic will study in pharmaceutical sciences at uoft?,what subjects will I study in English at UOFT?,0,204,233,train,hard
what topic will i study in pharmaceutical sciences at uoft? Any idea?,what subjects will I study in Pharmaceutical Sciences at UOFT?,1,204,204,train,positive
what topic will i study in pharmaceutical sciences at uoft? Any idea?,May I defer admission to the University of Toronto?,0,204,448,train,random
what topic will i study in pharmaceutical sciences at uoft? Any idea?,what subjects will I study in English at UOFT?,0,204,233,train,hard
Quick question: what topic will i study in pharmaceutical sciences at uoft?,what subjects will I study in Pharmaceutical Sciences at UOFT?,1,204,204,dev,positive
Quick question: what topic will i study in pharmaceutical sciences at uoft?,"If I have larger personal items, where can I store them?",0,204,273,dev,random
Quick question: what topic will i study in pharmaceutical sciences at uoft?,what subjects will I study in English at UOFT?,0,204,233,dev,hard
"Hi, what can i do with a degree mineral engineering undergraduate program uoft?",what can I do with a degree in Mineral Engineering Undergraduate Program from UOFT?,1,205,205,train,positive
"Hi, what can i do with a degree mineral engineering undergraduate program uoft?",What do I do if I see someone smoking on campus?,0,205,314,train,random
"Hi, what can i do with a degree mineral engineering undergraduate program uoft?",what can I do with a degree in Engineering Science Undergraduate Program from UOFT?,0,205,169,train,hard
Quick question: what i do with a degree in mineral engineering undergraduate program from uoft?,what can I do with a degree in Mineral Engineering Undergraduate Program from UOFT?,1,205,205,train,positive
Quick question: what i do with a degree in mineral engineering undergraduate program from uoft?,what are the career prospects for Germanic Languages and Literatures graduates from UOFT?,0,205,160,train,random
Quick question: what i do with a degree in mineral engineering undergraduate program from uoft?,what can I do with a degree in Engineering Science Undergraduate Program from UOFT?,0,205,169,train,hard
Quick question: what can do a degree in mineral engineering undergraduate program from uoft?,what can I do with a degree in Mineral Engineering Undergraduate Program from UOFT?,1,205,205,dev,positive
Quick question: what can do a degree in mineral engineering undergraduate program from uoft?,"what are the career prospects for Drama, Theatre and Performance Studies graduates from UOFT?",0,205,155,dev,random
Quick question: what can do a degree in mineral engineering undergraduate program from uoft?,what can I do with a degree in Engineering Science Undergraduate Program from UOFT?,0,205,169,dev,hard
Quick question: what are the admission prerequisite physical therapy uoft?,what are the admission requirements for Physical Therapy at UOFT?,1,206,206,train,positive
Quick question: what are the admission prerequisite physical therapy uoft?,what are the career prospects for Medical Science graduates from UOFT?,0,206,128,train,random
Quick question: what are the admission prerequisite physical therapy uoft?,what can I do with a degree in Physical Therapy from UOFT?,0,206,85,train,hard
"Hi, what are admission demand physical therapy at uoft?",what are the admission requirements for Physical Therapy at UOFT?,1,206,206,train,positive
"Hi, what are admission demand physical therapy at uoft?",what subjects will I study in Language and Literacies Education at UOFT?,0,206,118,train,random
"Hi, what are admission demand physical therapy at uoft?",what can I do with a degree in Physical Therapy from UOFT?,0,206,85,train,hard
Quick question: what are the admission demand for physical therapy at uoft?,what are the admission requirements for Physical Therapy at UOFT?,1,206,206,dev,positive
Quick question: what are the admission demand for physical therapy at uoft?,"What is an Unspecified credit? What does the 1**H, 2**Y, etc. mean?",0,206,389,dev,random
Quick question: what are the admission demand for physical therapy at uoft?,what can I do with a degree in Physical Therapy from UOFT?,0,206,85,dev,hard
what sort of research is come in chemical engineering undergraduate program at uoft? Thanks.,what kind of research is done in Chemical Engineering Undergraduate Program at UOFT?,1,207,207,train,positive
what sort of research is come in chemical engineering undergraduate program at uoft? Thanks.,can you explain the structure of Health Administration at UOFT?,0,207,30,train,random
what sort of research is come in chemical engineering undergraduate program at uoft? Thanks.,what subjects will I study in Engineering Science Undergraduate Program at UOFT?,0,207,201,train,hard
what sort research come in chemical engineering undergraduate program at uoft? Thanks.,what kind of research is done in Chemical Engineering Undergraduate Program at UOFT?,1,207,207,train,positive
what sort research come in chemical engineering undergraduate program at uoft? Thanks.,How and when will I receive my scholarship/award payment?,0,207,377,train,random
what sort research come in chemical engineering undergraduate program at uoft? Thanks.,what subjects will I study in Engineering Science Undergraduate Program at UOFT?,0,207,201,train,hard
Could you tell me what sort of research come chemical engineering undergraduate program at uoft?,what kind of research is done in Chemical Engineering Undergraduate Program at UOFT?,1,207,207,dev,positive
Could you tell me what sort of research come chemical engineering undergraduate program at uoft?,May I defer admission to the University of Toronto?,0,207,448,dev,random
Could you tell me what sort of research come chemical engineering undergraduate program at uoft?,can you explain the structure of Civil Engineering Undergraduate Program at UOFT?,0,207,193,dev,hard
"Hi, what can i do with a degree in forest conservation from uoft?",what can I do with a degree in Forest Conservation from UOFT?,1,208,208,train,positive
"Hi, what can i do with a degree in forest conservation from uoft?",what are the career prospects for Genetic Counselling graduates from UOFT?,0,208,228,train,random
"Hi, what can i do with a degree in forest conservation from uoft?",what can I do with a degree in History from UOFT?,0,208,179,train,hard
what i do with a degree in forest conservation from uoft?,what can I do with a degree in Forest Conservation from UOFT?,1,208,208,train,positive
what i do with a degree in forest conservation from uoft?,"Will I need to submit reference letters, personal statements, or supplementary applications?",0,208,332,train,random
what i do with a degree in forest conservation from uoft?,what subjects will I study in Master of Forest Conservation at UOFT?,0,208,44,train,hard
"Hi, what i do with a degree in forest conservation from uoft?",what can I do with a degree in Forest Conservation from UOFT?,1,208,208,dev,positive
"Hi, what i do with a degree in forest conservation from uoft?",Who receives UTAlert notifications?,0,208,284,dev,random
"Hi, what i do with a degree in forest conservation from uoft?",what subjects will I study in Master of Forest Conservation at UOFT?,0,208,44,dev,hard
what are the admission demand for one year mmpa uoft? Any idea?,what are the admission requirements for One Year MMPA at UOFT?,1,209,209,train,positive
what are the admission demand for one year mmpa uoft? Any idea?,what subjects will I study in Spanish at UOFT?,0,209,38,train,random
what are the admission demand for one year mmpa uoft? Any idea?,what are the admission requirements for Two Year MMPA at UOFT?,0,209,158,train,hard
Could you tell me what are the admission demand for one year mmpa at uoft?,what are the admission requirements for One Year MMPA at UOFT?,1,209,209,train,positive
Could you tell me what are the admission demand for one year mmpa at uoft?,what are the research areas in SURE: Summer Undergraduate Research in Engineering at MCGILL?,0,209,133,train,random
Could you tell me what are the admission demand for one year mmpa at uoft?,can you explain the structure of One Year MMPA at UOFT?,0,209,40,train,hard
Could you tell me what admission demand for one year mmpa uoft?,what are the admission requirements for One Year MMPA at UOFT?,1,209,209,dev,positive
Could you tell me what admission demand for one year mmpa uoft?,How do I know if I'm already in the UTAlert system?,0,209,286,dev,random
Could you tell me what admission demand for one year mmpa uoft?,can you explain the structure of One Year MMPA at UOFT?,0,209,40,dev,hard
Could you tell me what can do with a degree global affairs uoft?,what can I do with a degree in Global Affairs from UOFT?,1,210,210,train,positive
Could you tell me what can do with a degree global affairs uoft?,can you explain the structure of Master of Urban Design (post-professional) at UOFT?,0,210,60,train,random
Could you tell me what can do with a degree global affairs uoft?,can you explain the structure of Global Affairs at UOFT?,0,210,96,train,hard
Quick question: what can i do a degree in global affairs from uoft?,what can I do with a degree in Global Affairs from UOFT?,1,210,210,train,positive
Quick question: what can i do a degree in global affairs from uoft?,what are the admission requirements for Physical Therapy at UOFT?,0,210,206,train,random
Quick question: what can i do a degree in global affairs from uoft?,what can I do with a degree in Global Professional Law from UOFT?,0,210,63,train,hard
Could you tell me what can i do a degree global affairs from uoft?,what can I do with a degree in Global Affairs from UOFT?,1,210,210,dev,positive
Could you tell me what can i do a degree global affairs from uoft?,can you explain the structure of Medical Science at UOFT?,0,210,51,dev,random
Could you tell me what can i do a degree global affairs from uoft?,can you explain the structure of Global Affairs at UOFT?,0,210,96,dev,hard
Quick question: what can i do with a degree public policy uoft?,what can I do with a degree in Public Policy from UOFT?,1,211,211,train,positive
Quick question: what can i do with a degree public policy uoft?,what research opportunities exist in Doctor of Philosophy in School & Clinical Child Psychology at UOFT?,0,211,49,train,random
Quick question: what can i do with a degree public policy uoft?,what subjects will I study in Public Policy at UOFT?,0,211,86,train,hard
"Hi, what i do with a degree in public policy uoft?",what can I do with a degree in Public Policy from UOFT?,1,211,211,train,positive
"Hi, what i do with a degree in public policy uoft?",When are references due?,0,211,433,train,random
"Hi, what i do with a degree in public policy uoft?",what subjects will I study in Public Policy at UOFT?,0,211,86,train,hard
Quick question: what can i with a degree public policy uoft?,what can I do with a degree in Public Policy from UOFT?,1,211,211,dev,positive
Quick question: what can i with a degree public policy uoft?,can you explain the structure of Financial Economics at UOFT?,0,211,59,dev,random
Quick question: what can i with a degree public policy uoft?,what subjects will I study in Public Policy at UOFT?,0,211,86,dev,hard
what are the vocation prognosis for bachelor of arts visual studies alumna from uoft? Any idea?,"what are the career prospects for Bachelor of Arts, Visual Studies graduates from UOFT?",1,212,212,train,positive
what are the vocation prognosis for bachelor of arts visual studies alumna from uoft? Any idea?,What are the Terms & Conditions of my offer of admission to the University of Toronto Mississauga?,0,212,354,train,random
what are the vocation prognosis for bachelor of arts visual studies alumna from uoft? Any idea?,"what subjects will I study in Bachelor of Arts, Visual Studies at UOFT?",0,212,42,train,hard
Help needed: what are the vocation prognosis bachelor of arts visual studies alumna uoft?,"what are the career prospects for Bachelor of Arts, Visual Studies graduates from UOFT?",1,212,212,train,positive
Help needed: what are the vocation prognosis bachelor of arts visual studies alumna uoft?,When should I register for courses at U of T Mississauga?,0,212,394,train,random
Help needed: what are the vocation prognosis bachelor of arts visual studies alumna uoft?,"what subjects will I study in Bachelor of Arts, Visual Studies at UOFT?",0,212,42,train,hard
Could you tell me what are vocation prognosis bachelor of arts visual studies alumna from uoft?,"what are the career prospects for Bachelor of Arts, Visual Studies graduates from UOFT?",1,212,212,dev,positive
Could you tell me what are vocation prognosis bachelor of arts visual studies alumna from uoft?,can you explain the structure of Ecology and Evolutionary Biology at UOFT?,0,212,48,dev,random
Could you tell me what are vocation prognosis bachelor of arts visual studies alumna from uoft?,"what subjects will I study in Bachelor of Arts, Visual Studies at UOFT?",0,212,42,dev,hard
"Hi, what are the vocation prognosis pro bono students canada pbsc alumnus uoft?",what are the career prospects for Pro Bono Students Canada (PBSC) graduates from UOFT?,1,213,213,train,positive
"Hi, what are the vocation prognosis pro bono students canada pbsc alumnus uoft?",can you explain the structure of English at UOFT?,0,213,65,train,random
"Hi, what are the vocation prognosis pro bono students canada pbsc alumnus uoft?",can you explain the structure of Pro Bono Students Canada (PBSC) at UOFT?,0,213,195,train,hard
what are the vocation prognosis for pro bono students canada pbsc alumnus from uoft? Any idea?,what are the career prospects for Pro Bono Students Canada (PBSC) graduates from UOFT?,1,213,213,train,positive
what are the vocation prognosis for pro bono students canada pbsc alumnus from uoft? Any idea?,what research opportunities exist in Counselling and Clinical Psychology - Field in Clinical and Counselling Psychology (OISE) at UOFT?,0,213,129,train,random
what are the vocation prognosis for pro bono students canada pbsc alumnus from uoft? Any idea?,can you explain the structure of Pro Bono Students Canada (PBSC) at UOFT?,0,213,195,train,hard
what the vocation prognosis pro bono students canada pbsc alumnus uoft? Thanks.,what are the career prospects for Pro Bono Students Canada (PBSC) graduates from UOFT?,1,213,213,dev,positive
what the vocation prognosis pro bono students canada pbsc alumnus uoft? Thanks.,what kind of research is done in Astronomy and Astrophysics at UOFT?,0,213,199,dev,random
what the vocation prognosis pro bono students canada pbsc alumnus uoft? Thanks.,can you explain the structure of Pro Bono Students Canada (PBSC) at UOFT?,0,213,195,dev,hard
what topic survey in health policy management and evaluation uoft? Thanks.,"what subjects will I study in Health Policy, Management and Evaluation at UOFT?",1,214,214,train,positive
what topic survey in health policy management and evaluation uoft? Thanks.,can you explain the structure of Buddy Program at MCGILL?,0,214,124,train,random
what topic survey in health policy management and evaluation uoft? Thanks.,"can you explain the structure of Health Policy, Management and Evaluation at UOFT?",0,214,154,train,hard
what topic will i survey in health policy management and evaluation at uoft? Thanks.,"what subjects will I study in Health Policy, Management and Evaluation at UOFT?",1,214,214,train,positive
what topic will i survey in health policy management and evaluation at uoft? Thanks.,I am an international applicant. How do I know if you recognize my degree?,0,214,407,train,random
what topic will i survey in health policy management and evaluation at uoft? Thanks.,"can you explain the structure of Health Policy, Management and Evaluation at UOFT?",0,214,154,train,hard
Could you tell me what topic i survey in health policy management evaluation at uoft?,"what subjects will I study in Health Policy, Management and Evaluation at UOFT?",1,214,214,dev,positive
Could you tell me what topic i survey in health policy management evaluation at uoft?,"I was required to pay an Admission Deposit, is this refundable?",0,214,376,dev,random
Could you tell me what topic i survey in health policy management evaluation at uoft?,"can you explain the structure of Health Policy, Management and Evaluation at UOFT?",0,214,154,dev,hard
"Hi, what subjects will i study in civil engineering undergraduate program at uoft?",what subjects will I study in Civil Engineering Undergraduate Program at UOFT?,1,215,215,train,positive
"Hi, what subjects will i study in civil engineering undergraduate program at uoft?",can you explain the structure of Biotechnology at UOFT?,0,215,73,train,random
"Hi, what subjects will i study in civil engineering undergraduate program at uoft?",what subjects will I study in Engineering Science Undergraduate Program at UOFT?,0,215,201,train,hard
"Hi, what subjects i study in civil engineering undergraduate program uoft?",what subjects will I study in Civil Engineering Undergraduate Program at UOFT?,1,215,215,train,positive
"Hi, what subjects i study in civil engineering undergraduate program uoft?",Can I change my course timetable?,0,215,465,train,random
"Hi, what subjects i study in civil engineering undergraduate program uoft?",what can I do with a degree in Civil Engineering Undergraduate Program from UOFT?,0,215,198,train,hard
"Hi, what subjects i study in civil engineering undergraduate program at uoft?",what subjects will I study in Civil Engineering Undergraduate Program at UOFT?,1,215,215,dev,positive
"Hi, what subjects i study in civil engineering undergraduate program at uoft?",Should I submit my GRE score?,0,215,261,dev,random
"Hi, what subjects i study in civil engineering undergraduate program at uoft?",what subjects will I study in Engineering Science Undergraduate Program at UOFT?,0,215,201,dev,hard
Help needed: what are the admission prerequisite for laws law in action within schools at uoft?,what are the admission requirements for LAWS (Law in Action Within Schools) at UOFT?,1,216,216,train,positive
Help needed: what are the admission prerequisite for laws law in action within schools at uoft?,what can I do with a degree in Executive Education from UOFT?,0,216,98,train,random
Help needed: what are the admission prerequisite for laws law in action within schools at uoft?,what jobs can I get after LAWS (Law in Action Within Schools) at UOFT?,0,216,136,train,hard
Quick question: what are admission prerequisite laws law in action within schools uoft?,what are the admission requirements for LAWS (Law in Action Within Schools) at UOFT?,1,216,216,train,positive
Quick question: what are admission prerequisite laws law in action within schools uoft?,what subjects will I study in European and Eurasian Studies at UOFT?,0,216,103,train,random
Quick question: what are admission prerequisite laws law in action within schools uoft?,what jobs can I get after LAWS (Law in Action Within Schools) at UOFT?,0,216,136,train,hard
what the admission prerequisite for laws law action within schools at uoft?,what are the admission requirements for LAWS (Law in Action Within Schools) at UOFT?,1,216,216,dev,positive
what the admission prerequisite for laws law action within schools at uoft?,"My school sent my transcript last week, how do I know if you have received it?",0,216,350,dev,random
what the admission prerequisite for laws law action within schools at uoft?,what jobs can I get after LAWS (Law in Action Within Schools) at UOFT?,0,216,136,dev,hard
Help needed: can you explain the structure of electrical computer engineering undergraduate program uoft?,can you explain the structure of Electrical & Computer Engineering Undergraduate Program at UOFT?,1,217,217,train,positive
Help needed: can you explain the structure of electrical computer engineering undergraduate program uoft?,I have an extenuating circumstance that affected my academic performance. How can I include this in my application?,0,217,338,train,random
Help needed: can you explain the structure of electrical computer engineering undergraduate program uoft?,what subjects will I study in Electrical & Computer Engineering Undergraduate Program at UOFT?,0,217,218,train,hard
Help needed: can you explain structure of electrical computer engineering undergraduate program at uoft?,can you explain the structure of Electrical & Computer Engineering Undergraduate Program at UOFT?,1,217,217,train,positive
Help needed: can you explain structure of electrical computer engineering undergraduate program at uoft?,Can I register for Jump Start before I get my Winter Session housing offer?,0,217,319,train,random
Help needed: can you explain structure of electrical computer engineering undergraduate program at uoft?,what subjects will I study in Electrical & Computer Engineering Undergraduate Program at UOFT?,0,217,218,train,hard
Quick question: can you explain the structure electrical computer engineering undergraduate program at uoft?,can you explain the structure of Electrical & Computer Engineering Undergraduate Program at UOFT?,1,217,217,dev,positive
Quick question: can you explain the structure electrical computer engineering undergraduate program at uoft?,what subjects will I study in Anthropology at UOFT?,0,217,61,dev,random
Quick question: can you explain the structure electrical computer engineering undergraduate program at uoft?,what subjects will I study in Electrical & Computer Engineering Undergraduate Program at UOFT?,0,217,218,dev,hard
what subjects study in electrical computer engineering undergraduate program at uoft? Any idea?,what subjects will I study in Electrical & Computer Engineering Undergraduate Program at UOFT?,1,218,218,train,positive
what subjects study in electrical computer engineering undergraduate program at uoft? Any idea?,Will I need to show ID to collect my gown?,0,218,276,train,random
what subjects study in electrical computer engineering undergraduate program at uoft? Any idea?,what subjects will I study in Electrical and Computer Engineering at UOFT?,0,218,43,train,hard
what subjects will i study electrical computer engineering undergraduate program at uoft? Thanks.,what subjects will I study in Electrical & Computer Engineering Undergraduate Program at UOFT?,1,218,218,train,positive
what subjects will i study electrical computer engineering undergraduate program at uoft? Thanks.,can you explain the structure of Electrical & Computer Engineering Undergraduate Program at UOFT?,0,218,217,train,random
what subjects will i study electrical computer engineering undergraduate program at uoft? Thanks.,what subjects will I study in Electrical and Computer Engineering at UOFT?,0,218,43,train,hard
Help needed: what subjects will study in electrical computer engineering undergraduate program at uoft?,what subjects will I study in Electrical & Computer Engineering Undergraduate Program at UOFT?,1,218,218,dev,positive
Help needed: what subjects will study in electrical computer engineering undergraduate program at uoft?,Can I appeal a transfer credit decision?,0,218,383,dev,random
Help needed: what subjects will study in electrical computer engineering undergraduate program at uoft?,what subjects will I study in Electrical and Computer Engineering at UOFT?,0,218,43,dev,hard
"Hi, what sort of research is come in innovation law and technology at uoft?","what kind of research is done in Innovation, Law and Technology at UOFT?",1,219,219,train,positive
"Hi, what sort of research is come in innovation law and technology at uoft?","what subjects will I study in Drama, Theatre and Performance Studies at UOFT?",0,219,132,train,random
"Hi, what sort of research is come in innovation law and technology at uoft?","what can I do with a degree in Innovation, Law and Technology from UOFT?",0,219,130,train,hard
Could you tell me what sort research come in innovation law and technology at uoft?,"what kind of research is done in Innovation, Law and Technology at UOFT?",1,219,219,train,positive
Could you tell me what sort research come in innovation law and technology at uoft?,"can you explain the structure of Health Policy, Management and Evaluation at UOFT?",0,219,154,train,random
Could you tell me what sort research come in innovation law and technology at uoft?,"what can I do with a degree in Innovation, Law and Technology from UOFT?",0,219,130,train,hard
"Hi, what sort research come in innovation law and technology uoft?","what kind of research is done in Innovation, Law and Technology at UOFT?",1,219,219,dev,positive
"Hi, what sort research come in innovation law and technology uoft?",Where can we take photos after the ceremony?,0,219,281,dev,random
"Hi, what sort research come in innovation law and technology uoft?","what can I do with a degree in Innovation, Law and Technology from UOFT?",0,219,130,dev,hard
what sort of research is come in global professional law at uoft? Any idea?,what kind of research is done in Global Professional Law at UOFT?,1,220,220,train,positive
what sort of research is come in global professional law at uoft? Any idea?,can you explain the structure of Forest Conservation at UOFT?,0,220,145,train,random
what sort of research is come in global professional law at uoft? Any idea?,what subjects will I study in Global Professional Law at UOFT?,0,220,11,train,hard
what sort of research is come in global professional law at uoft? Thanks.,what kind of research is done in Global Professional Law at UOFT?,1,220,220,train,positive
what sort of research is come in global professional law at uoft? Thanks.,can you explain the structure of Urban Design at UOFT?,0,220,143,train,random
what sort of research is come in global professional law at uoft? Thanks.,what subjects will I study in Global Professional Law at UOFT?,0,220,11,train,hard
Help needed: what sort of research is come in global professional law at uoft?,what kind of research is done in Global Professional Law at UOFT?,1,220,220,dev,positive
Help needed: what sort of research is come in global professional law at uoft?,what kind of research is done in Chemical Engineering Undergraduate Program at UOFT?,0,220,207,dev,random
Help needed: what sort of research is come in global professional law at uoft?,what subjects will I study in Global Professional Law at UOFT?,0,220,11,dev,hard
Quick question: what sort of research is done in master of applied science masc at uoft?,what kind of research is done in Master of Applied Science (MASc) at UOFT?,1,221,221,train,positive
Quick question: what sort of research is done in master of applied science masc at uoft?,Should I speak with an OISE professor before submitting my application?,0,221,245,train,random
Quick question: what sort of research is done in master of applied science masc at uoft?,what subjects will I study in Master of Applied Science (MASc) at UOFT?,0,221,101,train,hard
what sort of research is done in master of applied science masc at uoft? Any idea?,what kind of research is done in Master of Applied Science (MASc) at UOFT?,1,221,221,train,positive
what sort of research is done in master of applied science masc at uoft? Any idea?,what kind of research is done in Music at UOFT?,0,221,235,train,random
what sort of research is done in master of applied science masc at uoft? Any idea?,what subjects will I study in Master of Applied Science (MASc) at UOFT?,0,221,101,train,hard
"Hi, what sort of research is done master applied science masc at uoft?",what kind of research is done in Master of Applied Science (MASc) at UOFT?,1,221,221,dev,positive
"Hi, what sort of research is done master applied science masc at uoft?",I am interested in pursuing two majors during my undergraduate studies that fall within two different admission categories at U of T Mississauga (ie. Biology and History). How do I know which admission category I should apply to on OUAC?,0,221,333,dev,random
"Hi, what sort of research is done master applied science masc at uoft?",what subjects will I study in Master of Applied Science (MASc) at UOFT?,0,221,101,dev,hard
Quick question: what are the vocation prognosis for speech language pathology research graduates from uoft?,what are the career prospects for Speech-Language Pathology (Research) graduates from UOFT?,1,222,222,train,positive
Quick question: what are the vocation prognosis for speech language pathology research graduates from uoft?,what subjects will I study in Applied Computing at UOFT?,0,222,141,train,random
Quick question: what are the vocation prognosis for speech language pathology research graduates from uoft?,what are the career prospects for Biotechnology graduates from UOFT?,0,222,50,train,hard
what are the vocation prognosis for speech language pathology research graduates from uoft? Thanks.,what are the career prospects for Speech-Language Pathology (Research) graduates from UOFT?,1,222,222,train,positive
what are the vocation prognosis for speech language pathology research graduates from uoft? Thanks.,Will the School of Graduate Studies provide feedback for students who have been rejected?,0,222,445,train,random
what are the vocation prognosis for speech language pathology research graduates from uoft? Thanks.,what are the career prospects for Biotechnology graduates from UOFT?,0,222,50,train,hard
"Hi, what are the vocation prognosis for speech language pathology research graduates uoft?",what are the career prospects for Speech-Language Pathology (Research) graduates from UOFT?,1,222,222,dev,positive
"Hi, what are the vocation prognosis for speech language pathology research graduates uoft?","what research opportunities exist in Graduate Courses: Auditing, Non-degree Students, & Visitors at UOFT?",0,222,229,dev,random
"Hi, what are the vocation prognosis for speech language pathology research graduates uoft?",what are the career prospects for Biotechnology graduates from UOFT?,0,222,50,dev,hard
can you explain the structure of katie filek at uoft? Any idea?,can you explain the structure of Katie Filek at UOFT?,1,223,223,train,positive
can you explain the structure of katie filek at uoft? Any idea?,What is the deadline to request changes to my transfer credit assessment?,0,223,386,train,random
can you explain the structure of katie filek at uoft? Any idea?,what can I do with a degree in Katie Filek from UOFT?,0,223,227,train,hard
can explain the structure of katie filek at uoft? Thanks.,can you explain the structure of Katie Filek at UOFT?,1,223,223,train,positive
can explain the structure of katie filek at uoft? Thanks.,what subjects will I study in Higher Education at UOFT?,0,223,172,train,random
can explain the structure of katie filek at uoft? Thanks.,what can I do with a degree in Katie Filek from UOFT?,0,223,227,train,hard
Help needed: can you explain the structure of katie filek at uoft?,can you explain the structure of Katie Filek at UOFT?,1,223,223,dev,positive
Help needed: can you explain the structure of katie filek at uoft?,When should I apply?,0,223,408,dev,random
Help needed: can you explain the structure of katie filek at uoft?,what can I do with a degree in Katie Filek from UOFT?,0,223,227,dev,hard
what are research region in electrical computer engineering undergraduate program at uoft? Thanks.,what are the research areas in Electrical & Computer Engineering Undergraduate Program at UOFT?,1,224,224,train,positive
what are research region in electrical computer engineering undergraduate program at uoft? Thanks.,How can I give feedback about practicum-related issues?,0,224,498,train,random
what are research region in electrical computer engineering undergraduate program at uoft? Thanks.,what subjects will I study in Electrical & Computer Engineering Undergraduate Program at UOFT?,0,224,218,train,hard
what the research region in electrical computer engineering undergraduate program at uoft?,what are the research areas in Electrical & Computer Engineering Undergraduate Program at UOFT?,1,224,224,train,positive
what the research region in electrical computer engineering undergraduate program at uoft?,what can I do with a degree in Museum Studies from UOFT?,0,224,202,train,random
what the research region in electrical computer engineering undergraduate program at uoft?,what subjects will I study in Electrical & Computer Engineering Undergraduate Program at UOFT?,0,224,218,train,hard
Quick question: what the research region in electrical computer engineering undergraduate program uoft?,what are the research areas in Electrical & Computer Engineering Undergraduate Program at UOFT?,1,224,224,dev,positive
Quick question: what the research region in electrical computer engineering undergraduate program uoft?,Which stream am I part of if I live at University Village or Wesbrook Village?,0,224,329,dev,random
Quick question: what the research region in electrical computer engineering undergraduate program uoft?,what subjects will I study in Electrical & Computer Engineering Undergraduate Program at UOFT?,0,224,218,dev,hard
Could you tell me what sort research come in anishinaabe law camp uoft?,what kind of research is done in Anishinaabe Law Camp at UOFT?,1,225,225,train,positive
Could you tell me what sort research come in anishinaabe law camp uoft?,My current transcript shows courses in-progress. Should I submit another transcript when new grades become available?,0,225,256,train,random
Could you tell me what sort research come in anishinaabe law camp uoft?,what can I do with a degree in Anishinaabe Law Camp from UOFT?,0,225,232,train,hard
what sort of research is come anishinaabe law camp uoft?,what kind of research is done in Anishinaabe Law Camp at UOFT?,1,225,225,train,positive
what sort of research is come anishinaabe law camp uoft?,Can I get my transcripts back?,0,225,429,train,random
what sort of research is come anishinaabe law camp uoft?,what can I do with a degree in Anishinaabe Law Camp from UOFT?,0,225,232,train,hard
"Hi, what sort of research is come in anishinaabe law camp uoft?",what kind of research is done in Anishinaabe Law Camp at UOFT?,1,225,225,dev,positive
"Hi, what sort of research is come in anishinaabe law camp uoft?",can you explain the structure of Global Professional Law at UOFT?,0,225,6,dev,random
"Hi, what sort of research is come in anishinaabe law camp uoft?",what can I do with a degree in Anishinaabe Law Camp from UOFT?,0,225,232,dev,hard
can you explain the structure zheming taro cai at uoft? Any idea?,can you explain the structure of Zheming (Taro) Cai at UOFT?,1,226,226,train,positive
can you explain the structure zheming taro cai at uoft? Any idea?,what subjects will I study in IHRP: Clinic Course at UOFT?,0,226,166,train,random
can you explain the structure zheming taro cai at uoft? Any idea?,what kind of research is done in Zheming (Taro) Cai at UOFT?,0,226,170,train,hard
can explain structure of zheming taro cai at uoft?,can you explain the structure of Zheming (Taro) Cai at UOFT?,1,226,226,train,positive
can explain structure of zheming taro cai at uoft?,can you explain the structure of Katie Filek at UOFT?,0,226,223,train,random
can explain structure of zheming taro cai at uoft?,what kind of research is done in Zheming (Taro) Cai at UOFT?,0,226,170,train,hard
Help needed: can explain the structure of zheming taro cai at uoft?,can you explain the structure of Zheming (Taro) Cai at UOFT?,1,226,226,dev,positive
Help needed: can explain the structure of zheming taro cai at uoft?,what subjects will I study in Curriculum and Pedagogy at UOFT?,0,226,22,dev,random
Help needed: can explain the structure of zheming taro cai at uoft?,what kind of research is done in Zheming (Taro) Cai at UOFT?,0,226,170,dev,hard
Could you tell me what can i with a degree in katie filek from uoft?,what can I do with a degree in Katie Filek from UOFT?,1,227,227,train,positive
Could you tell me what can i with a degree in katie filek from uoft?,can you explain the structure of Comparative Literature at UOFT?,0,227,28,train,random
Could you tell me what can i with a degree in katie filek from uoft?,can you explain the structure of Katie Filek at UOFT?,0,227,223,train,hard
Quick question: what can do with a degree in katie filek from uoft?,what can I do with a degree in Katie Filek from UOFT?,1,227,227,train,positive
Quick question: what can do with a degree in katie filek from uoft?,Where can I find practicum information for International Students?,0,227,488,train,random
Quick question: what can do with a degree in katie filek from uoft?,can you explain the structure of Katie Filek at UOFT?,0,227,223,train,hard
Could you tell me what i do with a degree katie filek uoft?,what can I do with a degree in Katie Filek from UOFT?,1,227,227,dev,positive
Could you tell me what i do with a degree katie filek uoft?,Will I be able to live in the same room after Jump Start?,0,227,328,dev,random
Could you tell me what i do with a degree katie filek uoft?,can you explain the structure of Katie Filek at UOFT?,0,227,223,dev,hard
Quick question: what are the vocation prognosis for genetic counselling graduates uoft?,what are the career prospects for Genetic Counselling graduates from UOFT?,1,228,228,train,positive
Quick question: what are the vocation prognosis for genetic counselling graduates uoft?,How does U of T Mississauga assess courses for equivalency?,0,228,382,train,random
Quick question: what are the vocation prognosis for genetic counselling graduates uoft?,can you explain the structure of Genetic Counselling at UOFT?,0,228,100,train,hard
what are the vocation prognosis for genetic counselling graduates from uoft? Any idea?,what are the career prospects for Genetic Counselling graduates from UOFT?,1,228,228,train,positive
what are the vocation prognosis for genetic counselling graduates from uoft? Any idea?,what jobs can I get after LAWS (Law in Action Within Schools) at UOFT?,0,228,136,train,random
what are the vocation prognosis for genetic counselling graduates from uoft? Any idea?,can you explain the structure of Genetic Counselling at UOFT?,0,228,100,train,hard
what are vocation prognosis genetic counselling graduates from uoft?,what are the career prospects for Genetic Counselling graduates from UOFT?,1,228,228,dev,positive
what are vocation prognosis genetic counselling graduates from uoft?,what can I do with a degree in Management and Professional Accounting from UOFT?,0,228,117,dev,random
what are vocation prognosis genetic counselling graduates from uoft?,can you explain the structure of Genetic Counselling at UOFT?,0,228,100,dev,hard
what research chance exist in graduate courses auditing non degree students visitors at uoft? Thanks.,"what research opportunities exist in Graduate Courses: Auditing, Non-degree Students, & Visitors at UOFT?",1,229,229,train,positive
what research chance exist in graduate courses auditing non degree students visitors at uoft? Thanks.,what research opportunities exist in Counselling and Clinical Psychology - Field in Clinical and Counselling Psychology (OISE) at UOFT?,0,229,129,train,random
what research chance exist in graduate courses auditing non degree students visitors at uoft? Thanks.,what research opportunities exist in Postdoctoral Studies in the School of Architecture at MCGILL?,0,229,192,train,hard
Could you tell me what research chance exist in graduate courses auditing non degree students visitors uoft?,"what research opportunities exist in Graduate Courses: Auditing, Non-degree Students, & Visitors at UOFT?",1,229,229,train,positive
Could you tell me what research chance exist in graduate courses auditing non degree students visitors uoft?,"I'm an international student, where can I find information on study permits and work permits?",0,229,473,train,random
Could you tell me what research chance exist in graduate courses auditing non degree students visitors uoft?,My referee did not receive the email from the School of Graduate Studies. Could you please resend it?,0,229,432,train,hard
Quick question: what research chance exist in graduate courses auditing non degree students visitors at uoft?,"what research opportunities exist in Graduate Courses: Auditing, Non-degree Students, & Visitors at UOFT?",1,229,229,dev,positive
Quick question: what research chance exist in graduate courses auditing non degree students visitors at uoft?,can you explain the structure of Urban Design at UOFT?,0,229,143,dev,random
Quick question: what research chance exist in graduate courses auditing non degree students visitors at uoft?,what research opportunities exist in Postdoctoral Studies in the School of Architecture at MCGILL?,0,229,192,dev,hard
"Hi, what can i do with a degree in child study and education from uoft?",what can I do with a degree in Child Study and Education from UOFT?,1,230,230,train,positive
"Hi, what can i do with a degree in child study and education from uoft?",can you explain the structure of Global Affairs at UOFT?,0,230,96,train,random
"Hi, what can i do with a degree in child study and education from uoft?",what can I do with a degree in Executive Education from UOFT?,0,230,98,train,hard
Quick question: what can i do with a degree child study and education from uoft?,what can I do with a degree in Child Study and Education from UOFT?,1,230,230,train,positive
Quick question: what can i do with a degree child study and education from uoft?,Are all practicums reserved for FIFSW students?,0,230,485,train,random
Quick question: what can i do with a degree child study and education from uoft?,what can I do with a degree in Executive Education from UOFT?,0,230,98,train,hard
Could you tell me what i do with degree in child study education from uoft?,what can I do with a degree in Child Study and Education from UOFT?,1,230,230,dev,positive
Could you tell me what i do with degree in child study education from uoft?,Can I use my study permit to apply for a SIN?,0,230,458,dev,random
Could you tell me what i do with degree in child study education from uoft?,what subjects will I study in Child Study and Education at UOFT?,0,230,163,dev,hard
Could you tell me how can i implement to kawaskimhon moot at uoft?,how can I apply to Kawaskimhon Moot at UOFT?,1,231,231,train,positive
Could you tell me how can i implement to kawaskimhon moot at uoft?,Can I make changes to my application after I paid the application fee?,0,231,416,train,random
Could you tell me how can i implement to kawaskimhon moot at uoft?,My institution will release transcripts to me but not to the institution to which I am applying. Will you accept transcripts submitted by me?,0,231,421,train,hard
how can i use kawaskimhon moot uoft? Thanks.,how can I apply to Kawaskimhon Moot at UOFT?,1,231,231,train,positive
how can i use kawaskimhon moot uoft? Thanks.,How do I apply for financial aid?,0,231,439,train,random
how can i use kawaskimhon moot uoft? Thanks.,Can I use my study permit to apply for a SIN?,0,231,458,train,hard
Quick question: how can use to kawaskimhon moot uoft?,how can I apply to Kawaskimhon Moot at UOFT?,1,231,231,dev,positive
Quick question: how can use to kawaskimhon moot uoft?,Join U of T is asking me for a temporary pin. What is this?,0,231,342,dev,random
Quick question: how can use to kawaskimhon moot uoft?,Can I use my study permit to apply for a SIN?,0,231,458,dev,hard
"Hi, what can i do with a degree in anishinaabe law camp from uoft?",what can I do with a degree in Anishinaabe Law Camp from UOFT?,1,232,232,train,positive
"Hi, what can i do with a degree in anishinaabe law camp from uoft?",Is it okay if I miss an event during Jump Start?,0,232,325,train,random
"Hi, what can i do with a degree in anishinaabe law camp from uoft?",what kind of research is done in Anishinaabe Law Camp at UOFT?,0,232,225,train,hard
Quick question: what i do a degree anishinaabe law camp from uoft?,what can I do with a degree in Anishinaabe Law Camp from UOFT?,1,232,232,train,positive
Quick question: what i do a degree anishinaabe law camp from uoft?,I am interested in pursuing two majors during my undergraduate studies that fall within two different admission categories at U of T Mississauga (ie. Biology and History). How do I know which admission category I should apply to on OUAC?,0,232,333,train,random
Quick question: what i do a degree anishinaabe law camp from uoft?,what kind of research is done in Anishinaabe Law Camp at UOFT?,0,232,225,train,hard
Help needed: what can i do with a degree in anishinaabe law camp from uoft?,what can I do with a degree in Anishinaabe Law Camp from UOFT?,1,232,232,dev,positive
Help needed: what can i do with a degree in anishinaabe law camp from uoft?,I have not completed my current degree yet; what should I do?,0,232,425,dev,random
Help needed: what can i do with a degree in anishinaabe law camp from uoft?,what kind of research is done in Anishinaabe Law Camp at UOFT?,0,232,225,dev,hard
what subjects will study in english at uoft?,what subjects will I study in English at UOFT?,1,233,233,train,positive
what subjects will study in english at uoft?,can you explain the structure of Music at UOFT?,0,233,111,train,random
what subjects will study in english at uoft?,what subjects will I study in Counselling Psychology at UOFT?,0,233,184,train,hard
what subjects will study in english uoft?,what subjects will I study in English at UOFT?,1,233,233,train,positive
what subjects will study in english uoft?,what subjects will I study in Two Year MMPA at UOFT?,0,233,149,train,random
what subjects will study in english uoft?,what subjects will I study in Counselling Psychology at UOFT?,0,233,184,train,hard
Quick question: what subjects will study in english at uoft?,what subjects will I study in English at UOFT?,1,233,233,dev,positive
Quick question: what subjects will study in english at uoft?,Can I apply to two different programs at UTM?,0,233,331,dev,random
Quick question: what subjects will study in english at uoft?,what subjects will I study in Counselling Psychology at UOFT?,0,233,184,dev,hard
Quick question: can explain the structure of materials engineering undergraduate program at uoft?,can you explain the structure of Materials Engineering Undergraduate Program at UOFT?,1,234,234,train,positive
Quick question: can explain the structure of materials engineering undergraduate program at uoft?,what kind of research is done in Health Administration at UOFT?,0,234,142,train,random
Quick question: can explain the structure of materials engineering undergraduate program at uoft?,can you explain the structure of Civil Engineering Undergraduate Program at UOFT?,0,234,193,train,hard
can you explain the structure of materials engineering undergraduate program uoft? Any idea?,can you explain the structure of Materials Engineering Undergraduate Program at UOFT?,1,234,234,train,positive
can you explain the structure of materials engineering undergraduate program uoft? Any idea?,can you explain the structure of Music at UOFT?,0,234,111,train,random
can you explain the structure of materials engineering undergraduate program uoft? Any idea?,can you explain the structure of Civil Engineering Undergraduate Program at UOFT?,0,234,193,train,hard
Could you tell me can you explain structure of materials engineering undergraduate program uoft?,can you explain the structure of Materials Engineering Undergraduate Program at UOFT?,1,234,234,dev,positive
Could you tell me can you explain structure of materials engineering undergraduate program uoft?,what can I do with a degree in Urban Innovation from UOFT?,0,234,140,dev,random
Could you tell me can you explain structure of materials engineering undergraduate program uoft?,can you explain the structure of Civil Engineering Undergraduate Program at UOFT?,0,234,193,dev,hard
Could you tell me what sort of research is come in music at uoft?,what kind of research is done in Music at UOFT?,1,235,235,train,positive
Could you tell me what sort of research is come in music at uoft?,I received two offers of admission from the University of Toronto from two different faculties/campuses. Will my scholarship offers be transferrable?,0,235,370,train,random
Could you tell me what sort of research is come in music at uoft?,can you explain the structure of Music at UOFT?,0,235,111,train,hard
what sort research is come in music at uoft?,what kind of research is done in Music at UOFT?,1,235,235,train,positive
what sort research is come in music at uoft?,Do I have to be a teacher to apply to OISE?,0,235,241,train,random
what sort research is come in music at uoft?,can you explain the structure of Music at UOFT?,0,235,111,train,hard
"Hi, what sort of research is come in music at uoft?",what kind of research is done in Music at UOFT?,1,235,235,dev,positive
"Hi, what sort of research is come in music at uoft?",How do I become a Field Instructor?,0,235,500,dev,random
"Hi, what sort of research is come in music at uoft?",can you explain the structure of Music at UOFT?,0,235,111,dev,hard
what i do with a degree communications mcgill?,what can I do with a degree in Communications from MCGILL?,1,236,236,train,positive
what i do with a degree communications mcgill?,can you explain the structure of Social Justice Education at UOFT?,0,236,106,train,random
what i do with a degree communications mcgill?,what can I do with a degree in History from UOFT?,0,236,179,train,hard
what can i do with a degree communications mcgill? Any idea?,what can I do with a degree in Communications from MCGILL?,1,236,236,train,positive
what can i do with a degree communications mcgill? Any idea?,Can I find my own practicum?,0,236,482,train,random
what can i do with a degree communications mcgill? Any idea?,what can I do with a degree in History from UOFT?,0,236,179,train,hard
what i do a degree communications mcgill? Thanks.,what can I do with a degree in Communications from MCGILL?,1,236,236,dev,positive
what i do a degree communications mcgill? Thanks.,can you explain the structure of Social Justice Education at UOFT?,0,236,106,dev,random
what i do a degree communications mcgill? Thanks.,what can I do with a degree in History from UOFT?,0,236,179,dev,hard
what sort of research come physics at uoft? Thanks.,what kind of research is done in Physics at UOFT?,1,237,237,train,positive
what sort of research come physics at uoft? Thanks.,How is this policy enforced? Are there any penalties?,0,237,313,train,random
what sort of research come physics at uoft? Thanks.,can you explain the structure of Physics at UOFT?,0,237,116,train,hard
Quick question: what sort of research come physics uoft?,what kind of research is done in Physics at UOFT?,1,237,237,train,positive
Quick question: what sort of research come physics uoft?,what can I do with a degree in Health Informatics from UOFT?,0,237,165,train,random
Quick question: what sort of research come physics uoft?,can you explain the structure of Physics at UOFT?,0,237,116,train,hard
Could you tell me what sort of research is come in physics at uoft?,what kind of research is done in Physics at UOFT?,1,237,237,dev,positive
Could you tell me what sort of research is come in physics at uoft?,Why is University of Toronto smoke-free?,0,237,303,dev,random
Could you tell me what sort of research is come in physics at uoft?,can you explain the structure of Physics at UOFT?,0,237,116,dev,hard
what sort of research is come in finance at uoft? Any idea?,what kind of research is done in Finance at UOFT?,1,238,238,train,positive
what sort of research is come in finance at uoft? Any idea?,can you explain the structure of Health Informatics at UOFT?,0,238,17,train,random
what sort of research is come in finance at uoft? Any idea?,can you explain the structure of Finance at UOFT?,0,238,71,train,hard
what sort of research come finance at uoft? Any idea?,what kind of research is done in Finance at UOFT?,1,238,238,train,positive
what sort of research come finance at uoft? Any idea?,Can I participate in the Jump Start program?,0,238,318,train,random
what sort of research come finance at uoft? Any idea?,can you explain the structure of Finance at UOFT?,0,238,71,train,hard
what sort research is come in finance uoft?,what kind of research is done in Finance at UOFT?,1,238,238,dev,positive
what sort research is come in finance uoft?,"I am an Indigenous graduating student, so can I wear traditional Indigenous regalia?",0,238,279,dev,random
what sort research is come in finance uoft?,can you explain the structure of Finance at UOFT?,0,238,71,dev,hard
"Hi, what do with a degree in chemistry from uoft?",what can I do with a degree in Chemistry from UOFT?,1,239,239,train,positive
"Hi, what do with a degree in chemistry from uoft?",can you explain the structure of Forest Conservation at UOFT?,0,239,145,train,random
"Hi, what do with a degree in chemistry from uoft?",what can I do with a degree in History from UOFT?,0,239,179,train,hard
what can i do a degree in chemistry from uoft? Any idea?,what can I do with a degree in Chemistry from UOFT?,1,239,239,train,positive
what can i do a degree in chemistry from uoft? Any idea?,what makes the Counselling and Clinical Psychology - Field in Clinical Psychology (UTSC) program at UOFT unique?,0,239,13,train,random
what can i do a degree in chemistry from uoft? Any idea?,what can I do with a degree in History from UOFT?,0,239,179,train,hard
Quick question: what can do a degree in chemistry from uoft?,what can I do with a degree in Chemistry from UOFT?,1,239,239,dev,positive
Quick question: what can do a degree in chemistry from uoft?,what research opportunities exist in Postdoctoral Studies in the School of Architecture at MCGILL?,0,239,192,dev,random
Quick question: what can do a degree in chemistry from uoft?,what can I do with a degree in History from UOFT?,0,239,179,dev,hard
what curriculum study should i implement? Thanks.,What program of study should I apply to?,1,240,240,train,positive
what curriculum study should i implement? Thanks.,Why didn't I receive the alert right away - or at all?,0,240,299,train,random
what curriculum study should i implement? Thanks.,what subjects will I study in Curriculum and Pedagogy at UOFT?,0,240,22,train,hard
what curriculum study should i use to? Thanks.,What program of study should I apply to?,1,240,240,train,positive
what curriculum study should i use to? Thanks.,can you explain the structure of Comparative Literature at UOFT?,0,240,28,train,random
what curriculum study should i use to? Thanks.,Can I use my study permit to apply for a SIN?,0,240,458,train,hard
"Hi, what curriculum of study should i implement to?",What program of study should I apply to?,1,240,240,dev,positive
"Hi, what curriculum of study should i implement to?",what kind of research is done in Master of Forest Conservation at UOFT?,0,240,194,dev,random
"Hi, what curriculum of study should i implement to?",what subjects will I study in Curriculum and Pedagogy at UOFT?,0,240,22,dev,hard
do i have to be a instructor to use to oise?,Do I have to be a teacher to apply to OISE?,1,241,241,train,positive
do i have to be a instructor to use to oise?,what subjects will I study in Curriculum and Pedagogy at UOFT?,0,241,22,train,random
do i have to be a instructor to use to oise?,Can I use my study permit to apply for a SIN?,0,241,458,train,hard
Could you tell me do i have to be a instructor to use to oise?,Do I have to be a teacher to apply to OISE?,1,241,241,train,positive
Could you tell me do i have to be a instructor to use to oise?,Where do I find information about the practicum courses - SWK4701H Practicum 1 and SWK4702Y Practicum 2?,0,241,480,train,random
Could you tell me do i have to be a instructor to use to oise?,Can I use my study permit to apply for a SIN?,0,241,458,train,hard
do i be instructor to employ to oise? Thanks.,Do I have to be a teacher to apply to OISE?,1,241,241,dev,positive
do i be instructor to employ to oise? Thanks.,How will I find out how many transfer credits I have received?,0,241,387,dev,random
do i be instructor to employ to oise? Thanks.,How do I become a Field Instructor?,0,241,500,dev,hard
Could you tell me i m an international applicant there extra application prerequisite i want to love?,I'm an international applicant - are there additional application requirements I need to know?,1,242,242,train,positive
Could you tell me i m an international applicant there extra application prerequisite i want to love?,"What is the difference between an admission category, a program, and POSt? Can I apply directly to my program or specialist/major/minor?",0,242,335,train,random
Could you tell me i m an international applicant there extra application prerequisite i want to love?,What is an Extra?,0,242,392,train,hard
i m an international applicant extra application prerequisite i ask to love? Thanks.,I'm an international applicant - are there additional application requirements I need to know?,1,242,242,train,positive
i m an international applicant extra application prerequisite i ask to love? Thanks.,How do I apply for financial aid?,0,242,439,train,random
i m an international applicant extra application prerequisite i ask to love? Thanks.,What is an Extra?,0,242,392,train,hard
i m international applicant are there extra application prerequisite i want acknowledge?,I'm an international applicant - are there additional application requirements I need to know?,1,242,242,dev,positive
i m international applicant are there extra application prerequisite i want acknowledge?,what courses are offered in Doctor of Education in Counselling Psychology (Counselling & Psychotherapy Field) at UOFT?,0,242,34,dev,random
i m international applicant are there extra application prerequisite i want acknowledge?,What is an Extra?,0,242,392,dev,hard
what is the difference between particular pupil and a regular pupil? Thanks.,What is the difference between a special student and a regular student?,1,243,243,train,positive
what is the difference between particular pupil and a regular pupil? Thanks.,"Once I'm inside Convocation Hall, will I be able to leave and enter again?",0,243,274,train,random
what is the difference between particular pupil and a regular pupil? Thanks.,"What is the difference between an admission category, a program, and POSt? Can I apply directly to my program or specialist/major/minor?",0,243,335,train,hard
Help needed: what is the difference between a extra pupil and a regular pupil?,What is the difference between a special student and a regular student?,1,243,243,train,positive
Help needed: what is the difference between a extra pupil and a regular pupil?,"what are the career prospects for Bachelor of Arts, Visual Studies graduates from UOFT?",0,243,212,train,random
Help needed: what is the difference between a extra pupil and a regular pupil?,What is an Extra?,0,243,392,train,hard
what the difference between a extra pupil and a regular pupil? Thanks.,What is the difference between a special student and a regular student?,1,243,243,dev,positive
what the difference between a extra pupil and a regular pupil? Thanks.,what research opportunities exist in Doctor of Philosophy in School & Clinical Child Psychology at UOFT?,0,243,49,dev,random
what the difference between a extra pupil and a regular pupil? Thanks.,What is an Extra?,0,243,392,dev,hard
can courses i thorough as a extra student credited to degree plan and fees i give? Any idea?,Can courses I complete as a special student be credited to a degree program? And fees I pay?,1,244,244,train,positive
can courses i thorough as a extra student credited to degree plan and fees i give? Any idea?,can you explain the structure of Genetic Counselling at UOFT?,0,244,100,train,random
can courses i thorough as a extra student credited to degree plan and fees i give? Any idea?,What is an Extra?,0,244,392,train,hard
Quick question: can courses i thorough as extra student be credited to a degree curriculum fees i give?,Can courses I complete as a special student be credited to a degree program? And fees I pay?,1,244,244,train,positive
Quick question: can courses i thorough as extra student be credited to a degree curriculum fees i give?,"If I have larger personal items, where can I store them?",0,244,273,train,random
Quick question: can courses i thorough as extra student be credited to a degree curriculum fees i give?,What is an Extra?,0,244,392,train,hard
can courses i thorough as a exceptional student be credited a degree plan and fees i salary? Thanks.,Can courses I complete as a special student be credited to a degree program? And fees I pay?,1,244,244,dev,positive
can courses i thorough as a exceptional student be credited a degree plan and fees i salary? Thanks.,Where can I find practicum information for International Students?,0,244,488,dev,random
can courses i thorough as a exceptional student be credited a degree plan and fees i salary? Thanks.,Do I need a study permit to study in Canada as an international student?,0,244,449,dev,hard
Quick question: should talk with an oise professor before submitting my application?,Should I speak with an OISE professor before submitting my application?,1,245,245,train,positive
Quick question: should talk with an oise professor before submitting my application?,My previous program is ungraded - what should I do?,0,245,266,train,random
Quick question: should talk with an oise professor before submitting my application?,When will I hear back after submitting my application?,0,245,340,train,hard
Quick question: should i talk with oise professor before submitting my application?,Should I speak with an OISE professor before submitting my application?,1,245,245,train,positive
Quick question: should i talk with oise professor before submitting my application?,Do I have to be a teacher to apply to OISE?,0,245,241,train,random
Quick question: should i talk with oise professor before submitting my application?,When will I hear back after submitting my application?,0,245,340,train,hard
should i talk with an oise professor before submitting my application?,Should I speak with an OISE professor before submitting my application?,1,245,245,dev,positive
should i talk with an oise professor before submitting my application?,"I am an Indigenous graduating student, so can I wear traditional Indigenous regalia?",0,245,279,dev,random
should i talk with an oise professor before submitting my application?,When will I hear back after submitting my application?,0,245,340,dev,hard
Help needed: i m presently enrolled in postgraduate curriculum can i transfer to oise come credit for studies?,"I'm currently enrolled in a graduate program, can I transfer to OISE and get credit for my studies?",1,246,246,train,positive
Help needed: i m presently enrolled in postgraduate curriculum can i transfer to oise come credit for studies?,What is a Generic credit?,0,246,390,train,random
Help needed: i m presently enrolled in postgraduate curriculum can i transfer to oise come credit for studies?,"My degree includes transfer credit/exchange study, is a transcript for that needed?",0,246,257,train,hard
i m presently enrolled postgraduate curriculum can i transfer to oise and take credit my studies? Any idea?,"I'm currently enrolled in a graduate program, can I transfer to OISE and get credit for my studies?",1,246,246,train,positive
i m presently enrolled postgraduate curriculum can i transfer to oise and take credit my studies? Any idea?,what subjects will I study in Buddy Program at MCGILL?,0,246,115,train,random
i m presently enrolled postgraduate curriculum can i transfer to oise and take credit my studies? Any idea?,I have been excluded from a full-credit course because I only received a half-credit transfer - can I take the full-credit exclusion?,0,246,397,train,hard
"Hi, i m presently enrolled in a postgraduate curriculum transfer to oise and come credit for my studies?","I'm currently enrolled in a graduate program, can I transfer to OISE and get credit for my studies?",1,246,246,dev,positive
"Hi, i m presently enrolled in a postgraduate curriculum transfer to oise and come credit for my studies?",what can I do with a degree in Industrial Engineering Undergraduate Program from UOFT?,0,246,104,dev,random
"Hi, i m presently enrolled in a postgraduate curriculum transfer to oise and come credit for my studies?",Is there a deadline to submit my transfer credit application and documentation?,0,246,384,dev,hard
does the government canada s cap on survey licence international students use to oise curriculum? Any idea?,Does the Government of Canada's cap on study permits for International students apply to OISE programs?,1,247,247,train,positive
does the government canada s cap on survey licence international students use to oise curriculum? Any idea?,what can I do with a degree in Art History from UOFT?,0,247,88,train,random
does the government canada s cap on survey licence international students use to oise curriculum? Any idea?,Can I use my study permit to apply for a SIN?,0,247,458,train,hard
Could you tell me does the government of canada s cap on survey license for international students implement to oise curriculum?,Does the Government of Canada's cap on study permits for International students apply to OISE programs?,1,247,247,train,positive
Could you tell me does the government of canada s cap on survey license for international students implement to oise curriculum?,what kind of research is done in Zheming (Taro) Cai at UOFT?,0,247,170,train,random
Could you tell me does the government of canada s cap on survey license for international students implement to oise curriculum?,can you explain the structure of Pro Bono Students Canada (PBSC) at UOFT?,0,247,195,train,hard
does the government of canada s cap on survey licence for international students use to oise curriculum? Thanks.,Does the Government of Canada's cap on study permits for International students apply to OISE programs?,1,247,247,dev,positive
does the government of canada s cap on survey licence for international students use to oise curriculum? Thanks.,what can I do with a degree in Chemistry from UOFT?,0,247,239,dev,random
does the government of canada s cap on survey licence for international students use to oise curriculum? Thanks.,Can I use my study permit to apply for a SIN?,0,247,458,dev,hard
"Hi, the online admission application wo not get me use to the plan i need s erroneous?",The online admission application won't let me apply to the program I want - what's wrong?,1,248,248,train,positive
"Hi, the online admission application wo not get me use to the plan i need s erroneous?",Do I need to submit proof of English proficiency?,0,248,357,train,random
"Hi, the online admission application wo not get me use to the plan i need s erroneous?",I don't have access to the Internet; can I get a paper application form?,0,248,412,train,hard
the online admission application wo not allow me use the curriculum i need what s incorrect?,The online admission application won't let me apply to the program I want - what's wrong?,1,248,248,train,positive
the online admission application wo not allow me use the curriculum i need what s incorrect?,I was awarded the University of Toronto International Scholar Award but there has recently been a change to my legal status and now I qualify for domestic tuition. What do I do?,0,248,369,train,random
the online admission application wo not allow me use the curriculum i need what s incorrect?,The contact information of my referee has changed. As I have already submitted the online application how can I edit the referee's contact information?,0,248,434,train,hard
the online admission application wo not allow me use curriculum need what s misguided?,The online admission application won't let me apply to the program I want - what's wrong?,1,248,248,dev,positive
the online admission application wo not allow me use curriculum need what s misguided?,what kind of research is done in PhD in Forestry at UOFT?,0,248,174,dev,random
the online admission application wo not allow me use curriculum need what s misguided?,Can I use my study permit to apply for a SIN?,0,248,458,dev,hard
Help needed: i wishing to utilize to several curriculum can i?,"I want to apply to several programs, can I?",1,249,249,train,positive
Help needed: i wishing to utilize to several curriculum can i?,what can I do with a degree in Management and Professional Accounting from UOFT?,0,249,117,train,random
Help needed: i wishing to utilize to several curriculum can i?,Where can I find help with housing?,0,249,471,train,hard
"Hi, i wish to implement to several curriculum can i?","I want to apply to several programs, can I?",1,249,249,train,positive
"Hi, i wish to implement to several curriculum can i?",what are the admission requirements for Industrial Engineering at UOFT?,0,249,157,train,random
"Hi, i wish to implement to several curriculum can i?","I was offered admission to one program, but now I want to transfer to another. Can I?",0,249,269,train,hard
i wishing to use to several curriculum? Thanks.,"I want to apply to several programs, can I?",1,249,249,dev,positive
i wishing to use to several curriculum? Thanks.,what are the admission requirements for Master of Architecture (post-professional) at UOFT?,0,249,187,dev,random
i wishing to use to several curriculum? Thanks.,Can I use my study permit to apply for a SIN?,0,249,458,dev,hard
can i use the correct same curriculum twice?,Can I apply to the exact same program twice?,1,250,250,train,positive
can i use the correct same curriculum twice?,I still have questions about my U of T Mississauga admission award. Who do I contact?,0,250,380,train,random
can i use the correct same curriculum twice?,Can I use my study permit to apply for a SIN?,0,250,458,train,hard
"Hi, can use to the correct same curriculum twice?",Can I apply to the exact same program twice?,1,250,250,train,positive
"Hi, can use to the correct same curriculum twice?",I reviewed your Partner Organizations on the FIFSW website. Why is it that I do not see a particular practicum in this year's options?,0,250,490,train,random
"Hi, can use to the correct same curriculum twice?",Can I use my study permit to apply for a SIN?,0,250,458,train,hard
can use to correct same plan twice?,Can I apply to the exact same program twice?,1,250,250,dev,positive
can use to correct same plan twice?,"What do you mean by an ""appropriate"" degree?",0,250,265,dev,random
can use to correct same plan twice?,Can I use my study permit to apply for a SIN?,0,250,458,dev,hard
i applied last year i m current onetime oise student i to re present papers?,I applied last year / I'm a current or former OISE student - do I have to re-submit documents?,1,251,251,train,positive
i applied last year i m current onetime oise student i to re present papers?,How will a repeated course affect my admission?,0,251,336,train,random
i applied last year i m current onetime oise student i to re present papers?,"I'm currently enrolled in a graduate program, can I transfer to OISE and get credit for my studies?",0,251,246,train,hard
i applied last year m a current or onetime oise student do i have to re present papers? Any idea?,I applied last year / I'm a current or former OISE student - do I have to re-submit documents?,1,251,251,train,positive
i applied last year m a current or onetime oise student do i have to re present papers? Any idea?,How do I enroll in my first-year courses?,0,251,464,train,random
i applied last year m a current or onetime oise student do i have to re present papers? Any idea?,Do I have to be a teacher to apply to OISE?,0,251,241,train,hard
i applied last year i m a current onetime oise student do i to re take papers? Any idea?,I applied last year / I'm a current or former OISE student - do I have to re-submit documents?,1,251,251,dev,positive
i applied last year i m a current onetime oise student do i to re take papers? Any idea?,Should I speak with an OISE professor before submitting my application?,0,251,245,dev,random
i applied last year i m a current onetime oise student do i to re take papers? Any idea?,Do I have to be a teacher to apply to OISE?,0,251,241,dev,hard
Help needed: how much is fee to employ and do have to pay it?,How much is the fee to apply and do I have to pay it?,1,252,252,train,positive
Help needed: how much is fee to employ and do have to pay it?,what makes the Global Executive Master of Business Administration for Healthcare and the Life Sciences (GEMBA-HLS) program at UOFT unique?,0,252,27,train,random
Help needed: how much is fee to employ and do have to pay it?,How much is the application fee?,0,252,417,train,hard
Help needed: how much is the fee to use do i to pay it?,How much is the fee to apply and do I have to pay it?,1,252,252,train,positive
Help needed: how much is the fee to use do i to pay it?,can you explain the structure of Child Study and Education at UOFT?,0,252,33,train,random
Help needed: how much is the fee to use do i to pay it?,How much is the application fee?,0,252,417,train,hard
how much is the fee enforce do i have to pay it? Thanks.,How much is the fee to apply and do I have to pay it?,1,252,252,dev,positive
how much is the fee enforce do i have to pay it? Thanks.,can you explain the structure of Germanic Languages and Literatures at UOFT?,0,252,16,dev,random
how much is the fee enforce do i have to pay it? Thanks.,How much is the application fee?,0,252,417,dev,hard
Quick question: what just is 10 day period i have present endorse papers?,What exactly is the 10-day period I have to submit my supporting documents?,1,253,253,train,positive
Quick question: what just is 10 day period i have present endorse papers?,what can I do with a degree in Forest Conservation from UOFT?,0,253,208,train,random
Quick question: what just is 10 day period i have present endorse papers?,How long does Jump Start run each day?,0,253,324,train,hard
what just is the 10 day period i have to take my endorse papers? Any idea?,What exactly is the 10-day period I have to submit my supporting documents?,1,253,253,train,positive
what just is the 10 day period i have to take my endorse papers? Any idea?,"what subjects will I study in Germanic Literature, Culture and Theory at UOFT?",0,253,97,train,random
what just is the 10 day period i have to take my endorse papers? Any idea?,I just sent my new English proficiency test score. How long does it take for the university to get it?,0,253,359,train,hard
Help needed: what just is 10 day period have to take my encouraging papers?,What exactly is the 10-day period I have to submit my supporting documents?,1,253,253,dev,positive
Help needed: what just is 10 day period have to take my encouraging papers?,What is the Practicum Administration System (PAS)?,0,253,479,dev,random
Help needed: what just is 10 day period have to take my encouraging papers?,I just sent my new English proficiency test score. How long does it take for the university to get it?,0,253,359,dev,hard
Could you tell me what i ca not take an official copy?,What if I can't get an official transcript?,1,254,254,train,positive
Could you tell me what i ca not take an official copy?,what subjects will I study in Two Year MMPA at UOFT?,0,254,149,train,random
Could you tell me what i ca not take an official copy?,My referee did not receive the email from the School of Graduate Studies. Could you please resend it?,0,254,432,train,hard
Quick question: what if i ca not find an official copy?,What if I can't get an official transcript?,1,254,254,train,positive
Quick question: what if i ca not find an official copy?,what can I do with a degree in Urban Design from UOFT?,0,254,138,train,random
Quick question: what if i ca not find an official copy?,What happens if I don't get an interview at one of my choices?,0,254,493,train,hard
Could you tell me what if i ca not take official copy?,What if I can't get an official transcript?,1,254,254,dev,positive
Could you tell me what if i ca not take official copy?,what kind of research is done in Dentistry (with Specialty Training) at UOFT?,0,254,183,dev,random
Could you tell me what if i ca not take official copy?,My referee did not receive the email from the School of Graduate Studies. Could you please resend it?,0,254,432,dev,hard
Help needed: i opt to take an official copy rather of uploading an unconfirmed one that alright?,I prefer to submit an official transcript instead of uploading an unofficial one - is that okay?,1,255,255,train,positive
Help needed: i opt to take an official copy rather of uploading an unconfirmed one that alright?,I am planning on taking a prerequisite in the summer before starting my undergraduate studies. Will this affect my admission?,0,255,352,train,random
Help needed: i opt to take an official copy rather of uploading an unconfirmed one that alright?,What if I can't get an official transcript?,0,255,254,train,hard
Help needed: i opt to take official copy rather of uploading an informal one is that alright?,I prefer to submit an official transcript instead of uploading an unofficial one - is that okay?,1,255,255,train,positive
Help needed: i opt to take official copy rather of uploading an informal one is that alright?,what kind of research is done in European and Eurasian Studies at UOFT?,0,255,107,train,random
Help needed: i opt to take official copy rather of uploading an informal one is that alright?,"My degree includes transfer credit/exchange study, is a transcript for that needed?",0,255,257,train,hard
Help needed: i choose to take an official copy rather of uploading an unconfirmed one is that alright?,I prefer to submit an official transcript instead of uploading an unofficial one - is that okay?,1,255,255,dev,positive
Help needed: i choose to take an official copy rather of uploading an unconfirmed one is that alright?,How do I check my UTAlert settings and update my contact information?,0,255,294,dev,random
Help needed: i choose to take an official copy rather of uploading an unconfirmed one is that alright?,What is an Offer of Admission?,0,255,446,dev,hard
Could you tell me my ongoing copy demonstrate courses in advancement should i take another copy when new class become usable?,My current transcript shows courses in-progress. Should I submit another transcript when new grades become available?,1,256,256,train,positive
Could you tell me my ongoing copy demonstrate courses in advancement should i take another copy when new class become usable?,can you explain the structure of Anthropology at UOFT?,0,256,41,train,random
Could you tell me my ongoing copy demonstrate courses in advancement should i take another copy when new class become usable?,When should I apply?,0,256,408,train,hard
Quick question: my ongoing copy indicate courses in advancement i present another copy new class become usable?,My current transcript shows courses in-progress. Should I submit another transcript when new grades become available?,1,256,256,train,positive
Quick question: my ongoing copy indicate courses in advancement i present another copy new class become usable?,what can I do with a degree in Physical Therapy from UOFT?,0,256,85,train,random
Quick question: my ongoing copy indicate courses in advancement i present another copy new class become usable?,How do I become a Field Instructor?,0,256,500,train,hard
Help needed: my ongoing copy indicate courses advancement present another copy when new class become usable?,My current transcript shows courses in-progress. Should I submit another transcript when new grades become available?,1,256,256,dev,positive
Help needed: my ongoing copy indicate courses advancement present another copy when new class become usable?,can you explain the structure of Curriculum and Pedagogy at UOFT?,0,256,8,dev,random
Help needed: my ongoing copy indicate courses advancement present another copy when new class become usable?,How do I become a Field Instructor?,0,256,500,dev,hard
"Hi, my degree includes transfer credit exchange report is copy for want?","My degree includes transfer credit/exchange study, is a transcript for that needed?",1,257,257,train,positive
"Hi, my degree includes transfer credit exchange report is copy for want?",When will I know the results of my application?,0,257,267,train,random
"Hi, my degree includes transfer credit exchange report is copy for want?",Is there a deadline to submit my transfer credit application and documentation?,0,257,384,train,hard
Help needed: my degree includes transfer credit exchange survey is a copy that required?,"My degree includes transfer credit/exchange study, is a transcript for that needed?",1,257,257,train,positive
Help needed: my degree includes transfer credit exchange survey is a copy that required?,can you explain the structure of Genetic Counselling at UOFT?,0,257,100,train,random
Help needed: my degree includes transfer credit exchange survey is a copy that required?,Is there a deadline to submit my transfer credit application and documentation?,0,257,384,train,hard
Help needed: my degree includes transfer credit exchange survey a copy that necessary?,"My degree includes transfer credit/exchange study, is a transcript for that needed?",1,257,257,dev,positive
Help needed: my degree includes transfer credit exchange survey a copy that necessary?,can you explain the structure of Linguistics at UOFT?,0,257,180,dev,random
Help needed: my degree includes transfer credit exchange survey a copy that necessary?,Is it necessary that my practicum complies with my declared field of study?,0,257,483,dev,hard
Quick question: a umpire i wish does not institution or organization email speech should i?,A referee I want doesn't have an institution or organization email address - what should I do?,1,258,258,train,positive
Quick question: a umpire i wish does not institution or organization email speech should i?,How do I extend my study permit?,0,258,459,train,random
Quick question: a umpire i wish does not institution or organization email speech should i?,My transcript does not include course title or grades. What should I do?,0,258,423,train,hard
Quick question: a umpire i desire not have an institution or organization email speech what should i do?,A referee I want doesn't have an institution or organization email address - what should I do?,1,258,258,train,positive
Quick question: a umpire i desire not have an institution or organization email speech what should i do?,I know someone who would like to quit smoking or vaping. Are there resources available at U of T to help them?,0,258,316,train,random
Quick question: a umpire i desire not have an institution or organization email speech what should i do?,"Why did I receive an email or app alert, but not a text message?",0,258,298,train,hard
Help needed: a umpire i wish does not institution or organization email speech should i do?,A referee I want doesn't have an institution or organization email address - what should I do?,1,258,258,dev,positive
Help needed: a umpire i wish does not institution or organization email speech should i do?,what can I do with a degree in Katie Filek from UOFT?,0,258,227,dev,random
Help needed: a umpire i wish does not institution or organization email speech should i do?,My transcript does not include course title or grades. What should I do?,0,258,423,dev,hard
Quick question: what if it s genuinely problematic me to come an scholarly or professional missive of mention?,What if it's really difficult for me to get an academic (or professional) letter of reference?,1,259,259,train,positive
Quick question: what if it s genuinely problematic me to come an scholarly or professional missive of mention?,How do I know if I'm admissible?,0,259,264,train,random
Quick question: what if it s genuinely problematic me to come an scholarly or professional missive of mention?,What number will alerts come from?,0,259,292,train,hard
what if it s actually tough for me to make an scholarly professional missive of mention? Any idea?,What if it's really difficult for me to get an academic (or professional) letter of reference?,1,259,259,train,positive
what if it s actually tough for me to make an scholarly professional missive of mention? Any idea?,"My school sent my transcript last week, how do I know if you have received it?",0,259,350,train,random
what if it s actually tough for me to make an scholarly professional missive of mention? Any idea?,Are there any financial support options for me?,0,259,323,train,hard
"Hi, what it s actually tough for me to make an scholarly or professional missive of mention?",What if it's really difficult for me to get an academic (or professional) letter of reference?,1,259,259,dev,positive
"Hi, what it s actually tough for me to make an scholarly or professional missive of mention?",describe the Teaching curriculum at UOFT.,0,259,31,dev,random
"Hi, what it s actually tough for me to make an scholarly or professional missive of mention?",How do I make sure I'm considered for scholarships? What scholarships are available to me?,0,259,366,dev,hard
can present more than two missive of quotation?,Can I submit more than two letters of reference?,1,260,260,train,positive
can present more than two missive of quotation?,can you explain the structure of Application Deadlines & Closing Dates at UOFT?,0,260,153,train,random
can present more than two missive of quotation?,I want to apply to more than one program; do I have to submit more than one application?,0,260,414,train,hard
Quick question: can i present more than two missive of quotation?,Can I submit more than two letters of reference?,1,260,260,train,positive
Quick question: can i present more than two missive of quotation?,what can I do with a degree in Communications from MCGILL?,0,260,236,train,random
Quick question: can i present more than two missive of quotation?,I want to apply to more than one program; do I have to submit more than one application?,0,260,414,train,hard
Quick question: can i present more than two missive of mention?,Can I submit more than two letters of reference?,1,260,260,dev,positive
Quick question: can i present more than two missive of mention?,what can I do with a degree in Health Administration from UOFT?,0,260,90,dev,random
Quick question: can i present more than two missive of mention?,I want to apply to more than one program; do I have to submit more than one application?,0,260,414,dev,hard
should i present my gre tally? Thanks.,Should I submit my GRE score?,1,261,261,train,positive
should i present my gre tally? Thanks.,I have a health issue or disability that may impact my academic performance. What accommodations are available?,0,261,474,train,random
should i present my gre tally? Thanks.,Do I need to take the GRE exam?,0,261,437,train,hard
should i present my gre tally? Any idea?,Should I submit my GRE score?,1,261,261,train,positive
should i present my gre tally? Any idea?,what subjects will I study in English at UOFT?,0,261,233,train,random
should i present my gre tally? Any idea?,Do I need to take the GRE exam?,0,261,437,train,hard
Could you tell me should i present gre tally?,Should I submit my GRE score?,1,261,261,dev,positive
Could you tell me should i present gre tally?,describe the One Year MMPA curriculum at UOFT.,0,261,72,dev,random
Could you tell me should i present gre tally?,Do I need to take the GRE exam?,0,261,437,dev,hard
how do i recognize if i necessitate a toefl score? Thanks.,How do I know if I require a TOEFL score?,1,262,262,train,positive
how do i recognize if i necessitate a toefl score? Thanks.,what kind of research is done in European and Eurasian Studies at UOFT?,0,262,107,train,random
how do i recognize if i necessitate a toefl score? Thanks.,I am an international applicant. How do I know if you recognize my degree?,0,262,407,train,hard
"Hi, how do i love if expect toefl score?",How do I know if I require a TOEFL score?,1,262,262,train,positive
"Hi, how do i love if expect toefl score?","what subjects will I study in Bachelor of Arts, Visual Studies at UOFT?",0,262,42,train,random
"Hi, how do i love if expect toefl score?","I sent my IELTS/TOEFL scores last week, how do I know if you have received it?",0,262,360,train,hard
"Hi, how do i recognize if i expect a toefl score?",How do I know if I require a TOEFL score?,1,262,262,dev,positive
"Hi, how do i recognize if i expect a toefl score?",Are all practicums reserved for FIFSW students?,0,262,485,dev,random
"Hi, how do i recognize if i expect a toefl score?",I am an international applicant. How do I know if you recognize my degree?,0,262,407,dev,hard
Help needed: if i want to offer validation of english language proficiency will make provide of admission?,If I need to provide proof of English language proficiency will I get an offer of admission?,1,263,263,train,positive
Help needed: if i want to offer validation of english language proficiency will make provide of admission?,what jobs can I get after Counselling & Clinical Psychology at UTSC at UOFT?,0,263,131,train,random
Help needed: if i want to offer validation of english language proficiency will make provide of admission?,Do I need to submit proof of English proficiency?,0,263,357,train,hard
Help needed: if i ask to offer validation of english language proficiency make an provide of admission?,If I need to provide proof of English language proficiency will I get an offer of admission?,1,263,263,train,positive
Help needed: if i ask to offer validation of english language proficiency make an provide of admission?,Do I need a visa in addition to my study permit to travel to Canada?,0,263,450,train,random
Help needed: if i ask to offer validation of english language proficiency make an provide of admission?,What is an Offer of Admission?,0,263,446,train,hard
"Hi, if i ask to offer validation english language proficiency will i take provide of admission?",If I need to provide proof of English language proficiency will I get an offer of admission?,1,263,263,dev,positive
"Hi, if i ask to offer validation english language proficiency will i take provide of admission?","what kind of research is done in Germanic Literature, Culture and Theory at UOFT?",0,263,47,dev,random
"Hi, if i ask to offer validation english language proficiency will i take provide of admission?",Do I need to submit proof of English proficiency?,0,263,357,dev,hard
Help needed: how do i love if i m permissible?,How do I know if I'm admissible?,1,264,264,train,positive
Help needed: how do i love if i m permissible?,Can I make changes to my application after I paid the application fee?,0,264,416,train,random
Help needed: how do i love if i m permissible?,How do I know if I'm already in the UTAlert system?,0,264,286,train,hard
"Hi, how i love if i m permissible?",How do I know if I'm admissible?,1,264,264,train,positive
"Hi, how i love if i m permissible?",can you explain the structure of Electrical & Computer Engineering Undergraduate Program at UOFT?,0,264,217,train,random
"Hi, how i love if i m permissible?",How do I know if I'm already in the UTAlert system?,0,264,286,train,hard
how i love i m permissible? Thanks.,How do I know if I'm admissible?,1,264,264,dev,positive
how i love i m permissible? Thanks.,"If I am not eligible for my program choice at U of T Mississauga, will I be considered for an alternate offer?",0,264,339,dev,random
how i love i m permissible? Thanks.,How do I know if I'm already in the UTAlert system?,0,264,286,dev,hard
Help needed: what do you think an proper degree?,"What do you mean by an ""appropriate"" degree?",1,265,265,train,positive
Help needed: what do you think an proper degree?,How long will an assessment take?,0,265,381,train,random
Help needed: what do you think an proper degree?,"My degree includes transfer credit/exchange study, is a transcript for that needed?",0,265,257,train,hard
Help needed: what do you signify by an proper degree?,"What do you mean by an ""appropriate"" degree?",1,265,265,train,positive
Help needed: what do you signify by an proper degree?,Who do I talk to if I have questions or need help with my legal status and/or study/work/co-op permit(s)?,0,265,462,train,random
Help needed: what do you signify by an proper degree?,"My degree includes transfer credit/exchange study, is a transcript for that needed?",0,265,257,train,hard
Could you tell me what do imply an proper degree?,"What do you mean by an ""appropriate"" degree?",1,265,265,dev,positive
Could you tell me what do imply an proper degree?,Am I eligible to stay in Canada after completing my degree program?,0,265,456,dev,random
Could you tell me what do imply an proper degree?,I am an international applicant. How do I know if you recognize my degree?,0,265,407,dev,hard
Quick question: my previous plan is ungraded what i do?,My previous program is ungraded - what should I do?,1,266,266,train,positive
Quick question: my previous plan is ungraded what i do?,What should I submit if I don't have my mid-term transcript yet? What if I don't get mid-term grades or a mid-term transcript?,0,266,348,train,random
Quick question: my previous plan is ungraded what i do?,"I am taking courses at my previous university in the summer session before attending U of T Mississauga, can I receive transfer credit for these courses?",0,266,395,train,hard
my previous curriculum is ungraded what should i do? Any idea?,My previous program is ungraded - what should I do?,1,266,266,train,positive
my previous curriculum is ungraded what should i do? Any idea?,can you explain the structure of Executive Education at UOFT?,0,266,105,train,random
my previous curriculum is ungraded what should i do? Any idea?,Are any courses offered online?,0,266,466,train,hard
my previous plan ungraded what should i do?,My previous program is ungraded - what should I do?,1,266,266,dev,positive
my previous plan ungraded what should i do?,what subjects will I study in Occupational Therapy at UOFT?,0,266,146,dev,random
my previous plan ungraded what should i do?,How should I submit my transcript?,0,266,345,dev,hard
when will i recognize the outcome my application? Thanks.,When will I know the results of my application?,1,267,267,train,positive
when will i recognize the outcome my application? Thanks.,can you explain the structure of Urban Design at UOFT?,0,267,143,train,random
when will i recognize the outcome my application? Thanks.,When will I hear a decision on my application?,0,267,442,train,hard
Quick question: when acknowledge the outcome of application?,When will I know the results of my application?,1,267,267,train,positive
Quick question: when acknowledge the outcome of application?,can you explain the structure of Astronomy and Astrophysics at UOFT?,0,267,181,train,random
Quick question: when acknowledge the outcome of application?,When will I hear a decision on my application?,0,267,442,train,hard
when will i recognize the outcome of my application? Thanks.,When will I know the results of my application?,1,267,267,dev,positive
when will i recognize the outcome of my application? Thanks.,Do I have to be a teacher to apply to OISE?,0,267,241,dev,random
when will i recognize the outcome of my application? Thanks.,When will I hear a decision on my application?,0,267,442,dev,hard
if i m provide admission can wait begin plan?,If I'm offered admission can I delay starting my program?,1,268,268,train,positive
if i m provide admission can wait begin plan?,"can you explain the structure of Germanic Literature, Culture and Theory at UOFT?",0,268,7,train,random
if i m provide admission can wait begin plan?,If I need to provide proof of English language proficiency will I get an offer of admission?,0,268,263,train,hard
Could you tell me if m provide admission i postponement begin my plan?,If I'm offered admission can I delay starting my program?,1,268,268,train,positive
Could you tell me if m provide admission i postponement begin my plan?,can you explain the structure of Biotechnology at UOFT?,0,268,73,train,random
Could you tell me if m provide admission i postponement begin my plan?,If I need to provide proof of English language proficiency will I get an offer of admission?,0,268,263,train,hard
if i m provide admission can i wait begin my plan? Any idea?,If I'm offered admission can I delay starting my program?,1,268,268,dev,positive
if i m provide admission can i wait begin my plan? Any idea?,what subjects will I study in Biotechnology at UOFT?,0,268,62,dev,random
if i m provide admission can i wait begin my plan? Any idea?,If I need to provide proof of English language proficiency will I get an offer of admission?,0,268,263,dev,hard
Could you tell me i was provide admission one plan but now i wish to transfer to another i?,"I was offered admission to one program, but now I want to transfer to another. Can I?",1,269,269,train,positive
Could you tell me i was provide admission one plan but now i wish to transfer to another i?,can you explain the structure of Executive Education at UOFT?,0,269,105,train,random
Could you tell me i was provide admission one plan but now i wish to transfer to another i?,My institution will release transcripts to me but not to the institution to which I am applying. Will you accept transcripts submitted by me?,0,269,421,train,hard
i provide admission to one plan but now i need to transfer to another can i? Thanks.,"I was offered admission to one program, but now I want to transfer to another. Can I?",1,269,269,train,positive
i provide admission to one plan but now i need to transfer to another can i? Thanks.,can you explain the structure of Civil Engineering Undergraduate Program at UOFT?,0,269,193,train,random
i provide admission to one plan but now i need to transfer to another can i? Thanks.,Do I need to ask my high school to mail in my transcript now?,0,269,344,train,hard
Could you tell me i was provide admission to one plan but now i wishing to transfer to another i?,"I was offered admission to one program, but now I want to transfer to another. Can I?",1,269,269,dev,positive
Could you tell me i was provide admission to one plan but now i wishing to transfer to another i?,How do I know if I require a TOEFL score?,0,269,262,dev,random
Could you tell me i was provide admission to one plan but now i wishing to transfer to another i?,My institution will release transcripts to me but not to the institution to which I am applying. Will you accept transcripts submitted by me?,0,269,421,dev,hard
"Hi, i was deny admission can appeal?",I was refused admission - can I appeal?,1,270,270,train,positive
"Hi, i was deny admission can appeal?",How much is the application fee?,0,270,417,train,random
"Hi, i was deny admission can appeal?",Can I appeal a transfer credit decision?,0,270,383,train,hard
Could you tell me i was deny admission can i appeal?,I was refused admission - can I appeal?,1,270,270,train,positive
Could you tell me i was deny admission can i appeal?,Who do I talk to if I have questions or need help with my legal status and/or study/work/co-op permit(s)?,0,270,462,train,random
Could you tell me i was deny admission can i appeal?,Can I appeal a transfer credit decision?,0,270,383,train,hard
Quick question: i was deny admission can i appeal?,I was refused admission - can I appeal?,1,270,270,dev,positive
Quick question: i was deny admission can i appeal?,what subjects will I study in Public Policy at UOFT?,0,270,86,dev,random
Quick question: i was deny admission can i appeal?,Can I appeal a transfer credit decision?,0,270,383,dev,hard
Help needed: how can decide specifically why i was deny admission find feedback?,How can I determine specifically why I was refused admission and get feedback?,1,271,271,train,positive
Help needed: how can decide specifically why i was deny admission find feedback?,what research opportunities exist in Counselling and Clinical Psychology - Field in Clinical and Counselling Psychology (OISE) at UOFT?,0,271,129,train,random
Help needed: how can decide specifically why i was deny admission find feedback?,Where can I find help with housing?,0,271,471,train,hard
Quick question: how can decide specifically i was deny admission find feedback?,How can I determine specifically why I was refused admission and get feedback?,1,271,271,train,positive
Quick question: how can decide specifically i was deny admission find feedback?,"what research opportunities exist in Graduate Courses: Auditing, Non-degree Students, & Visitors at UOFT?",0,271,229,train,random
Quick question: how can decide specifically i was deny admission find feedback?,I was refused admission - can I appeal?,0,271,270,train,hard
how can i specify specifically why i was deny admission find feedback? Any idea?,How can I determine specifically why I was refused admission and get feedback?,1,271,271,dev,positive
how can i specify specifically why i was deny admission find feedback? Any idea?,Do I need to ask my high school to mail in my transcript now?,0,271,344,dev,random
how can i specify specifically why i was deny admission find feedback? Any idea?,I was refused admission - can I appeal?,0,271,270,dev,hard
can i get handbag into convocation hall? Thanks.,Can I bring bags into Convocation Hall?,1,272,272,train,positive
can i get handbag into convocation hall? Thanks.,If I'm offered admission can I delay starting my program?,0,272,268,train,random
can i get handbag into convocation hall? Thanks.,"Once I'm inside Convocation Hall, will I be able to leave and enter again?",0,272,274,train,hard
Could you tell me can i add suitcase into convocation hall?,Can I bring bags into Convocation Hall?,1,272,272,train,positive
Could you tell me can i add suitcase into convocation hall?,what can I do with a degree in History from UOFT?,0,272,179,train,random
Could you tell me can i add suitcase into convocation hall?,"Once I'm inside Convocation Hall, will I be able to leave and enter again?",0,272,274,train,hard
can impart handbag into convocation hall? Thanks.,Can I bring bags into Convocation Hall?,1,272,272,dev,positive
can impart handbag into convocation hall? Thanks.,how can I apply to Kawaskimhon Moot at UOFT?,0,272,231,dev,random
can impart handbag into convocation hall? Thanks.,"Once I'm inside Convocation Hall, will I be able to leave and enter again?",0,272,274,dev,hard
if i have gigantic own items where can i store them? Any idea?,"If I have larger personal items, where can I store them?",1,273,273,train,positive
if i have gigantic own items where can i store them? Any idea?,"What is the difference between an admission category, a program, and POSt? Can I apply directly to my program or specialist/major/minor?",0,273,335,train,random
if i have gigantic own items where can i store them? Any idea?,Can I find my own practicum?,0,273,482,train,hard
if i bigger own items where can i store them? Thanks.,"If I have larger personal items, where can I store them?",1,273,273,train,positive
if i bigger own items where can i store them? Thanks.,How many reference letters are required for admission?,0,273,430,train,random
if i bigger own items where can i store them? Thanks.,Can I find my own practicum?,0,273,482,train,hard
Quick question: if have big individual items where can i store them?,"If I have larger personal items, where can I store them?",1,273,273,dev,positive
Quick question: if have big individual items where can i store them?,what can I do with a degree in Art History from UOFT?,0,273,88,dev,random
Quick question: if have big individual items where can i store them?,What personal information does the system store?,0,273,302,dev,hard
Help needed: once i m within convocation hall will i be able to give enter again?,"Once I'm inside Convocation Hall, will I be able to leave and enter again?",1,274,274,train,positive
Help needed: once i m within convocation hall will i be able to give enter again?,what courses are offered in Slavic and East European Languages and Cultures at UOFT?,0,274,197,train,random
Help needed: once i m within convocation hall will i be able to give enter again?,Can I bring bags into Convocation Hall?,0,274,272,train,hard
"Hi, once i m within convocation hall will i able give and enter again?","Once I'm inside Convocation Hall, will I be able to leave and enter again?",1,274,274,train,positive
"Hi, once i m within convocation hall will i able give and enter again?",what can I do with a degree in Executive Education from UOFT?,0,274,98,train,random
"Hi, once i m within convocation hall will i able give and enter again?",Can I bring bags into Convocation Hall?,0,274,272,train,hard
once i m within convocation hall i able give and enter again? Thanks.,"Once I'm inside Convocation Hall, will I be able to leave and enter again?",1,274,274,dev,positive
once i m within convocation hall i able give and enter again? Thanks.,I changed my mind and do not want to go to graduate school anymore; can I get a refund of the application fee?,0,274,419,dev,random
once i m within convocation hall i able give and enter again? Thanks.,Can I bring bags into Convocation Hall?,0,274,272,dev,hard
where do i compile graduation scrubs?,Where do I collect my graduation gown?,1,275,275,train,positive
where do i compile graduation scrubs?,"what subjects will I study in Health Policy, Management and Evaluation at UOFT?",0,275,214,train,random
where do i compile graduation scrubs?,"Can I add a special stole, jewelry or badges to my graduation gown?",0,275,278,train,hard
"Hi, where i accumulate my graduation scrubs?",Where do I collect my graduation gown?,1,275,275,train,positive
"Hi, where i accumulate my graduation scrubs?",what subjects will I study in Master of Urban Design (post-professional) at UOFT?,0,275,56,train,random
"Hi, where i accumulate my graduation scrubs?","Can I add a special stole, jewelry or badges to my graduation gown?",0,275,278,train,hard
where do i compile my graduation scrubs?,Where do I collect my graduation gown?,1,275,275,dev,positive
where do i compile my graduation scrubs?,Does the Government of Canada's cap on study permits for International students apply to OISE programs?,0,275,247,dev,random
where do i compile my graduation scrubs?,Where do I send my application supporting documents?,0,275,436,dev,hard
will i want to demonstrate id to gather my scrubs? Thanks.,Will I need to show ID to collect my gown?,1,276,276,train,positive
will i want to demonstrate id to gather my scrubs? Thanks.,Can I participate in the Jump Start program?,0,276,318,train,random
will i want to demonstrate id to gather my scrubs? Thanks.,"I want to apply to several programs, can I?",0,276,249,train,hard
"Hi, will i want display id to amass my scrubs?",Will I need to show ID to collect my gown?,1,276,276,train,positive
"Hi, will i want display id to amass my scrubs?",what are the research areas in SURE: Summer Undergraduate Research in Engineering at MCGILL?,0,276,133,train,random
"Hi, will i want display id to amass my scrubs?","I want to apply to several programs, can I?",0,276,249,train,hard
Could you tell me will ask to demonstrate id to amass my scrubs?,Will I need to show ID to collect my gown?,1,276,276,dev,positive
Could you tell me will ask to demonstrate id to amass my scrubs?,can you explain the structure of Master of Applied Science (MASc) at UOFT?,0,276,75,dev,random
Could you tell me will ask to demonstrate id to amass my scrubs?,Do I need to ask my high school to mail in my transcript now?,0,276,344,dev,hard
do i want to clothing an scholarly hood?,Do I need to wear an academic hood?,1,277,277,train,positive
do i want to clothing an scholarly hood?,can you explain the structure of Medical Science at UOFT?,0,277,51,train,random
do i want to clothing an scholarly hood?,"I want to apply to several programs, can I?",0,277,249,train,hard
Quick question: do i ask clothing an scholarly hood?,Do I need to wear an academic hood?,1,277,277,train,positive
Quick question: do i ask clothing an scholarly hood?,"The application deadline has passed, but I still have access to my application. Can I proceed?",0,277,444,train,random
Quick question: do i ask clothing an scholarly hood?,Do I need to ask my high school to mail in my transcript now?,0,277,344,train,hard
Could you tell me do i want to clothing scholarly hood?,Do I need to wear an academic hood?,1,277,277,dev,positive
Could you tell me do i want to clothing scholarly hood?,can you explain the structure of Social Justice Education at UOFT?,0,277,106,dev,random
Could you tell me do i want to clothing scholarly hood?,"I want to apply to several programs, can I?",0,277,249,dev,hard
can i contribute exceptional steal jewelry or badges to graduation robe? Any idea?,"Can I add a special stole, jewelry or badges to my graduation gown?",1,278,278,train,positive
can i contribute exceptional steal jewelry or badges to graduation robe? Any idea?,What is the process for referees?,0,278,431,train,random
can i contribute exceptional steal jewelry or badges to graduation robe? Any idea?,Where do I collect my graduation gown?,0,278,275,train,hard
can i bring extra steal jewelry or badges my graduation scrubs? Any idea?,"Can I add a special stole, jewelry or badges to my graduation gown?",1,278,278,train,positive
can i bring extra steal jewelry or badges my graduation scrubs? Any idea?,what subjects will I study in Master of Urban Design (post-professional) at UOFT?,0,278,56,train,random
can i bring extra steal jewelry or badges my graduation scrubs? Any idea?,What is an Extra?,0,278,392,train,hard
can i contribute a particular steal jewelry badges to my graduation scrubs? Thanks.,"Can I add a special stole, jewelry or badges to my graduation gown?",1,278,278,dev,positive
can i contribute a particular steal jewelry badges to my graduation scrubs? Thanks.,can you explain the structure of Chemistry at UOFT?,0,278,189,dev,random
can i contribute a particular steal jewelry badges to my graduation scrubs? Thanks.,Where do I collect my graduation gown?,0,278,275,dev,hard
i an indigenous graduating scholar so can i clothing traditional indigenous regalia? Any idea?,"I am an Indigenous graduating student, so can I wear traditional Indigenous regalia?",1,279,279,train,positive
i an indigenous graduating scholar so can i clothing traditional indigenous regalia? Any idea?,what can I do with a degree in Management and Professional Accounting from UOFT?,0,279,117,train,random
i an indigenous graduating scholar so can i clothing traditional indigenous regalia? Any idea?,"I am an Indigenous student, what do I need to know about registering for Jump Start?",0,279,320,train,hard
Help needed: i an indigenous graduating scholar so i clothing traditional indigenous regalia?,"I am an Indigenous graduating student, so can I wear traditional Indigenous regalia?",1,279,279,train,positive
Help needed: i an indigenous graduating scholar so i clothing traditional indigenous regalia?,"what are the admission requirements for PhD in Architecture, Landscape, and Design at UOFT?",0,279,196,train,random
Help needed: i an indigenous graduating scholar so i clothing traditional indigenous regalia?,"I am an Indigenous student, what do I need to know about registering for Jump Start?",0,279,320,train,hard
i am an indigenous graduating scholar so can i clothing traditional indigenous regalia?,"I am an Indigenous graduating student, so can I wear traditional Indigenous regalia?",1,279,279,dev,positive
i am an indigenous graduating scholar so can i clothing traditional indigenous regalia?,How can I determine specifically why I was refused admission and get feedback?,0,279,271,dev,random
i am an indigenous graduating scholar so can i clothing traditional indigenous regalia?,"I am an Indigenous student, what do I need to know about registering for Jump Start?",0,279,320,dev,hard
"Hi, can i clap or cheer during the convocation ceremony?",Can I clap or cheer during the convocation ceremony?,1,280,280,train,positive
"Hi, can i clap or cheer during the convocation ceremony?","what subjects will I study in Germanic Literature, Culture and Theory at UOFT?",0,280,97,train,random
"Hi, can i clap or cheer during the convocation ceremony?",Where can we take photos after the ceremony?,0,280,281,train,hard
Help needed: can i clap or cheer during the convocation ceremony?,Can I clap or cheer during the convocation ceremony?,1,280,280,train,positive
Help needed: can i clap or cheer during the convocation ceremony?,where do Doctor of Education in Counselling Psychology (School Psychology Field) graduates from UOFT typically work?,0,280,37,train,random
Help needed: can i clap or cheer during the convocation ceremony?,Where can I find help with housing?,0,280,471,train,hard
can i clap or cheer during convocation ceremony?,Can I clap or cheer during the convocation ceremony?,1,280,280,dev,positive
can i clap or cheer during convocation ceremony?,How should my academic transcripts be submitted?,0,280,420,dev,random
can i clap or cheer during convocation ceremony?,Can I bring bags into Convocation Hall?,0,280,272,dev,hard
Quick question: where can we get pic after the observance?,Where can we take photos after the ceremony?,1,281,281,train,positive
Quick question: where can we get pic after the observance?,Where can I get information on applying for a post-graduate work permit (PGWP)?,0,281,460,train,random
Quick question: where can we get pic after the observance?,Where can I get information on the status of my application?,0,281,441,train,hard
where can we get pic the observance? Thanks.,Where can we take photos after the ceremony?,1,281,281,train,positive
where can we get pic the observance? Thanks.,How should I submit my transcript?,0,281,345,train,random
where can we get pic the observance? Thanks.,Where can I get information on the status of my application?,0,281,441,train,hard
"Hi, where we bring pic after observance?",Where can we take photos after the ceremony?,1,281,281,dev,positive
"Hi, where we bring pic after observance?",what kind of research is done in Chemical Engineering Undergraduate Program at UOFT?,0,281,207,dev,random
"Hi, where we bring pic after observance?",Can I bring bags into Convocation Hall?,0,281,272,dev,hard
Could you tell me will be a communal gathering location after the observance?,Will there be a communal gathering location after the ceremony?,1,282,282,train,positive
Could you tell me will be a communal gathering location after the observance?,what subjects will I study in English at UOFT?,0,282,233,train,random
Could you tell me will be a communal gathering location after the observance?,Will I be able to live in the same room after Jump Start?,0,282,328,train,hard
Help needed: will there a communal gathering location the observance?,Will there be a communal gathering location after the ceremony?,1,282,282,train,positive
Help needed: will there a communal gathering location the observance?,Do I have health or dental insurance coverage through U of T?,0,282,476,train,random
Help needed: will there a communal gathering location the observance?,"My degree includes transfer credit/exchange study, is a transcript for that needed?",0,282,257,train,hard
will there a communal gathering location observance? Thanks.,Will there be a communal gathering location after the ceremony?,1,282,282,dev,positive
will there a communal gathering location observance? Thanks.,what kind of research is done in Finance at UOFT?,0,282,238,dev,random
will there a communal gathering location observance? Thanks.,Is there a deadline to submit my transfer credit application and documentation?,0,282,384,dev,hard
what is utalert? Thanks.,What is UTAlert?,1,283,283,train,positive
what is utalert? Thanks.,what subjects will I study in Electrical and Computer Engineering at UOFT?,0,283,43,train,random
what is utalert? Thanks.,Who receives UTAlert notifications?,0,283,284,train,hard
Help needed: what utalert?,What is UTAlert?,1,283,283,train,positive
Help needed: what utalert?,what subjects will I study in Curriculum and Pedagogy at UOFT?,0,283,22,train,random
Help needed: what utalert?,Where can I find help with housing?,0,283,471,train,hard
"Hi, what is utalert?",What is UTAlert?,1,283,283,dev,positive
"Hi, what is utalert?",Can I change my course timetable?,0,283,465,dev,random
"Hi, what is utalert?",Who receives UTAlert notifications?,0,283,284,dev,hard
who receives utalert notifications? Any idea?,Who receives UTAlert notifications?,1,284,284,train,positive
who receives utalert notifications? Any idea?,where do Counselling and Clinical Psychology - Field in Clinical Psychology (UTSC) graduates from UOFT typically work?,0,284,126,train,random
who receives utalert notifications? Any idea?,Can I receive UTAlert notifications from all three campuses?,0,284,290,train,hard
who receives utalert notifications? Thanks.,Who receives UTAlert notifications?,1,284,284,train,positive
who receives utalert notifications? Thanks.,I was refused admission - can I appeal?,0,284,270,train,random
who receives utalert notifications? Thanks.,Can I receive UTAlert notifications from all three campuses?,0,284,290,train,hard
Quick question: who receives utalert notifications?,Who receives UTAlert notifications?,1,284,284,dev,positive
Quick question: who receives utalert notifications?,How do I know if I'm already in the UTAlert system?,0,284,286,dev,random
Quick question: who receives utalert notifications?,Can I receive UTAlert notifications from all three campuses?,0,284,290,dev,hard
Could you tell me how do i sign up for utalert?,How do I sign up for UTAlert?,1,285,285,train,positive
Could you tell me how do i sign up for utalert?,I want to apply to more than one program; do I have to submit more than one application?,0,285,414,train,random
Could you tell me how do i sign up for utalert?,What is UTAlert?,0,285,283,train,hard
"Hi, how do i sign for utalert?",How do I sign up for UTAlert?,1,285,285,train,positive
"Hi, how do i sign for utalert?",My name in my official transcripts is different from my passport / other transcripts; shall I provide a document explaining the discrepancy?,0,285,426,train,random
"Hi, how do i sign for utalert?",What is UTAlert?,0,285,283,train,hard
how i sign for utalert? Thanks.,How do I sign up for UTAlert?,1,285,285,dev,positive
how i sign for utalert? Thanks.,Does my grade transfer with the credit to U of T?,0,285,399,dev,random
how i sign for utalert? Thanks.,What is UTAlert?,0,285,283,dev,hard
Quick question: how do recognize m already the utalert scheme?,How do I know if I'm already in the UTAlert system?,1,286,286,train,positive
Quick question: how do recognize m already the utalert scheme?,what can I do with a degree in Communications from MCGILL?,0,286,236,train,random
Quick question: how do recognize m already the utalert scheme?,What is UTAlert?,0,286,283,train,hard
Quick question: how do i recognize if i m already utalert scheme?,How do I know if I'm already in the UTAlert system?,1,286,286,train,positive
Quick question: how do i recognize if i m already utalert scheme?,what kind of research is done in Zheming (Taro) Cai at UOFT?,0,286,170,train,random
Quick question: how do i recognize if i m already utalert scheme?,I am an international applicant. How do I know if you recognize my degree?,0,286,407,train,hard
how do i recognize if i m already in the utalert scheme?,How do I know if I'm already in the UTAlert system?,1,286,286,dev,positive
how do i recognize if i m already in the utalert scheme?,Who do I talk to if I have questions or need help with my legal status and/or study/work/co-op permit(s)?,0,286,462,dev,random
how do i recognize if i m already in the utalert scheme?,I am an international applicant. How do I know if you recognize my degree?,0,286,407,dev,hard
can i obtain utalerts if i do not operate survey at u t? Thanks.,Can I receive UTAlerts if I don't work/study at U of T?,1,287,287,train,positive
can i obtain utalerts if i do not operate survey at u t? Thanks.,If I'm offered admission can I delay starting my program?,0,287,268,train,random
can i obtain utalerts if i do not operate survey at u t? Thanks.,"If I am not eligible for my program choice at U of T Mississauga, will I be considered for an alternate offer?",0,287,339,train,hard
can i welcome utalerts if i do not operate survey at u of t? Any idea?,Can I receive UTAlerts if I don't work/study at U of T?,1,287,287,train,positive
can i welcome utalerts if i do not operate survey at u of t? Any idea?,can you explain the structure of Health Informatics at UOFT?,0,287,17,train,random
can i welcome utalerts if i do not operate survey at u of t? Any idea?,"If I am not eligible for my program choice at U of T Mississauga, will I be considered for an alternate offer?",0,287,339,train,hard
can i obtain utalerts if i do not operate survey at u of t? Thanks.,Can I receive UTAlerts if I don't work/study at U of T?,1,287,287,dev,positive
can i obtain utalerts if i do not operate survey at u of t? Thanks.,"I am an Indigenous graduating student, so can I wear traditional Indigenous regalia?",0,287,279,dev,random
can i obtain utalerts if i do not operate survey at u of t? Thanks.,"If I am not eligible for my program choice at U of T Mississauga, will I be considered for an alternate offer?",0,287,339,dev,hard
how will i obtain alerts? Any idea?,How will I receive alerts?,1,288,288,train,positive
how will i obtain alerts? Any idea?,It says in my Engineering Applicant Portal that I will be receiving a scholarship for first year -- do I have to do something to receive this?,0,288,470,train,random
how will i obtain alerts? Any idea?,How often will I receive alerts?,0,288,293,train,hard
Help needed: how will i obtain alerts?,How will I receive alerts?,1,288,288,train,positive
Help needed: how will i obtain alerts?,what subjects will I study in Civil Engineering Undergraduate Program at UOFT?,0,288,215,train,random
Help needed: how will i obtain alerts?,How often will I receive alerts?,0,288,293,train,hard
Help needed: how will welcome alerts?,How will I receive alerts?,1,288,288,dev,positive
Help needed: how will welcome alerts?,I'm not feeling well. Can I see a doctor or mental health professional on campus?,0,288,475,dev,random
Help needed: how will welcome alerts?,How often will I receive alerts?,0,288,293,dev,hard
Quick question: which method is the quickest?,Which method is the fastest?,1,289,289,train,positive
Quick question: which method is the quickest?,What exactly is the 10-day period I have to submit my supporting documents?,0,289,253,train,random
Quick question: which method is the quickest?,I am eligible for both the Summer and the Fall-Winter program streams. Which one should I choose?,0,289,363,train,hard
"Hi, which method is the quickest?",Which method is the fastest?,1,289,289,train,positive
"Hi, which method is the quickest?",When is the move-in date? Do I need to apply for an early move-in?,0,289,326,train,random
"Hi, which method is the quickest?",I am eligible for both the Summer and the Fall-Winter program streams. Which one should I choose?,0,289,363,train,hard
"Hi, which method is quickest?",Which method is the fastest?,1,289,289,dev,positive
"Hi, which method is quickest?",what can I do with a degree in Civil Engineering Undergraduate Program from UOFT?,0,289,198,dev,random
"Hi, which method is quickest?",I am eligible for both the Summer and the Fall-Winter program streams. Which one should I choose?,0,289,363,dev,hard
can i obtain utalert notifications from all three campuses?,Can I receive UTAlert notifications from all three campuses?,1,290,290,train,positive
can i obtain utalert notifications from all three campuses?,what subjects will I study in Social Justice Education at UOFT?,0,290,81,train,random
can i obtain utalert notifications from all three campuses?,Does this policy apply to all three campuses?,0,290,306,train,hard
can i incur utalert notifications all three campuses? Any idea?,Can I receive UTAlert notifications from all three campuses?,1,290,290,train,positive
can i incur utalert notifications all three campuses? Any idea?,My name in my official transcripts is different from my passport / other transcripts; shall I provide a document explaining the discrepancy?,0,290,426,train,random
can i incur utalert notifications all three campuses? Any idea?,Does this policy apply to all three campuses?,0,290,306,train,hard
can i incur utalert notifications three campuses? Thanks.,Can I receive UTAlert notifications from all three campuses?,1,290,290,dev,positive
can i incur utalert notifications three campuses? Thanks.,What are the admission requirements?,0,290,402,dev,random
can i incur utalert notifications three campuses? Thanks.,Who receives UTAlert notifications?,0,290,284,dev,hard
"Hi, can scheme touch me by call?",Can the system contact me by phone?,1,291,291,train,positive
"Hi, can scheme touch me by call?",what are the admission requirements for Physical Therapy at UOFT?,0,291,206,train,random
"Hi, can scheme touch me by call?",What should I do if I miss a call or alert?,0,291,300,train,hard
can the scheme touch me by telephone? Any idea?,Can the system contact me by phone?,1,291,291,train,positive
can the scheme touch me by telephone? Any idea?,how can I apply to Counselling and Clinical Psychology - Field in Clinical Psychology (UTSC) at UOFT?,0,291,137,train,random
can the scheme touch me by telephone? Any idea?,Are there any financial support options for me?,0,291,323,train,hard
Help needed: can the scheme touch me by call?,Can the system contact me by phone?,1,291,291,dev,positive
Help needed: can the scheme touch me by call?,how can I apply to Postdoctoral Studies in the School of Architecture at MCGILL?,0,291,95,dev,random
Help needed: can the scheme touch me by call?,Where can I find help with housing?,0,291,471,dev,hard
"Hi, what number will alarm follow from?",What number will alerts come from?,1,292,292,train,positive
"Hi, what number will alarm follow from?",can you explain the structure of Master of Science in Forestry at UOFT?,0,292,82,train,random
"Hi, what number will alarm follow from?",what subjects will I study in English at UOFT?,0,292,233,train,hard
Quick question: what number will alarm arrive from?,What number will alerts come from?,1,292,292,train,positive
Quick question: what number will alarm arrive from?,what courses are offered in Doctor of Education in Counselling Psychology (Counselling & Psychotherapy Field) at UOFT?,0,292,34,train,random
Quick question: what number will alarm arrive from?,what subjects will I study in English at UOFT?,0,292,233,train,hard
what number will alarm follow from?,What number will alerts come from?,1,292,292,dev,positive
what number will alarm follow from?,I am planning on taking a prerequisite in the summer before starting my undergraduate studies. Will this affect my admission?,0,292,352,dev,random
what number will alarm follow from?,what subjects will I study in English at UOFT?,0,292,233,dev,hard
how frequently will i obtain alerts?,How often will I receive alerts?,1,293,293,train,positive
how frequently will i obtain alerts?,what are the career prospects for Germanic Languages and Literatures graduates from UOFT?,0,293,160,train,random
how frequently will i obtain alerts?,How will I receive alerts?,0,293,288,train,hard
how frequently will incur alerts? Thanks.,How often will I receive alerts?,1,293,293,train,positive
how frequently will incur alerts? Thanks.,What should I do if I am unable to move into residence on September 1st as a Jump Start residence student?,0,293,327,train,random
how frequently will incur alerts? Thanks.,How will I receive alerts?,0,293,288,train,hard
how frequently will i incur alerts? Any idea?,How often will I receive alerts?,1,293,293,dev,positive
how frequently will i incur alerts? Any idea?,A referee I want doesn't have an institution or organization email address - what should I do?,0,293,258,dev,random
how frequently will i incur alerts? Any idea?,How will I receive alerts?,0,293,288,dev,hard
how do i check utalert settings and update my touch information?,How do I check my UTAlert settings and update my contact information?,1,294,294,train,positive
how do i check utalert settings and update my touch information?,What kind of computer or laptop should I buy?,0,294,468,train,random
how do i check utalert settings and update my touch information?,What is UTAlert?,0,294,283,train,hard
Quick question: how do i check my utalert settings update my touch information?,How do I check my UTAlert settings and update my contact information?,1,294,294,train,positive
Quick question: how do i check my utalert settings update my touch information?,I'm having trouble logging in to Join U of T. What should I do?,0,294,341,train,random
Quick question: how do i check my utalert settings update my touch information?,What is UTAlert?,0,294,283,train,hard
Help needed: how do i check utalert settings and update my touch information?,How do I check my UTAlert settings and update my contact information?,1,294,294,dev,positive
Help needed: how do i check utalert settings and update my touch information?,"Are staff, faculty and students able to smoke or vape tobacco or cannabis off university property and then go to work/class?",0,294,310,dev,random
Help needed: how do i check utalert settings and update my touch information?,What is UTAlert?,0,294,283,dev,hard
why do i ask to download alertable i already the campus safety app? Any idea?,Why do I need to download Alertable if I already have the Campus Safety app?,1,295,295,train,positive
why do i ask to download alertable i already the campus safety app? Any idea?,Can I find my own practicum?,0,295,482,train,random
why do i ask to download alertable i already the campus safety app? Any idea?,How do I enable app notifications for Alertable?,0,295,296,train,hard
"Hi, why do ask to download alertable if i already the campus safety app?",Why do I need to download Alertable if I already have the Campus Safety app?,1,295,295,train,positive
"Hi, why do ask to download alertable if i already the campus safety app?",How often will I receive alerts?,0,295,293,train,random
"Hi, why do ask to download alertable if i already the campus safety app?",How do I enable app notifications for Alertable?,0,295,296,train,hard
"Hi, why do ask download alertable if i already have the campus safety app?",Why do I need to download Alertable if I already have the Campus Safety app?,1,295,295,dev,positive
"Hi, why do ask download alertable if i already have the campus safety app?",can you explain the structure of Global Professional Law at UOFT?,0,295,6,dev,random
"Hi, why do ask download alertable if i already have the campus safety app?",How do I enable app notifications for Alertable?,0,295,296,dev,hard
how do i enable app notifications for alertable? Any idea?,How do I enable app notifications for Alertable?,1,296,296,train,positive
how do i enable app notifications for alertable? Any idea?,"what subjects will I study in Drama, Theatre and Performance Studies at UOFT?",0,296,132,train,random
how do i enable app notifications for alertable? Any idea?,Why do I need to download Alertable if I already have the Campus Safety app?,0,296,295,train,hard
how i enable app notifications for alertable? Thanks.,How do I enable app notifications for Alertable?,1,296,296,train,positive
how i enable app notifications for alertable? Thanks.,"Will I need to submit reference letters, personal statements, or supplementary applications?",0,296,332,train,random
how i enable app notifications for alertable? Thanks.,Why do I need to download Alertable if I already have the Campus Safety app?,0,296,295,train,hard
Help needed: how i enable app notifications alertable?,How do I enable app notifications for Alertable?,1,296,296,dev,positive
Help needed: how i enable app notifications alertable?,When should I register for courses at U of T Mississauga?,0,296,394,dev,random
Help needed: how i enable app notifications alertable?,Why do I need to download Alertable if I already have the Campus Safety app?,0,296,295,dev,hard
Quick question: why not i incur a notification through app?,Why didn't I receive a notification through the app?,1,297,297,train,positive
Quick question: why not i incur a notification through app?,Can I get my transcripts back?,0,297,429,train,random
Quick question: why not i incur a notification through app?,"Why did I receive an email or app alert, but not a text message?",0,297,298,train,hard
"Hi, why not incur a notification through the app?",Why didn't I receive a notification through the app?,1,297,297,train,positive
"Hi, why not incur a notification through the app?",what kind of research is done in Anishinaabe Law Camp at UOFT?,0,297,225,train,random
"Hi, why not incur a notification through the app?","Why did I receive an email or app alert, but not a text message?",0,297,298,train,hard
why did not i obtain notification through app? Any idea?,Why didn't I receive a notification through the app?,1,297,297,dev,positive
why did not i obtain notification through app? Any idea?,what kind of research is done in Applied Computing at UOFT?,0,297,171,dev,random
why did not i obtain notification through app? Any idea?,"Why did I receive an email or app alert, but not a text message?",0,297,298,dev,hard
"Hi, why did incur an email or app alarm but not a text message?","Why did I receive an email or app alert, but not a text message?",1,298,298,train,positive
"Hi, why did incur an email or app alarm but not a text message?",what subjects will I study in Capstone at UOFT?,0,298,182,train,random
"Hi, why did incur an email or app alarm but not a text message?",Why didn't I receive a notification through the app?,0,298,297,train,hard
Quick question: why did incur email or app alarm but not a text message?,"Why did I receive an email or app alert, but not a text message?",1,298,298,train,positive
Quick question: why did incur email or app alarm but not a text message?,I'm an international applicant - are there additional application requirements I need to know?,0,298,242,train,random
Quick question: why did incur email or app alarm but not a text message?,Why didn't I receive a notification through the app?,0,298,297,train,hard
why did i welcome an email or app alarm but not text message?,"Why did I receive an email or app alert, but not a text message?",1,298,298,dev,positive
why did i welcome an email or app alarm but not text message?,what jobs can I get after Canadian Law in a Global Context at UOFT?,0,298,84,dev,random
why did i welcome an email or app alarm but not text message?,Why didn't I receive a notification through the app?,0,298,297,dev,hard
why did not i obtain the alarm good out all? Thanks.,Why didn't I receive the alert right away - or at all?,1,299,299,train,positive
why did not i obtain the alarm good out all? Thanks.,"can you explain the structure of Germanic Literature, Culture and Theory at UOFT?",0,299,7,train,random
why did not i obtain the alarm good out all? Thanks.,Why didn't I receive a notification through the app?,0,299,297,train,hard
"Hi, why did not i obtain the vigilant good off or at all?",Why didn't I receive the alert right away - or at all?,1,299,299,train,positive
"Hi, why did not i obtain the vigilant good off or at all?",can you explain the structure of Occupational Therapy at UOFT?,0,299,99,train,random
"Hi, why did not i obtain the vigilant good off or at all?",Why didn't I receive a notification through the app?,0,299,297,train,hard
Help needed: why did not welcome alarm correct off or at all?,Why didn't I receive the alert right away - or at all?,1,299,299,dev,positive
Help needed: why did not welcome alarm correct off or at all?,what are the career prospects for Medical Science graduates from UOFT?,0,299,128,dev,random
Help needed: why did not welcome alarm correct off or at all?,Why didn't I receive a notification through the app?,0,299,297,dev,hard
what should do if i overlook a visit or vigilant?,What should I do if I miss a call or alert?,1,300,300,train,positive
what should do if i overlook a visit or vigilant?,can you explain the structure of Chemistry at UOFT?,0,300,189,train,random
what should do if i overlook a visit or vigilant?,A referee I want doesn't have an institution or organization email address - what should I do?,0,300,258,train,hard
Could you tell me what do i overlook visit or watchful?,What should I do if I miss a call or alert?,1,300,300,train,positive
Could you tell me what do i overlook visit or watchful?,what makes the Counselling and Clinical Psychology - Field in Clinical Psychology (UTSC) program at UOFT unique?,0,300,13,train,random
Could you tell me what do i overlook visit or watchful?,My referee did not receive the email from the School of Graduate Studies. Could you please resend it?,0,300,432,train,hard
Help needed: what should i i lose a visit or awake?,What should I do if I miss a call or alert?,1,300,300,dev,positive
Help needed: what should i i lose a visit or awake?,what are the career prospects for Master of Urban Design (post-professional) graduates from UOFT?,0,300,68,dev,random
Help needed: what should i i lose a visit or awake?,Where can I find help with housing?,0,300,471,dev,hard
what if i unintentionally unsubscribed can re enrol?,What if I accidentally unsubscribed? How can I re-enrol?,1,301,301,train,positive
what if i unintentionally unsubscribed can re enrol?,can you explain the structure of Executive Education at UOFT?,0,301,105,train,random
what if i unintentionally unsubscribed can re enrol?,I applied last year / I'm a current or former OISE student - do I have to re-submit documents?,0,301,251,train,hard
what i unintentionally unsubscribed how can i re enrol? Any idea?,What if I accidentally unsubscribed? How can I re-enrol?,1,301,301,train,positive
what i unintentionally unsubscribed how can i re enrol? Any idea?,what can I do with a degree in Civil Engineering Undergraduate Program from UOFT?,0,301,198,train,random
what i unintentionally unsubscribed how can i re enrol? Any idea?,Are any courses offered online?,0,301,466,train,hard
Quick question: what if i unintentionally unsubscribed how i re enrol?,What if I accidentally unsubscribed? How can I re-enrol?,1,301,301,dev,positive
Quick question: what if i unintentionally unsubscribed how i re enrol?,"what can I do with a degree in Innovation, Law and Technology from UOFT?",0,301,130,dev,random
Quick question: what if i unintentionally unsubscribed how i re enrol?,How do I know if I'm admissible?,0,301,264,dev,hard
Help needed: what individual data the scheme depot?,What personal information does the system store?,1,302,302,train,positive
Help needed: what individual data the scheme depot?,Can you combine sections from multiple English proficiency tests in order to meet English proficiency requirements? (Ie. Combining the IELTS writing section from one test with an IELTS reading section from another test),0,302,358,train,random
Help needed: what individual data the scheme depot?,Where can I find help with housing?,0,302,471,train,hard
Quick question: what individual data the scheme depot?,What personal information does the system store?,1,302,302,train,positive
Quick question: what individual data the scheme depot?,can you explain the structure of English at UOFT?,0,302,65,train,random
Quick question: what individual data the scheme depot?,What are the admission requirements?,0,302,402,train,hard
what own data does the scheme depot? Any idea?,What personal information does the system store?,1,302,302,dev,positive
what own data does the scheme depot? Any idea?,what subjects will I study in Buddy Program at MCGILL?,0,302,115,dev,random
what own data does the scheme depot? Any idea?,Can I find my own practicum?,0,302,482,dev,hard
why is university toronto smoke free? Thanks.,Why is University of Toronto smoke-free?,1,303,303,train,positive
why is university toronto smoke free? Thanks.,What should I do if I miss a call or alert?,0,303,300,train,random
why is university toronto smoke free? Thanks.,Who do I contact if I have questions about the smoke-free policy?,0,303,317,train,hard
Quick question: why is university toronto smoke free?,Why is University of Toronto smoke-free?,1,303,303,train,positive
Quick question: why is university toronto smoke free?,"I am an Indigenous graduating student, so can I wear traditional Indigenous regalia?",0,303,279,train,random
Quick question: why is university toronto smoke free?,Who do I contact if I have questions about the smoke-free policy?,0,303,317,train,hard
Help needed: why is university of toronto smoke free?,Why is University of Toronto smoke-free?,1,303,303,dev,positive
Help needed: why is university of toronto smoke free?,My name in my official transcripts is different from my passport / other transcripts; shall I provide a document explaining the discrepancy?,0,303,426,dev,random
Help needed: why is university of toronto smoke free?,May I defer admission to the University of Toronto?,0,303,448,dev,hard
Could you tell me what does smoke free signify does include marijuana?,What does smoke-free mean? Does this include cannabis?,1,304,304,train,positive
Could you tell me what does smoke free signify does include marijuana?,"what subjects will I study in Drama, Theatre and Performance Studies at UOFT?",0,304,132,train,random
Could you tell me what does smoke free signify does include marijuana?,My transcript does not include course title or grades. What should I do?,0,304,423,train,hard
what smoke free entail does include hemp? Any idea?,What does smoke-free mean? Does this include cannabis?,1,304,304,train,positive
what smoke free entail does include hemp? Any idea?,"Can I drop a course, or study part-time?",0,304,467,train,random
what smoke free entail does include hemp? Any idea?,Why is University of Toronto smoke-free?,0,304,303,train,hard
Quick question: what does smoke free signify does this include marijuana?,What does smoke-free mean? Does this include cannabis?,1,304,304,dev,positive
Quick question: what does smoke free signify does this include marijuana?,what subjects will I study in Public Policy at UOFT?,0,304,86,dev,random
Quick question: what does smoke free signify does this include marijuana?,Who does this policy apply to?,0,304,305,dev,hard
Could you tell me who does policy enforce?,Who does this policy apply to?,1,305,305,train,positive
Could you tell me who does policy enforce?,what are the admission requirements for Master of Landscape Architecture at UOFT?,0,305,173,train,random
Could you tell me who does policy enforce?,Does this policy apply to all three campuses?,0,305,306,train,hard
"Hi, who policy enforce to?",Who does this policy apply to?,1,305,305,train,positive
"Hi, who policy enforce to?",what subjects will I study in FASE Technical Emphases at UOFT?,0,305,185,train,random
"Hi, who policy enforce to?",Who do I contact if I have questions about the smoke-free policy?,0,305,317,train,hard
who does this policy enforce to?,Who does this policy apply to?,1,305,305,dev,positive
who does this policy enforce to?,can you explain the structure of Global Affairs at UOFT?,0,305,96,dev,random
who does this policy enforce to?,Does this policy apply to all three campuses?,0,305,306,dev,hard
Quick question: does policy employ to all three campuses?,Does this policy apply to all three campuses?,1,306,306,train,positive
Quick question: does policy employ to all three campuses?,describe the One Year MMPA curriculum at UOFT.,0,306,72,train,random
Quick question: does policy employ to all three campuses?,Can I receive UTAlert notifications from all three campuses?,0,306,290,train,hard
does this policy implement to all three campuses? Any idea?,Does this policy apply to all three campuses?,1,306,306,train,positive
does this policy implement to all three campuses? Any idea?,Are three-year Bologna compliant degrees acceptable?,0,306,404,train,random
does this policy implement to all three campuses? Any idea?,Who does this policy apply to?,0,306,305,train,hard
"Hi, does this policy implement all three campuses?",Does this policy apply to all three campuses?,1,306,306,dev,positive
"Hi, does this policy implement all three campuses?",I was awarded the University of Toronto International Scholar Award. Is this scholarship offer tenable with other scholarships?,0,306,375,dev,random
"Hi, does this policy implement all three campuses?",Can I receive UTAlert notifications from all three campuses?,0,306,290,dev,hard
does this policy use the federated theological colleges? Any idea?,Does this policy apply to the federated/theological colleges?,1,307,307,train,positive
does this policy use the federated theological colleges? Any idea?,Who receives UTAlert notifications?,0,307,284,train,random
does this policy use the federated theological colleges? Any idea?,Who does this policy apply to?,0,307,305,train,hard
Quick question: does policy implement to the federated theological colleges?,Does this policy apply to the federated/theological colleges?,1,307,307,train,positive
Quick question: does policy implement to the federated theological colleges?,Will credits earned in secondary school or at a different post-secondary institution be eligible for prerequisites of the Computer Science program?,0,307,401,train,random
Quick question: does policy implement to the federated theological colleges?,Who does this policy apply to?,0,307,305,train,hard
Could you tell me does this policy employ federated theological colleges?,Does this policy apply to the federated/theological colleges?,1,307,307,dev,positive
Could you tell me does this policy employ federated theological colleges?,I'm an international applicant - are there additional application requirements I need to know?,0,307,242,dev,random
Could you tell me does this policy employ federated theological colleges?,Who does this policy apply to?,0,307,305,dev,hard
"Hi, where i go to smoke?",Where can I go to smoke?,1,308,308,train,positive
"Hi, where i go to smoke?",what kind of research is done in Teaching at UOFT?,0,308,112,train,random
"Hi, where i go to smoke?",Is class time adjusted to accommodate people who want to go out for a break to smoke or vape?,0,308,312,train,hard
"Hi, where can i go to smoke?",Where can I go to smoke?,1,308,308,train,positive
"Hi, where can i go to smoke?",what subjects will I study in Pharmaceutical Sciences at UOFT?,0,308,204,train,random
"Hi, where can i go to smoke?",Is class time adjusted to accommodate people who want to go out for a break to smoke or vape?,0,308,312,train,hard
Quick question: where can go to smoke?,Where can I go to smoke?,1,308,308,dev,positive
Quick question: where can go to smoke?,My academic records are in a language other than English. Shall I also submit English translations of my documents?,0,308,427,dev,random
Quick question: where can go to smoke?,Is class time adjusted to accommodate people who want to go out for a break to smoke or vape?,0,308,312,dev,hard
"Hi, can i smoke or vape tobacco or marijuana my personal vehicle while university belongings?",Can I smoke or vape tobacco or cannabis in my own vehicle while on university property?,1,309,309,train,positive
"Hi, can i smoke or vape tobacco or marijuana my personal vehicle while university belongings?",what jobs can I get after LAWS (Law in Action Within Schools) at UOFT?,0,309,136,train,random
"Hi, can i smoke or vape tobacco or marijuana my personal vehicle while university belongings?","Are staff, faculty and students able to smoke or vape tobacco or cannabis off university property and then go to work/class?",0,309,310,train,hard
Help needed: can smoke vape tobacco or marijuana my personal vehicle while on university belongings?,Can I smoke or vape tobacco or cannabis in my own vehicle while on university property?,1,309,309,train,positive
Help needed: can smoke vape tobacco or marijuana my personal vehicle while on university belongings?,what kind of research is done in Dentistry (with Specialty Training) at UOFT?,0,309,183,train,random
Help needed: can smoke vape tobacco or marijuana my personal vehicle while on university belongings?,"Are staff, faculty and students able to smoke or vape tobacco or cannabis off university property and then go to work/class?",0,309,310,train,hard
Could you tell me can i smoke vape tobacco or marijuana in my personal vehicle while university belongings?,Can I smoke or vape tobacco or cannabis in my own vehicle while on university property?,1,309,309,dev,positive
Could you tell me can i smoke vape tobacco or marijuana in my personal vehicle while university belongings?,How and when will I receive my scholarship/award payment?,0,309,377,dev,random
Could you tell me can i smoke vape tobacco or marijuana in my personal vehicle while university belongings?,"Are staff, faculty and students able to smoke or vape tobacco or cannabis off university property and then go to work/class?",0,309,310,dev,hard
Quick question: are staff faculty and students able to smoke or vape tobacco or marijuana hit university belongings and go to work grade?,"Are staff, faculty and students able to smoke or vape tobacco or cannabis off university property and then go to work/class?",1,310,310,train,positive
Quick question: are staff faculty and students able to smoke or vape tobacco or marijuana hit university belongings and go to work grade?,What should I do if I am unable to move into residence on September 1st as a Jump Start residence student?,0,310,327,train,random
Quick question: are staff faculty and students able to smoke or vape tobacco or marijuana hit university belongings and go to work grade?,Can I smoke or vape tobacco or cannabis in my own vehicle while on university property?,0,310,309,train,hard
Quick question: are staff faculty students able to smoke or vape tobacco or marijuana away university belongings and then go to work grade?,"Are staff, faculty and students able to smoke or vape tobacco or cannabis off university property and then go to work/class?",1,310,310,train,positive
Quick question: are staff faculty students able to smoke or vape tobacco or marijuana away university belongings and then go to work grade?,"If I pass an English proficiency test before completing the ACE@UTM program, what should I do?",0,310,364,train,random
Quick question: are staff faculty students able to smoke or vape tobacco or marijuana away university belongings and then go to work grade?,Can I smoke or vape tobacco or cannabis in my own vehicle while on university property?,0,310,309,train,hard
are staff faculty and students able to smoke vape tobacco or marijuana hit university belongings and then go work grade? Any idea?,"Are staff, faculty and students able to smoke or vape tobacco or cannabis off university property and then go to work/class?",1,310,310,dev,positive
are staff faculty and students able to smoke vape tobacco or marijuana hit university belongings and then go work grade? Any idea?,what are the career prospects for Social Work graduates from UOFT?,0,310,94,dev,random
are staff faculty and students able to smoke vape tobacco or marijuana hit university belongings and then go work grade? Any idea?,Can I smoke or vape tobacco or cannabis in my own vehicle while on university property?,0,310,309,dev,hard
what residence members who smoke night did you believe safety have go away campus?,What about residence members who smoke at night? Did you consider their safety having to go off campus?,1,311,311,train,positive
what residence members who smoke night did you believe safety have go away campus?,Can courses I complete as a special student be credited to a degree program? And fees I pay?,0,311,244,train,random
what residence members who smoke night did you believe safety have go away campus?,Where can I go to smoke?,0,311,308,train,hard
what about residence members who smoke at night did you weigh safety have to go away campus? Any idea?,What about residence members who smoke at night? Did you consider their safety having to go off campus?,1,311,311,train,positive
what about residence members who smoke at night did you weigh safety have to go away campus? Any idea?,what can I do with a degree in Executive Education from UOFT?,0,311,98,train,random
what about residence members who smoke at night did you weigh safety have to go away campus? Any idea?,Where can I go to smoke?,0,311,308,train,hard
Could you tell me what residence members who smoke at night did you regard their safety have go away campus?,What about residence members who smoke at night? Did you consider their safety having to go off campus?,1,311,311,dev,positive
Could you tell me what residence members who smoke at night did you regard their safety have go away campus?,can you explain the structure of Anthropology at UOFT?,0,311,41,dev,random
Could you tell me what residence members who smoke at night did you regard their safety have go away campus?,Where can I go to smoke?,0,311,308,dev,hard
is grade time adjusted to fit masses need to go away for a crack to smoke or vape? Any idea?,Is class time adjusted to accommodate people who want to go out for a break to smoke or vape?,1,312,312,train,positive
is grade time adjusted to fit masses need to go away for a crack to smoke or vape? Any idea?,describe the Health Administration curriculum at UOFT.,0,312,108,train,random
is grade time adjusted to fit masses need to go away for a crack to smoke or vape? Any idea?,Where can I go to smoke?,0,312,308,train,hard
is grade time adjusted to adapt masses who need to go away for a crack to smoke or vape? Any idea?,Is class time adjusted to accommodate people who want to go out for a break to smoke or vape?,1,312,312,train,positive
is grade time adjusted to adapt masses who need to go away for a crack to smoke or vape? Any idea?,What is UTAlert?,0,312,283,train,random
is grade time adjusted to adapt masses who need to go away for a crack to smoke or vape? Any idea?,Where can I go to smoke?,0,312,308,train,hard
is grade time adjusted to fit masses need to go down crack to smoke or vape?,Is class time adjusted to accommodate people who want to go out for a break to smoke or vape?,1,312,312,dev,positive
is grade time adjusted to fit masses need to go down crack to smoke or vape?,Can I apply to the exact same program twice?,0,312,250,dev,random
is grade time adjusted to fit masses need to go down crack to smoke or vape?,Where can I go to smoke?,0,312,308,dev,hard
how is this policy implement there any punishment?,How is this policy enforced? Are there any penalties?,1,313,313,train,positive
how is this policy implement there any punishment?,what kind of research is done in Astronomy and Astrophysics at UOFT?,0,313,199,train,random
how is this policy implement there any punishment?,Are there any financial support options for me?,0,313,323,train,hard
how is this policy implement are there any punishment?,How is this policy enforced? Are there any penalties?,1,313,313,train,positive
how is this policy implement are there any punishment?,what kind of research is done in Zheming (Taro) Cai at UOFT?,0,313,170,train,random
how is this policy implement are there any punishment?,Are there any financial support options for me?,0,313,323,train,hard
how is this policy implement are there punishment?,How is this policy enforced? Are there any penalties?,1,313,313,dev,positive
how is this policy implement are there punishment?,can you explain the structure of One Year MMPA at UOFT?,0,313,40,dev,random
how is this policy implement are there punishment?,Who does this policy apply to?,0,313,305,dev,hard
"Hi, what do i do hear person smoking on campus?",What do I do if I see someone smoking on campus?,1,314,314,train,positive
"Hi, what do i do hear person smoking on campus?",How should I pay the application fee?,0,314,418,train,random
"Hi, what do i do hear person smoking on campus?",When will I hear a decision on my application?,0,314,442,train,hard
Help needed: what do i i realize person smoking on campus?,What do I do if I see someone smoking on campus?,1,314,314,train,positive
Help needed: what do i i realize person smoking on campus?,How and when will I receive my scholarship/award payment?,0,314,377,train,random
Help needed: what do i i realize person smoking on campus?,Can I work on- and/or off-campus?,0,314,457,train,hard
what do i do if i realize person smoking on campus? Thanks.,What do I do if I see someone smoking on campus?,1,314,314,dev,positive
what do i do if i realize person smoking on campus? Thanks.,Where can I get information on the status of my application?,0,314,441,dev,random
what do i do if i realize person smoking on campus? Thanks.,Can I work on- and/or off-campus?,0,314,457,dev,hard
Help needed: where i receive signs for smoke and vape free spaces?,Where can I obtain signs for smoke- and vape-free spaces?,1,315,315,train,positive
Help needed: where i receive signs for smoke and vape free spaces?,How will a repeated course affect my admission?,0,315,336,train,random
Help needed: where i receive signs for smoke and vape free spaces?,Why is University of Toronto smoke-free?,0,315,303,train,hard
Could you tell me where can i find signs for smoke and vape free spaces?,Where can I obtain signs for smoke- and vape-free spaces?,1,315,315,train,positive
Could you tell me where can i find signs for smoke and vape free spaces?,I have a four-year Bachelor's degree from a college. Will it be acceptable?,0,315,405,train,random
Could you tell me where can i find signs for smoke and vape free spaces?,Where can I go to smoke?,0,315,308,train,hard
"Hi, where i receive signs for smoke and vape free spaces?",Where can I obtain signs for smoke- and vape-free spaces?,1,315,315,dev,positive
"Hi, where i receive signs for smoke and vape free spaces?","I was offered admission to one program, but now I want to transfer to another. Can I?",0,315,269,dev,random
"Hi, where i receive signs for smoke and vape free spaces?",Why is University of Toronto smoke-free?,0,315,303,dev,hard
Could you tell me i know someone who would wish to cease smoking or vaping there resources useable u t to help?,I know someone who would like to quit smoking or vaping. Are there resources available at U of T to help them?,1,316,316,train,positive
Could you tell me i know someone who would wish to cease smoking or vaping there resources useable u t to help?,Is class time adjusted to accommodate people who want to go out for a break to smoke or vape?,0,316,312,train,random
Could you tell me i know someone who would wish to cease smoking or vaping there resources useable u t to help?,What do I do if I see someone smoking on campus?,0,316,314,train,hard
Could you tell me i know someone would wish stop smoking or vaping are there resources useable at u of t help?,I know someone who would like to quit smoking or vaping. Are there resources available at U of T to help them?,1,316,316,train,positive
Could you tell me i know someone would wish stop smoking or vaping are there resources useable at u of t help?,"what can I do with a degree in Innovation, Law and Technology from UOFT?",0,316,130,train,random
Could you tell me i know someone would wish stop smoking or vaping are there resources useable at u of t help?,What do I do if I see someone smoking on campus?,0,316,314,train,hard
i know someone who wish discontinue smoking or vaping are there resources useable at u t to help them? Thanks.,I know someone who would like to quit smoking or vaping. Are there resources available at U of T to help them?,1,316,316,dev,positive
i know someone who wish discontinue smoking or vaping are there resources useable at u t to help them? Thanks.,Can you combine sections from multiple English proficiency tests in order to meet English proficiency requirements? (Ie. Combining the IELTS writing section from one test with an IELTS reading section from another test),0,316,358,dev,random
i know someone who wish discontinue smoking or vaping are there resources useable at u t to help them? Thanks.,What do I do if I see someone smoking on campus?,0,316,314,dev,hard
Help needed: who do i touch if have questions about smoke free policy?,Who do I contact if I have questions about the smoke-free policy?,1,317,317,train,positive
Help needed: who do i touch if have questions about smoke free policy?,Can the system contact me by phone?,0,317,291,train,random
Help needed: who do i touch if have questions about smoke free policy?,I still have questions about my U of T Mississauga admission award. Who do I contact?,0,317,380,train,hard
who do touch if i have questions about smoke free policy? Any idea?,Who do I contact if I have questions about the smoke-free policy?,1,317,317,train,positive
who do touch if i have questions about smoke free policy? Any idea?,what kind of research is done in School and Clinical Child Psychology at UOFT?,0,317,152,train,random
who do touch if i have questions about smoke free policy? Any idea?,I still have questions about my U of T Mississauga admission award. Who do I contact?,0,317,380,train,hard
Help needed: who do i touch if i have questions about smoke free policy?,Who do I contact if I have questions about the smoke-free policy?,1,317,317,dev,positive
Help needed: who do i touch if i have questions about smoke free policy?,Am I required to have a police check done for my practicum?,0,317,484,dev,random
Help needed: who do i touch if i have questions about smoke free policy?,I still have questions about my U of T Mississauga admission award. Who do I contact?,0,317,380,dev,hard
can i enter in jump start plan? Any idea?,Can I participate in the Jump Start program?,1,318,318,train,positive
can i enter in jump start plan? Any idea?,what research opportunities exist in Master of Education in Counselling Psychology; (Global Mental Health & Counselling Psychology Field) Dual Degree Programs at UOFT?,0,318,24,train,random
can i enter in jump start plan? Any idea?,Can transfer students participate in the Jump Start program?,0,318,322,train,hard
"Hi, can enter in jump start plan?",Can I participate in the Jump Start program?,1,318,318,train,positive
"Hi, can enter in jump start plan?",How should I submit my transcript?,0,318,345,train,random
"Hi, can enter in jump start plan?",Can transfer students participate in the Jump Start program?,0,318,322,train,hard
can i enter in the jump start plan?,Can I participate in the Jump Start program?,1,318,318,dev,positive
can i enter in the jump start plan?,"I want to apply to several programs, can I?",0,318,249,dev,random
can i enter in the jump start plan?,Can transfer students participate in the Jump Start program?,0,318,322,dev,hard
"Hi, can i register for jump start before i come my winter session housing bid?",Can I register for Jump Start before I get my Winter Session housing offer?,1,319,319,train,positive
"Hi, can i register for jump start before i come my winter session housing bid?",Where can I find help with housing?,0,319,471,train,random
"Hi, can i register for jump start before i come my winter session housing bid?",I'm waiting for an update on the status of my Visa application. Can I register for Jump Start?,0,319,321,train,hard
Quick question: can register jump start i come my winter session housing bid?,Can I register for Jump Start before I get my Winter Session housing offer?,1,319,319,train,positive
Quick question: can register jump start i come my winter session housing bid?,can you explain the structure of One Year MMPA at UOFT?,0,319,40,train,random
Quick question: can register jump start i come my winter session housing bid?,I'm waiting for an update on the status of my Visa application. Can I register for Jump Start?,0,319,321,train,hard
can i register for jump start before i take my winter session housing provide? Any idea?,Can I register for Jump Start before I get my Winter Session housing offer?,1,319,319,dev,positive
can i register for jump start before i take my winter session housing provide? Any idea?,can you explain the structure of Master of Applied Science (MASc) at UOFT?,0,319,75,dev,random
can i register for jump start before i take my winter session housing provide? Any idea?,I'm waiting for an update on the status of my Visa application. Can I register for Jump Start?,0,319,321,dev,hard
Help needed: i am an indigenous scholar what do want to recognize about registering for jump start?,"I am an Indigenous student, what do I need to know about registering for Jump Start?",1,320,320,train,positive
Help needed: i am an indigenous scholar what do want to recognize about registering for jump start?,If I need to provide proof of English language proficiency will I get an offer of admission?,0,320,263,train,random
Help needed: i am an indigenous scholar what do want to recognize about registering for jump start?,I am an international applicant. How do I know if you recognize my degree?,0,320,407,train,hard
Quick question: i am an indigenous scholar what i ask to recognize about registering for jump start?,"I am an Indigenous student, what do I need to know about registering for Jump Start?",1,320,320,train,positive
Quick question: i am an indigenous scholar what i ask to recognize about registering for jump start?,what kind of research is done in Master of Applied Science (MASc) at UOFT?,0,320,221,train,random
Quick question: i am an indigenous scholar what i ask to recognize about registering for jump start?,"I am an Indigenous graduating student, so can I wear traditional Indigenous regalia?",0,320,279,train,hard
Could you tell me i am an indigenous scholar what do i ask to recognize about registering for jump start?,"I am an Indigenous student, what do I need to know about registering for Jump Start?",1,320,320,dev,positive
Could you tell me i am an indigenous scholar what do i ask to recognize about registering for jump start?,what courses are offered in Master of Visual Studies in Studio Art at UOFT?,0,320,1,dev,random
Could you tell me i am an indigenous scholar what do i ask to recognize about registering for jump start?,I am an international applicant. How do I know if you recognize my degree?,0,320,407,dev,hard
i m ready for an update on the status visa application can i register for jump start?,I'm waiting for an update on the status of my Visa application. Can I register for Jump Start?,1,321,321,train,positive
i m ready for an update on the status visa application can i register for jump start?,what are the key features of Geography at UOFT?,0,321,74,train,random
i m ready for an update on the status visa application can i register for jump start?,Can I register for Jump Start before I get my Winter Session housing offer?,0,321,319,train,hard
i m await for an update on the status of my visa application i register for jump start? Any idea?,I'm waiting for an update on the status of my Visa application. Can I register for Jump Start?,1,321,321,train,positive
i m await for an update on the status of my visa application i register for jump start? Any idea?,what kind of research is done in Teaching at UOFT?,0,321,112,train,random
i m await for an update on the status of my visa application i register for jump start? Any idea?,Can I register for Jump Start before I get my Winter Session housing offer?,0,321,319,train,hard
Quick question: i m ready for an update status of my visa application can i register for jump start?,I'm waiting for an update on the status of my Visa application. Can I register for Jump Start?,1,321,321,dev,positive
Quick question: i m ready for an update status of my visa application can i register for jump start?,Am I able to defer my offer of admission?,0,321,355,dev,random
Quick question: i m ready for an update status of my visa application can i register for jump start?,Can I register for Jump Start before I get my Winter Session housing offer?,0,321,319,dev,hard
Quick question: can transfer students enter in the jump start curriculum?,Can transfer students participate in the Jump Start program?,1,322,322,train,positive
Quick question: can transfer students enter in the jump start curriculum?,how can I apply to Kawaskimhon Moot at UOFT?,0,322,231,train,random
Quick question: can transfer students enter in the jump start curriculum?,Can I participate in the Jump Start program?,0,322,318,train,hard
can transfer students enter in jump start curriculum? Thanks.,Can transfer students participate in the Jump Start program?,1,322,322,train,positive
can transfer students enter in jump start curriculum? Thanks.,Where can I find practicum information for International Students?,0,322,488,train,random
can transfer students enter in jump start curriculum? Thanks.,Can I participate in the Jump Start program?,0,322,318,train,hard
can transfer students enter in the jump start plan? Any idea?,Can transfer students participate in the Jump Start program?,1,322,322,dev,positive
can transfer students enter in the jump start plan? Any idea?,can you explain the structure of Genetic Counselling at UOFT?,0,322,100,dev,random
can transfer students enter in the jump start plan? Any idea?,Can I participate in the Jump Start program?,0,322,318,dev,hard
are there any fiscal funding choice for me? Any idea?,Are there any financial support options for me?,1,323,323,train,positive
are there any fiscal funding choice for me? Any idea?,How and when will I receive my scholarship/award payment?,0,323,377,train,random
are there any fiscal funding choice for me? Any idea?,Are any courses offered online?,0,323,466,train,hard
are there fiscal funding alternative for?,Are there any financial support options for me?,1,323,323,train,positive
are there fiscal funding alternative for?,Can you combine sections from multiple English proficiency tests in order to meet English proficiency requirements? (Ie. Combining the IELTS writing section from one test with an IELTS reading section from another test),0,323,358,train,random
are there fiscal funding alternative for?,Will my graduate unit offer me a funding package?,0,323,440,train,hard
Quick question: are there any fiscal funding choice for me?,Are there any financial support options for me?,1,323,323,dev,positive
Quick question: are there any fiscal funding choice for me?,I'm an international applicant - are there additional application requirements I need to know?,0,323,242,dev,random
Quick question: are there any fiscal funding choice for me?,How is this policy enforced? Are there any penalties?,0,323,313,dev,hard
how prolonged jump start run each day? Any idea?,How long does Jump Start run each day?,1,324,324,train,positive
how prolonged jump start run each day? Any idea?,what subjects will I study in Anthropology at UOFT?,0,324,61,train,random
how prolonged jump start run each day? Any idea?,Can I participate in the Jump Start program?,0,324,318,train,hard
Help needed: how lasting does jump start run each day?,How long does Jump Start run each day?,1,324,324,train,positive
Help needed: how lasting does jump start run each day?,The contact information of my referee has changed. As I have already submitted the online application how can I edit the referee's contact information?,0,324,434,train,random
Help needed: how lasting does jump start run each day?,Can I participate in the Jump Start program?,0,324,318,train,hard
how lasting does jump start run each day?,How long does Jump Start run each day?,1,324,324,dev,positive
how lasting does jump start run each day?,what can I do with a degree in Mineral Engineering Undergraduate Program from UOFT?,0,324,205,dev,random
how lasting does jump start run each day?,Can I participate in the Jump Start program?,0,324,318,dev,hard
is it alright miss an event during jump start? Thanks.,Is it okay if I miss an event during Jump Start?,1,325,325,train,positive
is it alright miss an event during jump start? Thanks.,what kind of research is done in Health Informatics at UOFT?,0,325,148,train,random
is it alright miss an event during jump start? Thanks.,Can I participate in the Jump Start program?,0,325,318,train,hard
Could you tell me is it alright i miss event during jump start?,Is it okay if I miss an event during Jump Start?,1,325,325,train,positive
Could you tell me is it alright i miss event during jump start?,what are the prerequisites for Global Executive Master of Business Administration for Healthcare and the Life Sciences (GEMBA-HLS) at UOFT?,0,325,66,train,random
Could you tell me is it alright i miss event during jump start?,Can I participate in the Jump Start program?,0,325,318,train,hard
is it alright if i miss an event during jump start? Any idea?,Is it okay if I miss an event during Jump Start?,1,325,325,dev,positive
is it alright if i miss an event during jump start? Any idea?,Do I have to be a teacher to apply to OISE?,0,325,241,dev,random
is it alright if i miss an event during jump start? Any idea?,Can I participate in the Jump Start program?,0,325,318,dev,hard
when is the move in date do i ask employ for an early move in? Any idea?,When is the move-in date? Do I need to apply for an early move-in?,1,326,326,train,positive
when is the move in date do i ask employ for an early move in? Any idea?,Can I receive UTAlert notifications from all three campuses?,0,326,290,train,random
when is the move in date do i ask employ for an early move in? Any idea?,What should I do if I am unable to move into residence on September 1st as a Jump Start residence student?,0,326,327,train,hard
when is the move date do i want to use for an early move in?,When is the move-in date? Do I need to apply for an early move-in?,1,326,326,train,positive
when is the move date do i want to use for an early move in?,Are three-year Bologna compliant degrees acceptable?,0,326,404,train,random
when is the move date do i want to use for an early move in?,Can I use my study permit to apply for a SIN?,0,326,458,train,hard
when is the move in date do i want to use an early move?,When is the move-in date? Do I need to apply for an early move-in?,1,326,326,dev,positive
when is the move in date do i want to use an early move?,what are the career prospects for Germanic Languages and Literatures graduates from UOFT?,0,326,160,dev,random
when is the move in date do i want to use an early move?,What should I do if I am unable to move into residence on September 1st as a Jump Start residence student?,0,326,327,dev,hard
Help needed: what should i do i am unable to move into abode on september 1st as jump start mansion pupil?,What should I do if I am unable to move into residence on September 1st as a Jump Start residence student?,1,327,327,train,positive
Help needed: what should i do i am unable to move into abode on september 1st as jump start mansion pupil?,what kind of research is done in Anthropology at UOFT?,0,327,114,train,random
Help needed: what should i do i am unable to move into abode on september 1st as jump start mansion pupil?,"I am an Indigenous student, what do I need to know about registering for Jump Start?",0,327,320,train,hard
what should if i am unable to move into abode on september 1st as a jump start mansion pupil? Any idea?,What should I do if I am unable to move into residence on September 1st as a Jump Start residence student?,1,327,327,train,positive
what should if i am unable to move into abode on september 1st as a jump start mansion pupil? Any idea?,can you explain the structure of Electrical & Computer Engineering Undergraduate Program at UOFT?,0,327,217,train,random
what should if i am unable to move into abode on september 1st as a jump start mansion pupil? Any idea?,"I am an Indigenous student, what do I need to know about registering for Jump Start?",0,327,320,train,hard
Help needed: what should i if i unable move into mansion on september 1st as a jump start abode pupil?,What should I do if I am unable to move into residence on September 1st as a Jump Start residence student?,1,327,327,dev,positive
Help needed: what should i if i unable move into mansion on september 1st as a jump start abode pupil?,"I'm currently enrolled in a graduate program, can I transfer to OISE and get credit for my studies?",0,327,246,dev,random
Help needed: what should i if i unable move into mansion on september 1st as a jump start abode pupil?,Can I participate in the Jump Start program?,0,327,318,dev,hard
"Hi, will i be able living in the same room after jump start?",Will I be able to live in the same room after Jump Start?,1,328,328,train,positive
"Hi, will i be able living in the same room after jump start?","What is an Unspecified credit? What does the 1**H, 2**Y, etc. mean?",0,328,389,train,random
"Hi, will i be able living in the same room after jump start?",Can I participate in the Jump Start program?,0,328,318,train,hard
Help needed: will be able to living in the same room after jump start?,Will I be able to live in the same room after Jump Start?,1,328,328,train,positive
Help needed: will be able to living in the same room after jump start?,can you explain the structure of School and Clinical Child Psychology at UOFT?,0,328,19,train,random
Help needed: will be able to living in the same room after jump start?,Can I participate in the Jump Start program?,0,328,318,train,hard
Could you tell me will i be able living in same room after jump start?,Will I be able to live in the same room after Jump Start?,1,328,328,dev,positive
Could you tell me will i be able living in same room after jump start?,what kind of research is done in School and Clinical Child Psychology at UOFT?,0,328,152,dev,random
Could you tell me will i be able living in same room after jump start?,Can I participate in the Jump Start program?,0,328,318,dev,hard
which stream am portion if living at university village or wesbrook village?,Which stream am I part of if I live at University Village or Wesbrook Village?,1,329,329,train,positive
which stream am portion if living at university village or wesbrook village?,what can I do with a degree in Mechanical Engineering from UOFT?,0,329,29,train,random
which stream am portion if living at university village or wesbrook village?,Which method is the fastest?,0,329,289,train,hard
which stream am i portion of if living university village or wesbrook village? Any idea?,Which stream am I part of if I live at University Village or Wesbrook Village?,1,329,329,train,positive
which stream am i portion of if living university village or wesbrook village? Any idea?,what are the career prospects for SURE: Summer Undergraduate Research in Engineering graduates from MCGILL?,0,329,69,train,random
which stream am i portion of if living university village or wesbrook village? Any idea?,Are any courses offered online?,0,329,466,train,hard
which stream am i component of living at university village or wesbrook village?,Which stream am I part of if I live at University Village or Wesbrook Village?,1,329,329,dev,positive
which stream am i component of living at university village or wesbrook village?,what kind of research is done in Anthropology at UOFT?,0,329,114,dev,random
which stream am i component of living at university village or wesbrook village?,I am eligible for both the Summer and the Fall-Winter program streams. Which one should I choose?,0,329,363,dev,hard
Help needed: do tier 11 marks tally?,Do grade 11 marks count?,1,330,330,train,positive
Help needed: do tier 11 marks tally?,Can I use my study permit to apply for a SIN?,0,330,458,train,random
Help needed: do tier 11 marks tally?,Where can I find help with housing?,0,330,471,train,hard
do tier 11 marks tally? Any idea?,Do grade 11 marks count?,1,330,330,train,positive
do tier 11 marks tally? Any idea?,what can I do with a degree in Forest Conservation from UOFT?,0,330,208,train,random
do tier 11 marks tally? Any idea?,Are any courses offered online?,0,330,466,train,hard
do tier 11 marks tally? Thanks.,Do grade 11 marks count?,1,330,330,dev,positive
do tier 11 marks tally? Thanks.,"what are the admission requirements for PhD in Architecture, Landscape, and Design at UOFT?",0,330,196,dev,random
do tier 11 marks tally? Thanks.,What do I do if my educational institution has closed?,0,330,424,dev,hard
Could you tell me can i utilize to two different curriculum at utm?,Can I apply to two different programs at UTM?,1,331,331,train,positive
Could you tell me can i utilize to two different curriculum at utm?,How do I know if I require a TOEFL score?,0,331,262,train,random
Could you tell me can i utilize to two different curriculum at utm?,can you explain the structure of Curriculum and Pedagogy at UOFT?,0,331,8,train,hard
Help needed: can i utilize two different curriculum at utm?,Can I apply to two different programs at UTM?,1,331,331,train,positive
Help needed: can i utilize two different curriculum at utm?,what are the career prospects for Germanic Languages and Literatures graduates from UOFT?,0,331,160,train,random
Help needed: can i utilize two different curriculum at utm?,Where can I find help with housing?,0,331,471,train,hard
can i implement to two different curriculum at utm?,Can I apply to two different programs at UTM?,1,331,331,dev,positive
can i implement to two different curriculum at utm?,what subjects will I study in Higher Education at UOFT?,0,331,172,dev,random
can i implement to two different curriculum at utm?,I received two offers of admission from the University of Toronto from two different faculties/campuses. Will my scholarship offers be transferrable?,0,331,370,dev,hard
Help needed: will want to submit quotation missive individual statements or supplementary applications?,"Will I need to submit reference letters, personal statements, or supplementary applications?",1,332,332,train,positive
Help needed: will want to submit quotation missive individual statements or supplementary applications?,Why do I need to download Alertable if I already have the Campus Safety app?,0,332,295,train,random
Help needed: will want to submit quotation missive individual statements or supplementary applications?,"I want to apply to several programs, can I?",0,332,249,train,hard
will ask to submit quotation missive individual statements or supplementary applications?,"Will I need to submit reference letters, personal statements, or supplementary applications?",1,332,332,train,positive
will ask to submit quotation missive individual statements or supplementary applications?,where do Master of Education in Counselling Psychology (Global Mental Health & Counselling Psychology Field) graduates from UOFT typically work?,0,332,10,train,random
will ask to submit quotation missive individual statements or supplementary applications?,Do I need to ask my high school to mail in my transcript now?,0,332,344,train,hard
will ask submit quotation missive own statements or supplementary applications? Any idea?,"Will I need to submit reference letters, personal statements, or supplementary applications?",1,332,332,dev,positive
will ask submit quotation missive own statements or supplementary applications? Any idea?,can you explain the structure of Genetic Counselling at UOFT?,0,332,100,dev,random
will ask submit quotation missive own statements or supplementary applications? Any idea?,Can I find my own practicum?,0,332,482,dev,hard
Could you tell me i am concerned in pursuing two majors during my undergraduate studies that drop within two different admission categories at u of t mississauga ie biology and history how do love admission category i should apply to on ouac?,I am interested in pursuing two majors during my undergraduate studies that fall within two different admission categories at U of T Mississauga (ie. Biology and History). How do I know which admission category I should apply to on OUAC?,1,333,333,train,positive
Could you tell me i am concerned in pursuing two majors during my undergraduate studies that drop within two different admission categories at u of t mississauga ie biology and history how do love admission category i should apply to on ouac?,what kind of research is done in Zheming (Taro) Cai at UOFT?,0,333,170,train,random
Could you tell me i am concerned in pursuing two majors during my undergraduate studies that drop within two different admission categories at u of t mississauga ie biology and history how do love admission category i should apply to on ouac?,Can I apply to two different programs at UTM?,0,333,331,train,hard
Quick question: i am involved in pursuing two majors during undergraduate studies that drop within two different admission categories at u of t mississauga ie biology history how do i love which admission category i apply ouac?,I am interested in pursuing two majors during my undergraduate studies that fall within two different admission categories at U of T Mississauga (ie. Biology and History). How do I know which admission category I should apply to on OUAC?,1,333,333,train,positive
Quick question: i am involved in pursuing two majors during undergraduate studies that drop within two different admission categories at u of t mississauga ie biology history how do i love which admission category i apply ouac?,If I'm offered admission can I delay starting my program?,0,333,268,train,random
Quick question: i am involved in pursuing two majors during undergraduate studies that drop within two different admission categories at u of t mississauga ie biology history how do i love which admission category i apply ouac?,Can I apply to two different programs at UTM?,0,333,331,train,hard
i am involved in pursuing two majors during my undergraduate studies that drop within two different admission categories u of t mississauga ie biology and history how i acknowledge which admission category i apply on ouac? Thanks.,I am interested in pursuing two majors during my undergraduate studies that fall within two different admission categories at U of T Mississauga (ie. Biology and History). How do I know which admission category I should apply to on OUAC?,1,333,333,dev,positive
i am involved in pursuing two majors during my undergraduate studies that drop within two different admission categories u of t mississauga ie biology and history how i acknowledge which admission category i apply on ouac? Thanks.,can you explain the structure of Anthropology at UOFT?,0,333,41,dev,random
i am involved in pursuing two majors during my undergraduate studies that drop within two different admission categories u of t mississauga ie biology and history how i acknowledge which admission category i apply on ouac? Thanks.,Can I apply to two different programs at UTM?,0,333,331,dev,hard
"Hi, i concerned in applying a curriculum university of toronto mississauga i apply to this curriculum on ouac will i be considered for this curriculum all three campuses?",I am interested in applying to a program at the University of Toronto Mississauga. If I apply to this program on OUAC will I be considered for this program at all three campuses?,1,334,334,train,positive
"Hi, i concerned in applying a curriculum university of toronto mississauga i apply to this curriculum on ouac will i be considered for this curriculum all three campuses?","describe the PhD in Architecture, Landscape, and Design curriculum at UOFT.",0,334,3,train,random
"Hi, i concerned in applying a curriculum university of toronto mississauga i apply to this curriculum on ouac will i be considered for this curriculum all three campuses?",Does this policy apply to all three campuses?,0,334,306,train,hard
Could you tell me i am involved in applying a curriculum university of toronto mississauga i apply to this curriculum on ouac will i considered for curriculum at all three campuses?,I am interested in applying to a program at the University of Toronto Mississauga. If I apply to this program on OUAC will I be considered for this program at all three campuses?,1,334,334,train,positive
Could you tell me i am involved in applying a curriculum university of toronto mississauga i apply to this curriculum on ouac will i considered for curriculum at all three campuses?,What is the deadline to request changes to my transfer credit assessment?,0,334,386,train,random
Could you tell me i am involved in applying a curriculum university of toronto mississauga i apply to this curriculum on ouac will i considered for curriculum at all three campuses?,Does this policy apply to all three campuses?,0,334,306,train,hard
i am involved applying to a curriculum at the university toronto mississauga if i apply this curriculum ouac i be considered for this curriculum at three campuses? Thanks.,I am interested in applying to a program at the University of Toronto Mississauga. If I apply to this program on OUAC will I be considered for this program at all three campuses?,1,334,334,dev,positive
i am involved applying to a curriculum at the university toronto mississauga if i apply this curriculum ouac i be considered for this curriculum at three campuses? Thanks.,Do I need to wear an academic hood?,0,334,277,dev,random
i am involved applying to a curriculum at the university toronto mississauga if i apply this curriculum ouac i be considered for this curriculum at three campuses? Thanks.,Does this policy apply to all three campuses?,0,334,306,dev,hard
Help needed: what is the difference between an admission category a plan and post can i use directly plan or specialist major insignificant?,"What is the difference between an admission category, a program, and POSt? Can I apply directly to my program or specialist/major/minor?",1,335,335,train,positive
Help needed: what is the difference between an admission category a plan and post can i use directly plan or specialist major insignificant?,"My permit is about to expire, how and when should I apply to extend it?",0,335,454,train,random
Help needed: what is the difference between an admission category a plan and post can i use directly plan or specialist major insignificant?,What is the difference between a special student and a regular student?,0,335,243,train,hard
Quick question: what is difference between an admission category a plan and post can use directly to my curriculum or specialist major insignificant?,"What is the difference between an admission category, a program, and POSt? Can I apply directly to my program or specialist/major/minor?",1,335,335,train,positive
Quick question: what is difference between an admission category a plan and post can use directly to my curriculum or specialist major insignificant?,"can you explain the structure of Drama, Theatre and Performance Studies at UOFT?",0,335,32,train,random
Quick question: what is difference between an admission category a plan and post can use directly to my curriculum or specialist major insignificant?,What is the difference between a special student and a regular student?,0,335,243,train,hard
Help needed: what the difference between an admission category plan and post can i use directly to my curriculum or specialist major insignificant?,"What is the difference between an admission category, a program, and POSt? Can I apply directly to my program or specialist/major/minor?",1,335,335,dev,positive
Help needed: what the difference between an admission category plan and post can i use directly to my curriculum or specialist major insignificant?,When will I find out about scholarships?,0,335,368,dev,random
Help needed: what the difference between an admission category plan and post can i use directly to my curriculum or specialist major insignificant?,What is the difference between a special student and a regular student?,0,335,243,dev,hard
how will reiterate course involve my admission? Thanks.,How will a repeated course affect my admission?,1,336,336,train,positive
how will reiterate course involve my admission? Thanks.,How long will an assessment take?,0,336,381,train,random
how will reiterate course involve my admission? Thanks.,Can I change my course timetable?,0,336,465,train,hard
how will a reiterate course involve my admission?,How will a repeated course affect my admission?,1,336,336,train,positive
how will a reiterate course involve my admission?,Do you always have a practicum for every student?,0,336,481,train,random
how will a reiterate course involve my admission?,Can I change my course timetable?,0,336,465,train,hard
Help needed: how will a continual course impact my admission?,How will a repeated course affect my admission?,1,336,336,dev,positive
Help needed: how will a continual course impact my admission?,"Will I be considered for all of the programs I applied to at the same time, or only in the order I ranked them?",0,336,337,dev,random
Help needed: how will a continual course impact my admission?,"My degree includes transfer credit/exchange study, is a transcript for that needed?",0,336,257,dev,hard
Could you tell me will i be considered for the curriculum applied to at the same time or only in the decree ranked them?,"Will I be considered for all of the programs I applied to at the same time, or only in the order I ranked them?",1,337,337,train,positive
Could you tell me will i be considered for the curriculum applied to at the same time or only in the decree ranked them?,what subjects will I study in Dalla Lana School of Public Health at UOFT?,0,337,80,train,random
Could you tell me will i be considered for the curriculum applied to at the same time or only in the decree ranked them?,Will I be able to live in the same room after Jump Start?,0,337,328,train,hard
will i be considered for of the curriculum applied to same time or only in decree i ranked them?,"Will I be considered for all of the programs I applied to at the same time, or only in the order I ranked them?",1,337,337,train,positive
will i be considered for of the curriculum applied to same time or only in decree i ranked them?,If I'm offered admission can I delay starting my program?,0,337,268,train,random
will i be considered for of the curriculum applied to same time or only in decree i ranked them?,Will I be able to live in the same room after Jump Start?,0,337,328,train,hard
Help needed: will i be considered for all of the curriculum i applied to the same time only in decree i ranked them?,"Will I be considered for all of the programs I applied to at the same time, or only in the order I ranked them?",1,337,337,dev,positive
Help needed: will i be considered for all of the curriculum i applied to the same time only in decree i ranked them?,"I was offered admission to one program, but now I want to transfer to another. Can I?",0,337,269,dev,random
Help needed: will i be considered for all of the curriculum i applied to the same time only in decree i ranked them?,I am interested in applying to a program at the University of Toronto Mississauga. If I apply to this program on OUAC will I be considered for this program at all three campuses?,0,337,334,dev,hard
Could you tell me i an extenuating context that impact my academic performance how can i include this in my application?,I have an extenuating circumstance that affected my academic performance. How can I include this in my application?,1,338,338,train,positive
Could you tell me i an extenuating context that impact my academic performance how can i include this in my application?,Do you offer practicums outside of Toronto?,0,338,487,train,random
Could you tell me i an extenuating context that impact my academic performance how can i include this in my application?,I have a health issue or disability that may impact my academic performance. What accommodations are available?,0,338,474,train,hard
i extenuating context impact my academic performance how can include my application? Any idea?,I have an extenuating circumstance that affected my academic performance. How can I include this in my application?,1,338,338,train,positive
i extenuating context impact my academic performance how can include my application? Any idea?,"I sent my IELTS/TOEFL scores last week, how do I know if you have received it?",0,338,360,train,random
i extenuating context impact my academic performance how can include my application? Any idea?,I have a health issue or disability that may impact my academic performance. What accommodations are available?,0,338,474,train,hard
Help needed: i have an extenuating context that impact my academic performance how can i include in my application?,I have an extenuating circumstance that affected my academic performance. How can I include this in my application?,1,338,338,dev,positive
Help needed: i have an extenuating context that impact my academic performance how can i include in my application?,I received an offer to a program or U of T campus that I didn't apply to. What does this mean?,0,338,353,dev,random
Help needed: i have an extenuating context that impact my academic performance how can i include in my application?,I have a health issue or disability that may impact my academic performance. What accommodations are available?,0,338,474,dev,hard
Quick question: if i am not eligible my plan selection at u of t mississauga will i considered for an alternate provide?,"If I am not eligible for my program choice at U of T Mississauga, will I be considered for an alternate offer?",1,339,339,train,positive
Quick question: if i am not eligible my plan selection at u of t mississauga will i considered for an alternate provide?,can you explain the structure of Application Deadlines & Closing Dates at UOFT?,0,339,153,train,random
Quick question: if i am not eligible my plan selection at u of t mississauga will i considered for an alternate provide?,When should I register for courses at U of T Mississauga?,0,339,394,train,hard
if i am not eligible for plan alternative at u t mississauga will be considered alternate provide?,"If I am not eligible for my program choice at U of T Mississauga, will I be considered for an alternate offer?",1,339,339,train,positive
if i am not eligible for plan alternative at u t mississauga will be considered alternate provide?,I am interested in applying to a program at the University of Toronto Mississauga. If I apply to this program on OUAC will I be considered for this program at all three campuses?,0,339,334,train,random
if i am not eligible for plan alternative at u t mississauga will be considered alternate provide?,When should I register for courses at U of T Mississauga?,0,339,394,train,hard
"Hi, if i am not eligible for my plan selection at u of t mississauga will considered an alternate provide?","If I am not eligible for my program choice at U of T Mississauga, will I be considered for an alternate offer?",1,339,339,dev,positive
"Hi, if i am not eligible for my plan selection at u of t mississauga will considered an alternate provide?",what can I do with a degree in Aerospace Science and Engineering from UOFT?,0,339,70,dev,random
"Hi, if i am not eligible for my plan selection at u of t mississauga will considered an alternate provide?",When should I register for courses at U of T Mississauga?,0,339,394,dev,hard
Could you tell me when i learn back after submitting application?,When will I hear back after submitting my application?,1,340,340,train,positive
Could you tell me when i learn back after submitting application?,what kind of research is done in Health Informatics at UOFT?,0,340,148,train,random
Could you tell me when i learn back after submitting application?,Can I get my transcripts back?,0,340,429,train,hard
"Hi, when will i learn back after submitting application?",When will I hear back after submitting my application?,1,340,340,train,positive
"Hi, when will i learn back after submitting application?",what are the key features of Geography at UOFT?,0,340,74,train,random
"Hi, when will i learn back after submitting application?",When will I know the results of my application?,0,340,267,train,hard
when will i learn back after submitting my application? Thanks.,When will I hear back after submitting my application?,1,340,340,dev,positive
when will i learn back after submitting my application? Thanks.,can you explain the structure of Global Professional Law at UOFT?,0,340,6,dev,random
when will i learn back after submitting my application? Thanks.,When will I know the results of my application?,0,340,267,dev,hard
Quick question: i m have difficulty logging join u of t what i do?,I'm having trouble logging in to Join U of T. What should I do?,1,341,341,train,positive
Quick question: i m have difficulty logging join u of t what i do?,What personal information does the system store?,0,341,302,train,random
Quick question: i m have difficulty logging join u of t what i do?,Join U of T is asking me for a temporary pin. What is this?,0,341,342,train,hard
i m have worry logging in to join u t what should do? Thanks.,I'm having trouble logging in to Join U of T. What should I do?,1,341,341,train,positive
i m have worry logging in to join u t what should do? Thanks.,what subjects will I study in Master of Applied Science (MASc) at UOFT?,0,341,101,train,random
i m have worry logging in to join u t what should do? Thanks.,Join U of T is asking me for a temporary pin. What is this?,0,341,342,train,hard
i m have worry logging to join u t what should i do? Thanks.,I'm having trouble logging in to Join U of T. What should I do?,1,341,341,dev,positive
i m have worry logging to join u t what should i do? Thanks.,can you explain the structure of Ecology and Evolutionary Biology at UOFT?,0,341,48,dev,random
i m have worry logging to join u t what should i do? Thanks.,Join U of T is asking me for a temporary pin. What is this?,0,341,342,dev,hard
"Hi, join u of t is request me a makeshift pin what is this?",Join U of T is asking me for a temporary pin. What is this?,1,342,342,train,positive
"Hi, join u of t is request me a makeshift pin what is this?",what courses are offered in Slavic and East European Languages and Cultures at UOFT?,0,342,197,train,random
"Hi, join u of t is request me a makeshift pin what is this?",I'm having trouble logging in to Join U of T. What should I do?,0,342,341,train,hard
Could you tell me join u of t request for a interim pin what is this?,Join U of T is asking me for a temporary pin. What is this?,1,342,342,train,positive
Could you tell me join u of t request for a interim pin what is this?,what kind of research is done in Dentistry (with Specialty Training) at UOFT?,0,342,183,train,random
Could you tell me join u of t request for a interim pin what is this?,I'm having trouble logging in to Join U of T. What should I do?,0,342,341,train,hard
"Hi, join u of t request for makeshift pin what is?",Join U of T is asking me for a temporary pin. What is this?,1,342,342,dev,positive
"Hi, join u of t request for makeshift pin what is?",can you explain the structure of Applied Computing at UOFT?,0,342,144,dev,random
"Hi, join u of t request for makeshift pin what is?",I'm having trouble logging in to Join U of T. What should I do?,0,342,341,dev,hard
i have submitted application wish to get switch do i do that? Thanks.,"I have submitted my application but want to make a change, how do I do that?",1,343,343,train,positive
i have submitted application wish to get switch do i do that? Thanks.,What kind of computer or laptop should I buy?,0,343,468,train,random
i have submitted application wish to get switch do i do that? Thanks.,I don't have access to the Internet; can I get a paper application form?,0,343,412,train,hard
i have submitted application but need produce a switch how do that? Any idea?,"I have submitted my application but want to make a change, how do I do that?",1,343,343,train,positive
i have submitted application but need produce a switch how do that? Any idea?,Will you accept my application and supporting documents prepared and submitted by an agent or consultant?,0,343,411,train,random
i have submitted application but need produce a switch how do that? Any idea?,I sent my application but I have not heard back from the graduate unit. How do I know my application and supporting documents have been received?,0,343,443,train,hard
i have submitted my application but wish give a switch how i do? Any idea?,"I have submitted my application but want to make a change, how do I do that?",1,343,343,dev,positive
i have submitted my application but wish give a switch how i do? Any idea?,"My permit is about to expire, how and when should I apply to extend it?",0,343,454,dev,random
i have submitted my application but wish give a switch how i do? Any idea?,I sent my application but I have not heard back from the graduate unit. How do I know my application and supporting documents have been received?,0,343,443,dev,hard
do i want to need my high school mail in my copy today? Thanks.,Do I need to ask my high school to mail in my transcript now?,1,344,344,train,positive
do i want to need my high school mail in my copy today? Thanks.,How many reference letters are required for admission?,0,344,430,train,random
do i want to need my high school mail in my copy today? Thanks.,"I am taking a course outside of my regular day high school, in summer school/night school, online, or private school. Will this affect my admission?",0,344,351,train,hard
"Hi, do i ask to expect my high school to mail in my copy today?",Do I need to ask my high school to mail in my transcript now?,1,344,344,train,positive
"Hi, do i ask to expect my high school to mail in my copy today?",what kind of research is done in Molecular Genetics at UOFT?,0,344,159,train,random
"Hi, do i ask to expect my high school to mail in my copy today?","I am taking a course outside of my regular day high school, in summer school/night school, online, or private school. Will this affect my admission?",0,344,351,train,hard
Help needed: do i ask to need high school to mail my copy today?,Do I need to ask my high school to mail in my transcript now?,1,344,344,dev,positive
Help needed: do i ask to need high school to mail my copy today?,how can I apply to Postdoctoral Studies in the School of Architecture at MCGILL?,0,344,95,dev,random
Help needed: do i ask to need high school to mail my copy today?,Do I need a visa in addition to my study permit to travel to Canada?,0,344,450,dev,hard
Help needed: how should i submit my copy?,How should I submit my transcript?,1,345,345,train,positive
Help needed: how should i submit my copy?,Do I need to take the GRE exam?,0,345,437,train,random
Help needed: how should i submit my copy?,Should I submit my GRE score?,0,345,261,train,hard
"Hi, how i submit my copy?",How should I submit my transcript?,1,345,345,train,positive
"Hi, how i submit my copy?","what are the career prospects for Drama, Theatre and Performance Studies graduates from UOFT?",0,345,155,train,random
"Hi, how i submit my copy?",Should I submit my GRE score?,0,345,261,train,hard
Could you tell me how should i submit my copy?,How should I submit my transcript?,1,345,345,dev,positive
Could you tell me how should i submit my copy?,I have a health issue or disability that may impact my academic performance. What accommodations are available?,0,345,474,dev,random
Could you tell me how should i submit my copy?,Should I submit my GRE score?,0,345,261,dev,hard
it tell that uploading my copy is informal so should i yet upload my copy?,It says that uploading my transcript is unofficial so should I still upload my transcript?,1,346,346,train,positive
it tell that uploading my copy is informal so should i yet upload my copy?,My name in my official transcripts is different from my passport / other transcripts; shall I provide a document explaining the discrepancy?,0,346,426,train,random
it tell that uploading my copy is informal so should i yet upload my copy?,I have not completed my current degree yet; what should I do?,0,346,425,train,hard
Quick question: it tell uploading my copy is unconfirmed so i even upload my copy?,It says that uploading my transcript is unofficial so should I still upload my transcript?,1,346,346,train,positive
Quick question: it tell uploading my copy is unconfirmed so i even upload my copy?,what subjects will I study in Global Professional Law at UOFT?,0,346,11,train,random
Quick question: it tell uploading my copy is unconfirmed so i even upload my copy?,Is it necessary that my practicum complies with my declared field of study?,0,346,483,train,hard
it tell that uploading copy is unconfirmed so should i yet upload my copy?,It says that uploading my transcript is unofficial so should I still upload my transcript?,1,346,346,dev,positive
it tell that uploading copy is unconfirmed so should i yet upload my copy?,what can I do with a degree in Communications from MCGILL?,0,346,236,dev,random
it tell that uploading copy is unconfirmed so should i yet upload my copy?,I have not completed my current degree yet; what should I do?,0,346,425,dev,hard
Could you tell me my mid term class will not be publish until december january february how should i ego report my class?,"My mid-term grades will not be released until December/January/February, how should I self-report my grades?",1,347,347,train,positive
Could you tell me my mid term class will not be publish until december january february how should i ego report my class?,Do I need a visa in addition to my study permit to travel to Canada?,0,347,450,train,random
Could you tell me my mid term class will not be publish until december january february how should i ego report my class?,"My interim transcript will not be available until December/January/February, will this impact my admission because the document deadline for early consideration is in December?",0,347,349,train,hard
Help needed: my mid term class will not be publish until december january february should i ego report class?,"My mid-term grades will not be released until December/January/February, how should I self-report my grades?",1,347,347,train,positive
Help needed: my mid term class will not be publish until december january february should i ego report class?,describe the Health Informatics curriculum at UOFT.,0,347,151,train,random
Help needed: my mid term class will not be publish until december january february should i ego report class?,"My interim transcript will not be available until December/January/February, will this impact my admission because the document deadline for early consideration is in December?",0,347,349,train,hard
"Hi, my mid term class will not be publish until december january february how should i ego report my class?","My mid-term grades will not be released until December/January/February, how should I self-report my grades?",1,347,347,dev,positive
"Hi, my mid term class will not be publish until december january february how should i ego report my class?",I am interested in applying to a program at the University of Toronto Mississauga. If I apply to this program on OUAC will I be considered for this program at all three campuses?,0,347,334,dev,random
"Hi, my mid term class will not be publish until december january february how should i ego report my class?","My interim transcript will not be available until December/January/February, will this impact my admission because the document deadline for early consideration is in December?",0,347,349,dev,hard
what should i take if i do not mid term copy even what if i do not make mid term class or a mid term copy? Thanks.,What should I submit if I don't have my mid-term transcript yet? What if I don't get mid-term grades or a mid-term transcript?,1,348,348,train,positive
what should i take if i do not mid term copy even what if i do not make mid term class or a mid term copy? Thanks.,"I am an Indigenous graduating student, so can I wear traditional Indigenous regalia?",0,348,279,train,random
what should i take if i do not mid term copy even what if i do not make mid term class or a mid term copy? Thanks.,"My mid-term grades will not be released until December/January/February, how should I self-report my grades?",0,348,347,train,hard
what should i present if i not have my mid term copy nonetheless what i not take mid term class or a mid term copy? Thanks.,What should I submit if I don't have my mid-term transcript yet? What if I don't get mid-term grades or a mid-term transcript?,1,348,348,train,positive
what should i present if i not have my mid term copy nonetheless what i not take mid term class or a mid term copy? Thanks.,Can I trade practicums with a classmate after I have been assigned?,0,348,495,train,random
what should i present if i not have my mid term copy nonetheless what i not take mid term class or a mid term copy? Thanks.,"My mid-term grades will not be released until December/January/February, how should I self-report my grades?",0,348,347,train,hard
Could you tell me what i present if i not have my mid term copy still what not make mid term class or a mid term copy?,What should I submit if I don't have my mid-term transcript yet? What if I don't get mid-term grades or a mid-term transcript?,1,348,348,dev,positive
Could you tell me what i present if i not have my mid term copy still what not make mid term class or a mid term copy?,can you explain the structure of Ecology and Evolutionary Biology at UOFT?,0,348,48,dev,random
Could you tell me what i present if i not have my mid term copy still what not make mid term class or a mid term copy?,"My mid-term grades will not be released until December/January/February, how should I self-report my grades?",0,348,347,dev,hard
Help needed: my temporary copy will not be available until december january february will this affect admission because the papers deadline for early consideration is in december?,"My interim transcript will not be available until December/January/February, will this impact my admission because the document deadline for early consideration is in December?",1,349,349,train,positive
Help needed: my temporary copy will not be available until december january february will this affect admission because the papers deadline for early consideration is in december?,What kind of computer or laptop should I buy?,0,349,468,train,random
Help needed: my temporary copy will not be available until december january february will this affect admission because the papers deadline for early consideration is in december?,"My mid-term grades will not be released until December/January/February, how should I self-report my grades?",0,349,347,train,hard
Could you tell me my temporary copy not be available until december january february will this affect my admission because papers deadline for early consideration is in december?,"My interim transcript will not be available until December/January/February, will this impact my admission because the document deadline for early consideration is in December?",1,349,349,train,positive
Could you tell me my temporary copy not be available until december january february will this affect my admission because papers deadline for early consideration is in december?,Should I speak with an OISE professor before submitting my application?,0,349,245,train,random
Could you tell me my temporary copy not be available until december january february will this affect my admission because papers deadline for early consideration is in december?,"My mid-term grades will not be released until December/January/February, how should I self-report my grades?",0,349,347,train,hard
"Hi, my temporary copy not be available until december january february will this affect my admission because the papers deadline for early consideration is in december?","My interim transcript will not be available until December/January/February, will this impact my admission because the document deadline for early consideration is in December?",1,349,349,dev,positive
"Hi, my temporary copy not be available until december january february will this affect my admission because the papers deadline for early consideration is in december?","I am an Indigenous student, what do I need to know about registering for Jump Start?",0,349,320,dev,random
"Hi, my temporary copy not be available until december january february will this affect my admission because the papers deadline for early consideration is in december?","My mid-term grades will not be released until December/January/February, how should I self-report my grades?",0,349,347,dev,hard
Quick question: my school send my copy last week how do i love you received?,"My school sent my transcript last week, how do I know if you have received it?",1,350,350,train,positive
Quick question: my school send my copy last week how do i love you received?,can you explain the structure of Zheming (Taro) Cai at UOFT?,0,350,226,train,random
Quick question: my school send my copy last week how do i love you received?,"I sent my IELTS/TOEFL scores last week, how do I know if you have received it?",0,350,360,train,hard
Help needed: my school send my copy last week how do i love if you have received it?,"My school sent my transcript last week, how do I know if you have received it?",1,350,350,train,positive
Help needed: my school send my copy last week how do i love if you have received it?,what are the admission requirements for Two Year MMPA at UOFT?,0,350,158,train,random
Help needed: my school send my copy last week how do i love if you have received it?,"I sent my IELTS/TOEFL scores last week, how do I know if you have received it?",0,350,360,train,hard
my school send my copy last week do i love if you have received it? Any idea?,"My school sent my transcript last week, how do I know if you have received it?",1,350,350,dev,positive
my school send my copy last week do i love if you have received it? Any idea?,Can I apply to a PhD program directly from a bachelor's degree?,0,350,406,dev,random
my school send my copy last week do i love if you have received it? Any idea?,"I sent my IELTS/TOEFL scores last week, how do I know if you have received it?",0,350,360,dev,hard
"Hi, i take a course away of my regular day high school in summer school night school online private school will this impact my admission?","I am taking a course outside of my regular day high school, in summer school/night school, online, or private school. Will this affect my admission?",1,351,351,train,positive
"Hi, i take a course away of my regular day high school in summer school night school online private school will this impact my admission?",can you explain the structure of Genetic Counselling at UOFT?,0,351,100,train,random
"Hi, i take a course away of my regular day high school in summer school night school online private school will this impact my admission?",Can I attend university with a high school study permit?,0,351,451,train,hard
Could you tell me i am take course away my regular day high school in summer school night school online or private school will this involve my admission?,"I am taking a course outside of my regular day high school, in summer school/night school, online, or private school. Will this affect my admission?",1,351,351,train,positive
Could you tell me i am take course away my regular day high school in summer school night school online or private school will this involve my admission?,Where do I find information about the practicum courses - SWK4701H Practicum 1 and SWK4702Y Practicum 2?,0,351,480,train,random
Could you tell me i am take course away my regular day high school in summer school night school online or private school will this involve my admission?,Do I need to ask my high school to mail in my transcript now?,0,351,344,train,hard
i am take a course away of my regular day high school in summer school night school online private school will this impact my admission? Thanks.,"I am taking a course outside of my regular day high school, in summer school/night school, online, or private school. Will this affect my admission?",1,351,351,dev,positive
i am take a course away of my regular day high school in summer school night school online private school will this impact my admission? Thanks.,can you explain the structure of Financial Economics at UOFT?,0,351,59,dev,random
i am take a course away of my regular day high school in summer school night school online private school will this impact my admission? Thanks.,Can I attend university with a high school study permit?,0,351,451,dev,hard
Quick question: i am preparation take a obligatory the summer before begin my undergraduate survey will this impact my admission?,I am planning on taking a prerequisite in the summer before starting my undergraduate studies. Will this affect my admission?,1,352,352,train,positive
Quick question: i am preparation take a obligatory the summer before begin my undergraduate survey will this impact my admission?,Where do I send my application supporting documents?,0,352,436,train,random
Quick question: i am preparation take a obligatory the summer before begin my undergraduate survey will this impact my admission?,Should I send the results from courses I take in the summer before I start U of T Mississauga?,0,352,400,train,hard
i am preparation on take a requirement the summer begin my undergraduate survey will this involve my admission?,I am planning on taking a prerequisite in the summer before starting my undergraduate studies. Will this affect my admission?,1,352,352,train,positive
i am preparation on take a requirement the summer begin my undergraduate survey will this involve my admission?,what subjects will I study in Social Justice Education at UOFT?,0,352,81,train,random
i am preparation on take a requirement the summer begin my undergraduate survey will this involve my admission?,"I am taking a course outside of my regular day high school, in summer school/night school, online, or private school. Will this affect my admission?",0,352,351,train,hard
Help needed: i am preparation on take a requirement in the summer before begin my undergraduate survey will this impact admission?,I am planning on taking a prerequisite in the summer before starting my undergraduate studies. Will this affect my admission?,1,352,352,dev,positive
Help needed: i am preparation on take a requirement in the summer before begin my undergraduate survey will this impact admission?,what subjects will I study in Engineering Science Undergraduate Program at UOFT?,0,352,201,dev,random
Help needed: i am preparation on take a requirement in the summer before begin my undergraduate survey will this impact admission?,Should I send the results from courses I take in the summer before I start U of T Mississauga?,0,352,400,dev,hard
Could you tell me i obtain an provide curriculum or u of t campus i did not use what does this think?,I received an offer to a program or U of T campus that I didn't apply to. What does this mean?,1,353,353,train,positive
Could you tell me i obtain an provide curriculum or u of t campus i did not use what does this think?,what kind of research is done in English at UOFT?,0,353,110,train,random
Could you tell me i obtain an provide curriculum or u of t campus i did not use what does this think?,Join U of T is asking me for a temporary pin. What is this?,0,353,342,train,hard
i obtain an provide to plan u t campus i not use to does this imply? Any idea?,I received an offer to a program or U of T campus that I didn't apply to. What does this mean?,1,353,353,train,positive
i obtain an provide to plan u t campus i not use to does this imply? Any idea?,what can I do with a degree in Executive Education from UOFT?,0,353,98,train,random
i obtain an provide to plan u t campus i not use to does this imply? Any idea?,Does my grade transfer with the credit to U of T?,0,353,399,train,hard
i obtain an provide to a curriculum or u of t campus that i not use to does this imply? Thanks.,I received an offer to a program or U of T campus that I didn't apply to. What does this mean?,1,353,353,dev,positive
i obtain an provide to a curriculum or u of t campus that i not use to does this imply? Thanks.,What exactly is the 10-day period I have to submit my supporting documents?,0,353,253,dev,random
i obtain an provide to a curriculum or u of t campus that i not use to does this imply? Thanks.,Does my grade transfer with the credit to U of T?,0,353,399,dev,hard
Could you tell me what are terms conditions of my provide of admission the university of toronto mississauga?,What are the Terms & Conditions of my offer of admission to the University of Toronto Mississauga?,1,354,354,train,positive
Could you tell me what are terms conditions of my provide of admission the university of toronto mississauga?,What happens if I don't get an interview at one of my choices?,0,354,493,train,random
Could you tell me what are terms conditions of my provide of admission the university of toronto mississauga?,May I defer admission to the University of Toronto?,0,354,448,train,hard
Help needed: what are the terms conditions of provide of admission to the university of toronto mississauga?,What are the Terms & Conditions of my offer of admission to the University of Toronto Mississauga?,1,354,354,train,positive
Help needed: what are the terms conditions of provide of admission to the university of toronto mississauga?,What exactly is the 10-day period I have to submit my supporting documents?,0,354,253,train,random
Help needed: what are the terms conditions of provide of admission to the university of toronto mississauga?,May I defer admission to the University of Toronto?,0,354,448,train,hard
what are the terms conditions of bid of admission to the university of toronto mississauga?,What are the Terms & Conditions of my offer of admission to the University of Toronto Mississauga?,1,354,354,dev,positive
what are the terms conditions of bid of admission to the university of toronto mississauga?,"what are the career prospects for Drama, Theatre and Performance Studies graduates from UOFT?",0,354,155,dev,random
what are the terms conditions of bid of admission to the university of toronto mississauga?,May I defer admission to the University of Toronto?,0,354,448,dev,hard
am i able shelve my provide of admission? Any idea?,Am I able to defer my offer of admission?,1,355,355,train,positive
am i able shelve my provide of admission? Any idea?,I might miss the application deadline; can I have an extension?,0,355,409,train,random
am i able shelve my provide of admission? Any idea?,If I need to provide proof of English language proficiency will I get an offer of admission?,0,355,263,train,hard
Help needed: am i able to postpone my provide admission?,Am I able to defer my offer of admission?,1,355,355,train,positive
Help needed: am i able to postpone my provide admission?,can you explain the structure of Medical Science at UOFT?,0,355,51,train,random
Help needed: am i able to postpone my provide admission?,If I need to provide proof of English language proficiency will I get an offer of admission?,0,355,263,train,hard
Help needed: am i able to accede provide of admission?,Am I able to defer my offer of admission?,1,355,355,dev,positive
Help needed: am i able to accede provide of admission?,How long will an assessment take?,0,355,381,dev,random
Help needed: am i able to accede provide of admission?,If I need to provide proof of English language proficiency will I get an offer of admission?,0,355,263,dev,hard
Quick question: if i ve come advanced placement ap gce french baccalaureate international baccalaureate ib will i be eligible for transfer credit?,"If I've done Advanced Placement (AP), GCE, French Baccalaureate, or International Baccalaureate (IB), will I be eligible for Transfer Credit?",1,356,356,train,positive
Quick question: if i ve come advanced placement ap gce french baccalaureate international baccalaureate ib will i be eligible for transfer credit?,what subjects will I study in Engineering Science Undergraduate Program at UOFT?,0,356,201,train,random
Quick question: if i ve come advanced placement ap gce french baccalaureate international baccalaureate ib will i be eligible for transfer credit?,"If I am not eligible for my program choice at U of T Mississauga, will I be considered for an alternate offer?",0,356,339,train,hard
if i ve come advanced placement ap gce french baccalaureate or international baccalaureate ib will i be eligible for transfer credit? Thanks.,"If I've done Advanced Placement (AP), GCE, French Baccalaureate, or International Baccalaureate (IB), will I be eligible for Transfer Credit?",1,356,356,train,positive
if i ve come advanced placement ap gce french baccalaureate or international baccalaureate ib will i be eligible for transfer credit? Thanks.,what can I do with a degree in Chemistry from UOFT?,0,356,239,train,random
if i ve come advanced placement ap gce french baccalaureate or international baccalaureate ib will i be eligible for transfer credit? Thanks.,"If I am not eligible for my program choice at U of T Mississauga, will I be considered for an alternate offer?",0,356,339,train,hard
"Hi, if i ve come advanced placement ap gce french baccalaureate international baccalaureate ib will i eligible for transfer credit?","If I've done Advanced Placement (AP), GCE, French Baccalaureate, or International Baccalaureate (IB), will I be eligible for Transfer Credit?",1,356,356,dev,positive
"Hi, if i ve come advanced placement ap gce french baccalaureate international baccalaureate ib will i eligible for transfer credit?",can you explain the structure of Zheming (Taro) Cai at UOFT?,0,356,226,dev,random
"Hi, if i ve come advanced placement ap gce french baccalaureate international baccalaureate ib will i eligible for transfer credit?",What number will alerts come from?,0,356,292,dev,hard
Help needed: do i ask to take validation english proficiency?,Do I need to submit proof of English proficiency?,1,357,357,train,positive
Help needed: do i ask to take validation english proficiency?,what kind of research is done in Electrical and Computer Engineering at UOFT?,0,357,67,train,random
Help needed: do i ask to take validation english proficiency?,English is not my first language. Do I need to take the TOEFL exam?,0,357,438,train,hard
Could you tell me do i want to take validation of english proficiency?,Do I need to submit proof of English proficiency?,1,357,357,train,positive
Could you tell me do i want to take validation of english proficiency?,can you explain the structure of SURE: Summer Undergraduate Research in Engineering at MCGILL?,0,357,79,train,random
Could you tell me do i want to take validation of english proficiency?,If I need to provide proof of English language proficiency will I get an offer of admission?,0,357,263,train,hard
Could you tell me do i want present validation of english proficiency?,Do I need to submit proof of English proficiency?,1,357,357,dev,positive
Could you tell me do i want present validation of english proficiency?,can you explain the structure of Health Informatics at UOFT?,0,357,17,dev,random
Could you tell me do i want present validation of english proficiency?,can you explain the structure of English at UOFT?,0,357,65,dev,hard
Help needed: can you blend sections from multiple english proficiency exam in order satisfy english proficiency prerequisite ie combining the ielts publish section from one exam with an ielts reading section from another exam?,Can you combine sections from multiple English proficiency tests in order to meet English proficiency requirements? (Ie. Combining the IELTS writing section from one test with an IELTS reading section from another test),1,358,358,train,positive
Help needed: can you blend sections from multiple english proficiency exam in order satisfy english proficiency prerequisite ie combining the ielts publish section from one exam with an ielts reading section from another exam?,When will I hear a decision on my application?,0,358,442,train,random
Help needed: can you blend sections from multiple english proficiency exam in order satisfy english proficiency prerequisite ie combining the ielts publish section from one exam with an ielts reading section from another exam?,English is not my first language. Do I need to take the TOEFL exam?,0,358,438,train,hard
can you meld sections from multiple english proficiency exam in order to satisfy english proficiency prerequisite ie combining the ielts publish section from one exam with an ielts reading section from another exam? Thanks.,Can you combine sections from multiple English proficiency tests in order to meet English proficiency requirements? (Ie. Combining the IELTS writing section from one test with an IELTS reading section from another test),1,358,358,train,positive
can you meld sections from multiple english proficiency exam in order to satisfy english proficiency prerequisite ie combining the ielts publish section from one exam with an ielts reading section from another exam? Thanks.,what subjects will I study in European and Eurasian Studies at UOFT?,0,358,103,train,random
can you meld sections from multiple english proficiency exam in order to satisfy english proficiency prerequisite ie combining the ielts publish section from one exam with an ielts reading section from another exam? Thanks.,English is not my first language. Do I need to take the TOEFL exam?,0,358,438,train,hard
can you merge sections from multiple english proficiency exam in order to satisfy english proficiency prerequisite ie combining ielts compose section from one quiz with an ielts reading section from another quiz? Thanks.,Can you combine sections from multiple English proficiency tests in order to meet English proficiency requirements? (Ie. Combining the IELTS writing section from one test with an IELTS reading section from another test),1,358,358,dev,positive
can you merge sections from multiple english proficiency exam in order to satisfy english proficiency prerequisite ie combining ielts compose section from one quiz with an ielts reading section from another quiz? Thanks.,Is there a deadline to submit my transfer credit application and documentation?,0,358,384,dev,random
can you merge sections from multiple english proficiency exam in order to satisfy english proficiency prerequisite ie combining ielts compose section from one quiz with an ielts reading section from another quiz? Thanks.,Do I need to submit proof of English proficiency?,0,358,357,dev,hard
Quick question: i but send new english proficiency quiz score how protracted does it hold for the university to come it?,I just sent my new English proficiency test score. How long does it take for the university to get it?,1,359,359,train,positive
Quick question: i but send new english proficiency quiz score how protracted does it hold for the university to come it?,I applied last year / I'm a current or former OISE student - do I have to re-submit documents?,0,359,251,train,random
Quick question: i but send new english proficiency quiz score how protracted does it hold for the university to come it?,How long does it take CIC to process my application?,0,359,453,train,hard
i good send my new english proficiency quiz score how lasting does it bring the university to come? Any idea?,I just sent my new English proficiency test score. How long does it take for the university to get it?,1,359,359,train,positive
i good send my new english proficiency quiz score how lasting does it bring the university to come? Any idea?,What program of study should I apply to?,0,359,240,train,random
i good send my new english proficiency quiz score how lasting does it bring the university to come? Any idea?,Do I need to submit proof of English proficiency?,0,359,357,train,hard
i but send my new english proficiency quiz score how lengthy it bring for university to come it? Thanks.,I just sent my new English proficiency test score. How long does it take for the university to get it?,1,359,359,dev,positive
i but send my new english proficiency quiz score how lengthy it bring for university to come it? Thanks.,can you explain the structure of Global Professional Law at UOFT?,0,359,6,dev,random
i but send my new english proficiency quiz score how lengthy it bring for university to come it? Thanks.,Do I need to submit proof of English proficiency?,0,359,357,dev,hard
i send my ielts toefl scores last week do i acknowledge you received it?,"I sent my IELTS/TOEFL scores last week, how do I know if you have received it?",1,360,360,train,positive
i send my ielts toefl scores last week do i acknowledge you received it?,My institution will release transcripts to me but not to the institution to which I am applying. Will you accept transcripts submitted by me?,0,360,421,train,random
i send my ielts toefl scores last week do i acknowledge you received it?,"My school sent my transcript last week, how do I know if you have received it?",0,360,350,train,hard
Quick question: i send ielts toefl scores last week do i acknowledge if have received?,"I sent my IELTS/TOEFL scores last week, how do I know if you have received it?",1,360,360,train,positive
Quick question: i send ielts toefl scores last week do i acknowledge if have received?,Can I register for Jump Start before I get my Winter Session housing offer?,0,360,319,train,random
Quick question: i send ielts toefl scores last week do i acknowledge if have received?,"My school sent my transcript last week, how do I know if you have received it?",0,360,350,train,hard
i send my ielts toefl scores last week do i recognize you have received? Thanks.,"I sent my IELTS/TOEFL scores last week, how do I know if you have received it?",1,360,360,dev,positive
i send my ielts toefl scores last week do i recognize you have received? Thanks.,Where do I collect my graduation gown?,0,360,275,dev,random
i send my ielts toefl scores last week do i recognize you have received? Thanks.,"My school sent my transcript last week, how do I know if you have received it?",0,360,350,dev,hard
can i welcome an admission conclusion before sending in my english language examination outcome i have all mandatory requirement? Any idea?,Can I receive an admission decision before sending in my English language test results? I have all required prerequisites.,1,361,361,train,positive
can i welcome an admission conclusion before sending in my english language examination outcome i have all mandatory requirement? Any idea?,what kind of research is done in Master of Forest Conservation at UOFT?,0,361,194,train,random
can i welcome an admission conclusion before sending in my english language examination outcome i have all mandatory requirement? Any idea?,If I need to provide proof of English language proficiency will I get an offer of admission?,0,361,263,train,hard
Quick question: can i incur admission conclusion before sending in my english language examination outcome have all mandatory requirement?,Can I receive an admission decision before sending in my English language test results? I have all required prerequisites.,1,361,361,train,positive
Quick question: can i incur admission conclusion before sending in my english language examination outcome have all mandatory requirement?,what research opportunities exist in Postdoctoral Studies in the School of Architecture at MCGILL?,0,361,192,train,random
Quick question: can i incur admission conclusion before sending in my english language examination outcome have all mandatory requirement?,My academic records are in a language other than English. Shall I also submit English translations of my documents?,0,361,427,train,hard
Could you tell me can welcome an admission conclusion sending in my english language exam outcome i have all necessary requirement?,Can I receive an admission decision before sending in my English language test results? I have all required prerequisites.,1,361,361,dev,positive
Could you tell me can welcome an admission conclusion sending in my english language exam outcome i have all necessary requirement?,what makes the Master of Business Administration (Extended Full-Time MBA) program at UOFT unique?,0,361,109,dev,random
Could you tell me can welcome an admission conclusion sending in my english language exam outcome i have all necessary requirement?,English is not my first language. Do I need to take the TOEFL exam?,0,361,438,dev,hard
"Hi, what does signify when provide admission tell that ace utm is a condition?",What does it mean when my offer of admission says that ACE@UTM is a condition?,1,362,362,train,positive
"Hi, what does signify when provide admission tell that ace utm is a condition?",How do I become a Field Instructor?,0,362,500,train,random
"Hi, what does signify when provide admission tell that ace utm is a condition?",Where can I learn more about ACE@UTM?,0,362,365,train,hard
what does it think my provide of admission tell that ace utm is a condition? Thanks.,What does it mean when my offer of admission says that ACE@UTM is a condition?,1,362,362,train,positive
what does it think my provide of admission tell that ace utm is a condition? Thanks.,How can I give feedback about practicum-related issues?,0,362,498,train,random
what does it think my provide of admission tell that ace utm is a condition? Thanks.,Where can I learn more about ACE@UTM?,0,362,365,train,hard
Help needed: what does it imply when my provide of admission tell ace utm condition?,What does it mean when my offer of admission says that ACE@UTM is a condition?,1,362,362,dev,positive
Help needed: what does it imply when my provide of admission tell ace utm condition?,what can I do with a degree in Aerospace Science and Engineering from UOFT?,0,362,70,dev,random
Help needed: what does it imply when my provide of admission tell ace utm condition?,Where can I learn more about ACE@UTM?,0,362,365,dev,hard
Could you tell me i eligible for both the summer and the fall winter plan streams which one should i prefer?,I am eligible for both the Summer and the Fall-Winter program streams. Which one should I choose?,1,363,363,train,positive
Could you tell me i eligible for both the summer and the fall winter plan streams which one should i prefer?,what research opportunities exist in Counselling and Clinical Psychology - Field in Clinical and Counselling Psychology (OISE) at UOFT?,0,363,129,train,random
Could you tell me i eligible for both the summer and the fall winter plan streams which one should i prefer?,Should I send the results from courses I take in the summer before I start U of T Mississauga?,0,363,400,train,hard
i am eligible both summer and the fall winter plan streams which one i prefer? Any idea?,I am eligible for both the Summer and the Fall-Winter program streams. Which one should I choose?,1,363,363,train,positive
i am eligible both summer and the fall winter plan streams which one i prefer? Any idea?,what can I do with a degree in Health Informatics from UOFT?,0,363,165,train,random
i am eligible both summer and the fall winter plan streams which one i prefer? Any idea?,Am I eligible to work in Canada while studying?,0,363,452,train,hard
i eligible for both the summer the fall winter plan streams which one should i prefer? Any idea?,I am eligible for both the Summer and the Fall-Winter program streams. Which one should I choose?,1,363,363,dev,positive
i eligible for both the summer the fall winter plan streams which one should i prefer? Any idea?,I am an international applicant. How do I know if you recognize my degree?,0,363,407,dev,random
i eligible for both the summer the fall winter plan streams which one should i prefer? Any idea?,Should I send the results from courses I take in the summer before I start U of T Mississauga?,0,363,400,dev,hard
Help needed: if i pass an english proficiency exam finish the ace utm curriculum i do?,"If I pass an English proficiency test before completing the ACE@UTM program, what should I do?",1,364,364,train,positive
Help needed: if i pass an english proficiency exam finish the ace utm curriculum i do?,what are the career prospects for School and Clinical Child Psychology graduates from UOFT?,0,364,92,train,random
Help needed: if i pass an english proficiency exam finish the ace utm curriculum i do?,Do I need to submit proof of English proficiency?,0,364,357,train,hard
if i pass english proficiency exam before finish the ace utm curriculum what should i do?,"If I pass an English proficiency test before completing the ACE@UTM program, what should I do?",1,364,364,train,positive
if i pass english proficiency exam before finish the ace utm curriculum what should i do?,What do I do if I see someone smoking on campus?,0,364,314,train,random
if i pass english proficiency exam before finish the ace utm curriculum what should i do?,Do I need to submit proof of English proficiency?,0,364,357,train,hard
if i pass an english proficiency quiz before finish the ace utm curriculum what should i do? Any idea?,"If I pass an English proficiency test before completing the ACE@UTM program, what should I do?",1,364,364,dev,positive
if i pass an english proficiency quiz before finish the ace utm curriculum what should i do? Any idea?,what kind of research is done in English at UOFT?,0,364,110,dev,random
if i pass an english proficiency quiz before finish the ace utm curriculum what should i do? Any idea?,Do I need to submit proof of English proficiency?,0,364,357,dev,hard
where i see more about ace utm?,Where can I learn more about ACE@UTM?,1,365,365,train,positive
where i see more about ace utm?,can you explain the structure of Master of Applied Science (MASc) at UOFT?,0,365,75,train,random
where i see more about ace utm?,"If I pass an English proficiency test before completing the ACE@UTM program, what should I do?",0,365,364,train,hard
"Hi, where teach more about ace utm?",Where can I learn more about ACE@UTM?,1,365,365,train,positive
"Hi, where teach more about ace utm?",What happens if I don't get an interview at one of my choices?,0,365,493,train,random
"Hi, where teach more about ace utm?",What does it mean when my offer of admission says that ACE@UTM is a condition?,0,365,362,train,hard
Could you tell me where can i see more about ace utm?,Where can I learn more about ACE@UTM?,1,365,365,dev,positive
Could you tell me where can i see more about ace utm?,Why didn't I receive the alert right away - or at all?,0,365,299,dev,random
Could you tell me where can i see more about ace utm?,"If I pass an English proficiency test before completing the ACE@UTM program, what should I do?",0,365,364,dev,hard
how do prepare convinced i m considered scholarships what scholarships useable to me? Thanks.,How do I make sure I'm considered for scholarships? What scholarships are available to me?,1,366,366,train,positive
how do prepare convinced i m considered scholarships what scholarships useable to me? Thanks.,can you explain the structure of Finance at UOFT?,0,366,71,train,random
how do prepare convinced i m considered scholarships what scholarships useable to me? Thanks.,When will I find out about scholarships?,0,366,368,train,hard
Quick question: how i get confident m considered scholarships what scholarships are useable to me?,How do I make sure I'm considered for scholarships? What scholarships are available to me?,1,366,366,train,positive
Quick question: how i get confident m considered scholarships what scholarships are useable to me?,Do I have to list all the schools and institutions I have attended?,0,366,413,train,random
Quick question: how i get confident m considered scholarships what scholarships are useable to me?,When will I find out about scholarships?,0,366,368,train,hard
how do i give confident i m considered for scholarships what scholarships are accessible me? Thanks.,How do I make sure I'm considered for scholarships? What scholarships are available to me?,1,366,366,dev,positive
how do i give confident i m considered for scholarships what scholarships are accessible me? Thanks.,I am eligible for both the Summer and the Fall-Winter program streams. Which one should I choose?,0,366,363,dev,random
how do i give confident i m considered for scholarships what scholarships are accessible me? Thanks.,When will I find out about scholarships?,0,366,368,dev,hard
"Hi, what if my final high school class alteration after i receive my scholarship provide?",What if my final high school grades change after I receive my scholarship offer?,1,367,367,train,positive
"Hi, what if my final high school class alteration after i receive my scholarship provide?",what research opportunities exist in Master of Education in Counselling Psychology; (Global Mental Health & Counselling Psychology Field) Dual Degree Programs at UOFT?,0,367,24,train,random
"Hi, what if my final high school class alteration after i receive my scholarship provide?",How and when will I receive my scholarship/award payment?,0,367,377,train,hard
what if my final high school class switch i receive my scholarship extend? Any idea?,What if my final high school grades change after I receive my scholarship offer?,1,367,367,train,positive
what if my final high school class switch i receive my scholarship extend? Any idea?,what kind of research is done in PhD in Forestry at UOFT?,0,367,174,train,random
what if my final high school class switch i receive my scholarship extend? Any idea?,How do I extend my study permit?,0,367,459,train,hard
Could you tell me what if my final high school class alteration after i receive my scholarship provide?,What if my final high school grades change after I receive my scholarship offer?,1,367,367,dev,positive
Could you tell me what if my final high school class alteration after i receive my scholarship provide?,What if it's really difficult for me to get an academic (or professional) letter of reference?,0,367,259,dev,random
Could you tell me what if my final high school class alteration after i receive my scholarship provide?,My referee did not receive the email from the School of Graduate Studies. Could you please resend it?,0,367,432,dev,hard
Could you tell me when discover away about scholarships?,When will I find out about scholarships?,1,368,368,train,positive
Could you tell me when discover away about scholarships?,It says in my Engineering Applicant Portal that I will be receiving a scholarship for first year -- do I have to do something to receive this?,0,368,470,train,random
Could you tell me when discover away about scholarships?,How do I make sure I'm considered for scholarships? What scholarships are available to me?,0,368,366,train,hard
when will i get down about scholarships? Thanks.,When will I find out about scholarships?,1,368,368,train,positive
when will i get down about scholarships? Thanks.,what can I do with a degree in Katie Filek from UOFT?,0,368,227,train,random
when will i get down about scholarships? Thanks.,How do I make sure I'm considered for scholarships? What scholarships are available to me?,0,368,366,train,hard
Help needed: when will i see away scholarships?,When will I find out about scholarships?,1,368,368,dev,positive
Help needed: when will i see away scholarships?,What happens if I don't get an interview at one of my choices?,0,368,493,dev,random
Help needed: when will i see away scholarships?,How do I make sure I'm considered for scholarships? What scholarships are available to me?,0,368,366,dev,hard
"Hi, i was grant the university of toronto international scholar award but there lately a shift to my legitimate position and today i stipulate domestic tuition what do i do?",I was awarded the University of Toronto International Scholar Award but there has recently been a change to my legal status and now I qualify for domestic tuition. What do I do?,1,369,369,train,positive
"Hi, i was grant the university of toronto international scholar award but there lately a shift to my legitimate position and today i stipulate domestic tuition what do i do?",I have a health issue or disability that may impact my academic performance. What accommodations are available?,0,369,474,train,random
"Hi, i was grant the university of toronto international scholar award but there lately a shift to my legitimate position and today i stipulate domestic tuition what do i do?",I was awarded the University of Toronto International Scholar Award. Is this scholarship offer tenable with other scholarships?,0,369,375,train,hard
Quick question: i was grant the university of toronto international scholar award but there has lately been a shift to my legitimate position and today stipulate for domestic tuition what do?,I was awarded the University of Toronto International Scholar Award but there has recently been a change to my legal status and now I qualify for domestic tuition. What do I do?,1,369,369,train,positive
Quick question: i was grant the university of toronto international scholar award but there has lately been a shift to my legitimate position and today stipulate for domestic tuition what do?,Can I find my own practicum?,0,369,482,train,random
Quick question: i was grant the university of toronto international scholar award but there has lately been a shift to my legitimate position and today stipulate for domestic tuition what do?,I was awarded the University of Toronto International Scholar Award. Is this scholarship offer tenable with other scholarships?,0,369,375,train,hard
i was grant the university of toronto international scholar award but has lately a alter to my legitimate position and today i stipulate for domestic tuition what i? Any idea?,I was awarded the University of Toronto International Scholar Award but there has recently been a change to my legal status and now I qualify for domestic tuition. What do I do?,1,369,369,dev,positive
i was grant the university of toronto international scholar award but has lately a alter to my legitimate position and today i stipulate for domestic tuition what i? Any idea?,can you explain the structure of Master of Applied Science (MASc) at UOFT?,0,369,75,dev,random
i was grant the university of toronto international scholar award but has lately a alter to my legitimate position and today i stipulate for domestic tuition what i? Any idea?,I was awarded the University of Toronto International Scholar Award. Is this scholarship offer tenable with other scholarships?,0,369,375,dev,hard
i obtain two provide of admission from university of toronto from two different faculties campuses will my scholarship provide be transferrable? Any idea?,I received two offers of admission from the University of Toronto from two different faculties/campuses. Will my scholarship offers be transferrable?,1,370,370,train,positive
i obtain two provide of admission from university of toronto from two different faculties campuses will my scholarship provide be transferrable? Any idea?,"describe the PhD in Architecture, Landscape, and Design curriculum at UOFT.",0,370,3,train,random
i obtain two provide of admission from university of toronto from two different faculties campuses will my scholarship provide be transferrable? Any idea?,Can I apply to two different programs at UTM?,0,370,331,train,hard
i obtain two provide of admission from the university of toronto two different faculties campuses will scholarship provide be transferrable?,I received two offers of admission from the University of Toronto from two different faculties/campuses. Will my scholarship offers be transferrable?,1,370,370,train,positive
i obtain two provide of admission from the university of toronto two different faculties campuses will scholarship provide be transferrable?,How do I become a Field Instructor?,0,370,500,train,random
i obtain two provide of admission from the university of toronto two different faculties campuses will scholarship provide be transferrable?,Can I apply to two different programs at UTM?,0,370,331,train,hard
Help needed: i obtain two provide of admission from the university of toronto two different faculties campuses will scholarship provide transferrable?,I received two offers of admission from the University of Toronto from two different faculties/campuses. Will my scholarship offers be transferrable?,1,370,370,dev,positive
Help needed: i obtain two provide of admission from the university of toronto two different faculties campuses will scholarship provide transferrable?,I am an international applicant. How do I know if you recognize my degree?,0,370,407,dev,random
Help needed: i obtain two provide of admission from the university of toronto two different faculties campuses will scholarship provide transferrable?,Can I apply to two different programs at UTM?,0,370,331,dev,hard
what is a renewable accolade? Thanks.,"What is a ""renewable"" award?",1,371,371,train,positive
what is a renewable accolade? Thanks.,what are the admission requirements for One Year MMPA at UOFT?,0,371,209,train,random
what is a renewable accolade? Thanks.,"If the award is renewable, what grade should I maintain?",0,371,372,train,hard
what is renewable accolade? Any idea?,"What is a ""renewable"" award?",1,371,371,train,positive
what is renewable accolade? Any idea?,How long does it take CIC to process my application?,0,371,453,train,random
what is renewable accolade? Any idea?,"If the award is renewable, what grade should I maintain?",0,371,372,train,hard
Quick question: what is a renewable prize?,"What is a ""renewable"" award?",1,371,371,dev,positive
Quick question: what is a renewable prize?,Will credits earned in secondary school or at a different post-secondary institution be eligible for prerequisites of the Computer Science program?,0,371,401,dev,random
Quick question: what is a renewable prize?,"If the award is renewable, what grade should I maintain?",0,371,372,dev,hard
Could you tell me if the honor is renewable tier should i keep?,"If the award is renewable, what grade should I maintain?",1,372,372,train,positive
Could you tell me if the honor is renewable tier should i keep?,what kind of research is done in Master of Science in Forestry at UOFT?,0,372,121,train,random
Could you tell me if the honor is renewable tier should i keep?,"What is a ""renewable"" award?",0,372,371,train,hard
Help needed: if honor is renewable what tier preserve?,"If the award is renewable, what grade should I maintain?",1,372,372,train,positive
Help needed: if honor is renewable what tier preserve?,what can I do with a degree in Physical Therapy from UOFT?,0,372,85,train,random
Help needed: if honor is renewable what tier preserve?,"What is a ""renewable"" award?",0,372,371,train,hard
"Hi, if the honor is renewable what class uphold?","If the award is renewable, what grade should I maintain?",1,372,372,dev,positive
"Hi, if the honor is renewable what class uphold?",can you explain the structure of Immunology at UOFT?,0,372,23,dev,random
"Hi, if the honor is renewable what class uphold?","What is a ""renewable"" award?",0,372,371,dev,hard
"Hi, if i fail to fulfill renewable weather one year fulfill them the next can i receive the honor?","If I fail to meet renewable conditions one year, but meet them the next, can I receive the award?",1,373,373,train,positive
"Hi, if i fail to fulfill renewable weather one year fulfill them the next can i receive the honor?",can you explain the structure of Master of Applied Science (MASc) at UOFT?,0,373,75,train,random
"Hi, if i fail to fulfill renewable weather one year fulfill them the next can i receive the honor?",can you explain the structure of One Year MMPA at UOFT?,0,373,40,train,hard
Quick question: if i fail to fulfill renewable circumstance one year fulfill the next can i receive honor?,"If I fail to meet renewable conditions one year, but meet them the next, can I receive the award?",1,373,373,train,positive
Quick question: if i fail to fulfill renewable circumstance one year fulfill the next can i receive honor?,What personal information does the system store?,0,373,302,train,random
Quick question: if i fail to fulfill renewable circumstance one year fulfill the next can i receive honor?,can you explain the structure of One Year MMPA at UOFT?,0,373,40,train,hard
Quick question: if i fail fulfill renewable circumstance one year but fulfill them next can i receive prize?,"If I fail to meet renewable conditions one year, but meet them the next, can I receive the award?",1,373,373,dev,positive
Quick question: if i fail fulfill renewable circumstance one year but fulfill them next can i receive prize?,what can I do with a degree in Art History from UOFT?,0,373,88,dev,random
Quick question: if i fail fulfill renewable circumstance one year but fulfill them next can i receive prize?,can you explain the structure of One Year MMPA at UOFT?,0,373,40,dev,hard
Help needed: if dilute path burden to portion time position this involve my eligibility for an honor?,"If I reduce my course load to part-time status, will this affect my eligibility for an award?",1,374,374,train,positive
Help needed: if dilute path burden to portion time position this involve my eligibility for an honor?,what kind of research is done in Molecular Genetics at UOFT?,0,374,159,train,random
Help needed: if dilute path burden to portion time position this involve my eligibility for an honor?,"I'm an international student, and this will be my first time studying in Canada. How can I prepare for arrival?",0,374,472,train,hard
Help needed: if trim my path burden to role time position will this impact my eligibility for an accolade?,"If I reduce my course load to part-time status, will this affect my eligibility for an award?",1,374,374,train,positive
Help needed: if trim my path burden to role time position will this impact my eligibility for an accolade?,Where can we take photos after the ceremony?,0,374,281,train,random
Help needed: if trim my path burden to role time position will this impact my eligibility for an accolade?,"I'm an international student, and this will be my first time studying in Canada. How can I prepare for arrival?",0,374,472,train,hard
Quick question: if i cut my path burden portion time position will this involve my eligibility for an honor?,"If I reduce my course load to part-time status, will this affect my eligibility for an award?",1,374,374,dev,positive
Quick question: if i cut my path burden portion time position will this involve my eligibility for an honor?,"Can I drop a course, or study part-time?",0,374,467,dev,random
Quick question: if i cut my path burden portion time position will this involve my eligibility for an honor?,"I'm an international student, and this will be my first time studying in Canada. How can I prepare for arrival?",0,374,472,dev,hard
Help needed: i was grant the university of toronto international scholar award is this scholarship bid reasonable with other scholarships?,I was awarded the University of Toronto International Scholar Award. Is this scholarship offer tenable with other scholarships?,1,375,375,train,positive
Help needed: i was grant the university of toronto international scholar award is this scholarship bid reasonable with other scholarships?,where do Master of Education in Developmental Psychology & Education graduates from UOFT typically work?,0,375,77,train,random
Help needed: i was grant the university of toronto international scholar award is this scholarship bid reasonable with other scholarships?,I was awarded the University of Toronto International Scholar Award but there has recently been a change to my legal status and now I qualify for domestic tuition. What do I do?,0,375,369,train,hard
Could you tell me i was grant the university of toronto international scholar award is scholarship bid reasonable with other scholarships?,I was awarded the University of Toronto International Scholar Award. Is this scholarship offer tenable with other scholarships?,1,375,375,train,positive
Could you tell me i was grant the university of toronto international scholar award is scholarship bid reasonable with other scholarships?,Do I need to ask my high school to mail in my transcript now?,0,375,344,train,random
Could you tell me i was grant the university of toronto international scholar award is scholarship bid reasonable with other scholarships?,I was awarded the University of Toronto International Scholar Award but there has recently been a change to my legal status and now I qualify for domestic tuition. What do I do?,0,375,369,train,hard
"Hi, i was grant university of toronto international scholar award is this scholarship provide reasonable with other scholarships?",I was awarded the University of Toronto International Scholar Award. Is this scholarship offer tenable with other scholarships?,1,375,375,dev,positive
"Hi, i was grant university of toronto international scholar award is this scholarship provide reasonable with other scholarships?",can you explain the structure of Social Justice Education at UOFT?,0,375,106,dev,random
"Hi, i was grant university of toronto international scholar award is this scholarship provide reasonable with other scholarships?",I was awarded the University of Toronto International Scholar Award but there has recently been a change to my legal status and now I qualify for domestic tuition. What do I do?,0,375,369,dev,hard
Could you tell me i was mandatory to pay admission deposit is this refundable?,"I was required to pay an Admission Deposit, is this refundable?",1,376,376,train,positive
Could you tell me i was mandatory to pay admission deposit is this refundable?,what kind of research is done in Teaching at UOFT?,0,376,112,train,random
Could you tell me i was mandatory to pay admission deposit is this refundable?,I was refused admission - can I appeal?,0,376,270,train,hard
"Hi, i was mandatory pay an admission deposit this refundable?","I was required to pay an Admission Deposit, is this refundable?",1,376,376,train,positive
"Hi, i was mandatory pay an admission deposit this refundable?",The online admission application won't let me apply to the program I want - what's wrong?,0,376,248,train,random
"Hi, i was mandatory pay an admission deposit this refundable?",I was refused admission - can I appeal?,0,376,270,train,hard
i was mandatory to pay an admission deposit this refundable? Thanks.,"I was required to pay an Admission Deposit, is this refundable?",1,376,376,dev,positive
i was mandatory to pay an admission deposit this refundable? Thanks.,What is the Practicum Administration System (PAS)?,0,376,479,dev,random
i was mandatory to pay an admission deposit this refundable? Thanks.,I was refused admission - can I appeal?,0,376,270,dev,hard
Could you tell me how and when will i receive scholarship prize payment?,How and when will I receive my scholarship/award payment?,1,377,377,train,positive
Could you tell me how and when will i receive scholarship prize payment?,How do I know if I require a TOEFL score?,0,377,262,train,random
Could you tell me how and when will i receive scholarship prize payment?,How will I receive alerts?,0,377,288,train,hard
how and when will i receive scholarship prize payment? Any idea?,How and when will I receive my scholarship/award payment?,1,377,377,train,positive
how and when will i receive scholarship prize payment? Any idea?,My referee did not receive the email from the School of Graduate Studies. Could you please resend it?,0,377,432,train,random
how and when will i receive scholarship prize payment? Any idea?,How will I receive alerts?,0,377,288,train,hard
"Hi, how will i receive my scholarship prize payment?",How and when will I receive my scholarship/award payment?,1,377,377,dev,positive
"Hi, how will i receive my scholarship prize payment?",can you explain the structure of Higher Education at UOFT?,0,377,46,dev,random
"Hi, how will i receive my scholarship prize payment?",How will I receive alerts?,0,377,288,dev,hard
"Hi, can defer my tuition and fee payments until my honor is credited to scholar account?",Can I defer my tuition and fee payments until my award is credited to my student account?,1,378,378,train,positive
"Hi, can defer my tuition and fee payments until my honor is credited to scholar account?",what kind of research is done in Electrical and Computer Engineering at UOFT?,0,378,67,train,random
"Hi, can defer my tuition and fee payments until my honor is credited to scholar account?",How can I pay my tuition fees?,0,378,469,train,hard
"Hi, can i defer tuition fee payments until my prize is credited to my pupil account?",Can I defer my tuition and fee payments until my award is credited to my student account?,1,378,378,train,positive
"Hi, can i defer tuition fee payments until my prize is credited to my pupil account?",can you explain the structure of Immunology at UOFT?,0,378,23,train,random
"Hi, can i defer tuition fee payments until my prize is credited to my pupil account?",How can I pay my tuition fees?,0,378,469,train,hard
Quick question: can i defer my tuition fee payments until my honor is credited my scholar account?,Can I defer my tuition and fee payments until my award is credited to my student account?,1,378,378,dev,positive
Quick question: can i defer my tuition fee payments until my honor is credited my scholar account?,How many reference letters are required for admission?,0,378,430,dev,random
Quick question: can i defer my tuition fee payments until my honor is credited my scholar account?,How can I pay my tuition fees?,0,378,469,dev,hard
Quick question: can postpone my scholarship s to the following september?,Can I defer my scholarship(s) to the following September?,1,379,379,train,positive
Quick question: can postpone my scholarship s to the following september?,can you explain the structure of Medical Science at UOFT?,0,379,51,train,random
Quick question: can postpone my scholarship s to the following september?,How and when will I receive my scholarship/award payment?,0,379,377,train,hard
Quick question: can i postpone my scholarship s the following september?,Can I defer my scholarship(s) to the following September?,1,379,379,train,positive
Quick question: can i postpone my scholarship s the following september?,How am I matched to a practicum?,0,379,478,train,random
Quick question: can i postpone my scholarship s the following september?,How and when will I receive my scholarship/award payment?,0,379,377,train,hard
Could you tell me can i accede my scholarship s the following september?,Can I defer my scholarship(s) to the following September?,1,379,379,dev,positive
Could you tell me can i accede my scholarship s the following september?,"what are the admission requirements for PhD in Architecture, Landscape, and Design at UOFT?",0,379,196,dev,random
Could you tell me can i accede my scholarship s the following september?,I received a suspicious-looking email from a U of T account. How can I tell if it's legitimate?,0,379,477,dev,hard
Could you tell me i even questions my u t mississauga admission accolade who touch?,I still have questions about my U of T Mississauga admission award. Who do I contact?,1,380,380,train,positive
Could you tell me i even questions my u t mississauga admission accolade who touch?,what subjects will I study in Social Justice Education at UOFT?,0,380,81,train,random
Could you tell me i even questions my u t mississauga admission accolade who touch?,When should I register for courses at U of T Mississauga?,0,380,394,train,hard
i nonetheless questions about my u of t mississauga admission honor who do touch?,I still have questions about my U of T Mississauga admission award. Who do I contact?,1,380,380,train,positive
i nonetheless questions about my u of t mississauga admission honor who do touch?,what can I do with a degree in Communications from MCGILL?,0,380,236,train,random
i nonetheless questions about my u of t mississauga admission honor who do touch?,Who do I contact if I have questions about the smoke-free policy?,0,380,317,train,hard
"Hi, i yet have questions u of t mississauga admission accolade who do i liaison?",I still have questions about my U of T Mississauga admission award. Who do I contact?,1,380,380,dev,positive
"Hi, i yet have questions u of t mississauga admission accolade who do i liaison?",What if my final high school grades change after I receive my scholarship offer?,0,380,367,dev,random
"Hi, i yet have questions u of t mississauga admission accolade who do i liaison?",Who do I contact if I have questions about the smoke-free policy?,0,380,317,dev,hard
Quick question: how lasting will appraisal hold?,How long will an assessment take?,1,381,381,train,positive
Quick question: how lasting will appraisal hold?,"My mid-term grades will not be released until December/January/February, how should I self-report my grades?",0,381,347,train,random
Quick question: how lasting will appraisal hold?,How will I receive alerts?,0,381,288,train,hard
how lengthy appraisal hold? Thanks.,How long will an assessment take?,1,381,381,train,positive
how lengthy appraisal hold? Thanks.,How often will I receive alerts?,0,381,293,train,random
how lengthy appraisal hold? Thanks.,How will I find out how many transfer credits I have received?,0,381,387,train,hard
how lengthy will an appraisal hold? Any idea?,How long will an assessment take?,1,381,381,dev,positive
how lengthy will an appraisal hold? Any idea?,"Once I'm inside Convocation Hall, will I be able to leave and enter again?",0,381,274,dev,random
how lengthy will an appraisal hold? Any idea?,Are any courses offered online?,0,381,466,dev,hard
how does u of t mississauga evaluate courses for equivalency? Thanks.,How does U of T Mississauga assess courses for equivalency?,1,382,382,train,positive
how does u of t mississauga evaluate courses for equivalency? Thanks.,what research opportunities exist in Doctor of Philosophy in School & Clinical Child Psychology at UOFT?,0,382,49,train,random
how does u of t mississauga evaluate courses for equivalency? Thanks.,When should I register for courses at U of T Mississauga?,0,382,394,train,hard
how does u t mississauga evaluate courses for equivalency? Thanks.,How does U of T Mississauga assess courses for equivalency?,1,382,382,train,positive
how does u t mississauga evaluate courses for equivalency? Thanks.,what kind of research is done in Master of Applied Science (MASc) at UOFT?,0,382,221,train,random
how does u t mississauga evaluate courses for equivalency? Thanks.,When should I register for courses at U of T Mississauga?,0,382,394,train,hard
Could you tell me how u of t mississauga evaluate courses for equivalency?,How does U of T Mississauga assess courses for equivalency?,1,382,382,dev,positive
Could you tell me how u of t mississauga evaluate courses for equivalency?,"what subjects will I study in Health Policy, Management and Evaluation at UOFT?",0,382,214,dev,random
Could you tell me how u of t mississauga evaluate courses for equivalency?,When should I register for courses at U of T Mississauga?,0,382,394,dev,hard
Help needed: can i appeal a transfer credit decision?,Can I appeal a transfer credit decision?,1,383,383,train,positive
Help needed: can i appeal a transfer credit decision?,can you explain the structure of Immunology at UOFT?,0,383,23,train,random
Help needed: can i appeal a transfer credit decision?,"My degree includes transfer credit/exchange study, is a transcript for that needed?",0,383,257,train,hard
Quick question: can i appeal transfer credit decision?,Can I appeal a transfer credit decision?,1,383,383,train,positive
Quick question: can i appeal transfer credit decision?,what can I do with a degree in Chemistry from UOFT?,0,383,239,train,random
Quick question: can i appeal transfer credit decision?,Can I forfeit awarded transfer credit?,0,383,393,train,hard
Quick question: can i appeal a transfer credit decision?,Can I appeal a transfer credit decision?,1,383,383,dev,positive
Quick question: can i appeal a transfer credit decision?,"I want to apply to several programs, can I?",0,383,249,dev,random
Quick question: can i appeal a transfer credit decision?,Can I forfeit awarded transfer credit?,0,383,393,dev,hard
Quick question: is there a deadline submit my transfer credit application documentation?,Is there a deadline to submit my transfer credit application and documentation?,1,384,384,train,positive
Quick question: is there a deadline submit my transfer credit application documentation?,Do I need to take the GRE exam?,0,384,437,train,random
Quick question: is there a deadline submit my transfer credit application documentation?,What is the deadline to request changes to my transfer credit assessment?,0,384,386,train,hard
Quick question: is a deadline to submit my transfer credit application and documentation?,Is there a deadline to submit my transfer credit application and documentation?,1,384,384,train,positive
Quick question: is a deadline to submit my transfer credit application and documentation?,what are the career prospects for Master of Forest Conservation graduates from UOFT?,0,384,26,train,random
Quick question: is a deadline to submit my transfer credit application and documentation?,What is the deadline to request changes to my transfer credit assessment?,0,384,386,train,hard
Quick question: is deadline to submit my transfer credit application and documentation?,Is there a deadline to submit my transfer credit application and documentation?,1,384,384,dev,positive
Quick question: is deadline to submit my transfer credit application and documentation?,can you explain the structure of Physics at UOFT?,0,384,116,dev,random
Quick question: is deadline to submit my transfer credit application and documentation?,What is the deadline to request changes to my transfer credit assessment?,0,384,386,dev,hard
how i submit my final confirmed copy or other mandatory papers? Thanks.,"How can I submit my final, official transcript (or other required documents)?",1,385,385,train,positive
how i submit my final confirmed copy or other mandatory papers? Thanks.,Can courses I complete as a special student be credited to a degree program? And fees I pay?,0,385,244,train,random
how i submit my final confirmed copy or other mandatory papers? Thanks.,How should I submit my transcript?,0,385,345,train,hard
how can i submit my final confirmed copy other necessary papers? Thanks.,"How can I submit my final, official transcript (or other required documents)?",1,385,385,train,positive
how can i submit my final confirmed copy other necessary papers? Thanks.,How do U of T Mississauga's degree requirements impact my transfer credits?,0,385,398,train,random
how can i submit my final confirmed copy other necessary papers? Thanks.,How should I submit my transcript?,0,385,345,train,hard
"Hi, how can i submit final confirmed copy or other mandatory papers?","How can I submit my final, official transcript (or other required documents)?",1,385,385,dev,positive
"Hi, how can i submit final confirmed copy or other mandatory papers?",Can I participate in the Jump Start program?,0,385,318,dev,random
"Hi, how can i submit final confirmed copy or other mandatory papers?",How should I submit my transcript?,0,385,345,dev,hard
Quick question: what deadline request alter my transfer credit appraisal?,What is the deadline to request changes to my transfer credit assessment?,1,386,386,train,positive
Quick question: what deadline request alter my transfer credit appraisal?,Who receives UTAlert notifications?,0,386,284,train,random
Quick question: what deadline request alter my transfer credit appraisal?,Is there a deadline to submit my transfer credit application and documentation?,0,386,384,train,hard
Could you tell me what deadline to request modify to transfer credit appraisal?,What is the deadline to request changes to my transfer credit assessment?,1,386,386,train,positive
Could you tell me what deadline to request modify to transfer credit appraisal?,what are the admission requirements for Master of Landscape Architecture at UOFT?,0,386,173,train,random
Could you tell me what deadline to request modify to transfer credit appraisal?,Is there a deadline to submit my transfer credit application and documentation?,0,386,384,train,hard
what is the deadline to request modify to my transfer credit appraisal? Thanks.,What is the deadline to request changes to my transfer credit assessment?,1,386,386,dev,positive
what is the deadline to request modify to my transfer credit appraisal? Thanks.,what jobs can I get after Counselling & Clinical Psychology at UTSC at UOFT?,0,386,131,dev,random
what is the deadline to request modify to my transfer credit appraisal? Thanks.,Is there a deadline to submit my transfer credit application and documentation?,0,386,384,dev,hard
"Hi, how will i get away many transfer credits i have obtain?",How will I find out how many transfer credits I have received?,1,387,387,train,positive
"Hi, how will i get away many transfer credits i have obtain?",Can I defer my tuition and fee payments until my award is credited to my student account?,0,387,378,train,random
"Hi, how will i get away many transfer credits i have obtain?",Will my transfer credits affect my fees?,0,387,396,train,hard
Quick question: how will i determine away how many transfer credits i have obtain?,How will I find out how many transfer credits I have received?,1,387,387,train,positive
Quick question: how will i determine away how many transfer credits i have obtain?,what can I do with a degree in Physical Therapy from UOFT?,0,387,85,train,random
Quick question: how will i determine away how many transfer credits i have obtain?,Will my transfer credits affect my fees?,0,387,396,train,hard
how i see away how many transfer credits obtain?,How will I find out how many transfer credits I have received?,1,387,387,dev,positive
how i see away how many transfer credits obtain?,what subjects will I study in Applied Computing at UOFT?,0,387,141,dev,random
how i see away how many transfer credits obtain?,How do U of T Mississauga's degree requirements impact my transfer credits?,0,387,398,dev,hard
Quick question: what is a specified credit?,What is a Specified credit?,1,388,388,train,positive
Quick question: what is a specified credit?,"If I fail to meet renewable conditions one year, but meet them the next, can I receive the award?",0,388,373,train,random
Quick question: what is a specified credit?,What is a Generic credit?,0,388,390,train,hard
Could you tell me what is a specified credit?,What is a Specified credit?,1,388,388,train,positive
Could you tell me what is a specified credit?,Do you always have a practicum for every student?,0,388,481,train,random
Could you tell me what is a specified credit?,What is a Generic credit?,0,388,390,train,hard
what is a specified credit? Any idea?,What is a Specified credit?,1,388,388,dev,positive
what is a specified credit? Any idea?,what kind of research is done in Professional Development at UOFT?,0,388,167,dev,random
what is a specified credit? Any idea?,What is a Generic credit?,0,388,390,dev,hard
what an unspecified credit what does the 1 h 2 y etc entail?,"What is an Unspecified credit? What does the 1**H, 2**Y, etc. mean?",1,389,389,train,positive
what an unspecified credit what does the 1 h 2 y etc entail?,Why is my work/volunteer experience not considered when I am matched for an interview?,0,389,494,train,random
what an unspecified credit what does the 1 h 2 y etc entail?,Where do I find information about the practicum courses - SWK4701H Practicum 1 and SWK4702Y Practicum 2?,0,389,480,train,hard
Help needed: what an unspecified credit what the 1 h 2 y etc imply?,"What is an Unspecified credit? What does the 1**H, 2**Y, etc. mean?",1,389,389,train,positive
Help needed: what an unspecified credit what the 1 h 2 y etc imply?,where do Master of Visual Studies in Studio Art graduates from UOFT typically work?,0,389,57,train,random
Help needed: what an unspecified credit what the 1 h 2 y etc imply?,"My degree includes transfer credit/exchange study, is a transcript for that needed?",0,389,257,train,hard
Could you tell me what an unspecified credit does the 1 h 2 y etc imply?,"What is an Unspecified credit? What does the 1**H, 2**Y, etc. mean?",1,389,389,dev,positive
Could you tell me what an unspecified credit does the 1 h 2 y etc imply?,can you explain the structure of Art History at UOFT?,0,389,168,dev,random
Could you tell me what an unspecified credit does the 1 h 2 y etc imply?,Where do I find information about the practicum courses - SWK4701H Practicum 1 and SWK4702Y Practicum 2?,0,389,480,dev,hard
Quick question: what is a generic credit?,What is a Generic credit?,1,390,390,train,positive
Quick question: what is a generic credit?,what kind of research is done in Ecology and Evolutionary Biology at UOFT?,0,390,127,train,random
Quick question: what is a generic credit?,What is a Specified credit?,0,390,388,train,hard
Help needed: what is a generic credit?,What is a Generic credit?,1,390,390,train,positive
Help needed: what is a generic credit?,what kind of research is done in Music at UOFT?,0,390,235,train,random
Help needed: what is a generic credit?,"My degree includes transfer credit/exchange study, is a transcript for that needed?",0,390,257,train,hard
what is a generic credit? Any idea?,What is a Generic credit?,1,390,390,dev,positive
what is a generic credit? Any idea?,what subjects will I study in Master of Forest Conservation at UOFT?,0,390,44,dev,random
what is a generic credit? Any idea?,What is a Specified credit?,0,390,388,dev,hard
what is an exclusion? Thanks.,What is an Exclusion?,1,391,391,train,positive
what is an exclusion? Thanks.,I have a health issue or disability that may impact my academic performance. What accommodations are available?,0,391,474,train,random
what is an exclusion? Thanks.,What is an Offer of Admission?,0,391,446,train,hard
"Hi, what is exclusion?",What is an Exclusion?,1,391,391,train,positive
"Hi, what is exclusion?",How will I receive alerts?,0,391,288,train,random
"Hi, what is exclusion?",What is UTAlert?,0,391,283,train,hard
"Hi, what is an exclusion?",What is an Exclusion?,1,391,391,dev,positive
"Hi, what is an exclusion?",How do I know when the graduate unit received my supplemental materials?,0,391,435,dev,random
"Hi, what is an exclusion?",What is an Offer of Admission?,0,391,446,dev,hard
Could you tell me what an extra?,What is an Extra?,1,392,392,train,positive
Could you tell me what an extra?,Where can I find practicum information for International Students?,0,392,488,train,random
Could you tell me what an extra?,My referee did not receive the email from the School of Graduate Studies. Could you please resend it?,0,392,432,train,hard
what is extra?,What is an Extra?,1,392,392,train,positive
what is extra?,can you explain the structure of Physics at UOFT?,0,392,116,train,random
what is extra?,What is UTAlert?,0,392,283,train,hard
Quick question: what is an extra?,What is an Extra?,1,392,392,dev,positive
Quick question: what is an extra?,"what subjects will I study in Drama, Theatre and Performance Studies at UOFT?",0,392,132,dev,random
Quick question: what is an extra?,What is an Exclusion?,0,392,391,dev,hard
Could you tell me can i forego grant transfer credit?,Can I forfeit awarded transfer credit?,1,393,393,train,positive
Could you tell me can i forego grant transfer credit?,what kind of research is done in PhD in Forestry at UOFT?,0,393,174,train,random
Could you tell me can i forego grant transfer credit?,Can I appeal a transfer credit decision?,0,393,383,train,hard
can i forego grant transfer credit? Any idea?,Can I forfeit awarded transfer credit?,1,393,393,train,positive
can i forego grant transfer credit? Any idea?,How do I make sure I'm considered for scholarships? What scholarships are available to me?,0,393,366,train,random
can i forego grant transfer credit? Any idea?,Can I appeal a transfer credit decision?,0,393,383,train,hard
can i waive grant transfer credit? Thanks.,Can I forfeit awarded transfer credit?,1,393,393,dev,positive
can i waive grant transfer credit? Thanks.,My name in my official transcripts is different from my passport / other transcripts; shall I provide a document explaining the discrepancy?,0,393,426,dev,random
can i waive grant transfer credit? Thanks.,Can I appeal a transfer credit decision?,0,393,383,dev,hard
Quick question: when i register courses at u of t mississauga?,When should I register for courses at U of T Mississauga?,1,394,394,train,positive
Quick question: when i register courses at u of t mississauga?,what kind of research is done in Anishinaabe Law Camp at UOFT?,0,394,225,train,random
Quick question: when i register courses at u of t mississauga?,How does U of T Mississauga assess courses for equivalency?,0,394,382,train,hard
Could you tell me when should i register for courses at u t mississauga?,When should I register for courses at U of T Mississauga?,1,394,394,train,positive
Could you tell me when should i register for courses at u t mississauga?,"The application deadline has passed, but I still have access to my application. Can I proceed?",0,394,444,train,random
Could you tell me when should i register for courses at u t mississauga?,How does U of T Mississauga assess courses for equivalency?,0,394,382,train,hard
Quick question: when should i register for courses at u of t mississauga?,When should I register for courses at U of T Mississauga?,1,394,394,dev,positive
Quick question: when should i register for courses at u of t mississauga?,My previous program is ungraded - what should I do?,0,394,266,dev,random
Quick question: when should i register for courses at u of t mississauga?,How does U of T Mississauga assess courses for equivalency?,0,394,382,dev,hard
i take courses previous university in the summer session before attending u of t mississauga can i obtain transfer credit these courses? Any idea?,"I am taking courses at my previous university in the summer session before attending U of T Mississauga, can I receive transfer credit for these courses?",1,395,395,train,positive
i take courses previous university in the summer session before attending u of t mississauga can i obtain transfer credit these courses? Any idea?,I'm having trouble logging in to Join U of T. What should I do?,0,395,341,train,random
i take courses previous university in the summer session before attending u of t mississauga can i obtain transfer credit these courses? Any idea?,Should I send the results from courses I take in the summer before I start U of T Mississauga?,0,395,400,train,hard
Could you tell me i am take courses my previous university in the summer session before attending u t mississauga i obtain transfer credit for these courses?,"I am taking courses at my previous university in the summer session before attending U of T Mississauga, can I receive transfer credit for these courses?",1,395,395,train,positive
Could you tell me i am take courses my previous university in the summer session before attending u t mississauga i obtain transfer credit for these courses?,can you explain the structure of One Year MMPA at UOFT?,0,395,40,train,random
Could you tell me i am take courses my previous university in the summer session before attending u t mississauga i obtain transfer credit for these courses?,Should I send the results from courses I take in the summer before I start U of T Mississauga?,0,395,400,train,hard
i am take courses at my previous university in the summer session before attending u of t mississauga i obtain transfer credit for these courses?,"I am taking courses at my previous university in the summer session before attending U of T Mississauga, can I receive transfer credit for these courses?",1,395,395,dev,positive
i am take courses at my previous university in the summer session before attending u of t mississauga i obtain transfer credit for these courses?,Where can I find practicum information for International Students?,0,395,488,dev,random
i am take courses at my previous university in the summer session before attending u of t mississauga i obtain transfer credit for these courses?,Should I send the results from courses I take in the summer before I start U of T Mississauga?,0,395,400,dev,hard
will my transfer credits impact my fees?,Will my transfer credits affect my fees?,1,396,396,train,positive
will my transfer credits impact my fees?,what research opportunities exist in Master of Education in Counselling Psychology (Global Mental Health & Counselling Psychology Field) at UOFT?,0,396,15,train,random
will my transfer credits impact my fees?,How do U of T Mississauga's degree requirements impact my transfer credits?,0,396,398,train,hard
will my transfer credits impact fees? Thanks.,Will my transfer credits affect my fees?,1,396,396,train,positive
will my transfer credits impact fees? Thanks.,When will I hear back after submitting my application?,0,396,340,train,random
will my transfer credits impact fees? Thanks.,How do U of T Mississauga's degree requirements impact my transfer credits?,0,396,398,train,hard
will my transfer credits involve fees?,Will my transfer credits affect my fees?,1,396,396,dev,positive
will my transfer credits involve fees?,Can I appeal a transfer credit decision?,0,396,383,dev,random
will my transfer credits involve fees?,How do U of T Mississauga's degree requirements impact my transfer credits?,0,396,398,dev,hard
Quick question: i have been omit a full credit course because i only obtain half credit transfer assume the full credit expulsion?,I have been excluded from a full-credit course because I only received a half-credit transfer - can I take the full-credit exclusion?,1,397,397,train,positive
Quick question: i have been omit a full credit course because i only obtain half credit transfer assume the full credit expulsion?,How do I extend my study permit?,0,397,459,train,random
Quick question: i have been omit a full credit course because i only obtain half credit transfer assume the full credit expulsion?,Can I appeal a transfer credit decision?,0,397,383,train,hard
i have been omit from a full credit course because i only obtain a half credit transfer i get full credit expulsion? Any idea?,I have been excluded from a full-credit course because I only received a half-credit transfer - can I take the full-credit exclusion?,1,397,397,train,positive
i have been omit from a full credit course because i only obtain a half credit transfer i get full credit expulsion? Any idea?,It says that uploading my transcript is unofficial so should I still upload my transcript?,0,397,346,train,random
i have been omit from a full credit course because i only obtain a half credit transfer i get full credit expulsion? Any idea?,Can I appeal a transfer credit decision?,0,397,383,train,hard
i have been omit a full credit course because only obtain a half credit transfer can i carry the full credit expulsion? Any idea?,I have been excluded from a full-credit course because I only received a half-credit transfer - can I take the full-credit exclusion?,1,397,397,dev,positive
i have been omit a full credit course because only obtain a half credit transfer can i carry the full credit expulsion? Any idea?,can you explain the structure of Health Informatics at UOFT?,0,397,17,dev,random
i have been omit a full credit course because only obtain a half credit transfer can i carry the full credit expulsion? Any idea?,Can I appeal a transfer credit decision?,0,397,383,dev,hard
Quick question: how u of t mississauga s degree prerequisite affect my transfer credits?,How do U of T Mississauga's degree requirements impact my transfer credits?,1,398,398,train,positive
Quick question: how u of t mississauga s degree prerequisite affect my transfer credits?,Am I able to defer my offer of admission?,0,398,355,train,random
Quick question: how u of t mississauga s degree prerequisite affect my transfer credits?,Will my transfer credits affect my fees?,0,398,396,train,hard
how u of t mississauga s degree prerequisite affect my transfer credits? Any idea?,How do U of T Mississauga's degree requirements impact my transfer credits?,1,398,398,train,positive
how u of t mississauga s degree prerequisite affect my transfer credits? Any idea?,where do Master of Visual Studies in Studio Art graduates from UOFT typically work?,0,398,57,train,random
how u of t mississauga s degree prerequisite affect my transfer credits? Any idea?,Will my transfer credits affect my fees?,0,398,396,train,hard
how do u t mississauga s degree prerequisite affect my transfer credits?,How do U of T Mississauga's degree requirements impact my transfer credits?,1,398,398,dev,positive
how do u t mississauga s degree prerequisite affect my transfer credits?,How do I know when the graduate unit received my supplemental materials?,0,398,435,dev,random
how do u t mississauga s degree prerequisite affect my transfer credits?,Will my transfer credits affect my fees?,0,398,396,dev,hard
Help needed: does my tier transfer with credit to u of t?,Does my grade transfer with the credit to U of T?,1,399,399,train,positive
Help needed: does my tier transfer with credit to u of t?,Will credits earned in secondary school or at a different post-secondary institution be eligible for prerequisites of the Computer Science program?,0,399,401,train,random
Help needed: does my tier transfer with credit to u of t?,"My degree includes transfer credit/exchange study, is a transcript for that needed?",0,399,257,train,hard
Help needed: does tier transfer with the credit to u of t?,Does my grade transfer with the credit to U of T?,1,399,399,train,positive
Help needed: does tier transfer with the credit to u of t?,what can I do with a degree in Engineering Science Undergraduate Program from UOFT?,0,399,169,train,random
Help needed: does tier transfer with the credit to u of t?,"My degree includes transfer credit/exchange study, is a transcript for that needed?",0,399,257,train,hard
does my class transfer with the credit to u of t? Thanks.,Does my grade transfer with the credit to U of T?,1,399,399,dev,positive
does my class transfer with the credit to u of t? Thanks.,I'm an international applicant - are there additional application requirements I need to know?,0,399,242,dev,random
does my class transfer with the credit to u of t? Thanks.,How do U of T Mississauga's degree requirements impact my transfer credits?,0,399,398,dev,hard
Help needed: should i send the outcome from courses i get summer before i beginning u t mississauga?,Should I send the results from courses I take in the summer before I start U of T Mississauga?,1,400,400,train,positive
Help needed: should i send the outcome from courses i get summer before i beginning u t mississauga?,can you explain the structure of Comparative Literature at UOFT?,0,400,28,train,random
Help needed: should i send the outcome from courses i get summer before i beginning u t mississauga?,When should I register for courses at U of T Mississauga?,0,400,394,train,hard
should i send the outcome from courses i bring in the summer begin u t mississauga?,Should I send the results from courses I take in the summer before I start U of T Mississauga?,1,400,400,train,positive
should i send the outcome from courses i bring in the summer begin u t mississauga?,"Are staff, faculty and students able to smoke or vape tobacco or cannabis off university property and then go to work/class?",0,400,310,train,random
should i send the outcome from courses i bring in the summer begin u t mississauga?,When should I register for courses at U of T Mississauga?,0,400,394,train,hard
should i send the outcome courses carry in summer i begin u of t mississauga?,Should I send the results from courses I take in the summer before I start U of T Mississauga?,1,400,400,dev,positive
should i send the outcome courses carry in summer i begin u of t mississauga?,what are the admission requirements for Counselling Psychology at UOFT?,0,400,87,dev,random
should i send the outcome courses carry in summer i begin u of t mississauga?,When should I register for courses at U of T Mississauga?,0,400,394,dev,hard
Quick question: will credits attained in secondary school or a different post secondary institution be eligible for requirement of the computer science curriculum?,Will credits earned in secondary school or at a different post-secondary institution be eligible for prerequisites of the Computer Science program?,1,401,401,train,positive
Quick question: will credits attained in secondary school or a different post secondary institution be eligible for requirement of the computer science curriculum?,My previous program is ungraded - what should I do?,0,401,266,train,random
Quick question: will credits attained in secondary school or a different post secondary institution be eligible for requirement of the computer science curriculum?,"I am taking a course outside of my regular day high school, in summer school/night school, online, or private school. Will this affect my admission?",0,401,351,train,hard
Help needed: will credits attained in secondary school or a different post secondary institution eligible for requirement of the computer science curriculum?,Will credits earned in secondary school or at a different post-secondary institution be eligible for prerequisites of the Computer Science program?,1,401,401,train,positive
Help needed: will credits attained in secondary school or a different post secondary institution eligible for requirement of the computer science curriculum?,How do I know if I'm admissible?,0,401,264,train,random
Help needed: will credits attained in secondary school or a different post secondary institution eligible for requirement of the computer science curriculum?,"I am taking a course outside of my regular day high school, in summer school/night school, online, or private school. Will this affect my admission?",0,401,351,train,hard
will credits gain in secondary school or at different post secondary institution eligible requirement of the computer science curriculum? Thanks.,Will credits earned in secondary school or at a different post-secondary institution be eligible for prerequisites of the Computer Science program?,1,401,401,dev,positive
will credits gain in secondary school or at different post secondary institution eligible requirement of the computer science curriculum? Thanks.,what are the admission requirements for Industrial Engineering at UOFT?,0,401,157,dev,random
will credits gain in secondary school or at different post secondary institution eligible requirement of the computer science curriculum? Thanks.,what subjects will I study in Curriculum and Pedagogy at UOFT?,0,401,22,dev,hard
Quick question: what are the admission prerequisite?,What are the admission requirements?,1,402,402,train,positive
Quick question: what are the admission prerequisite?,can you explain the structure of Molecular Genetics at UOFT?,0,402,58,train,random
Quick question: what are the admission prerequisite?,what are the admission requirements for Counselling Psychology at UOFT?,0,402,87,train,hard
Help needed: what are the admission prerequisite?,What are the admission requirements?,1,402,402,train,positive
Help needed: what are the admission prerequisite?,"what are the career prospects for Bachelor of Arts, Visual Studies graduates from UOFT?",0,402,212,train,random
Help needed: what are the admission prerequisite?,what are the admission requirements for Counselling Psychology at UOFT?,0,402,87,train,hard
Quick question: what are admission demand?,What are the admission requirements?,1,402,402,dev,positive
Quick question: what are admission demand?,"The application deadline has passed, but I still have access to my application. Can I proceed?",0,402,444,dev,random
Quick question: what are admission demand?,what are the admission requirements for Counselling Psychology at UOFT?,0,402,87,dev,hard
Could you tell me what is proper bachelor s degree?,What is an appropriate bachelor's degree?,1,403,403,train,positive
Could you tell me what is proper bachelor s degree?,what research opportunities exist in Doctor of Philosophy in School & Clinical Child Psychology at UOFT?,0,403,49,train,random
Could you tell me what is proper bachelor s degree?,Can I apply to a PhD program directly from a bachelor's degree?,0,403,406,train,hard
what is an proper bachelor s degree? Any idea?,What is an appropriate bachelor's degree?,1,403,403,train,positive
what is an proper bachelor s degree? Any idea?,what subjects will I study in Buddy Program at MCGILL?,0,403,115,train,random
what is an proper bachelor s degree? Any idea?,Can I apply to a PhD program directly from a bachelor's degree?,0,403,406,train,hard
Help needed: what is an proper bachelor s degree?,What is an appropriate bachelor's degree?,1,403,403,dev,positive
Help needed: what is an proper bachelor s degree?,what can I do with a degree in Chemistry from UOFT?,0,403,239,dev,random
Help needed: what is an proper bachelor s degree?,Can I apply to a PhD program directly from a bachelor's degree?,0,403,406,dev,hard
Could you tell me are three year bologna compliant degrees standard?,Are three-year Bologna compliant degrees acceptable?,1,404,404,train,positive
Could you tell me are three year bologna compliant degrees standard?,How can I give feedback about practicum-related issues?,0,404,498,train,random
Could you tell me are three year bologna compliant degrees standard?,can you explain the structure of One Year MMPA at UOFT?,0,404,40,train,hard
are three year bologna compliant degrees standard?,Are three-year Bologna compliant degrees acceptable?,1,404,404,train,positive
are three year bologna compliant degrees standard?,"The application deadline has passed, but I still have access to my application. Can I proceed?",0,404,444,train,random
are three year bologna compliant degrees standard?,what are the admission requirements for One Year MMPA at UOFT?,0,404,209,train,hard
Help needed: are three year bologna compliant degrees standard?,Are three-year Bologna compliant degrees acceptable?,1,404,404,dev,positive
Help needed: are three year bologna compliant degrees standard?,Where can I obtain signs for smoke- and vape-free spaces?,0,404,315,dev,random
Help needed: are three year bologna compliant degrees standard?,Where can I find help with housing?,0,404,471,dev,hard
"Hi, i a four year bachelor s degree a college will it be standard?",I have a four-year Bachelor's degree from a college. Will it be acceptable?,1,405,405,train,positive
"Hi, i a four year bachelor s degree a college will it be standard?",When is the move-in date? Do I need to apply for an early move-in?,0,405,326,train,random
"Hi, i a four year bachelor s degree a college will it be standard?",Can I apply to a PhD program directly from a bachelor's degree?,0,405,406,train,hard
i have a four year bachelor s degree from a college will it standard? Any idea?,I have a four-year Bachelor's degree from a college. Will it be acceptable?,1,405,405,train,positive
i have a four year bachelor s degree from a college will it standard? Any idea?,Do I need to take the GRE exam?,0,405,437,train,random
i have a four year bachelor s degree from a college will it standard? Any idea?,Can I apply to a PhD program directly from a bachelor's degree?,0,405,406,train,hard
i have four year bachelor s degree from a college will it be standard?,I have a four-year Bachelor's degree from a college. Will it be acceptable?,1,405,405,dev,positive
i have four year bachelor s degree from a college will it be standard?,"I have been admitted; however, I have a few questions before I make the final decision. Who do I need to contact?",0,405,447,dev,random
i have four year bachelor s degree from a college will it be standard?,Can I apply to a PhD program directly from a bachelor's degree?,0,405,406,dev,hard
Could you tell me can i implement phd curriculum directly from bachelor s degree?,Can I apply to a PhD program directly from a bachelor's degree?,1,406,406,train,positive
Could you tell me can i implement phd curriculum directly from bachelor s degree?,what kind of research is done in Medical Science at UOFT?,0,406,139,train,random
Could you tell me can i implement phd curriculum directly from bachelor s degree?,What is an appropriate bachelor's degree?,0,406,403,train,hard
can i implement to a phd curriculum directly a bachelor s degree? Any idea?,Can I apply to a PhD program directly from a bachelor's degree?,1,406,406,train,positive
can i implement to a phd curriculum directly a bachelor s degree? Any idea?,I don't have access to the Internet; can I get a paper application form?,0,406,412,train,random
can i implement to a phd curriculum directly a bachelor s degree? Any idea?,What is an appropriate bachelor's degree?,0,406,403,train,hard
can i implement to a phd curriculum directly bachelor s degree? Any idea?,Can I apply to a PhD program directly from a bachelor's degree?,1,406,406,dev,positive
can i implement to a phd curriculum directly bachelor s degree? Any idea?,"If I am not eligible for my program choice at U of T Mississauga, will I be considered for an alternate offer?",0,406,339,dev,random
can i implement to a phd curriculum directly bachelor s degree? Any idea?,What is an appropriate bachelor's degree?,0,406,403,dev,hard
i am an international applicant how do recognize you know my degree? Thanks.,I am an international applicant. How do I know if you recognize my degree?,1,407,407,train,positive
i am an international applicant how do recognize you know my degree? Thanks.,what subjects will I study in Counselling Psychology at UOFT?,0,407,184,train,random
i am an international applicant how do recognize you know my degree? Thanks.,I'm an international applicant - are there additional application requirements I need to know?,0,407,242,train,hard
i am an international applicant how i recognize realize my degree? Thanks.,I am an international applicant. How do I know if you recognize my degree?,1,407,407,train,positive
i am an international applicant how i recognize realize my degree? Thanks.,what kind of research is done in Health Administration at UOFT?,0,407,142,train,random
i am an international applicant how i recognize realize my degree? Thanks.,I'm an international applicant - are there additional application requirements I need to know?,0,407,242,train,hard
i am an international applicant how do i acknowledge you know my degree? Any idea?,I am an international applicant. How do I know if you recognize my degree?,1,407,407,dev,positive
i am an international applicant how do i acknowledge you know my degree? Any idea?,what subjects will I study in Adult Education and Community Development at UOFT?,0,407,20,dev,random
i am an international applicant how do i acknowledge you know my degree? Any idea?,I'm an international applicant - are there additional application requirements I need to know?,0,407,242,dev,hard
"Hi, when implement?",When should I apply?,1,408,408,train,positive
"Hi, when implement?","I am taking courses at my previous university in the summer session before attending U of T Mississauga, can I receive transfer credit for these courses?",0,408,395,train,random
"Hi, when implement?",When are references due?,0,408,433,train,hard
when should i enforce? Any idea?,When should I apply?,1,408,408,train,positive
when should i enforce? Any idea?,"If the award is renewable, what grade should I maintain?",0,408,372,train,random
when should i enforce? Any idea?,Are any courses offered online?,0,408,466,train,hard
Could you tell me when should i use?,When should I apply?,1,408,408,dev,positive
Could you tell me when should i use?,what are the key features of Geography at UOFT?,0,408,74,dev,random
Could you tell me when should i use?,Can I use my study permit to apply for a SIN?,0,408,458,dev,hard
Could you tell me i might lose the application deadline can i have extension?,I might miss the application deadline; can I have an extension?,1,409,409,train,positive
Could you tell me i might lose the application deadline can i have extension?,Do you always have a practicum for every student?,0,409,481,train,random
Could you tell me i might lose the application deadline can i have extension?,"The application deadline has passed, but I still have access to my application. Can I proceed?",0,409,444,train,hard
i might overlook application deadline i have an extension?,I might miss the application deadline; can I have an extension?,1,409,409,train,positive
i might overlook application deadline i have an extension?,"what jobs can I get after PhD in Architecture, Landscape, and Design at UOFT?",0,409,53,train,random
i might overlook application deadline i have an extension?,"The application deadline has passed, but I still have access to my application. Can I proceed?",0,409,444,train,hard
"Hi, i might overlook the application deadline i have an extension?",I might miss the application deadline; can I have an extension?,1,409,409,dev,positive
"Hi, i might overlook the application deadline i have an extension?",what can I do with a degree in Global Professional Law from UOFT?,0,409,63,dev,random
"Hi, i might overlook the application deadline i have an extension?","The application deadline has passed, but I still have access to my application. Can I proceed?",0,409,444,dev,hard
Help needed: i would wish to apply a postgraduate plan the university toronto where should i come the application shape?,I would like to apply to a graduate program at the University of Toronto. Where should I get the application form?,1,410,410,train,positive
Help needed: i would wish to apply a postgraduate plan the university toronto where should i come the application shape?,what can I do with a degree in Museum Studies from UOFT?,0,410,202,train,random
Help needed: i would wish to apply a postgraduate plan the university toronto where should i come the application shape?,May I defer admission to the University of Toronto?,0,410,448,train,hard
"Hi, i would wish to apply to a postgraduate curriculum the university of toronto i come application shape?",I would like to apply to a graduate program at the University of Toronto. Where should I get the application form?,1,410,410,train,positive
"Hi, i would wish to apply to a postgraduate curriculum the university of toronto i come application shape?",what subjects will I study in European and Eurasian Studies at UOFT?,0,410,103,train,random
"Hi, i would wish to apply to a postgraduate curriculum the university of toronto i come application shape?",May I defer admission to the University of Toronto?,0,410,448,train,hard
"Hi, i would wish apply to a postgraduate plan the university of toronto where should i find application shape?",I would like to apply to a graduate program at the University of Toronto. Where should I get the application form?,1,410,410,dev,positive
"Hi, i would wish apply to a postgraduate plan the university of toronto where should i find application shape?","What is an Unspecified credit? What does the 1**H, 2**Y, etc. mean?",0,410,389,dev,random
"Hi, i would wish apply to a postgraduate plan the university of toronto where should i find application shape?",What program of study should I apply to?,0,410,240,dev,hard
Help needed: will you accept application and encouraging papers inclined and submitted an broker or advisor?,Will you accept my application and supporting documents prepared and submitted by an agent or consultant?,1,411,411,train,positive
Help needed: will you accept application and encouraging papers inclined and submitted an broker or advisor?,"I am taking a course outside of my regular day high school, in summer school/night school, online, or private school. Will this affect my admission?",0,411,351,train,random
Help needed: will you accept application and encouraging papers inclined and submitted an broker or advisor?,Who do I talk to if I have questions or need help with my legal status and/or study/work/co-op permit(s)?,0,411,462,train,hard
Could you tell me will you accept my application and encouraging papers inclined and submitted by broker or advisor?,Will you accept my application and supporting documents prepared and submitted by an agent or consultant?,1,411,411,train,positive
Could you tell me will you accept my application and encouraging papers inclined and submitted by broker or advisor?,can you explain the structure of Applied Computing at UOFT?,0,411,144,train,random
Could you tell me will you accept my application and encouraging papers inclined and submitted by broker or advisor?,My institution will release transcripts to me but not to the institution to which I am applying. Will you accept transcripts submitted by me?,0,411,421,train,hard
Quick question: will you accept my application and encouraging papers willing and submitted by an broker adviser?,Will you accept my application and supporting documents prepared and submitted by an agent or consultant?,1,411,411,dev,positive
Quick question: will you accept my application and encouraging papers willing and submitted by an broker adviser?,what can I do with a degree in Communications from MCGILL?,0,411,236,dev,random
Quick question: will you accept my application and encouraging papers willing and submitted by an broker adviser?,My institution will release transcripts to me but not to the institution to which I am applying. Will you accept transcripts submitted by me?,0,411,421,dev,hard
Help needed: i do not have access to the internet can i find a newspaper application form?,I don't have access to the Internet; can I get a paper application form?,1,412,412,train,positive
Help needed: i do not have access to the internet can i find a newspaper application form?,How do I know if I require a TOEFL score?,0,412,262,train,random
Help needed: i do not have access to the internet can i find a newspaper application form?,Where can I find help with housing?,0,412,471,train,hard
i do not access to the internet can i make a newspaper application form? Any idea?,I don't have access to the Internet; can I get a paper application form?,1,412,412,train,positive
i do not access to the internet can i make a newspaper application form? Any idea?,Does my grade transfer with the credit to U of T?,0,412,399,train,random
i do not access to the internet can i make a newspaper application form? Any idea?,Can I make changes to my application after I paid the application fee?,0,412,416,train,hard
Help needed: i do not have access to the internet find a newspaper application form?,I don't have access to the Internet; can I get a paper application form?,1,412,412,dev,positive
Help needed: i do not have access to the internet find a newspaper application form?,"Will I need to submit reference letters, personal statements, or supplementary applications?",0,412,332,dev,random
Help needed: i do not have access to the internet find a newspaper application form?,Where can I find help with housing?,0,412,471,dev,hard
do i to list all the schools and institutions i attended? Any idea?,Do I have to list all the schools and institutions I have attended?,1,413,413,train,positive
do i to list all the schools and institutions i attended? Any idea?,Can transfer students participate in the Jump Start program?,0,413,322,train,random
do i to list all the schools and institutions i attended? Any idea?,Are any courses offered online?,0,413,466,train,hard
do i have to list all the schools institutions i have attended?,Do I have to list all the schools and institutions I have attended?,1,413,413,train,positive
do i have to list all the schools institutions i have attended?,what subjects will I study in Social Work at UOFT?,0,413,125,train,random
do i have to list all the schools institutions i have attended?,Do I have to be a teacher to apply to OISE?,0,413,241,train,hard
do i to list all the schools and institutions i have attended?,Do I have to list all the schools and institutions I have attended?,1,413,413,dev,positive
do i to list all the schools and institutions i have attended?,what subjects will I study in English at UOFT?,0,413,233,dev,random
do i to list all the schools and institutions i have attended?,How much is the fee to apply and do I have to pay it?,0,413,252,dev,hard
"Hi, i wish employ more one plan i have to take more than one application?",I want to apply to more than one program; do I have to submit more than one application?,1,414,414,train,positive
"Hi, i wish employ more one plan i have to take more than one application?",can you explain the structure of Higher Education at UOFT?,0,414,46,train,random
"Hi, i wish employ more one plan i have to take more than one application?",Can I submit more than two letters of reference?,0,414,260,train,hard
Could you tell me i wishing to employ to more than one plan do to present more than one application?,I want to apply to more than one program; do I have to submit more than one application?,1,414,414,train,positive
Could you tell me i wishing to employ to more than one plan do to present more than one application?,what subjects will I study in IHRP: Clinic Course at UOFT?,0,414,166,train,random
Could you tell me i wishing to employ to more than one plan do to present more than one application?,Can I submit more than two letters of reference?,0,414,260,train,hard
Quick question: i need to use more than one plan do i have to take more than one application?,I want to apply to more than one program; do I have to submit more than one application?,1,414,414,dev,positive
Quick question: i need to use more than one plan do i have to take more than one application?,what subjects will I study in Adult Education and Community Development at UOFT?,0,414,20,dev,random
Quick question: i need to use more than one plan do i have to take more than one application?,Can I submit more than two letters of reference?,0,414,260,dev,hard
"Hi, i recently become a canadian permanent resident how can i update my statutory status on my application?",I recently became a Canadian Permanent Resident. How can I update my legal status on my application?,1,415,415,train,positive
"Hi, i recently become a canadian permanent resident how can i update my statutory status on my application?",What if it's really difficult for me to get an academic (or professional) letter of reference?,0,415,259,train,random
"Hi, i recently become a canadian permanent resident how can i update my statutory status on my application?",Where can I get information on the status of my application?,0,415,441,train,hard
i recently become a canadian permanent resident how can update my lawful status on my application?,I recently became a Canadian Permanent Resident. How can I update my legal status on my application?,1,415,415,train,positive
i recently become a canadian permanent resident how can update my lawful status on my application?,Where can we take photos after the ceremony?,0,415,281,train,random
i recently become a canadian permanent resident how can update my lawful status on my application?,Where can I get information on the status of my application?,0,415,441,train,hard
"Hi, i recently become canadian permanent resident i update my statutory status on my application?",I recently became a Canadian Permanent Resident. How can I update my legal status on my application?,1,415,415,dev,positive
"Hi, i recently become canadian permanent resident i update my statutory status on my application?","Are staff, faculty and students able to smoke or vape tobacco or cannabis off university property and then go to work/class?",0,415,310,dev,random
"Hi, i recently become canadian permanent resident i update my statutory status on my application?",Where can I get information on the status of my application?,0,415,441,dev,hard
can i prepare modify to my application after i paid the application fee? Any idea?,Can I make changes to my application after I paid the application fee?,1,416,416,train,positive
can i prepare modify to my application after i paid the application fee? Any idea?,what jobs can I get after Canadian Law in a Global Context at UOFT?,0,416,84,train,random
can i prepare modify to my application after i paid the application fee? Any idea?,How should I pay the application fee?,0,416,418,train,hard
"Hi, can prepare modify to my application i paid the application fee?",Can I make changes to my application after I paid the application fee?,1,416,416,train,positive
"Hi, can prepare modify to my application i paid the application fee?","what can I do with a degree in Innovation, Law and Technology from UOFT?",0,416,130,train,random
"Hi, can prepare modify to my application i paid the application fee?",How should I pay the application fee?,0,416,418,train,hard
can get alteration to my application after i paid the application fee?,Can I make changes to my application after I paid the application fee?,1,416,416,dev,positive
can get alteration to my application after i paid the application fee?,what subjects will I study in Higher Education at UOFT?,0,416,172,dev,random
can get alteration to my application after i paid the application fee?,How should I pay the application fee?,0,416,418,dev,hard
how much is the application fee? Any idea?,How much is the application fee?,1,417,417,train,positive
how much is the application fee? Any idea?,Where can I obtain signs for smoke- and vape-free spaces?,0,417,315,train,random
how much is the application fee? Any idea?,How much is the fee to apply and do I have to pay it?,0,417,252,train,hard
Quick question: how much is the application fee?,How much is the application fee?,1,417,417,train,positive
Quick question: how much is the application fee?,what kind of research is done in Master of Science in Forestry at UOFT?,0,417,121,train,random
Quick question: how much is the application fee?,How much is the fee to apply and do I have to pay it?,0,417,252,train,hard
Help needed: how much is the application fee?,How much is the application fee?,1,417,417,dev,positive
Help needed: how much is the application fee?,what kind of research is done in Political Science at UOFT?,0,417,203,dev,random
Help needed: how much is the application fee?,How much is the fee to apply and do I have to pay it?,0,417,252,dev,hard
"Hi, how should i salary the application fee?",How should I pay the application fee?,1,418,418,train,positive
"Hi, how should i salary the application fee?",what can I do with a degree in Health Administration from UOFT?,0,418,90,train,random
"Hi, how should i salary the application fee?",How much is the application fee?,0,418,417,train,hard
Could you tell me how should i salary application fee?,How should I pay the application fee?,1,418,418,train,positive
Could you tell me how should i salary application fee?,what are the career prospects for Social Work graduates from UOFT?,0,418,94,train,random
Could you tell me how should i salary application fee?,How much is the application fee?,0,418,417,train,hard
Quick question: how should i salary application fee?,How should I pay the application fee?,1,418,418,dev,positive
Quick question: how should i salary application fee?,what are the career prospects for Genetic Counselling graduates from UOFT?,0,418,228,dev,random
Quick question: how should i salary application fee?,How much is the application fee?,0,418,417,dev,hard
Quick question: i alter my idea and do not need to go to postgraduate school anymore i come repayment of application fee?,I changed my mind and do not want to go to graduate school anymore; can I get a refund of the application fee?,1,419,419,train,positive
Quick question: i alter my idea and do not need to go to postgraduate school anymore i come repayment of application fee?,Can I clap or cheer during the convocation ceremony?,0,419,280,train,random
Quick question: i alter my idea and do not need to go to postgraduate school anymore i come repayment of application fee?,Can I make changes to my application after I paid the application fee?,0,419,416,train,hard
Quick question: i altered my idea and do not need to go to postgraduate school anymore can come a repayment of the application fee?,I changed my mind and do not want to go to graduate school anymore; can I get a refund of the application fee?,1,419,419,train,positive
Quick question: i altered my idea and do not need to go to postgraduate school anymore can come a repayment of the application fee?,Can I complete both of my practicums at hospitals in Toronto?,0,419,492,train,random
Quick question: i altered my idea and do not need to go to postgraduate school anymore can come a repayment of the application fee?,Can I make changes to my application after I paid the application fee?,0,419,416,train,hard
i shift idea and do not need to go to postgraduate school anymore can i come repayment of the application fee?,I changed my mind and do not want to go to graduate school anymore; can I get a refund of the application fee?,1,419,419,dev,positive
i shift idea and do not need to go to postgraduate school anymore can i come repayment of the application fee?,What is an Extra?,0,419,392,dev,random
i shift idea and do not need to go to postgraduate school anymore can i come repayment of the application fee?,Where can I go to smoke?,0,419,308,dev,hard
Help needed: how should scholarly transcripts be submitted?,How should my academic transcripts be submitted?,1,420,420,train,positive
Help needed: how should scholarly transcripts be submitted?,Can I work on- and/or off-campus?,0,420,457,train,random
Help needed: how should scholarly transcripts be submitted?,My institution will release transcripts to me but not to the institution to which I am applying. Will you accept transcripts submitted by me?,0,420,421,train,hard
how my scholarly transcripts be submitted? Any idea?,How should my academic transcripts be submitted?,1,420,420,train,positive
how my scholarly transcripts be submitted? Any idea?,what are the admission requirements for Physical Therapy at UOFT?,0,420,206,train,random
how my scholarly transcripts be submitted? Any idea?,Can I get my transcripts back?,0,420,429,train,hard
Quick question: how my scholarly transcripts be submitted?,How should my academic transcripts be submitted?,1,420,420,dev,positive
Quick question: how my scholarly transcripts be submitted?,what makes the Counselling and Clinical Psychology - Field in Clinical and Counselling Psychology (OISE) program at UOFT unique?,0,420,39,dev,random
Quick question: how my scholarly transcripts be submitted?,Can I get my transcripts back?,0,420,429,dev,hard
"Hi, my establishment will publish transcripts me but not establishment which i am applying you admit transcripts submitted by me?",My institution will release transcripts to me but not to the institution to which I am applying. Will you accept transcripts submitted by me?,1,421,421,train,positive
"Hi, my establishment will publish transcripts me but not establishment which i am applying you admit transcripts submitted by me?",I prefer to submit an official transcript instead of uploading an unofficial one - is that okay?,0,421,255,train,random
"Hi, my establishment will publish transcripts me but not establishment which i am applying you admit transcripts submitted by me?",How should my academic transcripts be submitted?,0,421,420,train,hard
my establishment publish transcripts to but not establishment to which i applying admit transcripts submitted by? Any idea?,My institution will release transcripts to me but not to the institution to which I am applying. Will you accept transcripts submitted by me?,1,421,421,train,positive
my establishment publish transcripts to but not establishment to which i applying admit transcripts submitted by? Any idea?,What personal information does the system store?,0,421,302,train,random
my establishment publish transcripts to but not establishment to which i applying admit transcripts submitted by? Any idea?,How should my academic transcripts be submitted?,0,421,420,train,hard
Quick question: my establishment publish transcripts to me but not to the establishment to am applying will you admit transcripts submitted by?,My institution will release transcripts to me but not to the institution to which I am applying. Will you accept transcripts submitted by me?,1,421,421,dev,positive
Quick question: my establishment publish transcripts to me but not to the establishment to am applying will you admit transcripts submitted by?,Should I speak with an OISE professor before submitting my application?,0,421,245,dev,random
Quick question: my establishment publish transcripts to me but not to the establishment to am applying will you admit transcripts submitted by?,How should my academic transcripts be submitted?,0,421,420,dev,hard
Quick question: my university sends transcripts electronically will the university of toronto admit electronic transcripts?,My university sends transcripts electronically. Will the University of Toronto accept electronic transcripts?,1,422,422,train,positive
Quick question: my university sends transcripts electronically will the university of toronto admit electronic transcripts?,can you explain the structure of Anthropology at UOFT?,0,422,41,train,random
Quick question: my university sends transcripts electronically will the university of toronto admit electronic transcripts?,Can I get my transcripts back?,0,422,429,train,hard
my university sends transcripts electronically will university toronto take electronic transcripts?,My university sends transcripts electronically. Will the University of Toronto accept electronic transcripts?,1,422,422,train,positive
my university sends transcripts electronically will university toronto take electronic transcripts?,"My permit is about to expire, how and when should I apply to extend it?",0,422,454,train,random
my university sends transcripts electronically will university toronto take electronic transcripts?,Can I get my transcripts back?,0,422,429,train,hard
my university sends transcripts electronically the university of toronto take electronic transcripts? Thanks.,My university sends transcripts electronically. Will the University of Toronto accept electronic transcripts?,1,422,422,dev,positive
my university sends transcripts electronically the university of toronto take electronic transcripts? Thanks.,Who receives UTAlert notifications?,0,422,284,dev,random
my university sends transcripts electronically the university of toronto take electronic transcripts? Thanks.,Can I get my transcripts back?,0,422,429,dev,hard
"Hi, my copy does not include course championship or class what should i do?",My transcript does not include course title or grades. What should I do?,1,423,423,train,positive
"Hi, my copy does not include course championship or class what should i do?",what can I do with a degree in Mechanical Engineering from UOFT?,0,423,29,train,random
"Hi, my copy does not include course championship or class what should i do?",What does smoke-free mean? Does this include cannabis?,0,423,304,train,hard
Help needed: my copy does not include course championship or class should i do?,My transcript does not include course title or grades. What should I do?,1,423,423,train,positive
Help needed: my copy does not include course championship or class should i do?,what can I do with a degree in History from UOFT?,0,423,179,train,random
Help needed: my copy does not include course championship or class should i do?,What does smoke-free mean? Does this include cannabis?,0,423,304,train,hard
Quick question: my copy does not include course championship or class what should i do?,My transcript does not include course title or grades. What should I do?,1,423,423,dev,positive
Quick question: my copy does not include course championship or class what should i do?,I have a four-year Bachelor's degree from a college. Will it be acceptable?,0,423,405,dev,random
Quick question: my copy does not include course championship or class what should i do?,What does smoke-free mean? Does this include cannabis?,0,423,304,dev,hard
Quick question: what do i do if educational establishment shut?,What do I do if my educational institution has closed?,1,424,424,train,positive
Quick question: what do i do if educational establishment shut?,English is not my first language. Do I need to take the TOEFL exam?,0,424,438,train,random
Quick question: what do i do if educational establishment shut?,What do I do if I see someone smoking on campus?,0,424,314,train,hard
what do do if my educational establishment has shut? Any idea?,What do I do if my educational institution has closed?,1,424,424,train,positive
what do do if my educational establishment has shut? Any idea?,What is a Generic credit?,0,424,390,train,random
what do do if my educational establishment has shut? Any idea?,Are any courses offered online?,0,424,466,train,hard
what do i do if educational establishment shut?,What do I do if my educational institution has closed?,1,424,424,dev,positive
what do i do if educational establishment shut?,Why do I need to download Alertable if I already have the Campus Safety app?,0,424,295,dev,random
what do i do if educational establishment shut?,What do I do if I see someone smoking on campus?,0,424,314,dev,hard
"Hi, i not consummated my ongoing degree nonetheless should?",I have not completed my current degree yet; what should I do?,1,425,425,train,positive
"Hi, i not consummated my ongoing degree nonetheless should?","Will I be considered for all of the programs I applied to at the same time, or only in the order I ranked them?",0,425,337,train,random
"Hi, i not consummated my ongoing degree nonetheless should?",How should I submit my transcript?,0,425,345,train,hard
"Hi, i not accomplished my ongoing degree even i do?",I have not completed my current degree yet; what should I do?,1,425,425,train,positive
"Hi, i not accomplished my ongoing degree even i do?",what subjects will I study in Counselling Psychology at UOFT?,0,425,184,train,random
"Hi, i not accomplished my ongoing degree even i do?",what can I do with a degree in History from UOFT?,0,425,179,train,hard
i have not accomplished my ongoing degree still should i do? Thanks.,I have not completed my current degree yet; what should I do?,1,425,425,dev,positive
i have not accomplished my ongoing degree still should i do? Thanks.,"I have submitted my application but want to make a change, how do I do that?",0,425,343,dev,random
i have not accomplished my ongoing degree still should i do? Thanks.,I finished my practicum. Why do I still have IPR on my grade transcript?,0,425,499,dev,hard
"Hi, my name my confirmed transcripts is different passport other transcripts shall i allow papers explaining the disagreement?",My name in my official transcripts is different from my passport / other transcripts; shall I provide a document explaining the discrepancy?,1,426,426,train,positive
"Hi, my name my confirmed transcripts is different passport other transcripts shall i allow papers explaining the disagreement?",Are all practicums reserved for FIFSW students?,0,426,485,train,random
"Hi, my name my confirmed transcripts is different passport other transcripts shall i allow papers explaining the disagreement?",My transcripts are in French. Shall I submit English translations?,0,426,428,train,hard
my name in my confirmed transcripts different from my passport other transcripts shall offer a papers explaining disagreement? Any idea?,My name in my official transcripts is different from my passport / other transcripts; shall I provide a document explaining the discrepancy?,1,426,426,train,positive
my name in my confirmed transcripts different from my passport other transcripts shall offer a papers explaining disagreement? Any idea?,what kind of research is done in Master of Forest Conservation at UOFT?,0,426,194,train,random
my name in my confirmed transcripts different from my passport other transcripts shall offer a papers explaining disagreement? Any idea?,My transcripts are in French. Shall I submit English translations?,0,426,428,train,hard
Could you tell me my name my confirmed transcripts is different from passport other transcripts shall i allow a papers explaining the divergence?,My name in my official transcripts is different from my passport / other transcripts; shall I provide a document explaining the discrepancy?,1,426,426,dev,positive
Could you tell me my name my confirmed transcripts is different from passport other transcripts shall i allow a papers explaining the divergence?,what makes the Postdoctoral Studies in the School of Architecture program at MCGILL unique?,0,426,190,dev,random
Could you tell me my name my confirmed transcripts is different from passport other transcripts shall i allow a papers explaining the divergence?,My transcripts are in French. Shall I submit English translations?,0,426,428,dev,hard
Help needed: my scholarly records are in a language other than english shall i also present english translations of papers?,My academic records are in a language other than English. Shall I also submit English translations of my documents?,1,427,427,train,positive
Help needed: my scholarly records are in a language other than english shall i also present english translations of papers?,Will you accept my application and supporting documents prepared and submitted by an agent or consultant?,0,427,411,train,random
Help needed: my scholarly records are in a language other than english shall i also present english translations of papers?,My transcripts are in French. Shall I submit English translations?,0,427,428,train,hard
my scholarly records are in a language other than english shall also present english translations of papers? Any idea?,My academic records are in a language other than English. Shall I also submit English translations of my documents?,1,427,427,train,positive
my scholarly records are in a language other than english shall also present english translations of papers? Any idea?,I know someone who would like to quit smoking or vaping. Are there resources available at U of T to help them?,0,427,316,train,random
my scholarly records are in a language other than english shall also present english translations of papers? Any idea?,My transcripts are in French. Shall I submit English translations?,0,427,428,train,hard
my scholarly records are a language other english shall i present english translations of my papers?,My academic records are in a language other than English. Shall I also submit English translations of my documents?,1,427,427,dev,positive
my scholarly records are a language other english shall i present english translations of my papers?,English is not my first language. Do I need to take the TOEFL exam?,0,427,438,dev,random
my scholarly records are a language other english shall i present english translations of my papers?,My transcripts are in French. Shall I submit English translations?,0,427,428,dev,hard
Help needed: my transcripts are in french shall i present english translations?,My transcripts are in French. Shall I submit English translations?,1,428,428,train,positive
Help needed: my transcripts are in french shall i present english translations?,what subjects will I study in Spanish at UOFT?,0,428,38,train,random
Help needed: my transcripts are in french shall i present english translations?,My academic records are in a language other than English. Shall I also submit English translations of my documents?,0,428,427,train,hard
my transcripts in french shall i present english translations? Any idea?,My transcripts are in French. Shall I submit English translations?,1,428,428,train,positive
my transcripts in french shall i present english translations? Any idea?,what subjects will I study in Higher Education at UOFT?,0,428,172,train,random
my transcripts in french shall i present english translations? Any idea?,My academic records are in a language other than English. Shall I also submit English translations of my documents?,0,428,427,train,hard
Could you tell me my transcripts are in french shall i present english translations?,My transcripts are in French. Shall I submit English translations?,1,428,428,dev,positive
Could you tell me my transcripts are in french shall i present english translations?,what subjects will I study in Counselling Psychology at UOFT?,0,428,184,dev,random
Could you tell me my transcripts are in french shall i present english translations?,My academic records are in a language other than English. Shall I also submit English translations of my documents?,0,428,427,dev,hard
can i come my transcripts back?,Can I get my transcripts back?,1,429,429,train,positive
can i come my transcripts back?,"Why did I receive an email or app alert, but not a text message?",0,429,298,train,random
can i come my transcripts back?,What number will alerts come from?,0,429,292,train,hard
can i come my transcripts back? Thanks.,Can I get my transcripts back?,1,429,429,train,positive
can i come my transcripts back? Thanks.,what makes the Counselling and Clinical Psychology - Field in Clinical Psychology (UTSC) program at UOFT unique?,0,429,13,train,random
can i come my transcripts back? Thanks.,What number will alerts come from?,0,429,292,train,hard
Quick question: can i come my transcripts back?,Can I get my transcripts back?,1,429,429,dev,positive
Quick question: can i come my transcripts back?,My name in my official transcripts is different from my passport / other transcripts; shall I provide a document explaining the discrepancy?,0,429,426,dev,random
Quick question: can i come my transcripts back?,What number will alerts come from?,0,429,292,dev,hard
Quick question: how many quotation missive are mandatory admission?,How many reference letters are required for admission?,1,430,430,train,positive
Quick question: how many quotation missive are mandatory admission?,can you explain the structure of Zheming (Taro) Cai at UOFT?,0,430,226,train,random
Quick question: how many quotation missive are mandatory admission?,How will I find out how many transfer credits I have received?,0,430,387,train,hard
how many mention missive are necessitate for admission? Thanks.,How many reference letters are required for admission?,1,430,430,train,positive
how many mention missive are necessitate for admission? Thanks.,How should my academic transcripts be submitted?,0,430,420,train,random
how many mention missive are necessitate for admission? Thanks.,How will I find out how many transfer credits I have received?,0,430,387,train,hard
Quick question: how many mention missive are necessary for admission?,How many reference letters are required for admission?,1,430,430,dev,positive
Quick question: how many mention missive are necessary for admission?,What is UTAlert?,0,430,283,dev,random
Quick question: how many mention missive are necessary for admission?,How will I find out how many transfer credits I have received?,0,430,387,dev,hard
Could you tell me what process for umpire?,What is the process for referees?,1,431,431,train,positive
Could you tell me what process for umpire?,what subjects will I study in Anthropology at UOFT?,0,431,61,train,random
Could you tell me what process for umpire?,My referee did not receive the email from the School of Graduate Studies. Could you please resend it?,0,431,432,train,hard
Quick question: what the process for umpire?,What is the process for referees?,1,431,431,train,positive
Quick question: what the process for umpire?,what kind of research is done in Teaching at UOFT?,0,431,112,train,random
Quick question: what the process for umpire?,How long does it take CIC to process my application?,0,431,453,train,hard
Could you tell me what is the process umpire?,What is the process for referees?,1,431,431,dev,positive
Could you tell me what is the process umpire?,what kind of research is done in Teaching at UOFT?,0,431,112,dev,random
Could you tell me what is the process umpire?,My referee did not receive the email from the School of Graduate Studies. Could you please resend it?,0,431,432,dev,hard
my umpire did not obtain email from the school of graduate studies could you please resend? Thanks.,My referee did not receive the email from the School of Graduate Studies. Could you please resend it?,1,432,432,train,positive
my umpire did not obtain email from the school of graduate studies could you please resend? Thanks.,can you explain the structure of Master of Science in Forestry at UOFT?,0,432,82,train,random
my umpire did not obtain email from the school of graduate studies could you please resend? Thanks.,"Why did I receive an email or app alert, but not a text message?",0,432,298,train,hard
Could you tell me my umpire not obtain the email the school of graduate studies could you please resend it?,My referee did not receive the email from the School of Graduate Studies. Could you please resend it?,1,432,432,train,positive
Could you tell me my umpire not obtain the email the school of graduate studies could you please resend it?,what jobs can I get after Canadian Law in a Global Context at UOFT?,0,432,84,train,random
Could you tell me my umpire not obtain the email the school of graduate studies could you please resend it?,I received a suspicious-looking email from a U of T account. How can I tell if it's legitimate?,0,432,477,train,hard
Could you tell me my umpire did not obtain the email from the school of graduate studies could you please resend?,My referee did not receive the email from the School of Graduate Studies. Could you please resend it?,1,432,432,dev,positive
Could you tell me my umpire did not obtain the email from the school of graduate studies could you please resend?,can you explain the structure of Chemistry at UOFT?,0,432,189,dev,random
Could you tell me my umpire did not obtain the email from the school of graduate studies could you please resend?,can you explain the structure of Museum Studies at UOFT?,0,432,91,dev,hard
when are mention attributable? Thanks.,When are references due?,1,433,433,train,positive
when are mention attributable? Thanks.,I was awarded the University of Toronto International Scholar Award but there has recently been a change to my legal status and now I qualify for domestic tuition. What do I do?,0,433,369,train,random
when are mention attributable? Thanks.,When should I apply?,0,433,408,train,hard
Could you tell me when are mention attributable?,When are references due?,1,433,433,train,positive
Could you tell me when are mention attributable?,Will my transfer credits affect my fees?,0,433,396,train,random
Could you tell me when are mention attributable?,When should I apply?,0,433,408,train,hard
when mention attributable?,When are references due?,1,433,433,dev,positive
when mention attributable?,I would like to apply to a graduate program at the University of Toronto. Where should I get the application form?,0,433,410,dev,random
when mention attributable?,When should I apply?,0,433,408,dev,hard
the contact information my umpire alter as already submitted the online application how can i delete the umpire s contact information? Any idea?,The contact information of my referee has changed. As I have already submitted the online application how can I edit the referee's contact information?,1,434,434,train,positive
the contact information my umpire alter as already submitted the online application how can i delete the umpire s contact information? Any idea?,what are the career prospects for SURE: Summer Undergraduate Research in Engineering graduates from MCGILL?,0,434,69,train,random
the contact information my umpire alter as already submitted the online application how can i delete the umpire s contact information? Any idea?,How do I check my UTAlert settings and update my contact information?,0,434,294,train,hard
the contact information of my umpire has modify i have already submitted the online application how can i delete the umpire s contact information? Any idea?,The contact information of my referee has changed. As I have already submitted the online application how can I edit the referee's contact information?,1,434,434,train,positive
the contact information of my umpire has modify i have already submitted the online application how can i delete the umpire s contact information? Any idea?,"I am taking a course outside of my regular day high school, in summer school/night school, online, or private school. Will this affect my admission?",0,434,351,train,random
the contact information of my umpire has modify i have already submitted the online application how can i delete the umpire s contact information? Any idea?,How do I check my UTAlert settings and update my contact information?,0,434,294,train,hard
"Hi, the contact information umpire has alter i have already submitted the online application can i delete the umpire s contact information?",The contact information of my referee has changed. As I have already submitted the online application how can I edit the referee's contact information?,1,434,434,dev,positive
"Hi, the contact information umpire has alter i have already submitted the online application can i delete the umpire s contact information?",can you explain the structure of Germanic Languages and Literatures at UOFT?,0,434,16,dev,random
"Hi, the contact information umpire has alter i have already submitted the online application can i delete the umpire s contact information?",Where can I get information on the status of my application?,0,434,441,dev,hard
how do love the alum unit obtain my supplemental materials? Thanks.,How do I know when the graduate unit received my supplemental materials?,1,435,435,train,positive
how do love the alum unit obtain my supplemental materials? Thanks.,I sent my application but I have not heard back from the graduate unit. How do I know my application and supporting documents have been received?,0,435,443,train,random
how do love the alum unit obtain my supplemental materials? Thanks.,can you explain the structure of Materials Engineering Undergraduate Program at UOFT?,0,435,234,train,hard
how i love when the postgraduate unit obtain my supplemental materials? Thanks.,How do I know when the graduate unit received my supplemental materials?,1,435,435,train,positive
how i love when the postgraduate unit obtain my supplemental materials? Thanks.,Who receives UTAlert notifications?,0,435,284,train,random
how i love when the postgraduate unit obtain my supplemental materials? Thanks.,can you explain the structure of Materials Engineering Undergraduate Program at UOFT?,0,435,234,train,hard
how do i love when alum unit obtain my supplemental materials? Any idea?,How do I know when the graduate unit received my supplemental materials?,1,435,435,dev,positive
how do i love when alum unit obtain my supplemental materials? Any idea?,"If I have larger personal items, where can I store them?",0,435,273,dev,random
how do i love when alum unit obtain my supplemental materials? Any idea?,can you explain the structure of Materials Engineering Undergraduate Program at UOFT?,0,435,234,dev,hard
where do i transmit my application endorse papers?,Where do I send my application supporting documents?,1,436,436,train,positive
where do i transmit my application endorse papers?,Is it necessary that my practicum complies with my declared field of study?,0,436,483,train,random
where do i transmit my application endorse papers?,Where can I get information on the status of my application?,0,436,441,train,hard
where do transmit my application endorse papers? Any idea?,Where do I send my application supporting documents?,1,436,436,train,positive
where do transmit my application endorse papers? Any idea?,How do I enable app notifications for Alertable?,0,436,296,train,random
where do transmit my application endorse papers? Any idea?,Where can I get information on the status of my application?,0,436,441,train,hard
Help needed: where do transmit my application endorse papers?,Where do I send my application supporting documents?,1,436,436,dev,positive
Help needed: where do transmit my application endorse papers?,I received two offers of admission from the University of Toronto from two different faculties/campuses. Will my scholarship offers be transferrable?,0,436,370,dev,random
Help needed: where do transmit my application endorse papers?,Where can I find help with housing?,0,436,471,dev,hard
do i want to bring the gre test?,Do I need to take the GRE exam?,1,437,437,train,positive
do i want to bring the gre test?,I might miss the application deadline; can I have an extension?,0,437,409,train,random
do i want to bring the gre test?,Should I submit my GRE score?,0,437,261,train,hard
Could you tell me do i ask to get the gre test?,Do I need to take the GRE exam?,1,437,437,train,positive
Could you tell me do i ask to get the gre test?,what kind of research is done in Child Study and Education at UOFT?,0,437,52,train,random
Could you tell me do i ask to get the gre test?,Do I need to ask my high school to mail in my transcript now?,0,437,344,train,hard
"Hi, do want to bring the gre test?",Do I need to take the GRE exam?,1,437,437,dev,positive
"Hi, do want to bring the gre test?",can you explain the structure of Ecology and Evolutionary Biology at UOFT?,0,437,48,dev,random
"Hi, do want to bring the gre test?",Should I submit my GRE score?,0,437,261,dev,hard
english is not my first language do want to bring the toefl test? Thanks.,English is not my first language. Do I need to take the TOEFL exam?,1,438,438,train,positive
english is not my first language do want to bring the toefl test? Thanks.,"can you explain the structure of Drama, Theatre and Performance Studies at UOFT?",0,438,32,train,random
english is not my first language do want to bring the toefl test? Thanks.,Can I receive an admission decision before sending in my English language test results? I have all required prerequisites.,0,438,361,train,hard
"Hi, english is not my first language do i want to carry the toefl test?",English is not my first language. Do I need to take the TOEFL exam?,1,438,438,train,positive
"Hi, english is not my first language do i want to carry the toefl test?",what jobs can I get after LAWS (Law in Action Within Schools) at UOFT?,0,438,136,train,random
"Hi, english is not my first language do i want to carry the toefl test?",Can I receive an admission decision before sending in my English language test results? I have all required prerequisites.,0,438,361,train,hard
english is not my first language do i want hold the toefl test? Thanks.,English is not my first language. Do I need to take the TOEFL exam?,1,438,438,dev,positive
english is not my first language do i want hold the toefl test? Thanks.,I know someone who would like to quit smoking or vaping. Are there resources available at U of T to help them?,0,438,316,dev,random
english is not my first language do i want hold the toefl test? Thanks.,Can I receive an admission decision before sending in my English language test results? I have all required prerequisites.,0,438,361,dev,hard
how employ for fiscal help? Thanks.,How do I apply for financial aid?,1,439,439,train,positive
how employ for fiscal help? Thanks.,what subjects will I study in Adult Education and Community Development at UOFT?,0,439,20,train,random
how employ for fiscal help? Thanks.,Where can I find help with housing?,0,439,471,train,hard
Could you tell me how i implement for fiscal assistance?,How do I apply for financial aid?,1,439,439,train,positive
Could you tell me how i implement for fiscal assistance?,How do I enable app notifications for Alertable?,0,439,296,train,random
Could you tell me how i implement for fiscal assistance?,I received a suspicious-looking email from a U of T account. How can I tell if it's legitimate?,0,439,477,train,hard
how do i enforce for fiscal assistance? Thanks.,How do I apply for financial aid?,1,439,439,dev,positive
how do i enforce for fiscal assistance? Thanks.,My academic records are in a language other than English. Shall I also submit English translations of my documents?,0,439,427,dev,random
how do i enforce for fiscal assistance? Thanks.,How do I sign up for UTAlert?,0,439,285,dev,hard
"Hi, will postgraduate unit bid me a support package?",Will my graduate unit offer me a funding package?,1,440,440,train,positive
"Hi, will postgraduate unit bid me a support package?",What if my final high school grades change after I receive my scholarship offer?,0,440,367,train,random
"Hi, will postgraduate unit bid me a support package?",Are there any financial support options for me?,0,440,323,train,hard
Could you tell me will my alumna unit bid me a support package?,Will my graduate unit offer me a funding package?,1,440,440,train,positive
Could you tell me will my alumna unit bid me a support package?,How do I know if I'm already in the UTAlert system?,0,440,286,train,random
Could you tell me will my alumna unit bid me a support package?,Are there any financial support options for me?,0,440,323,train,hard
Quick question: will alum unit bid me a financing package?,Will my graduate unit offer me a funding package?,1,440,440,dev,positive
Quick question: will alum unit bid me a financing package?,"I'm currently enrolled in a graduate program, can I transfer to OISE and get credit for my studies?",0,440,246,dev,random
Quick question: will alum unit bid me a financing package?,My institution will release transcripts to me but not to the institution to which I am applying. Will you accept transcripts submitted by me?,0,440,421,dev,hard
Help needed: where can i find data the position of application?,Where can I get information on the status of my application?,1,441,441,train,positive
Help needed: where can i find data the position of application?,I'm waiting for an update on the status of my Visa application. Can I register for Jump Start?,0,441,321,train,random
Help needed: where can i find data the position of application?,Where can I find help with housing?,0,441,471,train,hard
where can i bring data on the position of my application? Thanks.,Where can I get information on the status of my application?,1,441,441,train,positive
where can i bring data on the position of my application? Thanks.,can you explain the structure of Master of Applied Science (MASc) at UOFT?,0,441,75,train,random
where can i bring data on the position of my application? Thanks.,When will I hear a decision on my application?,0,441,442,train,hard
where i come data on position of my application? Any idea?,Where can I get information on the status of my application?,1,441,441,dev,positive
where i come data on position of my application? Any idea?,I have a four-year Bachelor's degree from a college. Will it be acceptable?,0,441,405,dev,random
where i come data on position of my application? Any idea?,What number will alerts come from?,0,441,292,dev,hard
Quick question: when will i listen a decision on my application?,When will I hear a decision on my application?,1,442,442,train,positive
Quick question: when will i listen a decision on my application?,What kind of computer or laptop should I buy?,0,442,468,train,random
Quick question: when will i listen a decision on my application?,When will I know the results of my application?,0,442,267,train,hard
when will i listen decision on my application?,When will I hear a decision on my application?,1,442,442,train,positive
when will i listen decision on my application?,"I have submitted my application but want to make a change, how do I do that?",0,442,343,train,random
when will i listen decision on my application?,When will I know the results of my application?,0,442,267,train,hard
Quick question: when will i listen decision on my application?,When will I hear a decision on my application?,1,442,442,dev,positive
Quick question: when will i listen decision on my application?,what subjects will I study in Social Justice Education at UOFT?,0,442,81,dev,random
Quick question: when will i listen decision on my application?,When will I know the results of my application?,0,442,267,dev,hard
i send my application but i not heard back from the alum unit how do i acknowledge application and endorse papers have been obtain?,I sent my application but I have not heard back from the graduate unit. How do I know my application and supporting documents have been received?,1,443,443,train,positive
i send my application but i not heard back from the alum unit how do i acknowledge application and endorse papers have been obtain?,"I have been admitted; however, I have a few questions before I make the final decision. Who do I need to contact?",0,443,447,train,random
i send my application but i not heard back from the alum unit how do i acknowledge application and endorse papers have been obtain?,Where do I send my application supporting documents?,0,443,436,train,hard
"Hi, i send application but i have not heard back from the alumna unit how i acknowledge my application and encouraging papers have obtain?",I sent my application but I have not heard back from the graduate unit. How do I know my application and supporting documents have been received?,1,443,443,train,positive
"Hi, i send application but i have not heard back from the alumna unit how i acknowledge my application and encouraging papers have obtain?",Can I complete both of my practicums at hospitals in Toronto?,0,443,492,train,random
"Hi, i send application but i have not heard back from the alumna unit how i acknowledge my application and encouraging papers have obtain?","The application deadline has passed, but I still have access to my application. Can I proceed?",0,443,444,train,hard
Quick question: i send application but i have not heard back from the alumna unit how i love application endorse papers have been obtain?,I sent my application but I have not heard back from the graduate unit. How do I know my application and supporting documents have been received?,1,443,443,dev,positive
Quick question: i send application but i have not heard back from the alumna unit how i love application endorse papers have been obtain?,what kind of research is done in Medical Science at UOFT?,0,443,139,dev,random
Quick question: i send application but i have not heard back from the alumna unit how i love application endorse papers have been obtain?,"The application deadline has passed, but I still have access to my application. Can I proceed?",0,443,444,dev,hard
the application deadline has passed but i even have admittance my application can i proceed? Thanks.,"The application deadline has passed, but I still have access to my application. Can I proceed?",1,444,444,train,positive
the application deadline has passed but i even have admittance my application can i proceed? Thanks.,I know someone who would like to quit smoking or vaping. Are there resources available at U of T to help them?,0,444,316,train,random
the application deadline has passed but i even have admittance my application can i proceed? Thanks.,I might miss the application deadline; can I have an extension?,0,444,409,train,hard
Could you tell me the application deadline passed but i yet admittance to my application proceed?,"The application deadline has passed, but I still have access to my application. Can I proceed?",1,444,444,train,positive
Could you tell me the application deadline passed but i yet admittance to my application proceed?,what can I do with a degree in Global Affairs from UOFT?,0,444,210,train,random
Could you tell me the application deadline passed but i yet admittance to my application proceed?,Can I make changes to my application after I paid the application fee?,0,444,416,train,hard
"Hi, the application deadline passed i yet have admittance to my application i proceed?","The application deadline has passed, but I still have access to my application. Can I proceed?",1,444,444,dev,positive
"Hi, the application deadline passed i yet have admittance to my application i proceed?",what can I do with a degree in Industrial Engineering Undergraduate Program from UOFT?,0,444,104,dev,random
"Hi, the application deadline passed i yet have admittance to my application i proceed?",I might miss the application deadline; can I have an extension?,0,444,409,dev,hard
Quick question: will the school of graduate studies offer feedback students who been spurned?,Will the School of Graduate Studies provide feedback for students who have been rejected?,1,445,445,train,positive
Quick question: will the school of graduate studies offer feedback students who been spurned?,can you explain the structure of Anthropology at UOFT?,0,445,41,train,random
Quick question: will the school of graduate studies offer feedback students who been spurned?,Will my graduate unit offer me a funding package?,0,445,440,train,hard
Help needed: will school of graduate studies allow feedback students who have been refuse?,Will the School of Graduate Studies provide feedback for students who have been rejected?,1,445,445,train,positive
Help needed: will school of graduate studies allow feedback students who have been refuse?,what are the research strengths of Educational Leadership and Policy at UOFT?,0,445,161,train,random
Help needed: will school of graduate studies allow feedback students who have been refuse?,"I have been admitted; however, I have a few questions before I make the final decision. Who do I need to contact?",0,445,447,train,hard
Could you tell me will the school graduate studies offer feedback for students have been refuse?,Will the School of Graduate Studies provide feedback for students who have been rejected?,1,445,445,dev,positive
Could you tell me will the school graduate studies offer feedback for students have been refuse?,Do I need to take the GRE exam?,0,445,437,dev,random
Could you tell me will the school graduate studies offer feedback for students have been refuse?,My referee did not receive the email from the School of Graduate Studies. Could you please resend it?,0,445,432,dev,hard
Could you tell me what is offer of admission?,What is an Offer of Admission?,1,446,446,train,positive
Could you tell me what is offer of admission?,what subjects will I study in Minors and Certificates at UOFT?,0,446,147,train,random
Could you tell me what is offer of admission?,Am I able to defer my offer of admission?,0,446,355,train,hard
"Hi, what is an offer admission?",What is an Offer of Admission?,1,446,446,train,positive
"Hi, what is an offer admission?",I finished my practicum. Why do I still have IPR on my grade transcript?,0,446,499,train,random
"Hi, what is an offer admission?",What is an Exclusion?,0,446,391,train,hard
what an offer of admission? Thanks.,What is an Offer of Admission?,1,446,446,dev,positive
what an offer of admission? Thanks.,Can I receive an admission decision before sending in my English language test results? I have all required prerequisites.,0,446,361,dev,random
what an offer of admission? Thanks.,Am I able to defer my offer of admission?,0,446,355,dev,hard
Quick question: i been admitted nonetheless i a few query i get the concluding conclusion who do want to liaison?,"I have been admitted; however, I have a few questions before I make the final decision. Who do I need to contact?",1,447,447,train,positive
Quick question: i been admitted nonetheless i a few query i get the concluding conclusion who do want to liaison?,"I was required to pay an Admission Deposit, is this refundable?",0,447,376,train,random
Quick question: i been admitted nonetheless i a few query i get the concluding conclusion who do want to liaison?,"I want to apply to several programs, can I?",0,447,249,train,hard
"Hi, i have been admitted nonetheless i have few query i give concluding determination who do i ask liaison?","I have been admitted; however, I have a few questions before I make the final decision. Who do I need to contact?",1,447,447,train,positive
"Hi, i have been admitted nonetheless i have few query i give concluding determination who do i ask liaison?",I have not completed my current degree yet; what should I do?,0,447,425,train,random
"Hi, i have been admitted nonetheless i have few query i give concluding determination who do i ask liaison?",I sent my application but I have not heard back from the graduate unit. How do I know my application and supporting documents have been received?,0,447,443,train,hard
Help needed: i have been admitted nonetheless i have a few query before i get the concluding determination who do i want to touch?,"I have been admitted; however, I have a few questions before I make the final decision. Who do I need to contact?",1,447,447,dev,positive
Help needed: i have been admitted nonetheless i have a few query before i get the concluding determination who do i want to touch?,what can I do with a degree in Anishinaabe Law Camp from UOFT?,0,447,232,dev,random
Help needed: i have been admitted nonetheless i have a few query before i get the concluding determination who do i want to touch?,"I have submitted my application but want to make a change, how do I do that?",0,447,343,dev,hard
may i postpone admission to the university of toronto?,May I defer admission to the University of Toronto?,1,448,448,train,positive
may i postpone admission to the university of toronto?,what are the admission requirements for Master of Landscape Architecture at UOFT?,0,448,173,train,random
may i postpone admission to the university of toronto?,What are the Terms & Conditions of my offer of admission to the University of Toronto Mississauga?,0,448,354,train,hard
"Hi, may i accede admission the university of toronto?",May I defer admission to the University of Toronto?,1,448,448,train,positive
"Hi, may i accede admission the university of toronto?",I don't have access to the Internet; can I get a paper application form?,0,448,412,train,random
"Hi, may i accede admission the university of toronto?",What are the Terms & Conditions of my offer of admission to the University of Toronto Mississauga?,0,448,354,train,hard
may i accede admission university of toronto?,May I defer admission to the University of Toronto?,1,448,448,dev,positive
may i accede admission university of toronto?,what can I do with a degree in Child Study and Education from UOFT?,0,448,230,dev,random
may i accede admission university of toronto?,What are the Terms & Conditions of my offer of admission to the University of Toronto Mississauga?,0,448,354,dev,hard
"Hi, do ask a survey license to survey in canada an international scholar?",Do I need a study permit to study in Canada as an international student?,1,449,449,train,positive
"Hi, do ask a survey license to survey in canada an international scholar?",what subjects will I study in Curriculum and Pedagogy at UOFT?,0,449,22,train,random
"Hi, do ask a survey license to survey in canada an international scholar?",Do I need to ask my high school to mail in my transcript now?,0,449,344,train,hard
Help needed: do i want a report license to report in canada as international scholar?,Do I need a study permit to study in Canada as an international student?,1,449,449,train,positive
Help needed: do i want a report license to report in canada as international scholar?,What is an appropriate bachelor's degree?,0,449,403,train,random
Help needed: do i want a report license to report in canada as international scholar?,Do I need a visa in addition to my study permit to travel to Canada?,0,449,450,train,hard
do want a survey license report in canada as international scholar?,Do I need a study permit to study in Canada as an international student?,1,449,449,dev,positive
do want a survey license report in canada as international scholar?,can you explain the structure of Global Affairs at UOFT?,0,449,96,dev,random
do want a survey license report in canada as international scholar?,I was awarded the University of Toronto International Scholar Award but there has recently been a change to my legal status and now I qualify for domestic tuition. What do I do?,0,449,369,dev,hard
Help needed: do i ask a visa in addition to my report allow to trip to canada?,Do I need a visa in addition to my study permit to travel to Canada?,1,450,450,train,positive
Help needed: do i ask a visa in addition to my report allow to trip to canada?,What is the deadline to request changes to my transfer credit assessment?,0,450,386,train,random
Help needed: do i ask a visa in addition to my report allow to trip to canada?,Do I need to ask my high school to mail in my transcript now?,0,450,344,train,hard
Quick question: do i ask a visa in addition to report allow to trip to canada?,Do I need a visa in addition to my study permit to travel to Canada?,1,450,450,train,positive
Quick question: do i ask a visa in addition to report allow to trip to canada?,Does my grade transfer with the credit to U of T?,0,450,399,train,random
Quick question: do i ask a visa in addition to report allow to trip to canada?,Do I need to ask my high school to mail in my transcript now?,0,450,344,train,hard
Quick question: do i want a visa addition my report allow to trip to canada?,Do I need a visa in addition to my study permit to travel to Canada?,1,450,450,dev,positive
Quick question: do i want a visa addition my report allow to trip to canada?,can you explain the structure of Civil Engineering Undergraduate Program at UOFT?,0,450,193,dev,random
Quick question: do i want a visa addition my report allow to trip to canada?,"I want to apply to several programs, can I?",0,450,249,dev,hard
"Hi, can i attend university a high school study allow?",Can I attend university with a high school study permit?,1,451,451,train,positive
"Hi, can i attend university a high school study allow?",how can I apply to Kawaskimhon Moot at UOFT?,0,451,231,train,random
"Hi, can i attend university a high school study allow?","I am taking a course outside of my regular day high school, in summer school/night school, online, or private school. Will this affect my admission?",0,451,351,train,hard
can attend university with a high school study allow? Thanks.,Can I attend university with a high school study permit?,1,451,451,train,positive
can attend university with a high school study allow? Thanks.,what are the research areas in SURE: Summer Undergraduate Research in Engineering at MCGILL?,0,451,133,train,random
can attend university with a high school study allow? Thanks.,"I am taking a course outside of my regular day high school, in summer school/night school, online, or private school. Will this affect my admission?",0,451,351,train,hard
can attend university with a high school study license? Any idea?,Can I attend university with a high school study permit?,1,451,451,dev,positive
can attend university with a high school study license? Any idea?,can you explain the structure of Educational Leadership and Policy at UOFT?,0,451,14,dev,random
can attend university with a high school study license? Any idea?,"I am taking a course outside of my regular day high school, in summer school/night school, online, or private school. Will this affect my admission?",0,451,351,dev,hard
am i entitled to work in canada while examine?,Am I eligible to work in Canada while studying?,1,452,452,train,positive
am i entitled to work in canada while examine?,can you explain the structure of Child Study and Education at UOFT?,0,452,33,train,random
am i entitled to work in canada while examine?,Am I eligible to stay in Canada after completing my degree program?,0,452,456,train,hard
am i entitled to work canada while examine? Thanks.,Am I eligible to work in Canada while studying?,1,452,452,train,positive
am i entitled to work canada while examine? Thanks.,can you explain the structure of Biotechnology at UOFT?,0,452,73,train,random
am i entitled to work canada while examine? Thanks.,Am I eligible to stay in Canada after completing my degree program?,0,452,456,train,hard
am i entitled to work in canada while examine? Any idea?,Am I eligible to work in Canada while studying?,1,452,452,dev,positive
am i entitled to work in canada while examine? Any idea?,Does the Government of Canada's cap on study permits for International students apply to OISE programs?,0,452,247,dev,random
am i entitled to work in canada while examine? Any idea?,Am I eligible to stay in Canada after completing my degree program?,0,452,456,dev,hard
"Hi, how lengthy does it bring cic to process my application?",How long does it take CIC to process my application?,1,453,453,train,positive
"Hi, how lengthy does it bring cic to process my application?","What is an Unspecified credit? What does the 1**H, 2**Y, etc. mean?",0,453,389,train,random
"Hi, how lengthy does it bring cic to process my application?",I just sent my new English proficiency test score. How long does it take for the university to get it?,0,453,359,train,hard
how lasting it carry cic to process my application? Any idea?,How long does it take CIC to process my application?,1,453,453,train,positive
how lasting it carry cic to process my application? Any idea?,"can you explain the structure of Drama, Theatre and Performance Studies at UOFT?",0,453,32,train,random
how lasting it carry cic to process my application? Any idea?,What is the process for referees?,0,453,431,train,hard
Could you tell me how prolonged does it get cic to process my application?,How long does it take CIC to process my application?,1,453,453,dev,positive
Could you tell me how prolonged does it get cic to process my application?,can you explain the structure of School and Clinical Child Psychology at UOFT?,0,453,19,dev,random
Could you tell me how prolonged does it get cic to process my application?,I just sent my new English proficiency test score. How long does it take for the university to get it?,0,453,359,dev,hard
my allow is about to expire how and when should i apply to extend it?,"My permit is about to expire, how and when should I apply to extend it?",1,454,454,train,positive
my allow is about to expire how and when should i apply to extend it?,what research opportunities exist in Master of Education in Counselling Psychology; (Global Mental Health & Counselling Psychology Field) Dual Degree Programs at UOFT?,0,454,24,train,random
my allow is about to expire how and when should i apply to extend it?,When should I apply?,0,454,408,train,hard
Help needed: my allow is about to expire how and when should i apply to extend?,"My permit is about to expire, how and when should I apply to extend it?",1,454,454,train,positive
Help needed: my allow is about to expire how and when should i apply to extend?,what can I do with a degree in Executive Education from UOFT?,0,454,98,train,random
Help needed: my allow is about to expire how and when should i apply to extend?,When should I apply?,0,454,408,train,hard
my licence about to expire and when should i apply to extend? Any idea?,"My permit is about to expire, how and when should I apply to extend it?",1,454,454,dev,positive
my licence about to expire and when should i apply to extend? Any idea?,can you explain the structure of Social Justice Education at UOFT?,0,454,106,dev,random
my licence about to expire and when should i apply to extend? Any idea?,When should I apply?,0,454,408,dev,hard
Quick question: my visa or eta is about to expire or already invalid i trip rejoin to canada valid report licence?,"My visa or eTA is about to expire or already expired, can I travel/return to Canada with my valid study permit?",1,455,455,train,positive
Quick question: my visa or eta is about to expire or already invalid i trip rejoin to canada valid report licence?,Where can I go to smoke?,0,455,308,train,random
Quick question: my visa or eta is about to expire or already invalid i trip rejoin to canada valid report licence?,"My permit is about to expire, how and when should I apply to extend it?",0,455,454,train,hard
my visa or eta to expire already invalid can i trip rejoin to canada with my valid report licence? Thanks.,"My visa or eTA is about to expire or already expired, can I travel/return to Canada with my valid study permit?",1,455,455,train,positive
my visa or eta to expire already invalid can i trip rejoin to canada with my valid report licence? Thanks.,Will my transfer credits affect my fees?,0,455,396,train,random
my visa or eta to expire already invalid can i trip rejoin to canada with my valid report licence? Thanks.,Do I need a visa in addition to my study permit to travel to Canada?,0,455,450,train,hard
Quick question: my visa or eta is about to expire or already invalid trip revert canada with valid report license?,"My visa or eTA is about to expire or already expired, can I travel/return to Canada with my valid study permit?",1,455,455,dev,positive
Quick question: my visa or eta is about to expire or already invalid trip revert canada with valid report license?,what can I do with a degree in Aerospace Science and Engineering from UOFT?,0,455,70,dev,random
Quick question: my visa or eta is about to expire or already invalid trip revert canada with valid report license?,"My permit is about to expire, how and when should I apply to extend it?",0,455,454,dev,hard
am i eligible to bide in canada after finish my degree plan? Thanks.,Am I eligible to stay in Canada after completing my degree program?,1,456,456,train,positive
am i eligible to bide in canada after finish my degree plan? Thanks.,Can I receive UTAlerts if I don't work/study at U of T?,0,456,287,train,random
am i eligible to bide in canada after finish my degree plan? Thanks.,Am I eligible to work in Canada while studying?,0,456,452,train,hard
"Hi, am eligible remain in canada finish my degree plan?",Am I eligible to stay in Canada after completing my degree program?,1,456,456,train,positive
"Hi, am eligible remain in canada finish my degree plan?",What are the admission requirements?,0,456,402,train,random
"Hi, am eligible remain in canada finish my degree plan?",Am I eligible to work in Canada while studying?,0,456,452,train,hard
"Hi, am i eligible to stick in canada after finish degree plan?",Am I eligible to stay in Canada after completing my degree program?,1,456,456,dev,positive
"Hi, am i eligible to stick in canada after finish degree plan?",Can I apply to the exact same program twice?,0,456,250,dev,random
"Hi, am i eligible to stick in canada after finish degree plan?",Am I eligible to work in Canada while studying?,0,456,452,dev,hard
can work on and or hit campus? Any idea?,Can I work on- and/or off-campus?,1,457,457,train,positive
can work on and or hit campus? Any idea?,what kind of research is done in Applied Computing at UOFT?,0,457,171,train,random
can work on and or hit campus? Any idea?,I'm not feeling well. Can I see a doctor or mental health professional on campus?,0,457,475,train,hard
Could you tell me can i work on and away campus?,Can I work on- and/or off-campus?,1,457,457,train,positive
Could you tell me can i work on and away campus?,what can I do with a degree in Counselling Psychology from UOFT?,0,457,156,train,random
Could you tell me can i work on and away campus?,What do I do if I see someone smoking on campus?,0,457,314,train,hard
Quick question: can i work on and or away campus?,Can I work on- and/or off-campus?,1,457,457,dev,positive
Quick question: can i work on and or away campus?,How should I pay the application fee?,0,457,418,dev,random
Quick question: can i work on and or away campus?,I'm not feeling well. Can I see a doctor or mental health professional on campus?,0,457,475,dev,hard
can i apply my report allow to utilize for a sin? Any idea?,Can I use my study permit to apply for a SIN?,1,458,458,train,positive
can i apply my report allow to utilize for a sin? Any idea?,"what kind of research is done in Innovation, Law and Technology at UOFT?",0,458,219,train,random
can i apply my report allow to utilize for a sin? Any idea?,Do I have to be a teacher to apply to OISE?,0,458,241,train,hard
Quick question: can i apply my survey license to utilize for a sin?,Can I use my study permit to apply for a SIN?,1,458,458,train,positive
Quick question: can i apply my survey license to utilize for a sin?,can you explain the structure of Katie Filek at UOFT?,0,458,223,train,random
Quick question: can i apply my survey license to utilize for a sin?,Do I have to be a teacher to apply to OISE?,0,458,241,train,hard
"Hi, can i apply survey license utilize a sin?",Can I use my study permit to apply for a SIN?,1,458,458,dev,positive
"Hi, can i apply survey license utilize a sin?",what subjects will I study in Electrical & Computer Engineering Undergraduate Program at UOFT?,0,458,218,dev,random
"Hi, can i apply survey license utilize a sin?",Can I apply to a PhD program directly from a bachelor's degree?,0,458,406,dev,hard
how do i widen survey allow? Any idea?,How do I extend my study permit?,1,459,459,train,positive
how do i widen survey allow? Any idea?,what can I do with a degree in Management and Professional Accounting from UOFT?,0,459,117,train,random
how do i widen survey allow? Any idea?,Are any courses offered online?,0,459,466,train,hard
how widen my survey licence? Thanks.,How do I extend my study permit?,1,459,459,train,positive
how widen my survey licence? Thanks.,Should I speak with an OISE professor before submitting my application?,0,459,245,train,random
how widen my survey licence? Thanks.,How should I submit my transcript?,0,459,345,train,hard
how prolong my survey allow? Any idea?,How do I extend my study permit?,1,459,459,dev,positive
how prolong my survey allow? Any idea?,where do Master of Visual Studies in Studio Art graduates from UOFT typically work?,0,459,57,dev,random
how prolong my survey allow? Any idea?,Are any courses offered online?,0,459,466,dev,hard
where can i find data applying for a post postgraduate operate license pgwp? Thanks.,Where can I get information on applying for a post-graduate work permit (PGWP)?,1,460,460,train,positive
where can i find data applying for a post postgraduate operate license pgwp? Thanks.,I might miss the application deadline; can I have an extension?,0,460,409,train,random
where can i find data applying for a post postgraduate operate license pgwp? Thanks.,Where can I find practicum information for International Students?,0,460,488,train,hard
Could you tell me where i find data on applying for a post postgraduate operate license pgwp?,Where can I get information on applying for a post-graduate work permit (PGWP)?,1,460,460,train,positive
Could you tell me where i find data on applying for a post postgraduate operate license pgwp?,"can you explain the structure of Germanic Literature, Culture and Theory at UOFT?",0,460,7,train,random
Could you tell me where i find data on applying for a post postgraduate operate license pgwp?,Where can I find practicum information for International Students?,0,460,488,train,hard
where can i take data on applying a post postgraduate operate license pgwp?,Where can I get information on applying for a post-graduate work permit (PGWP)?,1,460,460,dev,positive
where can i take data on applying a post postgraduate operate license pgwp?,what can I do with a degree in Physical Therapy from UOFT?,0,460,85,dev,random
where can i take data on applying a post postgraduate operate license pgwp?,Where can I get information on the status of my application?,0,460,441,dev,hard
does fell a course or take a gap year impact my judicial position? Thanks.,Does dropping a course or taking a gap year affect my legal status?,1,461,461,train,positive
does fell a course or take a gap year impact my judicial position? Thanks.,what subjects will I study in Applied Computing at UOFT?,0,461,141,train,random
does fell a course or take a gap year impact my judicial position? Thanks.,My transcript does not include course title or grades. What should I do?,0,461,423,train,hard
Quick question: does falling a course or take a gap year impact my legitimate position?,Does dropping a course or taking a gap year affect my legal status?,1,461,461,train,positive
Quick question: does falling a course or take a gap year impact my legitimate position?,"I want to apply to several programs, can I?",0,461,249,train,random
Quick question: does falling a course or take a gap year impact my legitimate position?,My transcript does not include course title or grades. What should I do?,0,461,423,train,hard
Help needed: does fell a course or take a gap year involve legitimate position?,Does dropping a course or taking a gap year affect my legal status?,1,461,461,dev,positive
Help needed: does fell a course or take a gap year involve legitimate position?,what jobs can I get after LAWS (Law in Action Within Schools) at UOFT?,0,461,136,dev,random
Help needed: does fell a course or take a gap year involve legitimate position?,"Can I drop a course, or study part-time?",0,461,467,dev,hard
"Hi, who i speak to i have questions or want help with my statutory position survey operate co op license s?",Who do I talk to if I have questions or need help with my legal status and/or study/work/co-op permit(s)?,1,462,462,train,positive
"Hi, who i speak to i have questions or want help with my statutory position survey operate co op license s?",where do Master of Business Administration (Extended Full-Time MBA) graduates from UOFT typically work?,0,462,113,train,random
"Hi, who i speak to i have questions or want help with my statutory position survey operate co op license s?",Who do I contact if I have questions about the smoke-free policy?,0,462,317,train,hard
who do i speak to if i have questions or want help with my lawful position and or report operate co op license s? Thanks.,Who do I talk to if I have questions or need help with my legal status and/or study/work/co-op permit(s)?,1,462,462,train,positive
who do i speak to if i have questions or want help with my lawful position and or report operate co op license s? Thanks.,"I have been admitted; however, I have a few questions before I make the final decision. Who do I need to contact?",0,462,447,train,random
who do i speak to if i have questions or want help with my lawful position and or report operate co op license s? Thanks.,Who do I contact if I have questions about the smoke-free policy?,0,462,317,train,hard
Could you tell me who speak to if i questions or ask help with statutory position and report operate co op license s?,Who do I talk to if I have questions or need help with my legal status and/or study/work/co-op permit(s)?,1,462,462,dev,positive
Could you tell me who speak to if i questions or ask help with statutory position and report operate co op license s?,Where can I obtain signs for smoke- and vape-free spaces?,0,462,315,dev,random
Could you tell me who speak to if i questions or ask help with statutory position and report operate co op license s?,Who do I contact if I have questions about the smoke-free policy?,0,462,317,dev,hard
how find my u t scholar scorecard?,How can I get my U of T student card?,1,463,463,train,positive
how find my u t scholar scorecard?,can you explain the structure of Museum Studies at UOFT?,0,463,91,train,random
how find my u t scholar scorecard?,How do U of T Mississauga's degree requirements impact my transfer credits?,0,463,398,train,hard
"Hi, how can i find u of t scholar scorecard?",How can I get my U of T student card?,1,463,463,train,positive
"Hi, how can i find u of t scholar scorecard?",I applied last year / I'm a current or former OISE student - do I have to re-submit documents?,0,463,251,train,random
"Hi, how can i find u of t scholar scorecard?",Can I receive UTAlerts if I don't work/study at U of T?,0,463,287,train,hard
Help needed: how can i come u of t pupil scorecard?,How can I get my U of T student card?,1,463,463,dev,positive
Help needed: how can i come u of t pupil scorecard?,Where can I obtain signs for smoke- and vape-free spaces?,0,463,315,dev,random
Help needed: how can i come u of t pupil scorecard?,Can I receive UTAlerts if I don't work/study at U of T?,0,463,287,dev,hard
Quick question: how do i enroll in my first year courses?,How do I enroll in my first-year courses?,1,464,464,train,positive
Quick question: how do i enroll in my first year courses?,what are the career prospects for Master of Forest Conservation graduates from UOFT?,0,464,26,train,random
Quick question: how do i enroll in my first year courses?,It says in my Engineering Applicant Portal that I will be receiving a scholarship for first year -- do I have to do something to receive this?,0,464,470,train,hard
Help needed: how i enroll in my first year courses?,How do I enroll in my first-year courses?,1,464,464,train,positive
Help needed: how i enroll in my first year courses?,"what subjects will I study in Drama, Theatre and Performance Studies at UOFT?",0,464,132,train,random
Help needed: how i enroll in my first year courses?,Where can I find help with housing?,0,464,471,train,hard
how do i enroll in my first year courses? Thanks.,How do I enroll in my first-year courses?,1,464,464,dev,positive
how do i enroll in my first year courses? Thanks.,what can I do with a degree in Global Professional Law from UOFT?,0,464,63,dev,random
how do i enroll in my first year courses? Thanks.,It says in my Engineering Applicant Portal that I will be receiving a scholarship for first year -- do I have to do something to receive this?,0,464,470,dev,hard
can i switch path timetable? Any idea?,Can I change my course timetable?,1,465,465,train,positive
can i switch path timetable? Any idea?,what subjects will I study in Social Work at UOFT?,0,465,125,train,random
can i switch path timetable? Any idea?,Are any courses offered online?,0,465,466,train,hard
can i alter my path timetable?,Can I change my course timetable?,1,465,465,train,positive
can i alter my path timetable?,can you explain the structure of Mineral Engineering Undergraduate Program at UOFT?,0,465,120,train,random
can i alter my path timetable?,Can I get my transcripts back?,0,465,429,train,hard
Help needed: can i alteration my path timetable?,Can I change my course timetable?,1,465,465,dev,positive
Help needed: can i alteration my path timetable?,Why didn't I receive a notification through the app?,0,465,297,dev,random
Help needed: can i alteration my path timetable?,Where can I find help with housing?,0,465,471,dev,hard
are any courses provide online? Thanks.,Are any courses offered online?,1,466,466,train,positive
are any courses provide online? Thanks.,what kind of research is done in Medical Science at UOFT?,0,466,139,train,random
are any courses provide online? Thanks.,How is this policy enforced? Are there any penalties?,0,466,313,train,hard
Help needed: are courses provide online?,Are any courses offered online?,1,466,466,train,positive
Help needed: are courses provide online?,Will credits earned in secondary school or at a different post-secondary institution be eligible for prerequisites of the Computer Science program?,0,466,401,train,random
Help needed: are courses provide online?,Where can I find help with housing?,0,466,471,train,hard
Help needed: are any courses provide online?,Are any courses offered online?,1,466,466,dev,positive
Help needed: are any courses provide online?,what makes the Global Executive Master of Business Administration for Healthcare and the Life Sciences (GEMBA-HLS) program at UOFT unique?,0,466,27,dev,random
Help needed: are any courses provide online?,How is this policy enforced? Are there any penalties?,0,466,313,dev,hard
can i fell a course or report component time?,"Can I drop a course, or study part-time?",1,467,467,train,positive
can i fell a course or report component time?,what courses are offered in Doctor of Education in Counselling Psychology (School Psychology Field) at UOFT?,0,467,35,train,random
can i fell a course or report component time?,Can I change my course timetable?,0,467,465,train,hard
"Hi, can i flatten a course or survey portion time?","Can I drop a course, or study part-time?",1,467,467,train,positive
"Hi, can i flatten a course or survey portion time?","I was offered admission to one program, but now I want to transfer to another. Can I?",0,467,269,train,random
"Hi, can i flatten a course or survey portion time?",Can I change my course timetable?,0,467,465,train,hard
can i fall a course survey component time? Thanks.,"Can I drop a course, or study part-time?",1,467,467,dev,positive
can i fall a course survey component time? Thanks.,Can I receive UTAlerts if I don't work/study at U of T?,0,467,287,dev,random
can i fall a course survey component time? Thanks.,Can I change my course timetable?,0,467,465,dev,hard
Could you tell me what sort of computer or laptop i bargain?,What kind of computer or laptop should I buy?,1,468,468,train,positive
Could you tell me what sort of computer or laptop i bargain?,what subjects will I study in Language and Literacies Education at UOFT?,0,468,118,train,random
Could you tell me what sort of computer or laptop i bargain?,can you explain the structure of Electrical & Computer Engineering Undergraduate Program at UOFT?,0,468,217,train,hard
what sort computer or laptop should i bargain? Thanks.,What kind of computer or laptop should I buy?,1,468,468,train,positive
what sort computer or laptop should i bargain? Thanks.,I am planning on taking a prerequisite in the summer before starting my undergraduate studies. Will this affect my admission?,0,468,352,train,random
what sort computer or laptop should i bargain? Thanks.,what subjects will I study in Electrical and Computer Engineering at UOFT?,0,468,43,train,hard
Could you tell me what sort computer or laptop should bargain?,What kind of computer or laptop should I buy?,1,468,468,dev,positive
Could you tell me what sort computer or laptop should bargain?,what are the admission requirements for Global Professional Law at UOFT?,0,468,162,dev,random
Could you tell me what sort computer or laptop should bargain?,can you explain the structure of Electrical & Computer Engineering Undergraduate Program at UOFT?,0,468,217,dev,hard
how can i salary my tuition fees?,How can I pay my tuition fees?,1,469,469,train,positive
how can i salary my tuition fees?,"I want to apply to several programs, can I?",0,469,249,train,random
how can i salary my tuition fees?,Will my transfer credits affect my fees?,0,469,396,train,hard
Could you tell me how can i salary tuition fees?,How can I pay my tuition fees?,1,469,469,train,positive
Could you tell me how can i salary tuition fees?,Can I clap or cheer during the convocation ceremony?,0,469,280,train,random
Could you tell me how can i salary tuition fees?,I received a suspicious-looking email from a U of T account. How can I tell if it's legitimate?,0,469,477,train,hard
how can salary my tuition fees?,How can I pay my tuition fees?,1,469,469,dev,positive
how can salary my tuition fees?,"I want to apply to several programs, can I?",0,469,249,dev,random
how can salary my tuition fees?,Will my transfer credits affect my fees?,0,469,396,dev,hard
Could you tell me it tell engineering applicant portal that i will be obtain scholarship for first year do i have to something obtain this?,It says in my Engineering Applicant Portal that I will be receiving a scholarship for first year -- do I have to do something to receive this?,1,470,470,train,positive
Could you tell me it tell engineering applicant portal that i will be obtain scholarship for first year do i have to something obtain this?,describe the Health Informatics curriculum at UOFT.,0,470,151,train,random
Could you tell me it tell engineering applicant portal that i will be obtain scholarship for first year do i have to something obtain this?,Where can I obtain signs for smoke- and vape-free spaces?,0,470,315,train,hard
it tell in engineering applicant portal that i will obtain a scholarship for first year do i have to do something to obtain this? Thanks.,It says in my Engineering Applicant Portal that I will be receiving a scholarship for first year -- do I have to do something to receive this?,1,470,470,train,positive
it tell in engineering applicant portal that i will obtain a scholarship for first year do i have to do something to obtain this? Thanks.,what kind of research is done in Art History at UOFT?,0,470,150,train,random
it tell in engineering applicant portal that i will obtain a scholarship for first year do i have to do something to obtain this? Thanks.,How do I enroll in my first-year courses?,0,470,464,train,hard
"Hi, it tell my engineering applicant portal that will be obtain a scholarship first year do i have to do something to obtain?",It says in my Engineering Applicant Portal that I will be receiving a scholarship for first year -- do I have to do something to receive this?,1,470,470,dev,positive
"Hi, it tell my engineering applicant portal that will be obtain a scholarship first year do i have to do something to obtain?",My transcript does not include course title or grades. What should I do?,0,470,423,dev,random
"Hi, it tell my engineering applicant portal that will be obtain a scholarship first year do i have to do something to obtain?",Do I have to be a teacher to apply to OISE?,0,470,241,dev,hard
where can i get help with housing? Any idea?,Where can I find help with housing?,1,471,471,train,positive
where can i get help with housing? Any idea?,How do I know if I'm already in the UTAlert system?,0,471,286,train,random
where can i get help with housing? Any idea?,Can I register for Jump Start before I get my Winter Session housing offer?,0,471,319,train,hard
Quick question: where get help housing?,Where can I find help with housing?,1,471,471,train,positive
Quick question: where get help housing?,"If I am not eligible for my program choice at U of T Mississauga, will I be considered for an alternate offer?",0,471,339,train,random
Quick question: where get help housing?,Can I register for Jump Start before I get my Winter Session housing offer?,0,471,319,train,hard
Quick question: where can i obtain help housing?,Where can I find help with housing?,1,471,471,dev,positive
Quick question: where can i obtain help housing?,what can I do with a degree in Forest Conservation from UOFT?,0,471,208,dev,random
Quick question: where can i obtain help housing?,Where can I obtain signs for smoke- and vape-free spaces?,0,471,315,dev,hard
i m an international scholar this will be my first time analyze in canada can i devise for arrival?,"I'm an international student, and this will be my first time studying in Canada. How can I prepare for arrival?",1,472,472,train,positive
i m an international scholar this will be my first time analyze in canada can i devise for arrival?,what subjects will I study in Civil Engineering Undergraduate Program at UOFT?,0,472,215,train,random
i m an international scholar this will be my first time analyze in canada can i devise for arrival?,It says in my Engineering Applicant Portal that I will be receiving a scholarship for first year -- do I have to do something to receive this?,0,472,470,train,hard
i m an international scholar and this will be my first time analyze in canada how i devise for arrival?,"I'm an international student, and this will be my first time studying in Canada. How can I prepare for arrival?",1,472,472,train,positive
i m an international scholar and this will be my first time analyze in canada how i devise for arrival?,The online admission application won't let me apply to the program I want - what's wrong?,0,472,248,train,random
i m an international scholar and this will be my first time analyze in canada how i devise for arrival?,How do I enroll in my first-year courses?,0,472,464,train,hard
"Hi, i m an international scholar and this will my first time analyze in canada how can i ready arrival?","I'm an international student, and this will be my first time studying in Canada. How can I prepare for arrival?",1,472,472,dev,positive
"Hi, i m an international scholar and this will my first time analyze in canada how can i ready arrival?",can you explain the structure of Comparative Literature at UOFT?,0,472,28,dev,random
"Hi, i m an international scholar and this will my first time analyze in canada how can i ready arrival?",How do I enroll in my first-year courses?,0,472,464,dev,hard
"Hi, i m an international scholar where can determine data report license operate license?","I'm an international student, where can I find information on study permits and work permits?",1,473,473,train,positive
"Hi, i m an international scholar where can determine data report license operate license?",what kind of research is done in Anishinaabe Law Camp at UOFT?,0,473,225,train,random
"Hi, i m an international scholar where can determine data report license operate license?",I'm an international applicant - are there additional application requirements I need to know?,0,473,242,train,hard
i m an international scholar can get data on report license and operate license? Any idea?,"I'm an international student, where can I find information on study permits and work permits?",1,473,473,train,positive
i m an international scholar can get data on report license and operate license? Any idea?,Can I defer my tuition and fee payments until my award is credited to my student account?,0,473,378,train,random
i m an international scholar can get data on report license and operate license? Any idea?,I'm an international applicant - are there additional application requirements I need to know?,0,473,242,train,hard
Help needed: i m an international scholar where can i see data on report license and operate license?,"I'm an international student, where can I find information on study permits and work permits?",1,473,473,dev,positive
Help needed: i m an international scholar where can i see data on report license and operate license?,"If I fail to meet renewable conditions one year, but meet them the next, can I receive the award?",0,473,373,dev,random
Help needed: i m an international scholar where can i see data on report license and operate license?,Where can I find help with housing?,0,473,471,dev,hard
i a wellness subject or impairment that may affect my academic performance what accommodations are useable? Thanks.,I have a health issue or disability that may impact my academic performance. What accommodations are available?,1,474,474,train,positive
i a wellness subject or impairment that may affect my academic performance what accommodations are useable? Thanks.,Can I attend university with a high school study permit?,0,474,451,train,random
i a wellness subject or impairment that may affect my academic performance what accommodations are useable? Thanks.,I have an extenuating circumstance that affected my academic performance. How can I include this in my application?,0,474,338,train,hard
Quick question: i wellness matter or impairment that may affect my academic performance what accommodations are accessible?,I have a health issue or disability that may impact my academic performance. What accommodations are available?,1,474,474,train,positive
Quick question: i wellness matter or impairment that may affect my academic performance what accommodations are accessible?,what can I do with a degree in Forest Conservation from UOFT?,0,474,208,train,random
Quick question: i wellness matter or impairment that may affect my academic performance what accommodations are accessible?,I have an extenuating circumstance that affected my academic performance. How can I include this in my application?,0,474,338,train,hard
i have a wellness subject or impairment may affect my academic performance what accommodations are accessible?,I have a health issue or disability that may impact my academic performance. What accommodations are available?,1,474,474,dev,positive
i have a wellness subject or impairment may affect my academic performance what accommodations are accessible?,what can I do with a degree in Management and Professional Accounting from UOFT?,0,474,117,dev,random
i have a wellness subject or impairment may affect my academic performance what accommodations are accessible?,I have an extenuating circumstance that affected my academic performance. How can I include this in my application?,0,474,338,dev,hard
i m not sense good can i look a physician psychological wellness professional campus? Any idea?,I'm not feeling well. Can I see a doctor or mental health professional on campus?,1,475,475,train,positive
i m not sense good can i look a physician psychological wellness professional campus? Any idea?,How is this policy enforced? Are there any penalties?,0,475,313,train,random
i m not sense good can i look a physician psychological wellness professional campus? Any idea?,Can I work on- and/or off-campus?,0,475,457,train,hard
Could you tell me i m not sense good can i realize physician psychological wellness professional on campus?,I'm not feeling well. Can I see a doctor or mental health professional on campus?,1,475,475,train,positive
Could you tell me i m not sense good can i realize physician psychological wellness professional on campus?,what jobs can I get after LAWS (Law in Action Within Schools) at UOFT?,0,475,136,train,random
Could you tell me i m not sense good can i realize physician psychological wellness professional on campus?,Can I work on- and/or off-campus?,0,475,457,train,hard
Could you tell me i m not sense good can i realize a physician or psychological wellness professional campus?,I'm not feeling well. Can I see a doctor or mental health professional on campus?,1,475,475,dev,positive
Could you tell me i m not sense good can i realize a physician or psychological wellness professional campus?,A referee I want doesn't have an institution or organization email address - what should I do?,0,475,258,dev,random
Could you tell me i m not sense good can i realize a physician or psychological wellness professional campus?,Can I work on- and/or off-campus?,0,475,457,dev,hard
Help needed: do i have health or dental insurance coverage through u of t?,Do I have health or dental insurance coverage through U of T?,1,476,476,train,positive
Help needed: do i have health or dental insurance coverage through u of t?,what subjects will I study in Social Justice Education at UOFT?,0,476,81,train,random
Help needed: do i have health or dental insurance coverage through u of t?,I still have questions about my U of T Mississauga admission award. Who do I contact?,0,476,380,train,hard
do have health or dental insurance coverage through u of t? Any idea?,Do I have health or dental insurance coverage through U of T?,1,476,476,train,positive
do have health or dental insurance coverage through u of t? Any idea?,can you explain the structure of Teaching at UOFT?,0,476,5,train,random
do have health or dental insurance coverage through u of t? Any idea?,I still have questions about my U of T Mississauga admission award. Who do I contact?,0,476,380,train,hard
do i have health or dental insurance coverage through u of t? Any idea?,Do I have health or dental insurance coverage through U of T?,1,476,476,dev,positive
do i have health or dental insurance coverage through u of t? Any idea?,what kind of research is done in English at UOFT?,0,476,110,dev,random
do i have health or dental insurance coverage through u of t? Any idea?,I still have questions about my U of T Mississauga admission award. Who do I contact?,0,476,380,dev,hard
i obtain a fishy see email from a u of t account how can i say it s lawful?,I received a suspicious-looking email from a U of T account. How can I tell if it's legitimate?,1,477,477,train,positive
i obtain a fishy see email from a u of t account how can i say it s lawful?,Can I smoke or vape tobacco or cannabis in my own vehicle while on university property?,0,477,309,train,random
i obtain a fishy see email from a u of t account how can i say it s lawful?,How can I get my U of T student card?,0,477,463,train,hard
Could you tell me i obtain a fishy see email from a u of t account can i assure if it s valid?,I received a suspicious-looking email from a U of T account. How can I tell if it's legitimate?,1,477,477,train,positive
Could you tell me i obtain a fishy see email from a u of t account can i assure if it s valid?,what kind of research is done in Zheming (Taro) Cai at UOFT?,0,477,170,train,random
Could you tell me i obtain a fishy see email from a u of t account can i assure if it s valid?,My referee did not receive the email from the School of Graduate Studies. Could you please resend it?,0,477,432,train,hard
Could you tell me i obtain a fishy expect email from a u of t account how can i assure if it s true?,I received a suspicious-looking email from a U of T account. How can I tell if it's legitimate?,1,477,477,dev,positive
Could you tell me i obtain a fishy expect email from a u of t account how can i assure if it s true?,can you explain the structure of Educational Leadership and Policy at UOFT?,0,477,14,dev,random
Could you tell me i obtain a fishy expect email from a u of t account how can i assure if it s true?,My referee did not receive the email from the School of Graduate Studies. Could you please resend it?,0,477,432,dev,hard
Help needed: how am i paired a practicum?,How am I matched to a practicum?,1,478,478,train,positive
Help needed: how am i paired a practicum?,What are the admission requirements?,0,478,402,train,random
Help needed: how am i paired a practicum?,Am I required to have a police check done for my practicum?,0,478,484,train,hard
how am i paired to a practicum?,How am I matched to a practicum?,1,478,478,train,positive
how am i paired to a practicum?,can you explain the structure of Electrical & Computer Engineering Undergraduate Program at UOFT?,0,478,217,train,random
how am i paired to a practicum?,Am I required to have a police check done for my practicum?,0,478,484,train,hard
how am paired to practicum? Any idea?,How am I matched to a practicum?,1,478,478,dev,positive
how am paired to practicum? Any idea?,What if I can't get an official transcript?,0,478,254,dev,random
how am paired to practicum? Any idea?,Am I required to have a police check done for my practicum?,0,478,484,dev,hard
Quick question: what is the practicum administration system pas?,What is the Practicum Administration System (PAS)?,1,479,479,train,positive
Quick question: what is the practicum administration system pas?,can you explain the structure of Electrical & Computer Engineering Undergraduate Program at UOFT?,0,479,217,train,random
Quick question: what is the practicum administration system pas?,what kind of research is done in Health Administration at UOFT?,0,479,142,train,hard
Could you tell me what is the practicum administration system pas?,What is the Practicum Administration System (PAS)?,1,479,479,train,positive
Could you tell me what is the practicum administration system pas?,Am I eligible to work in Canada while studying?,0,479,452,train,random
Could you tell me what is the practicum administration system pas?,Can the system contact me by phone?,0,479,291,train,hard
"Hi, what is practicum administration system pas?",What is the Practicum Administration System (PAS)?,1,479,479,dev,positive
"Hi, what is practicum administration system pas?",Can I apply to two different programs at UTM?,0,479,331,dev,random
"Hi, what is practicum administration system pas?",what kind of research is done in Health Administration at UOFT?,0,479,142,dev,hard
"Hi, where do i determine data the practicum courses swk4701h practicum 1 and swk4702y practicum 2?",Where do I find information about the practicum courses - SWK4701H Practicum 1 and SWK4702Y Practicum 2?,1,480,480,train,positive
"Hi, where do i determine data the practicum courses swk4701h practicum 1 and swk4702y practicum 2?",If I need to provide proof of English language proficiency will I get an offer of admission?,0,480,263,train,random
"Hi, where do i determine data the practicum courses swk4701h practicum 1 and swk4702y practicum 2?",Where can I find practicum information for International Students?,0,480,488,train,hard
where do i get data about the practicum courses swk4701h practicum 1 and swk4702y practicum 2? Any idea?,Where do I find information about the practicum courses - SWK4701H Practicum 1 and SWK4702Y Practicum 2?,1,480,480,train,positive
where do i get data about the practicum courses swk4701h practicum 1 and swk4702y practicum 2? Any idea?,How should I submit my transcript?,0,480,345,train,random
where do i get data about the practicum courses swk4701h practicum 1 and swk4702y practicum 2? Any idea?,Where can I find practicum information for International Students?,0,480,488,train,hard
where do i see data about the practicum courses swk4701h practicum 1 and swk4702y practicum 2? Thanks.,Where do I find information about the practicum courses - SWK4701H Practicum 1 and SWK4702Y Practicum 2?,1,480,480,dev,positive
where do i see data about the practicum courses swk4701h practicum 1 and swk4702y practicum 2? Thanks.,what can I do with a degree in Urban Innovation from UOFT?,0,480,140,dev,random
where do i see data about the practicum courses swk4701h practicum 1 and swk4702y practicum 2? Thanks.,Where can I find practicum information for International Students?,0,480,488,dev,hard
do you always have a practicum for every student? Any idea?,Do you always have a practicum for every student?,1,481,481,train,positive
do you always have a practicum for every student? Any idea?,what kind of research is done in Electrical and Computer Engineering at UOFT?,0,481,67,train,random
do you always have a practicum for every student? Any idea?,Am I required to have a police check done for my practicum?,0,481,484,train,hard
do you always practicum for every student?,Do you always have a practicum for every student?,1,481,481,train,positive
do you always practicum for every student?,Can I clap or cheer during the convocation ceremony?,0,481,280,train,random
do you always practicum for every student?,Where do I find information about the practicum courses - SWK4701H Practicum 1 and SWK4702Y Practicum 2?,0,481,480,train,hard
Help needed: do you always have a practicum for every student?,Do you always have a practicum for every student?,1,481,481,dev,positive
Help needed: do you always have a practicum for every student?,what are the admission requirements for Spanish at UOFT?,0,481,177,dev,random
Help needed: do you always have a practicum for every student?,"My degree includes transfer credit/exchange study, is a transcript for that needed?",0,481,257,dev,hard
can i discover my own practicum? Thanks.,Can I find my own practicum?,1,482,482,train,positive
can i discover my own practicum? Thanks.,what are the career prospects for Master of Urban Design (post-professional) graduates from UOFT?,0,482,68,train,random
can i discover my own practicum? Thanks.,Where do I find information about the practicum courses - SWK4701H Practicum 1 and SWK4702Y Practicum 2?,0,482,480,train,hard
"Hi, can i discover own practicum?",Can I find my own practicum?,1,482,482,train,positive
"Hi, can i discover own practicum?",Can I submit more than two letters of reference?,0,482,260,train,random
"Hi, can i discover own practicum?",Where do I find information about the practicum courses - SWK4701H Practicum 1 and SWK4702Y Practicum 2?,0,482,480,train,hard
can i determine own practicum?,Can I find my own practicum?,1,482,482,dev,positive
can i determine own practicum?,I would like to apply to a graduate program at the University of Toronto. Where should I get the application form?,0,482,410,dev,random
can i determine own practicum?,How can I determine specifically why I was refused admission and get feedback?,0,482,271,dev,hard
Quick question: is essential practicum complies my asserted field of survey?,Is it necessary that my practicum complies with my declared field of study?,1,483,483,train,positive
Quick question: is essential practicum complies my asserted field of survey?,what subjects will I study in Electrical & Computer Engineering Undergraduate Program at UOFT?,0,483,218,train,random
Quick question: is essential practicum complies my asserted field of survey?,Where do I find information about the practicum courses - SWK4701H Practicum 1 and SWK4702Y Practicum 2?,0,483,480,train,hard
Quick question: is it essential that practicum complies announced field of survey?,Is it necessary that my practicum complies with my declared field of study?,1,483,483,train,positive
Quick question: is it essential that practicum complies announced field of survey?,what kind of research is done in Geography at UOFT?,0,483,178,train,random
Quick question: is it essential that practicum complies announced field of survey?,What does it mean when my offer of admission says that ACE@UTM is a condition?,0,483,362,train,hard
Quick question: is essential that my practicum complies with my announced field of report?,Is it necessary that my practicum complies with my declared field of study?,1,483,483,dev,positive
Quick question: is essential that my practicum complies with my announced field of report?,Do I need a visa in addition to my study permit to travel to Canada?,0,483,450,dev,random
Quick question: is essential that my practicum complies with my announced field of report?,Can I find my own practicum?,0,483,482,dev,hard
"Hi, am need to have patrol check come for my practicum?",Am I required to have a police check done for my practicum?,1,484,484,train,positive
"Hi, am need to have patrol check come for my practicum?",Can I receive an admission decision before sending in my English language test results? I have all required prerequisites.,0,484,361,train,random
"Hi, am need to have patrol check come for my practicum?",How am I matched to a practicum?,0,484,478,train,hard
Help needed: am need to have a patrol check come for practicum?,Am I required to have a police check done for my practicum?,1,484,484,train,positive
Help needed: am need to have a patrol check come for practicum?,What are the admission requirements?,0,484,402,train,random
Help needed: am need to have a patrol check come for practicum?,How am I matched to a practicum?,0,484,478,train,hard
Quick question: am i necessary to a patrol check come for my practicum?,Am I required to have a police check done for my practicum?,1,484,484,dev,positive
Quick question: am i necessary to a patrol check come for my practicum?,what subjects will I study in Canadian Law in a Global Context at UOFT?,0,484,55,dev,random
Quick question: am i necessary to a patrol check come for my practicum?,How am I matched to a practicum?,0,484,478,dev,hard
"Hi, are all practicums reserved for fifsw students?",Are all practicums reserved for FIFSW students?,1,485,485,train,positive
"Hi, are all practicums reserved for fifsw students?",I have a health issue or disability that may impact my academic performance. What accommodations are available?,0,485,474,train,random
"Hi, are all practicums reserved for fifsw students?",Do you offer practicums outside of Toronto?,0,485,487,train,hard
are all practicums reserved for fifsw students? Any idea?,Are all practicums reserved for FIFSW students?,1,485,485,train,positive
are all practicums reserved for fifsw students? Any idea?,"I'm an international student, where can I find information on study permits and work permits?",0,485,473,train,random
are all practicums reserved for fifsw students? Any idea?,Are any courses offered online?,0,485,466,train,hard
Quick question: are all practicums reserved fifsw students?,Are all practicums reserved for FIFSW students?,1,485,485,dev,positive
Quick question: are all practicums reserved fifsw students?,what subjects will I study in Adult Education and Community Development at UOFT?,0,485,20,dev,random
Quick question: are all practicums reserved fifsw students?,Do you offer practicums outside of Toronto?,0,485,487,dev,hard
"Hi, where do take my vulnerable sector check clearance missive?",Where do I submit my Vulnerable Sector Check clearance letter?,1,486,486,train,positive
"Hi, where do take my vulnerable sector check clearance missive?",can you explain the structure of Mineral Engineering Undergraduate Program at UOFT?,0,486,120,train,random
"Hi, where do take my vulnerable sector check clearance missive?",How do I check my UTAlert settings and update my contact information?,0,486,294,train,hard
Help needed: where do i take my vulnerable sector check clearance missive?,Where do I submit my Vulnerable Sector Check clearance letter?,1,486,486,train,positive
Help needed: where do i take my vulnerable sector check clearance missive?,what courses are offered in Doctor of Education in Counselling Psychology (School Psychology Field) at UOFT?,0,486,35,train,random
Help needed: where do i take my vulnerable sector check clearance missive?,Where can I find help with housing?,0,486,471,train,hard
where take my vulnerable sector check clearance missive?,Where do I submit my Vulnerable Sector Check clearance letter?,1,486,486,dev,positive
where take my vulnerable sector check clearance missive?,I have a four-year Bachelor's degree from a college. Will it be acceptable?,0,486,405,dev,random
where take my vulnerable sector check clearance missive?,Where can we take photos after the ceremony?,0,486,281,dev,hard
do you extend practicums outer toronto? Any idea?,Do you offer practicums outside of Toronto?,1,487,487,train,positive
do you extend practicums outer toronto? Any idea?,what subjects will I study in Industrial Engineering Undergraduate Program at UOFT?,0,487,200,train,random
do you extend practicums outer toronto? Any idea?,How do I extend my study permit?,0,487,459,train,hard
"Hi, do extend practicums away toronto?",Do you offer practicums outside of Toronto?,1,487,487,train,positive
"Hi, do extend practicums away toronto?","can you explain the structure of Drama, Theatre and Performance Studies at UOFT?",0,487,32,train,random
"Hi, do extend practicums away toronto?",How do I extend my study permit?,0,487,459,train,hard
do you extend practicums outer of toronto? Thanks.,Do you offer practicums outside of Toronto?,1,487,487,dev,positive
do you extend practicums outer of toronto? Thanks.,Do I have to list all the schools and institutions I have attended?,0,487,413,dev,random
do you extend practicums outer of toronto? Thanks.,How do I extend my study permit?,0,487,459,dev,hard
"Hi, where can get practicum data for international students?",Where can I find practicum information for International Students?,1,488,488,train,positive
"Hi, where can get practicum data for international students?",what subjects will I study in Dalla Lana School of Public Health at UOFT?,0,488,80,train,random
"Hi, where can get practicum data for international students?",Where do I find information about the practicum courses - SWK4701H Practicum 1 and SWK4702Y Practicum 2?,0,488,480,train,hard
"Hi, where can discover practicum data for international students?",Where can I find practicum information for International Students?,1,488,488,train,positive
"Hi, where can discover practicum data for international students?",How do I make sure I'm considered for scholarships? What scholarships are available to me?,0,488,366,train,random
"Hi, where can discover practicum data for international students?",Where do I find information about the practicum courses - SWK4701H Practicum 1 and SWK4702Y Practicum 2?,0,488,480,train,hard
Could you tell me where i see practicum data for international students?,Where can I find practicum information for International Students?,1,488,488,dev,positive
Could you tell me where i see practicum data for international students?,Can I register for Jump Start before I get my Winter Session housing offer?,0,488,319,dev,random
Could you tell me where i see practicum data for international students?,Where do I find information about the practicum courses - SWK4701H Practicum 1 and SWK4702Y Practicum 2?,0,488,480,dev,hard
how do i guarantee that be assigned to a unique practicum organization?,How do I ensure that I will be assigned to a specific practicum/organization?,1,489,489,train,positive
how do i guarantee that be assigned to a unique practicum organization?,What about residence members who smoke at night? Did you consider their safety having to go off campus?,0,489,311,train,random
how do i guarantee that be assigned to a unique practicum organization?,How am I matched to a practicum?,0,489,478,train,hard
Help needed: how do i secure will assigned to a particular practicum organization?,How do I ensure that I will be assigned to a specific practicum/organization?,1,489,489,train,positive
Help needed: how do i secure will assigned to a particular practicum organization?,what kind of research is done in Music at UOFT?,0,489,235,train,random
Help needed: how do i secure will assigned to a particular practicum organization?,"I was confirmed to start practicum at a particular organization, and it is now cancelled. What happened?",0,489,496,train,hard
Help needed: how ascertain i will be assigned a unique practicum organization?,How do I ensure that I will be assigned to a specific practicum/organization?,1,489,489,dev,positive
Help needed: how ascertain i will be assigned a unique practicum organization?,what kind of research is done in Master of Landscape Architecture at UOFT?,0,489,119,dev,random
Help needed: how ascertain i will be assigned a unique practicum organization?,How am I matched to a practicum?,0,489,478,dev,hard
i reviewed your partner organizations on the fifsw site why is that i do not look a special practicum in year s alternative? Thanks.,I reviewed your Partner Organizations on the FIFSW website. Why is it that I do not see a particular practicum in this year's options?,1,490,490,train,positive
i reviewed your partner organizations on the fifsw site why is that i do not look a special practicum in year s alternative? Thanks.,How do I become a Field Instructor?,0,490,500,train,random
i reviewed your partner organizations on the fifsw site why is that i do not look a special practicum in year s alternative? Thanks.,I finished my practicum. Why do I still have IPR on my grade transcript?,0,490,499,train,hard
Help needed: i reviewed your partner organizations on the fifsw site why that not realize a special practicum in this year s alternative?,I reviewed your Partner Organizations on the FIFSW website. Why is it that I do not see a particular practicum in this year's options?,1,490,490,train,positive
Help needed: i reviewed your partner organizations on the fifsw site why that not realize a special practicum in this year s alternative?,How am I matched to a practicum?,0,490,478,train,random
Help needed: i reviewed your partner organizations on the fifsw site why that not realize a special practicum in this year s alternative?,"My degree includes transfer credit/exchange study, is a transcript for that needed?",0,490,257,train,hard
i reviewed your partner organizations on fifsw site why is it that i do not find a specific practicum this year s alternative?,I reviewed your Partner Organizations on the FIFSW website. Why is it that I do not see a particular practicum in this year's options?,1,490,490,dev,positive
i reviewed your partner organizations on fifsw site why is it that i do not find a specific practicum this year s alternative?,how can I apply to Kawaskimhon Moot at UOFT?,0,490,231,dev,random
i reviewed your partner organizations on fifsw site why is it that i do not find a specific practicum this year s alternative?,How do I ensure that I will be assigned to a specific practicum/organization?,0,490,489,dev,hard
Quick question: can i ascertain that i am put in a hospital setting?,Can I ensure that I am placed in a hospital setting?,1,491,491,train,positive
Quick question: can i ascertain that i am put in a hospital setting?,what subjects will I study in Adult Education and Community Development at UOFT?,0,491,20,train,random
Quick question: can i ascertain that i am put in a hospital setting?,How am I matched to a practicum?,0,491,478,train,hard
Quick question: can i ascertain that i am put a hospital setting?,Can I ensure that I am placed in a hospital setting?,1,491,491,train,positive
Quick question: can i ascertain that i am put a hospital setting?,What if it's really difficult for me to get an academic (or professional) letter of reference?,0,491,259,train,random
Quick question: can i ascertain that i am put a hospital setting?,How am I matched to a practicum?,0,491,478,train,hard
can i insure that i am put in hospital setting?,Can I ensure that I am placed in a hospital setting?,1,491,491,dev,positive
can i insure that i am put in hospital setting?,what can I do with a degree in Urban Innovation from UOFT?,0,491,140,dev,random
can i insure that i am put in hospital setting?,How am I matched to a practicum?,0,491,478,dev,hard
Quick question: can exhaustive both of my practicums at hospitals in toronto?,Can I complete both of my practicums at hospitals in Toronto?,1,492,492,train,positive
Quick question: can exhaustive both of my practicums at hospitals in toronto?,what can I do with a degree in Art History from UOFT?,0,492,88,train,random
Quick question: can exhaustive both of my practicums at hospitals in toronto?,Do you offer practicums outside of Toronto?,0,492,487,train,hard
Could you tell me can i thorough both of my practicums at hospitals in toronto?,Can I complete both of my practicums at hospitals in Toronto?,1,492,492,train,positive
Could you tell me can i thorough both of my practicums at hospitals in toronto?,what subjects will I study in Language and Literacies Education at UOFT?,0,492,118,train,random
Could you tell me can i thorough both of my practicums at hospitals in toronto?,Do you offer practicums outside of Toronto?,0,492,487,train,hard
Quick question: can i exhaustive both of my practicums hospitals toronto?,Can I complete both of my practicums at hospitals in Toronto?,1,492,492,dev,positive
Quick question: can i exhaustive both of my practicums hospitals toronto?,What is an Extra?,0,492,392,dev,random
Quick question: can i exhaustive both of my practicums hospitals toronto?,Do you offer practicums outside of Toronto?,0,492,487,dev,hard
Could you tell me what happens i do not take an interview at one of selection?,What happens if I don't get an interview at one of my choices?,1,493,493,train,positive
Could you tell me what happens i do not take an interview at one of selection?,How do I know if I require a TOEFL score?,0,493,262,train,random
Could you tell me what happens i do not take an interview at one of selection?,Why is my work/volunteer experience not considered when I am matched for an interview?,0,493,494,train,hard
what happens if do not find an interview at one of my selection? Any idea?,What happens if I don't get an interview at one of my choices?,1,493,493,train,positive
what happens if do not find an interview at one of my selection? Any idea?,Where do I collect my graduation gown?,0,493,275,train,random
what happens if do not find an interview at one of my selection? Any idea?,Why is my work/volunteer experience not considered when I am matched for an interview?,0,493,494,train,hard
what happens if i do not find an interview one of my selection?,What happens if I don't get an interview at one of my choices?,1,493,493,dev,positive
what happens if i do not find an interview one of my selection?,what kind of research is done in Global Professional Law at UOFT?,0,493,220,dev,random
what happens if i do not find an interview one of my selection?,Why is my work/volunteer experience not considered when I am matched for an interview?,0,493,494,dev,hard
Quick question: why work volunteer experience not considered when paired for interview?,Why is my work/volunteer experience not considered when I am matched for an interview?,1,494,494,train,positive
Quick question: why work volunteer experience not considered when paired for interview?,I'm having trouble logging in to Join U of T. What should I do?,0,494,341,train,random
Quick question: why work volunteer experience not considered when paired for interview?,What happens if I don't get an interview at one of my choices?,0,494,493,train,hard
Could you tell me why is my work volunteer experience not considered i am paired interview?,Why is my work/volunteer experience not considered when I am matched for an interview?,1,494,494,train,positive
Could you tell me why is my work volunteer experience not considered i am paired interview?,"I'm an international student, and this will be my first time studying in Canada. How can I prepare for arrival?",0,494,472,train,random
Could you tell me why is my work volunteer experience not considered i am paired interview?,What happens if I don't get an interview at one of my choices?,0,494,493,train,hard
"Hi, why my work volunteer experience not considered when am paired for an interview?",Why is my work/volunteer experience not considered when I am matched for an interview?,1,494,494,dev,positive
"Hi, why my work volunteer experience not considered when am paired for an interview?",What program of study should I apply to?,0,494,240,dev,random
"Hi, why my work volunteer experience not considered when am paired for an interview?","If I am not eligible for my program choice at U of T Mississauga, will I be considered for an alternate offer?",0,494,339,dev,hard
can i barter practicums a classmate after been assigned?,Can I trade practicums with a classmate after I have been assigned?,1,495,495,train,positive
can i barter practicums a classmate after been assigned?,I am interested in pursuing two majors during my undergraduate studies that fall within two different admission categories at U of T Mississauga (ie. Biology and History). How do I know which admission category I should apply to on OUAC?,0,495,333,train,random
can i barter practicums a classmate after been assigned?,How do I ensure that I will be assigned to a specific practicum/organization?,0,495,489,train,hard
Quick question: can i barter practicums with classmate after have been assigned?,Can I trade practicums with a classmate after I have been assigned?,1,495,495,train,positive
Quick question: can i barter practicums with classmate after have been assigned?,Can transfer students participate in the Jump Start program?,0,495,322,train,random
Quick question: can i barter practicums with classmate after have been assigned?,"I have been admitted; however, I have a few questions before I make the final decision. Who do I need to contact?",0,495,447,train,hard
can swap practicums with classmate after i have assigned? Thanks.,Can I trade practicums with a classmate after I have been assigned?,1,495,495,dev,positive
can swap practicums with classmate after i have assigned? Thanks.,what subjects will I study in FASE Technical Emphases at UOFT?,0,495,185,dev,random
can swap practicums with classmate after i have assigned? Thanks.,Can I complete both of my practicums at hospitals in Toronto?,0,495,492,dev,hard
i was official to beginning practicum at a peculiar organization and it now cancelled what occur? Thanks.,"I was confirmed to start practicum at a particular organization, and it is now cancelled. What happened?",1,496,496,train,positive
i was official to beginning practicum at a peculiar organization and it now cancelled what occur? Thanks.,How long does it take CIC to process my application?,0,496,453,train,random
i was official to beginning practicum at a peculiar organization and it now cancelled what occur? Thanks.,"I was offered admission to one program, but now I want to transfer to another. Can I?",0,496,269,train,hard
Could you tell me i was official commence practicum a special organization and it is now cancelled occur?,"I was confirmed to start practicum at a particular organization, and it is now cancelled. What happened?",1,496,496,train,positive
Could you tell me i was official commence practicum a special organization and it is now cancelled occur?,"I am taking a course outside of my regular day high school, in summer school/night school, online, or private school. Will this affect my admission?",0,496,351,train,random
Could you tell me i was official commence practicum a special organization and it is now cancelled occur?,How do I ensure that I will be assigned to a specific practicum/organization?,0,496,489,train,hard
i was official commence practicum a specific organization and it is now cancelled what occur?,"I was confirmed to start practicum at a particular organization, and it is now cancelled. What happened?",1,496,496,dev,positive
i was official commence practicum a specific organization and it is now cancelled what occur?,Can I participate in the Jump Start program?,0,496,318,dev,random
i was official commence practicum a specific organization and it is now cancelled what occur?,How do I ensure that I will be assigned to a specific practicum/organization?,0,496,489,dev,hard
Could you tell me what is an ffl?,What is an FFL?,1,497,497,train,positive
Could you tell me what is an ffl?,can you explain the structure of Child Study and Education at UOFT?,0,497,33,train,random
Could you tell me what is an ffl?,What is an Exclusion?,0,497,391,train,hard
"Hi, what ffl?",What is an FFL?,1,497,497,train,positive
"Hi, what ffl?",Can I get my transcripts back?,0,497,429,train,random
"Hi, what ffl?",What is UTAlert?,0,497,283,train,hard
Help needed: what is an ffl?,What is an FFL?,1,497,497,dev,positive
Help needed: what is an ffl?,"what are the career prospects for Bachelor of Arts, Visual Studies graduates from UOFT?",0,497,212,dev,random
Help needed: what is an ffl?,"My degree includes transfer credit/exchange study, is a transcript for that needed?",0,497,257,dev,hard
Help needed: how can have feedback about practicum correlate topic?,How can I give feedback about practicum-related issues?,1,498,498,train,positive
Help needed: how can have feedback about practicum correlate topic?,what subjects will I study in Educational Leadership and Policy at UOFT?,0,498,122,train,random
Help needed: how can have feedback about practicum correlate topic?,Where do I find information about the practicum courses - SWK4701H Practicum 1 and SWK4702Y Practicum 2?,0,498,480,train,hard
how can i have feedback about practicum correlate topic? Thanks.,How can I give feedback about practicum-related issues?,1,498,498,train,positive
how can i have feedback about practicum correlate topic? Thanks.,what kind of research is done in PhD in Forestry at UOFT?,0,498,174,train,random
how can i have feedback about practicum correlate topic? Thanks.,Where do I find information about the practicum courses - SWK4701H Practicum 1 and SWK4702Y Practicum 2?,0,498,480,train,hard
how can i impart feedback practicum connected topic? Any idea?,How can I give feedback about practicum-related issues?,1,498,498,dev,positive
how can i impart feedback practicum connected topic? Any idea?,What is the deadline to request changes to my transfer credit assessment?,0,498,386,dev,random
how can i impart feedback practicum connected topic? Any idea?,How am I matched to a practicum?,0,498,478,dev,hard
Help needed: i finished my practicum why do even have ipr tier copy?,I finished my practicum. Why do I still have IPR on my grade transcript?,1,499,499,train,positive
Help needed: i finished my practicum why do even have ipr tier copy?,what are the admission requirements for Physical Therapy at UOFT?,0,499,206,train,random
Help needed: i finished my practicum why do even have ipr tier copy?,Where do I find information about the practicum courses - SWK4701H Practicum 1 and SWK4702Y Practicum 2?,0,499,480,train,hard
Help needed: i finished my practicum why do i nonetheless ipr on my class copy?,I finished my practicum. Why do I still have IPR on my grade transcript?,1,499,499,train,positive
Help needed: i finished my practicum why do i nonetheless ipr on my class copy?,Can I change my course timetable?,0,499,465,train,random
Help needed: i finished my practicum why do i nonetheless ipr on my class copy?,Can I find my own practicum?,0,499,482,train,hard
Help needed: i finished practicum why do i even have ipr my class copy?,I finished my practicum. Why do I still have IPR on my grade transcript?,1,499,499,dev,positive
Help needed: i finished practicum why do i even have ipr my class copy?,what can I do with a degree in Art History from UOFT?,0,499,88,dev,random
Help needed: i finished practicum why do i even have ipr my class copy?,Where do I find information about the practicum courses - SWK4701H Practicum 1 and SWK4702Y Practicum 2?,0,499,480,dev,hard
how do become a field instructor? Thanks.,How do I become a Field Instructor?,1,500,500,train,positive
how do become a field instructor? Thanks.,If I'm offered admission can I delay starting my program?,0,500,268,train,random
how do become a field instructor? Thanks.,"I have submitted my application but want to make a change, how do I do that?",0,500,343,train,hard
how i become field instructor? Thanks.,How do I become a Field Instructor?,1,500,500,train,positive
how i become field instructor? Thanks.,What should I do if I am unable to move into residence on September 1st as a Jump Start residence student?,0,500,327,train,random
how i become field instructor? Thanks.,how can I apply to Counselling and Clinical Psychology - Field in Clinical Psychology (UTSC) at UOFT?,0,500,137,train,hard
how become a field instructor? Any idea?,How do I become a Field Instructor?,1,500,500,dev,positive
how become a field instructor? Any idea?,what subjects will I study in Biotechnology at UOFT?,0,500,62,dev,random
how become a field instructor? Any idea?,Are any courses offered online?,0,500,466,dev,hard
