id,question,answer,category,source,source_type
1,How can I use my mobile number to login on the Flipkart mobile app?,"To log into the Flipkart mobile app, update your mobile number from your Flipkart account on our website with these simples steps: 1. Go to My Account › Settings › Update Email/Mobile 2. Add your mobile number 3. Enter the OTP received on your registered mobile number 4. Select 'Save Changes'",accounts,https://www.flipkart.com/helpcentre?catalog=55cddc57b000002c002c170b&faq=55c2044aa900003c00b9992d&view=FAQ,official_web_via_public_dataset
2,What should I do if I don't get the invoice for my order?,Sellers send a hard copy of the invoice in the shipments. A soft copy is also emailed to you within 24 hours of delivery in the delivery confirmation email sent to your registered email ID. You can also visit My Account › My Orders page to get invoices for your orders.,orders,https://www.flipkart.com/helpcentre?catalog=55c9cf49b0000024002c1703&faq=55bf683aab00003800e35487&view=FAQ,official_web_via_public_dataset
3,How is 'Credit Card No Cost EMI' different from 'Credit Card EMI' payment mode?,"For 'Credit Card EMI', you are charged a non-refundable interest based on the tenure of your EMI plan whereas with 'Credit Card No Cost EMI', although interest is charged, you get an instant discount from the seller for the amount you pay as interest to the bank.",payments,https://www.flipkart.com/helpcentre?catalog=57aad44e1200002e00e98c06&faq=579afff7120000310061c439&view=FAQ,official_web_via_public_dataset
4,If I have found a security Bug/Vulnerability/Issue what should I do?,"We take security very seriously at Flipkart. If you have found an issue on Flipkart, you can report it to security@flipkart.com with the below details: 1. Steps to reproduce the bug/issue 2. Your web browser/mobile browser's name and version 3. Screenshot/screencast (if any).",privacy_security,https://www.flipkart.com/helpcentre?catalog=55cde08e6000003900cb5093&faq=55c0a9bcb0000044002c16f7&view=FAQ,official_web_via_public_dataset
5,What is the process after paying the ex-showroom price for Ampere Magnus EX on Flipkart?,"Once you've paid the ex-showroom price for the 2-wheeler on Flipkart, the authorised dealer will contact you within 48 hours to initiate the process of registration. After this, you will need to visit the brand authorised dealer to submit the required documents and within the next 7-10 days, the 2-wheeler will be handed over to you at the authorised dealer's location.",products,https://www.flipkart.com/helpcentre?catalog=6308ea59f86ae76c18b1420d&faq=6308eec664d0b60fba08c405&view=FAQ,official_web_via_public_dataset
6,What does it mean if a store displays a SuperCoin Pay QR code?,"SuperCoin Pay feature allows you to make payment for the product purchased at a third-party partner store and to redeem SuperCoins in the SuperCoin Zone of your Flipkart account. To use this feature, open the QR code scanner available in the SuperCoin Zone on the app and scan the QR code to be directed to the payment page.",promotions_rewards,https://www.flipkart.com/helpcentre?catalog=5f295ded4052815c7aef207e&faq=5f8e749f39ee360fc4421d0b&view=FAQ,official_web_via_public_dataset
7,I have requested for a return for my item. When will it happen?,You can now track the status of your return easily right from your Flipkart account or mobile app. Just visit the 'My Orders' page to see its status along with the date of pick-up and status of your refund if applicable. You will also receive an email & SMS with the details of your return.,returns_refunds,https://www.flipkart.com/helpcentre?catalog=55c9c6edb000002e002c1701&faq=55bf6682ab00002c00e35485&view=FAQ,official_web_via_public_dataset
8,What can I write in product reviews?,Customer reviews should be relevant to the product in question. The product review section on Flipkart is for you to share your opinion on the product & for other shoppers to have an informed buying decision.,reviews,https://www.flipkart.com/helpcentre?catalog=55cc919da900003900b99941&faq=565e9cac6f000024003bd9d6&view=FAQ,official_web_via_public_dataset
9,Can I use the Cash on Delivery payment option for every product I buy on Flipkart?,"The availability of Cash on Delivery option depends on factors like the delivery pincode, type of products etc. Please enter your pincode on the product page to check if CoD is available at your location. If this option is available for your pincode, you can shop for products up to ₹49,999 using this.",shipping_delivery,https://www.flipkart.com/helpcentre?catalog=55bf48f4d00000490011ffa5&faq=55e9422f5c0000220041b33c&view=FAQ,official_web_via_public_dataset
10,Should I call Flipkart's Customer Care for installation once my product is delivered?,"To make sure that you have a smooth and hassle-free experience, the installation is automatically arranged for your product by the seller within 2-5 business after the item is delivered. You will also get an SMS with the exact installation details after delivery.",warranties_installation,https://www.flipkart.com/helpcentre?catalog=55c9cf49b0000024002c1703&faq=55bf2c98d00000420011ff95&view=FAQ,official_web_via_public_dataset
11,Where can I check the expiry related details of my Flipkart Plus membership?,You can view the details of your membership by following these simple steps: For App- Log in to your account- Click on Flipkart Plus logo For Website- Log in to your account- Click on 'My Account'- Go to 'Flipkart Plus Zone' To know more about the program click here For more information on SuperCoins click here,accounts,https://www.flipkart.com/helpcentre?catalog=5b5edbf548000027009e432b&faq=5b612bd51300001900653942&view=FAQ,official_web_via_public_dataset
12,Can I club my orders from different sellers to be delivered together?,"Currently, there is no option to club orders from different sellers to be delivered together as sellers could be located in different locations and the delivery timelines would vary based on their partnered courier service providers. To ensure your items reach you at the earliest, each seller ships their products as per their individual timelines.",orders,https://www.flipkart.com/helpcentre?catalog=55c9c8e2b0000023002c1702&faq=5b34dc5e1400001500f63e31&view=FAQ,official_web_via_public_dataset
13,How can I unlink a Gift Card which is added to my wallet?,"To unlink your Gift Card, transfer it to yourself by using the 'Transfer this Gift Card' option and enter your email ID. The Card ID and PIN will be sent to you while the Gift Card is unlinked from your Wallet. It can then be added to another person's Flipkart account.",payments,https://www.flipkart.com/helpcentre?catalog=564964546e00002f0073d516&faq=56d997711200003c008b03be&view=FAQ,official_web_via_public_dataset
14,What is the process after paying the ex-showroom price for a BGauss 2-wheeler on Flipkart?,"Once you've paid the ex-showroom price for the 2-wheeler on Flipkart, the authorised dealer will contact you within 48 hours to initiate the process of registration. After this, you will need to visit the brand authorised dealer to submit the required documents and within the next 7-10 days, the 2-wheeler will be handed over to you at the authorised dealer's location.",products,https://www.flipkart.com/helpcentre?catalog=632beac264d0b60fba412142&faq=632bf56c64d0b60fba416ee4&view=FAQ,official_web_via_public_dataset
15,I didn’t get the Gift Card I ordered for. What should I do?,"Please check your inbox and spam folder for the Gift Card. If you don’t find the card in spite of this, you can get the card details from your Flipkart account. To do this, Visit your Orders Go the order for the Gift Card Click on resend Gift Card details",promotions_rewards,https://www.flipkart.com/helpcentre?catalog=564964546e00002f0073d516&faq=55f2a5965c00003700342bce&view=FAQ,official_web_via_public_dataset
16,Can I cancel the order that I paced by redeeming SuperCoin through the SuperCoin Pay feature?,"Yes, orders placed by redeeming SuperCoins through SuperCoin Pay feature can be cancelled as per the cancellation policy of the third-party partner store at which the transaction was made. Kindly contact the partner store for more details. For purchases on Flipkart platform, please refer to the cancellation policy of the product.",returns_refunds,https://www.flipkart.com/helpcentre?catalog=5f295ded4052815c7aef207e&faq=5f8ed6f3952a4e7984822fb2&view=FAQ,official_web_via_public_dataset
17,Why is the 'Cash on Delivery' payment mode not available at my location?,Availability of the 'Cash on Delivery' payment mode depends on the courier services delivering to your location. Please enter your pincode on the product page to check if this payment mode is available at your location. Courier service providers also have limits on the amount you can pay through cash on delivery based on the destination and your order could have exceeded this limit.,shipping_delivery,https://www.flipkart.com/helpcentre?catalog=55c9cf49b0000024002c1703&faq=55bf0ebbab00003400e3546d&view=FAQ,official_web_via_public_dataset
18,There is no seal on the warranty card I got. How will I claim warranty?,The seal on the warranty card is not mandatory for the warranty to be valid. The invoice you received along with the product can be used to claim warranty for the product as it has the details of your purchase.,warranties_installation,https://www.flipkart.com/helpcentre?catalog=563ae4ae6f00001e0035fd12&faq=5639c7bc6f0000250035c347&view=FAQ,official_web_via_public_dataset
19,Can I buy more than one Ampere vehicle in my name/same Flipkart account?,"No, only one vehicle can be purchased through a Flipkart account. Please note, the price displayed on the product page includes subsidy provided by the central government and is linked to your Aadhar Card and that would mean that this price is applicable only for your first purchase of an electrical vehicle.",accounts,https://www.flipkart.com/helpcentre?catalog=6308ea59f86ae76c18b1420d&faq=6308f57d14e57550750a9bf3&view=FAQ,official_web_via_public_dataset
20,How can I trust that the groceries that will be delivered are quality checked and fresh?,"Groceries on Flipkart are available from top brands such as HUL, P&G, ITC etc. which are renowned for their quality products. Seller also checks the freshness of groceries when they receive the stock from vendors and before the dispatch of items in order to ensure that only the best produce and packaged groceries reach you.",orders,https://www.flipkart.com/helpcentre?catalog=55c9cf49b0000024002c1703&faq=59f85092140000290063b07c&view=FAQ,official_web_via_public_dataset
21,How can I pay for my order using the Bajaj Finserv payment mode?,"While paying for your order, choose 'Bajaj Finserv No Cost EMI' as the payment option & select the EMI plan of your choice from the available EMI plans. You can then complete the payment using your Bajaj Finserv EMI Card after OTP verification. Please note, the Bajaj Finserv EMI option will not be available if your cart contains more than 1 item.",payments,https://www.flipkart.com/helpcentre?catalog=5717798d1300001d0007d6e0&faq=5714707f15000039002770ed&view=FAQ,official_web_via_public_dataset
22,What is the process after paying the ex-showroom price for a Bounce 2-wheeler on Flipkart?,"Once you've paid the ex-showroom price for the 2-wheeler on Flipkart, the authorised dealer will contact you within 48 hours to initiate the process of registration. After this, you will need to visit the brand authorised dealer to submit the required documents and within the next 7-10 days, the 2-wheeler will be handed over to you at the authorised dealer's location.",products,https://www.flipkart.com/helpcentre?catalog=62da9d35aca9fa77e9e5c342&faq=62daa54a1c67763c20d1afae&view=FAQ,official_web_via_public_dataset
23,What subsidies are being offered by Ather and how to claim them?,"For Ather vehicles, the central subsidy is already included and you do not have to apply for it again. The authorised dealers will assist you with the state subsidies at the time of the vehicle delivery. (Note: All subsidy discounts will be provided to customers if they are first time electric scooter buyer).",promotions_rewards,https://www.flipkart.com/helpcentre?catalog=632bec61a0eaa942e1bed2d9&faq=632c03da64d0b60fba41d4d7&view=FAQ,official_web_via_public_dataset
24,"If I cancel or return an item from my order, will the SuperCoins credited be deducted?",SuperCoins calculation happens at the order level. You will get to know about the SuperCoins deducted after you've cancelled or returned an item as it will be recalculated on the basis of the updated order value. To know more about the program click here. For more information on SuperCoins click here,returns_refunds,https://www.flipkart.com/helpcentre?catalog=5b5edbf548000027009e432b&faq=5b6122e01000003100e9fca4&view=FAQ,official_web_via_public_dataset
25,Why do I see a shipping charge for an item with the Plus badge?,"Sellers may charge a nominal fee for shipping, even for products with the Plus badge, if the order is less than ₹ 500. Shipping is free for items with the Plus badge if the order value is more than ₹ 500.",shipping_delivery,https://www.flipkart.com/helpcentre?catalog=55c9c8e2b0000023002c1702&faq=57b56bd61300003500456aae&view=FAQ,official_web_via_public_dataset
26,I don't remember the warranty details for my product. Where can I find it?,You can check the brand website for the warranty details of your product. The product invoice can be used to claim the services from any Authorised Service Centre.,warranties_installation,https://www.flipkart.com/helpcentre?catalog=563ae4ae6f00001e0035fd12&faq=5639e9801900003300fb7f35&view=FAQ,official_web_via_public_dataset
27,Can I buy more than one BGauss 2-wheeler in my name/same Flipkart account?,"No, only one vehicle can be purchased through a Flipkart account. Please note, the price displayed on the product page includes subsidy provided by the central government and is linked to your Aadhaar Card and that would mean that this price is applicable only for your first purchase of an electrical vehicle.",accounts,https://www.flipkart.com/helpcentre?catalog=632beac264d0b60fba412142&faq=632c0b8e14e5755075430694&view=FAQ,official_web_via_public_dataset
28,What should I do if my order is approved but hasn't been shipped yet?,Sellers usually ship orders 1-2 business days before the delivery date so that they reach you on time. In case your order hasn't been shipped within this time please contact our Customer Support so that we can look into it.,orders,https://www.flipkart.com/helpcentre?catalog=55c9cf49b0000024002c1703&faq=55f2a53f5c00003200342b9c&view=FAQ,official_web_via_public_dataset
29,How is Bajaj Finserv payment mode different from the credit card EMI payment mode?,"In credit card EMIs, banks charge an interest rate based on the EMI plan chosen whereas Bajaj Finserv EMI Card holders are not charged any interest on the EMI. Unlike other credit card based EMI options, you don't need to have a credit card to avail EMI plans. The EMI payments are deducted by Bajaj Finserv from your bank account linked to the Bajaj Finserv EMI Card.",payments,https://www.flipkart.com/helpcentre?catalog=5717798d1300001d0007d6e0&faq=57146e441200003200db573d&view=FAQ,official_web_via_public_dataset
30,What is the process after paying the ex-showroom price for an Ather 2-wheeler on Flipkart?,"Once you've paid the ex-showroom price for the 2-wheeler on Flipkart, the authorised dealer will contact you within 48 hours to initiate the process of registration. After this, you will need to visit the brand authorised dealer to submit the required documents and within the next 7-10 days, the 2-wheeler will be handed over to you at the authorised dealer's location.",products,https://www.flipkart.com/helpcentre?catalog=632bec61a0eaa942e1bed2d9&faq=632bf72c64d0b60fba4177db&view=FAQ,official_web_via_public_dataset
31,How long will the benefit be unlocked as part of my SuperCoin Milestones?,"Once you reach the specified Milestone by earning required number of SuperCoins and unlock a benefit, it will be available for a year. However, if you have the required number of SuperCoins even after a year, the benefit you have unlocked will be automatically renewed for another year.",promotions_rewards,https://www.flipkart.com/helpcentre?catalog=5f295ded4052815c7aef207e&faq=5f75fc52e1118c3df3dd1149&view=FAQ,official_web_via_public_dataset
32,"If I request for a replacement, when will I get it?","Visit My Orders to check the status of your replacement. In most locations, the replacement item is delivered to you at the time of pick-up. In all other areas, the replacement is initiated after the originally delivered item is picked up. Please check the SMS & email we send you for your replacement request for more details.",returns_refunds,https://www.flipkart.com/helpcentre?catalog=55c9c6edb000002e002c1701&faq=564974431900003000fe6504&view=FAQ,official_web_via_public_dataset
33,How long do I have to pick up my shipment from the pick-up store?,"You can pick up your shipment within 5 days of the order arriving at the pick-up store. If you are on vacation, or can't pick it up within 5 days, you can contact our Customer Support to schedule the pickup at a later date. In case the shipment is not picked up within this time, the store will return the item to the seller and the order will be cancelled.",shipping_delivery,https://www.flipkart.com/helpcentre?catalog=56614d156e00003000775aee&faq=55c1f673b0000038002c16fc&view=FAQ,official_web_via_public_dataset
34,What are the charges applicable for warranty claim in case of a refurbished product?,Services covered under the warranty will be provided without any charge. You can find more details about the services in the product page or the warranty card provided.,warranties_installation,https://www.flipkart.com/helpcentre?catalog=60ebdbb4fffadf02fcf1231c&faq=60ebe31ffffadf02fcf1331b&view=FAQ,official_web_via_public_dataset
35,Can I buy more than one Bounce vehicle in my name/same Flipkart account?,"No, only one vehicle can be purchased through a Flipkart account. Please note, the price displayed on the product page includes subsidy provided by the central government and is linked to your Aadhar Card and that would mean that this price is applicable only for your first purchase of an electrical vehicle.",accounts,https://www.flipkart.com/helpcentre?catalog=62da9d35aca9fa77e9e5c342&faq=62dacd9c72a08c713279822a&view=FAQ,official_web_via_public_dataset
36,Are there any hidden charges (Octroi or Sales Tax) when I shop on Flipkart?,There are NO hidden charges when you shop on Flipkart. The price you see on the product page is final and it's exactly what you pay. Note: There can be additional delivery charges based on the seller's policy.,orders,https://www.flipkart.com/helpcentre?catalog=55c9c8e2b0000023002c1702&faq=55bb489d31000028007864cc&view=FAQ,official_web_via_public_dataset
37,How can I add a card label to my saved card?,"You can specify a card label at the time of saving a card on Flipkart through the My Account section. If you did not specify any card label at the time of saving the card, you can still add/edit the label anytime through the ""My Saved Cards"" menu in the My Account section on Flipkart.",payments,https://www.flipkart.com/helpcentre?catalog=55bf48f4d00000490011ffa5&faq=5ae1a7be4e00001c008325c8&view=FAQ,official_web_via_public_dataset
38,What is the advantage of buying a Hero MotoCorp 2-wheeler vehicle through Flipkart?,"If you choose to buy 2 wheeler on Flipkart, then the vehicle will be delivered to you within 15 days by the brand authorised dealers. In case you book the vehicle at a showroom, it may take up to 90 days for the vehicle to be delivered.",products,https://www.flipkart.com/helpcentre?catalog=632fc25214e57550754db0d8&faq=632fcdccf86ae76c18f429c9&view=FAQ,official_web_via_public_dataset
39,What subsidies are being offered by Ampere and how to claim them?,"For Bounce vehicles, the central subsidy is already included and you do not have to apply for it again. The authorised dealers will assist you with the state subsidies at the time of the vehicle delivery. (Note: All subsidy discounts will be provided to customers if they are first-time electric scooter buyer).",promotions_rewards,https://www.flipkart.com/helpcentre?catalog=6308ea59f86ae76c18b1420d&faq=6308f321a0eaa942e18712ab&view=FAQ,official_web_via_public_dataset
40,Can I return my Ather 2-wheeler in case I receive a damaged vehicle?,"While Ather ensures stringent quality check before the delivery of the vehicle, it is recommended that you check the vehicle thoroughly at the dealer's location before accepting the delivery. In the unlikely event of the vehicle having any issue, you can contact the brand at 8882118118 or you can choose to write to them at info@atherenergy.com. You can also check with the brand authorised dealer for assistance.",returns_refunds,https://www.flipkart.com/helpcentre?catalog=632bec61a0eaa942e1bed2d9&faq=632d1a9764d0b60fba454056&view=FAQ,official_web_via_public_dataset
41,Is a pick-up store option better than having the shipment sent directly to me?,Pick-up stores are an option is for those who want to collect their orders at leisure. It works great for those who can't receive shipments at home or offices at the specific moment the courier executive calls.,shipping_delivery,https://www.flipkart.com/helpcentre?catalog=56614d156e00003000775aee&faq=55c1fc31a900004100b9992a&view=FAQ,official_web_via_public_dataset
42,I didn't get a warranty card with my product. How can I get the warranty?,You need not have a warranty card to claim warranty for your product. Please use the invoice which can be used to avail warranty at any authorised service centre of the brand.,warranties_installation,https://www.flipkart.com/helpcentre?catalog=563ae4ae6f00001e0035fd12&faq=5639c8472200003a00e70306&view=FAQ,official_web_via_public_dataset
43,Can I buy more than one Ather 2-wheeler through the same Flipkart account?,"No, only one vehicle can be purchased through a Flipkart account. Please note, the price displayed on the product page includes subsidy provided by the central government and is linked to your Aadhaar Card and that would mean that this price is applicable only for your first purchase of electrical vehicle.",accounts,https://www.flipkart.com/helpcentre?catalog=632bec61a0eaa942e1bed2d9&faq=632d1b2d14e5755075462150&view=FAQ,official_web_via_public_dataset
44,How do I get invoices for my previous orders without having to check my e-mails?,"You can easily send invoices to your email ID from your Flipkart account. To do so, visit My Account › Orders, choose the order for which you'd like the invoice for and click on the 'E-mail Invoice' option.",orders,https://www.flipkart.com/helpcentre?catalog=55c9cf49b0000024002c1703&faq=55c042d66000003100cb5061&view=FAQ,official_web_via_public_dataset
45,How can I pay for my order using the 'Credit Card No Cost EMI' payment mode?,You can pay for your order using the 'Credit Card No Cost EMI' payment mode by following these simple steps: Add item(s) to your cart. Go to 'Payments'. Choose EMI › No Cost EMI. Select the bank & credit card of your choice and complete the payment.,payments,https://www.flipkart.com/helpcentre?catalog=57aad44e1200002e00e98c06&faq=579b00400e00002800ace4d3&view=FAQ,official_web_via_public_dataset
46,What is the process after paying the ex-showroom price for a Hero MotoCorp 2-wheeler on Flipkart?,"Once you've paid the ex-showroom price for the 2-wheeler on Flipkart, the authorised dealer will contact you within 48 hours to initiate the process of registration. After this, you will need to visit the brand authorised dealer to submit the required documents and within the next 7-10 days, the 2-wheeler will be handed over to you at the authorised dealer's location.",products,https://www.flipkart.com/helpcentre?catalog=632fc25214e57550754db0d8&faq=632fcec864d0b60fba4d3200&view=FAQ,official_web_via_public_dataset
47,What subsidies are being offered by BGauss and how to claim them?,"For BGauss vehicles, the central subsidy is already included and you do not have to apply for it again. The authorised dealers will assist you with the state subsidies at the time of the vehicle delivery. (Note: All subsidy discounts will be provided to customers if they are first-time electric scooter buyer).",promotions_rewards,https://www.flipkart.com/helpcentre?catalog=632beac264d0b60fba412142&faq=632bfdf064d0b60fba41ad81&view=FAQ,official_web_via_public_dataset
48,Can I drop off an item I want to return at the pick-up store?,"Pick-up stores are not authorised to accept items for returns yet. To return items, please raise a request from the 'My Orders' section of your Flipkart account and wait for more details via email and SMS.",returns_refunds,https://www.flipkart.com/helpcentre?catalog=56614d156e00003000775aee&faq=55c1e5da6000002f00cb507c&view=FAQ,official_web_via_public_dataset
49,How can I add a new delivery address to my Flipkart account?,"To add a new delivery address, follow these simple steps:1. Log into your Flipkart account 1. Log into your Flipkart account2. Go to My Account › Settings › Addresses3. Add details of your new address 4. Choose 'Save Changes'",shipping_delivery,https://www.flipkart.com/helpcentre?catalog=55cddc57b000002c002c170b&faq=55f2a3625c000020004513cd&view=FAQ,official_web_via_public_dataset
50,Will warranty be applicable for my product since I bought it online?,"At Flipkart, all our sellers offer products from authorised vendors or brands directly and are 100% genuine. Rest assured, products will have the applicable warranty from brands as confirmed on the product page.",warranties_installation,https://www.flipkart.com/helpcentre?catalog=563ae4ae6f00001e0035fd12&faq=55bf67ef1f000023007dbeaf&view=FAQ,official_web_via_public_dataset
51,How can I change the email ID linked with my Flipkart account?,"To change the email ID associated with your Flipkart account, follow these simple steps on our website: 1. Log in to your Flipkart account2. Go to My Account › Settings › Update Email/Mobile3. Add the new email ID 4. Enter the verification code sent to your old and new email IDs 5. Choose 'Save Changes'",accounts,https://www.flipkart.com/helpcentre?catalog=55cddc57b000002c002c170b&faq=55f2a3e45c00002b00342ad2&view=FAQ,official_web_via_public_dataset
52,Why do I see different prices for books with the same title?,"You can find various editions of books with the same title on Flipkart -- from paperbacks or hardcovers to collector's editions. Some of them are re-published/printed within India, while some editions are imported. The price of the titles varies based on this and the seller offering it. All other available editions and their prices for a particular title are mentioned on the respective product page under 'Other Editions'.",orders,https://www.flipkart.com/helpcentre?catalog=55c9c8e2b0000023002c1702&faq=55bf30d1ab00004500e35474&view=FAQ,official_web_via_public_dataset
53,What is the credit limit on the Bajaj Finserv card for shopping on Flipkart?,"The credit limit varies based on the type of Bajaj Finserv EMI Card you hold. For more details, please check Bajaj Finserv support FAQs here: https://www.bajajfinserv.in/insta-emi-card You can also contact Bajaj Finserv at 08698010101 for support.",payments,https://www.flipkart.com/helpcentre?catalog=5717798d1300001d0007d6e0&faq=571476ca120000210019d4c7&view=FAQ,official_web_via_public_dataset
54,What after sales services are being provided by Flipkart for Ather 2-wheelers?,"Please note, there will be no after sales services provided by Flipkart. Kindly contact the brand at 8882118118 or you can choose to write to them at info@atherenergy.com for any assistance needed after the purchase of the vehicle. You can also check with the brand authorised dealer.",products,https://www.flipkart.com/helpcentre?catalog=632bec61a0eaa942e1bed2d9&faq=632d1e6df86ae76c18ec8eb7&view=FAQ,official_web_via_public_dataset
55,What subsidies are being offered by Bounce and how to claim them?,"For Bounce vehicles, the central subsidy is already included and you do not have to apply for it again. The authorised dealers will assist you with the state subsidies at the time of the vehicle delivery. Note: All subsidy discounts will be provided to customers if they are first-time electric scooter buyer.",promotions_rewards,https://www.flipkart.com/helpcentre?catalog=62da9d35aca9fa77e9e5c342&faq=62dab1d9aca9fa77e9e5f740&view=FAQ,official_web_via_public_dataset
56,Can I cancel an order placed using the 'Credit Card No Cost EMI' payment option?,"Yes, you can cancel the order irrespective of the payment mode used for it. However, orders for certain items cannot be cancelled after 24 hours of order placement. Please check the seller's cancellation policy on the product page for details.",returns_refunds,https://www.flipkart.com/helpcentre?catalog=57aad44e1200002e00e98c06&faq=579b01101200002500e744b2&view=FAQ,official_web_via_public_dataset
57,I missed the delivery of my order today. What should I do?,The courier service delivering your order usually tries to deliver on the next business day in case you miss a delivery. You can check your SMS for more details on when the courier service will try to deliver again.,shipping_delivery,https://www.flipkart.com/helpcentre?catalog=55c9cf49b0000024002c1703&faq=55bf40a7d000003d0011ffa1&view=FAQ,official_web_via_public_dataset
58,Should I register the product with the brand to avail the warranty benefits on it?,"No, it's not necessary to register the product with the brand. The warranty is automatically valid from the date on the seller's invoice sent to you.",warranties_installation,https://www.flipkart.com/helpcentre?catalog=563ae4ae6f00001e0035fd12&faq=5639c7d56f0000270035c350&view=FAQ,official_web_via_public_dataset
59,Will I get early access to sale as I'm a Flipkart Plus customer?,"Yes, you will be able to access select sale events such as Big Billion Days, Big Shopping Days etc. for select products few hours prior to the sale event which will be communicated to you before the sale as per the applicable terms and conditions. To know more about the program click here For more information on SuperCoins click here",accounts,https://www.flipkart.com/helpcentre?catalog=5b5edbf548000027009e432b&faq=5b61239f6c000022008f3bc6&view=FAQ,official_web_via_public_dataset
60,"My package shows as delivered but I can't find it, what should I do?","If your tracking information shows that your package was delivered, but you can't find it: Check your phone for any notification about attempted delivery.See if any of your neighbours/friends/relatives/house owner/security guard has collected your product on your behalf.Wait until the end of the day— sometimes packages can show as delivered while still in transit. In the unlikely event of you still not being able to locate your item, please contact us and we will be happy to help.",orders,https://www.flipkart.com/helpcentre?catalog=55c9cf49b0000024002c1703&faq=5b34dce2120000300088ac3d&view=FAQ,official_web_via_public_dataset
61,How can I apply for Flipkart Axis Bank Credit Card? Am I eligible for the card?,"You can apply for the Flipkart Axis Bank Credit Card by visiting the Flipkart Home Page and clicking on 'Apply Now' on the banner or by going to the Flipkart Axis Bank Credit Card section under 'My Account'. Alternatively, you can apply for the card through Axis Bank's channels such as by visiting any of their branches, tablet sourcing, Axis Bank mobile banking app, etc.",payments,https://www.flipkart.com/helpcentre?catalog=5d27036a2100002900f9dc20&faq=5d2708082100001e002d04fb&view=FAQ,official_web_via_public_dataset
62,What charging options are available with Ather 2-wheelers. Is there a separate cost associated with it?,"For Ather vehicles, Ather Dot is ideal for home charging and it comes complimentary with Ather scooters. If you like you can also choose to buy a portable charger for Rs 12,500 including GST. For more details on charger related queries, please refer to the brand website.",products,https://www.flipkart.com/helpcentre?catalog=632bec61a0eaa942e1bed2d9&faq=632d1c37a0eaa942e1c2d5a1&view=FAQ,official_web_via_public_dataset
63,On what products will I get the option of 'SuperCoins Price'?,"The 'SuperCoins Price' option is available on select products sold by select sellers and will be visible on the product page along with the regular price. You can also use the filter option to search products with the 'SuperCoins Price' option. To know more about 'SuperCoins Price', please refer to the terms and conditions here.",promotions_rewards,https://www.flipkart.com/helpcentre?catalog=5b5edbf548000027009e432b&faq=5d1f3abe6700002d00393155&view=FAQ,official_web_via_public_dataset
64,Can I change the address for the pick-up the of item(s) in my order?,"If the pincode of the new address is serviceable for pick-up, the address can be changed while creating the return. The address cannot be changed in case the new address is not serviceable.",returns_refunds,https://www.flipkart.com/helpcentre?catalog=55c9c6edb000002e002c1701&faq=578c92951300001f005bfd82&view=FAQ,official_web_via_public_dataset
65,Can someone else collect an order on my behalf from a pick-up store?,"Yes, someone else can collect the order for you. To do this, the person will have to share the OTP sent to you by SMS and a vaild photo ID at the pick-up store.",shipping_delivery,https://www.flipkart.com/helpcentre?catalog=56614d156e00003000775aee&faq=55c1fcaf6000001b00cb507d&view=FAQ,official_web_via_public_dataset
66,How do I claim warranty services for refurbished products?,You can get in touch with the warranty service provider to claim services covered under the seller's warranty. Please check the warranty card you would have received with the product or the product page for contact details of the warranty service provider.,warranties_installation,https://www.flipkart.com/helpcentre?catalog=60ebdbb4fffadf02fcf1231c&faq=60ebe38ffffadf02fcf133f2&view=FAQ,official_web_via_public_dataset
67,What are the benefits of buying an item with a Plus badge?,Items with the Plus badge are extensively quality checked from storage to transit safe packaging and also comes along with fast & free delivery* from our best sellers. *Free shipping for orders above Rs. 500,accounts,https://www.flipkart.com/helpcentre?catalog=55c9c8e2b0000023002c1702&faq=57b56b2f1300001700456a92&view=FAQ,official_web_via_public_dataset
68,Can I order a product that is 'Out of Stock' or 'Temporarily Unavailable'?,The products listed as 'Out of Stock' or 'Temporarily Unavailable' are not available for sale. Please use the 'Notify Me' feature to be informed of the product's availability with sellers on Flipkart.,orders,https://www.flipkart.com/helpcentre?catalog=55c9c8e2b0000023002c1702&faq=55bf1392bc000027005be755&view=FAQ,official_web_via_public_dataset
69,What can I do if the balance in my wallet is not enough to pay for my order?,"You can pay part of the amount through your wallet and the remaining through any other prepaid payment modes like Credit/Debit Cards, and Flipkart Gift Cards. Please note that wallet cannot be combined with Cash/Card on Delivery (CoD) payment mode for now, and bank offers will not applicable for partial payments from the wallet.",payments,https://www.flipkart.com/helpcentre?catalog=55c9bc6bb000003f002c16ff&faq=56d95cc312000030008af318&view=FAQ,official_web_via_public_dataset
70,What is the advantage of buying a BGauss 2-wheeler vehicle through Flipkart?,"If you choose to buy 2 wheeler on Flipkart, then the vehicle will be delivered to you within 15 days by the brand authorised dealers. In case you book the vehicle at a showroom, it may take up to 90 days for the vehicle to be delivered.",products,https://www.flipkart.com/helpcentre?catalog=632beac264d0b60fba412142&faq=632bf491f86ae76c18e8cdc6&view=FAQ,official_web_via_public_dataset
71,"Some of my SuperCoins are expiring, how can I redeem them?",You can redeem your SuperCoins at the SuperCoin Zone to avail third-party benefits. You can also redeem them for discounts funded by third parties for products on Flipkart platform and at third-party partner stores based on terms and conditions. To know more about the program click here For more information on SuperCoins click here,promotions_rewards,https://www.flipkart.com/helpcentre?catalog=5b5edbf548000027009e432b&faq=5b612d0d6c00003f008f3f77&view=FAQ,official_web_via_public_dataset
72,How long will it take for a refund from Flipkart to my PhonePe wallet?,Refund to your PhonePe wallet is instant and will be credited to your wallet as soon as the pickup or a cancellation is confirmed by the sellers or courier service providers.,returns_refunds,https://www.flipkart.com/helpcentre?catalog=587390bf1800001400f0058e&faq=57be978c67000033004a7b86&view=FAQ,official_web_via_public_dataset
73,How to know if my area has self pick-up service?,"When you're placing an order with your address, choose the self-pickup option to see a list of possible stores where you can walk in & collect your shipments. In case your address doesn't have any pickup stores, you'll get a message which says, 'Self pickup not available in your location'. This option is currently available only on Android app at the moment.",shipping_delivery,https://www.flipkart.com/helpcentre?catalog=56614d156e00003000775aee&faq=55c1e78ca900004200b99925&view=FAQ,official_web_via_public_dataset
74,How will I claim warranty for refurbished products?,"All refurbished products on Flipkart are covered under a warranty and details are mentioned on the product page. To claim services covered under the seller's warranty, you can get in touch with the warranty service provider Xtra Cover using the contact details mentioned on the product page. The contact details will also be mentioned on the invoice that you will get when you buy the product.",warranties_installation,https://www.flipkart.com/helpcentre?catalog=60ebdbb4fffadf02fcf1231c&faq=60ebe083f8cda070b5982797&view=FAQ,official_web_via_public_dataset
75,How can I use a new email address to log in to my Flipkart account?,"To log in to your Flipkart account with a new email address, you can update your email ID with these simple steps: 1. Log in to your Flipkart account2. Go to My Account › Settings › Update Email/Mobile 3. Add the new email ID 4. Enter the verification code sent to the new email ID 5. Choose 'Save Changes' Please note, once your email address is updated, you'll no longer be able to sign in using your old email id.",accounts,https://www.flipkart.com/helpcentre?catalog=55cddc57b000002c002c170b&faq=564eb9ca7100003f00a64f87&view=FAQ,official_web_via_public_dataset
76,How do I know my order has been confirmed?,An e-mail & SMS will be sent once you've successfully placed your order. We'll also let you know as soon as the seller ships the item(s) to you along with the tracking number(s) for your shipment(s). You can track your orders from the 'My Orders' section on your Flipkart account. \n,orders,https://www.flipkart.com/helpcentre?catalog=55c9cf49b0000024002c1703&faq=55bf09421f00002f007dbe9e&view=FAQ,official_web_via_public_dataset
77,How can I track my order for the Bounce 2-wheeler after completing my payment on Flipkart?,Tracking your order for 2 wheeler on Flipkart is easy and can be done through the 'My Orders' section of your Flipkart account here: www.flipkart.com/account/orders You can also choose to contact the brand authorised dealer to know more about the status of your 2-wheeler.,payments,https://www.flipkart.com/helpcentre?catalog=62da9d35aca9fa77e9e5c342&faq=62dab03daca9fa77e9e5f315&view=FAQ,official_web_via_public_dataset
78,What is the advantage of buying an Ather 2-wheeler vehicle through Flipkart?,"If you choose to buy an Ather 2-wheeler on Flipkart, then the vehicle will be delivered to you within 15 days by the brand authorised dealers. In case you book the vehicle at a showroom, it may take upto 90 days for the vehicle to be delivered.",products,https://www.flipkart.com/helpcentre?catalog=632bec61a0eaa942e1bed2d9&faq=632bf651a0eaa942e1bf1511&view=FAQ,official_web_via_public_dataset
79,Which are the third-party partner stores where I can use SuperCoin Pay feature?,You can check out the list of third-party partner stores where you can use SuperCoin Pay feature and redeem SuperCoins by visiting the SuperCoin Zone. We are constantly working on expanding this list so you can avail this feature across a wide-range of stores.,promotions_rewards,https://www.flipkart.com/helpcentre?catalog=5f295ded4052815c7aef207e&faq=5f8e715839ee360fc4421918&view=FAQ,official_web_via_public_dataset
80,What should I do if I find the package open or tampered on delivery?,You can request for the item to be replaced by visiting 'My Orders'. Use the 'Return' option & fill out the details of the issue so that we can help you.,returns_refunds,https://www.flipkart.com/helpcentre?catalog=55c9c6edb000002e002c1701&faq=564982896f00003d0038be6f&view=FAQ,official_web_via_public_dataset
81,How will I know that my shipment has reached the pick-up store?,"Once your shipment has reached the pick-up store, you will be notified via email & SMS. A One Time Password (OTP) and a route map to the location of the pick-up store will also be shared with you.",shipping_delivery,https://www.flipkart.com/helpcentre?catalog=56614d156e00003000775aee&faq=55c1dc8db500003b003167ff&view=FAQ,official_web_via_public_dataset
82,What date does the warranty service apply for my refurbished product purchased on Flipkart?,The warranty for your refurbished product starts from the date mentioned on the seller's invoice.,warranties_installation,https://www.flipkart.com/helpcentre?catalog=60ebdbb4fffadf02fcf1231c&faq=60ebe3f4a532f960d539761f&view=FAQ,official_web_via_public_dataset
83,Where can I read more detailed terms and conditions of the Flipkart Plus program?,You can view detailed terms and conditions for Flipkart Plus program here To know more about terms and conditions of Plus Coins please click here,accounts,https://www.flipkart.com/helpcentre?catalog=5b5edbf548000027009e432b&faq=5b612c3814000022007b4104&view=FAQ,official_web_via_public_dataset
84,Who are all eligible for this GSTIN feature?,Customers that have GSTIN registered for their business entity can avail this feature. Please note that this is currently available on select products for business purchases sold by participating sellers. Customers can enter GSTIN and business entity name while placing the order to receive a tax invoice containing these details to claim input tax credit.,orders,https://www.flipkart.com/helpcentre?catalog=55c9cf49b0000024002c1703&faq=5f606b1efd60311af5255f1d&view=FAQ,official_web_via_public_dataset
85,Can I use my saved cards for making a payment on Flipkart's mobile site/app?,Absolutely! Any cards that you save on Flipkart's website can be used on Flipkart app and mobile site as well. You can also save cards through your mobile and use them on Flipkart's website.,payments,https://www.flipkart.com/helpcentre?catalog=55bf48f4d00000490011ffa5&faq=5ae1cc014700001d00ff5810&view=FAQ,official_web_via_public_dataset
86,What is the average cost of one service for a BGauss 2-wheeler?,"The average cost of service will depend on the condition of the vehicle. However, for a standard service, it may range from Rs 300 to Rs 350. For more details, you can contact the brand at 8291939393 or you can choose to contact the brand authorised dealer.",products,https://www.flipkart.com/helpcentre?catalog=632beac264d0b60fba412142&faq=632d1d92a0eaa942e1c2d8e3&view=FAQ,official_web_via_public_dataset
87,Are there any other upcoming third-party offers that can be redeemed through Flipkart Plus program?,Exciting 'SuperCoins Rewards' by third parties will be added to the SuperCoin Zone from time to time. Please stay tuned for such updates. To know more about the Flipkart Plus program click here For more details visit the SuperCoin Zone here,promotions_rewards,https://www.flipkart.com/helpcentre?catalog=5b5edbf548000027009e432b&faq=5b6133fb48000019009edf9f&view=FAQ,official_web_via_public_dataset
88,"I have requested a replacement, when will I get it?","You may visit 'My Orders' to check the status of your replacement. In most locations, the replacement item is delivered to you at the time of pick-up. In all other areas, the replacement is initiated after the originally delivered item is picked up. Please check the SMS & email that will be sent to you for your replacement request for more details.",returns_refunds,https://www.flipkart.com/helpcentre?catalog=55c9c6edb000002e002c1701&faq=55bf4fc6bc000041005be760&view=FAQ,official_web_via_public_dataset
89,What are the benefits of choosing the pick-up store option for delivery?,Pick-up stores are an option is for those who want to collect their orders at leisure. It works great for those who can't receive shipments at home or offices at the specific moment the courier executive calls.,shipping_delivery,https://www.flipkart.com/helpcentre?catalog=56614d156e00003000775aee&faq=55c1e319b0000033002c16f9&view=FAQ,official_web_via_public_dataset
90,From when is the warranty for my product applicable?,"The warranty for your product starts from the date mentioned on the seller's invoice. In case of iPhones, the SIM activation date will be considered as the date from which the warranty of your product starts.",warranties_installation,https://www.flipkart.com/helpcentre?catalog=563ae4ae6f00001e0035fd12&faq=5639e31a3000001a00f9f6ed&view=FAQ,official_web_via_public_dataset
91,Is it necessary to have an account to shop on Flipkart?,"Yes, it's necessary to log into your Flipkart account to shop. Shopping as a logged-in user is fast & convenient and also provides extra security. You'll have access to a personalised shopping experience including recommendations and quicker check-out.",accounts,https://www.flipkart.com/helpcentre?catalog=55c9c8e2b0000023002c1702&faq=55bf3173ab00003700e35476&view=FAQ,official_web_via_public_dataset
92,Will I get a wall mount for my television in the box?,"If mentioned in the sales package the wall mount for your television will be in the box. However, in some cases, the wall mount, if applicable for the model, will be with the installation team.",orders,https://www.flipkart.com/helpcentre?catalog=55c9c8e2b0000023002c1702&faq=55bf2e5e1f00003e007dbea9&view=FAQ,official_web_via_public_dataset
93,What are the benefits of the 'Credit Card No Cost EMI' payment mode?,Shopping with ‘Credit Card No Cost EMI’ has benefits like no cost of interest & zero down payment as you get an instant cash-back from the seller for the amount you are charged as interest by the bank.,payments,https://www.flipkart.com/helpcentre?catalog=57aad44e1200002e00e98c06&faq=579b000f6b00001200d5b5f8&view=FAQ,official_web_via_public_dataset
94,There have been recent reports of batteries catching fire. How do I know that BGauss 2-wheelers are safe?,"Brand has confirmed that they have followed all safety norms set by ARAI, including IP67 and a smart BMS to ensure safety of all vehicles. Batteries are made with aluminium casing and 21,700 cells with very high thermal efficiency. This is combined with temperature sensors and induced air cooling which gets activated at 40 degrees.",products,https://www.flipkart.com/helpcentre?catalog=632beac264d0b60fba412142&faq=632c038f64d0b60fba41d31a&view=FAQ,official_web_via_public_dataset
95,"I am able to see some 'SuperCoins Rewards', but why am I not able to buy them?","There are many 'SuperCoins Rewards' that are available at the SuperCoin Zone. However, please note that these rewards can be availed only as per the terms and conditions. For more details on 'SuperCoins Rewards', please visit SuperCoin Zone here To know more about the Flipkart Plus program click here",promotions_rewards,https://www.flipkart.com/helpcentre?catalog=5b5edbf548000027009e432b&faq=5b6135981300002100653d0e&view=FAQ,official_web_via_public_dataset
96,Can I cancel a part of my Flipkart Quick order after I have placed it?,"Yes, until your order is packed you can choose to cancel a part of it. You can check the status of your order in the 'My Orders' page of your Flipkart account.",returns_refunds,https://www.flipkart.com/helpcentre?catalog=5f210f87278e793e653cbc73&faq=5f211d2f4052815c7aecd54c&view=FAQ,official_web_via_public_dataset
97,"My shipment is damaged at the self pickup store, what do I do?",Please do not accept your shipment at the pickup store if it's damaged. Let us know about it by contacting our Customer Support & we'll look into this for you.,shipping_delivery,https://www.flipkart.com/helpcentre?catalog=56614d156e00003000775aee&faq=55c1f7b7b000002d002c16fd&view=FAQ,official_web_via_public_dataset
98,I lost my warranty card. How can I get warranty?,You can get warranty for your product even without a warranty card. Please use the invoice which will serve as your warranty claim at any authorized service center of the brand.,warranties_installation,https://www.flipkart.com/helpcentre?catalog=563ae4ae6f00001e0035fd12&faq=5639c8c87100001d00a26f9a&view=FAQ,official_web_via_public_dataset
99,How can I change the password for my Flipkart account?,"To change the password for your Flipkart account, follow these simple steps: 1. Log in to your Flipkart account2. Go to My Account › Settings › Change password3. Enter your old password4. Enter your new password5. Choose 'Save Changes'",accounts,https://www.flipkart.com/helpcentre?catalog=55cddc57b000002c002c170b&faq=55f2a2f35b00003500320003&view=FAQ,official_web_via_public_dataset
100,Can I take the shipment after opening and checking the contents inside?,"As per company policy, a shipment can't be opened before delivery, but you can accept the shipment and get in touch with us later in case you have any concerns.",orders,https://www.flipkart.com/helpcentre?catalog=55c9cf49b0000024002c1703&faq=55e9455f5a00002500d5e024&view=FAQ,official_web_via_public_dataset
101,Why can't I see Bajaj Finserv as a payment mode for some items?,Bajaj Finserv No Cost EMI payment mode is available for select items with certain sellers. Please check the product page of the item you'd like to shop for on our app to see if the option is available.,payments,https://www.flipkart.com/helpcentre?catalog=5717798d1300001d0007d6e0&faq=571476871300001000895c07&view=FAQ,official_web_via_public_dataset
102,I have bought a BGauss 2-wheeler but I want to have a different model. What should I do?,"In case you want to buy a different model than the one you have already purchased, you can cancel the existing order and place a new order for the desired model. Please note, the option to cancel the order will not be available after the submission of documents required for processing registration.",products,https://www.flipkart.com/helpcentre?catalog=632beac264d0b60fba412142&faq=632bf21d14e5755075424f40&view=FAQ,official_web_via_public_dataset
103,Will my Flipkart Plus membership be auto-renewed if I have earned 200 SuperCoins in the previous year?,"Yes, in case you have earned 200 SuperCoins in the previous year, your membership will be auto-renewed. You can check the membership details by visiting the 'Flipkart Plus Zone' on the app or website. To know more about the program click here For more information on SuperCoins click here",promotions_rewards,https://www.flipkart.com/helpcentre?catalog=5b5edbf548000027009e432b&faq=5f103214df455e77963879d1&view=FAQ,official_web_via_public_dataset
104,Can I cancel my EMI after I've placed the order using the Bajaj Finserv payment option?,"Since payment modes cannot be changed after an order is placed, to cancel your EMI, your order will need to be cancelled. *Certain items cannot be cancelled after 24 hours of placing the order.",returns_refunds,https://www.flipkart.com/helpcentre?catalog=5717798d1300001d0007d6e0&faq=571478791200001700948826&view=FAQ,official_web_via_public_dataset
105,How much time does it take for the shipment to reach a pickup store?,Standard delivery times apply for shipments to be delivered at pickup locations. You can check the status of your order from My Orders section.,shipping_delivery,https://www.flipkart.com/helpcentre?catalog=56614d156e00003000775aee&faq=55c1e3e86000003000cb507b&view=FAQ,official_web_via_public_dataset
106,How do I sign up for an extended warranty for my product?,You may get in touch with the brand to register for an extended warranty for your product.,warranties_installation,https://www.flipkart.com/helpcentre?catalog=563ae4ae6f00001e0035fd12&faq=5639c7f26f0000360035c355&view=FAQ,official_web_via_public_dataset
107,What should I do if I don't get the OTP or verification code?,"Sometimes, SMS messages may be delayed by a few minutes because of network issues. You can regenerate the code through the 'Resend Code' option.",accounts,https://www.flipkart.com/helpcentre?catalog=55cddc57b000002c002c170b&faq=55c20b27a900003400b99931&view=FAQ,official_web_via_public_dataset
108,How is a 'business day' different from a regular day?,"Business days are otherwise known as working days of the week. The expected date of delivery is calculated based on business days. Typically, these include Monday through Saturday. Public holidays and Sundays are usually not considered.",orders,https://www.flipkart.com/helpcentre?catalog=55c9cf49b0000024002c1703&faq=55bf285d1f000019007dbea7&view=FAQ,official_web_via_public_dataset
109,What are the benefits of the Bajaj Finserv payment mode?,"With Bajaj Finserv, you get a hassle-free payment experience with the following benefits: No interest on EMIsZero processing & cancellation chargesComplete refund of the amount paid for your order if the item is returned **Quick resolutions & end-to-end support from Bajaj Finserv for any related concerns subject to the T&Cs of Bajaj Finserv. **Terms & conditions apply: http://www.flipkart.com/s/help/cancellation-returns.",payments,https://www.flipkart.com/helpcentre?catalog=5717798d1300001d0007d6e0&faq=57146ffb1200003700817b1b&view=FAQ,official_web_via_public_dataset
110,I have bought an Ather 2-wheeler but I want to have a different model. What should I do?,"In case you want to buy a different model than the one you have already purchased, you can cancel the existing order and place a new order for the desired model. Please note, the option to cancel the order will not be available after the submission of documents required for processing registration.",products,https://www.flipkart.com/helpcentre?catalog=632bec61a0eaa942e1bed2d9&faq=632bf4c4f86ae76c18e8ceb4&view=FAQ,official_web_via_public_dataset
111,Can I redeem all of my available SuperCoins while using the SuperCoin Pay feature?,"You may be able to redeem all your available SuperCoins to avail discounts on the basis of the platform. In case the transaction is being completed on Flipkart platform, the redemption of SuperCoins to avail a discount will depend on the value on the product page and the terms and conditions of the participating bank or the payment mode. However, while transacting at a thrid- party partner store, it will depend on the final bill value.",promotions_rewards,https://www.flipkart.com/helpcentre?catalog=5f295ded4052815c7aef207e&faq=5f8e8251eb75572bd7abf2c2&view=FAQ,official_web_via_public_dataset
112,How long does it take to cancel an order?,"Cancellation of item(s) in an order happens immediately if the order hasn't been shipped yet by the seller. If your order has been shipped, it will be cancelled as soon as the courier service confirms that the shipment is being returned to the seller. Orders from certain categories cannot be cancelled after 24 hours, please check the product page for more details.",returns_refunds,https://www.flipkart.com/helpcentre?catalog=55c9c6edb000002e002c1701&faq=55bf5f4eab00002f00e35484&view=FAQ,official_web_via_public_dataset
113,"My order has reached the nearest delivery hub, but why isn't it out for delivery yet?","The courier service delivering your order are responsible for making sure that your order reaches you within the delivery date. Rest assured, you'll get an SMS once your shipment is out for delivery.",shipping_delivery,https://www.flipkart.com/helpcentre?catalog=55c9cf49b0000024002c1703&faq=55bf29c4bc00003c005be758&view=FAQ,official_web_via_public_dataset
114,What should I do if there is a difference in the warranty mentioned on Flipkart & the physical warranty card I got?,"The mismatch could be because of the change in warranty terms for the product over time. Rest assured, you will be entitled to the terms listed on the warranty card that was provided to you at the time of purchase.",warranties_installation,https://www.flipkart.com/helpcentre?catalog=563ae4ae6f00001e0035fd12&faq=5639e36c21000020004e75e7&view=FAQ,official_web_via_public_dataset
115,Why do I need to verify my mobile number or email address to log into my Flipkart account?,"To make sure that your account details are always secure, verification by OTP (One Time Password) is important. This is a one-time process and you can log into your Flipkart account without any hassles once this is done.",accounts,https://www.flipkart.com/helpcentre?catalog=55cddc57b000002c002c170b&faq=55c204f86000001400cb5080&view=FAQ,official_web_via_public_dataset
116,What does 'Permanently Discontinued' or 'Out of Print' mean?,An item is marked as 'Out of stock' when it is not available with any sellers at the moment; you won't be able to buy it now. Use 'Notify Me' feature to know once it's available with sellers for purchase.,orders,https://www.flipkart.com/helpcentre?catalog=55c9c8e2b0000023002c1702&faq=55bf1563ab00002600e3546e&view=FAQ,official_web_via_public_dataset
117,How can I track my order for Ampere Magnus EX after completing my payment on Flipkart?,Tracking your order for a 2-wheeler on Flipkart is easy and can be done through the 'My Orders' section of your Flipkart account. You can also choose to contact the brand authorised dealer to know more about the status of your 2-wheeler.,payments,https://www.flipkart.com/helpcentre?catalog=6308ea59f86ae76c18b1420d&faq=6308ef4064d0b60fba08c494&view=FAQ,official_web_via_public_dataset
118,I have bought the Bounce 2-wheeler but I want to have a different model. What should I do?,"In case you want to buy a different model than the one you have already purchased, you can cancel the existing order and place a new order for the desired model. Please note, the option to cancel the order will not be available after the submission of documents required for processing registration.",products,https://www.flipkart.com/helpcentre?catalog=62da9d35aca9fa77e9e5c342&faq=62daa3d135e34f62c2068b77&view=FAQ,official_web_via_public_dataset
119,Why has the Flipkart Plus membership criteria changed from 300 to 200 SuperCoins?,"As part of our efforts to bring more customers into the Flipkart Plus family, the SuperCoins earning needed is reduced to 200 SuperCoins. To know more about the program click here For more information on SuperCoins click here",promotions_rewards,https://www.flipkart.com/helpcentre?catalog=5b5edbf548000027009e432b&faq=5f103031df455e77963878f6&view=FAQ,official_web_via_public_dataset
120,What will happen to the cashback if I return a product?,"If you return a product within the same credit card billing cycle in which the purchase was made, applicable cashback will be debited in the same cycle. Otherwise, it will be adjusted in the next billing cycle.",returns_refunds,https://www.flipkart.com/helpcentre?catalog=5d27036a2100002900f9dc20&faq=5d27169721000014002d0c19&view=FAQ,official_web_via_public_dataset
121,The delivery of my order is delayed. What should I do?,"On the rare occasion that your order is delayed, please check your email & messages for updates. A new delivery timeframe will be shared with you and you can also track its status by visiting My Orders.",shipping_delivery,https://www.flipkart.com/helpcentre?catalog=55c9cf49b0000024002c1703&faq=55f2a6995b00002b003202be&view=FAQ,official_web_via_public_dataset
122,There is a mismatch in warranty terms between Flipkart and the brand's website. What will happen to the warranty on my product now?,"The mismatch could be because of the change in warranty terms for the product over time. Rest assured, you will be entitled to the terms listed on the warranty card that was provided to you at the time of purchase.",warranties_installation,https://www.flipkart.com/helpcentre?catalog=563ae4ae6f00001e0035fd12&faq=5639e42421000020004e7627&view=FAQ,official_web_via_public_dataset
123,"My Flipkart Plus membership is expiring soon, how can I be a part of the program again?","If your membership expires, you can become a Flipkart Plus member again once you earn 200 SuperCoins within a year by shopping for your favourite products on Flipkart. You can become a Flipkart Plus member even if these 200 SuperCoins have been redeemed. Please note, the SuperCoins will be earned on the actual order value excluding any instant discounts or cashback credited. To know more about the program click here For more information on SuperCoins click here",accounts,https://www.flipkart.com/helpcentre?catalog=5b5edbf548000027009e432b&faq=5b6129b64900002200cae383&view=FAQ,official_web_via_public_dataset
124,Why can't I track my order even though it has been shipped?,Courier services usually take upto 24 hours to activate tracking for an order once it's shipped. Please check again after the mentioned time frame.,orders,https://www.flipkart.com/helpcentre?catalog=55c9cf49b0000024002c1703&faq=55f2a7a65b00003700320373&view=FAQ,official_web_via_public_dataset
125,How can I track my order for the Ather 2-wheeler after completing my payment on Flipkart?,Tracking your order for 2-wheeler on Flipkart is easy and can be done through the 'My Orders' section of your Flipkart account. You can also choose to contact the brand's authorised dealer to know more about the status of your 2-wheeler.,payments,https://www.flipkart.com/helpcentre?catalog=632bec61a0eaa942e1bed2d9&faq=632c02bba0eaa942e1bf6e88&view=FAQ,official_web_via_public_dataset
126,What is the advantage of buying Ampere Magnus EX through Flipkart?,"If you choose to buy the 2-wheeler on Flipkart, then the vehicle will be delivered to you within 15 days by the brand authorised dealers. In case you book the vehicle at a showroom, it may take up to 90 days for the vehicle to be delivered.",products,https://www.flipkart.com/helpcentre?catalog=6308ea59f86ae76c18b1420d&faq=6308ee76a0eaa942e1870d97&view=FAQ,official_web_via_public_dataset
127,Do I have to manually unlock a scratch card as part of SuperCoin Pay?,Yes. You would need to tap on a scratch card by Twid (INNOTARGET FASHALOT RETAIL PRIVATE LIMITED) to unlock your surprise reward. Please note that offers are subject to terms and conditions.,promotions_rewards,https://www.flipkart.com/helpcentre?catalog=5f295ded4052815c7aef207e&faq=5f8ed68886c49b5087ed91ba&view=FAQ,official_web_via_public_dataset
128,Are faster delivery options like Same Day & In-a-Day available on return requests?,"No, however, we try our best to have your item(s) picked up by our courier service providers & get you the replacement as soon as possible.",returns_refunds,https://www.flipkart.com/helpcentre?catalog=55c9e2086000001100cb508e&faq=564d6b011900002600ff1a0b&view=FAQ,official_web_via_public_dataset
129,"Why am I unable to order products like television, air-conditioner, refrigerator, washing machine, furniture, microwave, treadmill, etc. at my location?",The delivery of large category products at a particular location depends on the following factors: Dimensions and weight Location of the seller Serviceability of the seller's partnered service provider Always ensure to update your preferred delivery location/address to verify if the seller is offering the product or deal at your location.,shipping_delivery,https://www.flipkart.com/helpcentre?catalog=55c9e2086000001100cb508e&faq=5b34da824c00003d004387d7&view=FAQ,official_web_via_public_dataset
130,How can I claim warranty for my product?,You can claim the warranty for your product by using the invoice at any authorized service center of the brand.,warranties_installation,https://www.flipkart.com/helpcentre?catalog=563ae4ae6f00001e0035fd12&faq=5639c8106f0000140035c360&view=FAQ,official_web_via_public_dataset
131,What is an OTP or verification code?,"An OTP (One Time Password) or verification code is a password/code used to verify your mobile number or email ID when you log into your Flipkart account for the first time. OTP verification will be also be done in other cases like creating an account, password recovery, and updating email/mobile details.",accounts,https://www.flipkart.com/helpcentre?catalog=55cddc57b000002c002c170b&faq=55c204b2a900002600b9992e&view=FAQ,official_web_via_public_dataset
132,What should I do if a service centre denied my request to repair the product?,Please contact our Customer Support with the service centre details so that we can look into this.,orders,https://www.flipkart.com/helpcentre?catalog=55c9cf49b0000024002c1703&faq=55f2a8665b00001e003203e5&view=FAQ,official_web_via_public_dataset
133,I had opted to save my card at the time of payment but my card was not saved. Why?,"If you choose to save your card at the time of making the payment, then the only time your card may not get saved is when the payment fails due to card being invalid. If the payment was successful and the card was not saved, then you may contact us and we will help you out.",payments,https://www.flipkart.com/helpcentre?catalog=55bf48f4d00000490011ffa5&faq=55befe24ab00003a00e3546c&view=FAQ,official_web_via_public_dataset
134,What is the advantage of buying a Bounce 2-wheeler on Flipkart?,"If you choose to buy the 2-wheeler on Flipkart, then the vehicle will be delivered to you within 15 days by the brand authorised dealers. In case you book the vehicle at a showroom, it may take up to 90 days for the vehicle to be delivered.",products,https://www.flipkart.com/helpcentre?catalog=62da9d35aca9fa77e9e5c342&faq=62daa46a35e34f62c2068cdf&view=FAQ,official_web_via_public_dataset
135,Can I transfer partially used Gift Card to someone?,"Yes, you can transfer your partially used Flipkart Gift Card as long as it hasn't expired and has some balance left. The receiver will not be able to see any transactions made from your Flipkart wallet. Please note that the expiry date of the Gift Card does not change when you transfer it to someone.",promotions_rewards,https://www.flipkart.com/helpcentre?catalog=564964546e00002f0073d516&faq=56d995da1300002d007fdb58&view=FAQ,official_web_via_public_dataset
136,My PhonePe Wallet is not activated. How do I get a refund credited to it?,"To get a refund into your PhonePe wallet, please activate it from your Flipkart account by selecting Wallet and clicking on the 'Activate PhonePe' option.",returns_refunds,https://www.flipkart.com/helpcentre?catalog=587390bf1800001400f0058e&faq=57be96870e00003d00b25fd4&view=FAQ,official_web_via_public_dataset
137,Why can't I get some items shipped to my location?,Some sellers prefer not to ship to certain locations due to the cost involved and this is entirely at their discretion. You can check with your pincode on the product page to see any other sellers ship to your location.,shipping_delivery,https://www.flipkart.com/helpcentre?catalog=55c9e2086000001100cb508e&faq=55bf0e4c1f000030007dbe9f&view=FAQ,official_web_via_public_dataset
138,"Will my product be installed by the brand or Flipkart? If it is installed by Flipkart, will it affect the warranty of the product?","Your product will be installed by the brand's authorised service partner. Rest assured, the warranty for the product will not be affected when an item is installed by the authorised partners.",warranties_installation,https://www.flipkart.com/helpcentre?catalog=55c9cf49b0000024002c1703&faq=55bf2e01bc00003a005be759&view=FAQ,official_web_via_public_dataset
139,Can I use a corporate email ID to sign up?,"Yes, you can use a corporate email ID. However, please ensure that you have updated your current active email address to continue using your account in the unlikely event of your account getting deleted or deactivated.",accounts,https://www.flipkart.com/helpcentre?catalog=55cddc57b000002c002c170b&faq=5f2939a7278e793e653efd4f&view=FAQ,official_web_via_public_dataset
140,What is Flipkart Buyer Protection?,"Flipkart Buyer Protection helps shoppers in case they have concerns with product(s) bought and haven't got a satisfactory solution from the seller. Under this program, we look into your concern on a case-by-case basis & do our best to be fair to both parties. Flipkart's decision on the resolution will be final for the concern raised.",orders,https://www.flipkart.com/helpcentre?catalog=55c9c8e2b0000023002c1702&faq=55bf42d7ab00003b00e3547d&view=FAQ,official_web_via_public_dataset
141,How can I track my order for the BGauss 2-wheeler after completing my payment on Flipkart?,Tracking your order for a 2-wheeler on Flipkart is easy and can be done through the 'My Orders' section. You can also choose to contact the brand authorised dealer to know more about the status of your 2-wheeler.,payments,https://www.flipkart.com/helpcentre?catalog=632beac264d0b60fba412142&faq=632bfc2f64d0b60fba419fe6&view=FAQ,official_web_via_public_dataset
142,What is the average cost of one service for an Ather 2-wheeler?,"The average cost of service will depend on the condition of the vehicle. For more details, please contact the brand at 8882118118 or you can choose to write to them at info@atherenergy.com. You can also contact the brand authorised dealer for assistance.",products,https://www.flipkart.com/helpcentre?catalog=632bec61a0eaa942e1bed2d9&faq=632d22aaf86ae76c18ec9bc6&view=FAQ,official_web_via_public_dataset
143,Are there certain things on Flipkart which I cannot buy through Gift Cards?,The following cannot be bought through Gift Cards: 1. Flipkart First subscription2. Other Gift Card(s) 3. Items from different sellers in a single order (you can use Gift Cards by ordering separately),promotions_rewards,https://www.flipkart.com/helpcentre?catalog=564964546e00002f0073d516&faq=56496029210000170051560e&view=FAQ,official_web_via_public_dataset
144,How can I know the status of my refund?,"You can visit 'My Orders' to know the status of your refund. For orders cancelled before shipping, refunds are processed immediately. If the order has been shipped. refund will be processed as soon as the courier service provider confirms the return of the item(s).",returns_refunds,https://www.flipkart.com/helpcentre?catalog=55c9c6edb000002e002c1701&faq=55bf65871f000012007dbead&view=FAQ,official_web_via_public_dataset
145,What should I do if my shipment is not at the pick-up store?,"If you have received a confirmation message that your shipment has reached the pick-up store and it is not there, please contact Customer Support.",shipping_delivery,https://www.flipkart.com/helpcentre?catalog=56614d156e00003000775aee&faq=55c1f811a900004100b99927&view=FAQ,official_web_via_public_dataset
146,I want to check my warranty details for the product but I don’t have the warranty card. What should I do?,Please contact our Customer Support and we will help you with the details.,warranties_installation,https://www.flipkart.com/helpcentre?catalog=563ae4ae6f00001e0035fd12&faq=563b51232100001d0081fd2f&view=FAQ,official_web_via_public_dataset
147,What does the badge Plus mean?,"The Plus badge is a seal of quality and speed. Products with this badge meet our extensive quality & packaging guidelines along with having faster delivery timelines. With stringent seller & product selection combined with fast & free* delivery, 'Plus' guarantees you a superior and hassle-free shopping experience every time. *Free shipping for orders above ₹500",accounts,https://www.flipkart.com/helpcentre?catalog=55c9c8e2b0000023002c1702&faq=57b56af31400001f00f0095e&view=FAQ,official_web_via_public_dataset
148,What does the tag 'Imported' beside a product mean?,Sometimes items have to be sourced by sellers from their international partners. Such items have the tag 'Imported' on the product page and can take at least 10 or more days to be delivered.,orders,https://www.flipkart.com/helpcentre?catalog=55c9cf49b0000024002c1703&faq=55bf14c5bc000026005be756&view=FAQ,official_web_via_public_dataset
149,How can I pay with a saved Credit/Debit Card?,Your saved cards can be seen when you choose the credit or debit card option to pay for your order. Enter the CVV number of that card (we do not store it) and click on the 'Pay' button. You'll also have to enter the card's 3D Secure password to complete the transaction.,payments,https://www.flipkart.com/helpcentre?catalog=55bf48f4d00000490011ffa5&faq=55bb5b962c00003800690dd6&view=FAQ,official_web_via_public_dataset
150,What after-sales services are being provided by Flipkart for Ampere 2-wheelers?,"Please note, there will be no after-sales services provided by Flipkart. Kindly contact the brand's customer support team at 18001239262 or write to them at customersupport@amperevehicles.com for any assistance needed after the purchase of the vehicle. You can also choose to contact the brand authorised dealer.",products,https://www.flipkart.com/helpcentre?catalog=6308ea59f86ae76c18b1420d&faq=6309153314e57550750aadf7&view=FAQ,official_web_via_public_dataset
151,How will the SuperCoins earned be calculated if I choose to buy a product using 'SuperCoins Price'?,"In case you choose to buy a product using 'SuperCoins Price', SuperCoins earned will be based on the actual amount paid for the product excluding the SuperCoins. To know more about the program click hereFor more information on SuperCoins click here",promotions_rewards,https://www.flipkart.com/helpcentre?catalog=5b5edbf548000027009e432b&faq=5d1f17892100001400f82997&view=FAQ,official_web_via_public_dataset
152,Can items be returned after the time period mentioned in the seller's Returns Policy?,"No, sellers will not be able to accept returns after the time period mentioned in the seller's Returns Policy.",returns_refunds,https://www.flipkart.com/helpcentre?catalog=55c9c6edb000002e002c1701&faq=56496ed62600003100c2cb21&view=FAQ,official_web_via_public_dataset
153,How does the pick-up store option on Flipkart work?,"With the pick-up store option, you can choose to pick up your shipment from select pick-up stores at your convenience. All you need to do is choose the pick-up store option at the time of placing your order and you can walk into the pick-up location to collect your order once it reaches there. You'll also receive an email and SMS once the shipment has reached the pick-up store.",shipping_delivery,https://www.flipkart.com/helpcentre?catalog=56614d156e00003000775aee&faq=55c1b99eb500002e003167fc&view=FAQ,official_web_via_public_dataset
154,I see that the warranty terms for my product have changed on Flipkart from when I bought the product. Will this affect my warranty?,No. The warranty terms for your product will be the same as when you got the product & will not affect your warranty in any way.,warranties_installation,https://www.flipkart.com/helpcentre?catalog=563ae4ae6f00001e0035fd12&faq=5639e3f46f0000160035ce00&view=FAQ,official_web_via_public_dataset
155,Do I need to verify my mobile number or email address every time I log in?,"As the verification step is a one time process, you won't have to do it again once your account is verified.",accounts,https://www.flipkart.com/helpcentre?catalog=55cddc57b000002c002c170b&faq=564ec7a57100003d00a6530d&view=FAQ,official_web_via_public_dataset
156,How can I place an order?,"To place an order, please follow these steps: 1. Select the product you'd like to buy and 'Check Availability at' your preferred pincode2. Add products to your cart or just hit 'Buy Now' 3. Choose or 'Add delivery address'. Use a preferred payment mode and confirm the order",orders,https://www.flipkart.com/helpcentre?catalog=55c9cf49b0000024002c1703&faq=569355861200003e001dfc6c&view=FAQ,official_web_via_public_dataset
157,What does 'Transfer' Gift Card in my Wallet do?,You can use the 'Transfer' option to transfer your Gift Card to anyone through your Flipkart app by entering their email ID. Please note that the expiry date of the Gift Card does not change when you transfer it to someone and is valid for 1 year from the date of purchase.,payments,https://www.flipkart.com/helpcentre?catalog=564964546e00002f0073d516&faq=56d995791300001600fdd19a&view=FAQ,official_web_via_public_dataset
158,How much electricity is required to charge the battery of an Ather vehicle?,"Ather Dot, the home charger and the portable charger for Ather vehicles consume 3 kWh (Rs 4-5/kWh) of electricity to get completely charged. For more details on charging related queries, please refer to the brand website.",products,https://www.flipkart.com/helpcentre?catalog=632bec61a0eaa942e1bed2d9&faq=632d1e02a0eaa942e1c2d9df&view=FAQ,official_web_via_public_dataset
159,"If I choose 'SuperCoins Price' option, will I still be eligible to avail bank offers/other offers?",Non-Bank offers- An order will be eligible for a non-bank offer if the total order value including SuperCoins meets the offer value as defined in the terms and conditions. Bank offers - An order will be eligible for a bank offer if the total order value excluding SuperCoins meets the offer value as defined in the terms and conditions. To know more about the program click here For more information on SuperCoins click here,promotions_rewards,https://www.flipkart.com/helpcentre?catalog=5b5edbf548000027009e432b&faq=5d1f323a2100002700f83575&view=FAQ,official_web_via_public_dataset
160,I see the 'Cancel' button but I can't click on it. Why?,A greyed out and disabled 'Cancel' button can mean any one of the following:1. The item has been delivered alreadyOR2. The item is non-refundable (e.g. Gift Card),returns_refunds,https://www.flipkart.com/helpcentre?catalog=55c9c6edb000002e002c1701&faq=55bf6443bc00002b005be762&view=FAQ,official_web_via_public_dataset
161,Can I reject the Flipkart Quick order at the time of delivery?,"Yes, you can choose not to accept the order. If you have already paid for the order, it will be refunded to the original payment source.",shipping_delivery,https://www.flipkart.com/helpcentre?catalog=5f210f87278e793e653cbc73&faq=5f2118c0278e793e653cc16a&view=FAQ,official_web_via_public_dataset
162,Is there a filter available through which I can only see items with a Plus badge?,"Yes, there is a filter available through which you can shop only for items with the Plus badge.",accounts,https://www.flipkart.com/helpcentre?catalog=55c9c8e2b0000023002c1702&faq=57b56ba11300002c00bc0da3&view=FAQ,official_web_via_public_dataset
163,Can I add more items after I have placed a Flipkart Quick order?,"No, items cannot be added to an order after it is placed.",orders,https://www.flipkart.com/helpcentre?catalog=5f210f87278e793e653cbc73&faq=5f211c8d0c26436107661c0d&view=FAQ,official_web_via_public_dataset
164,How do I pay using a credit or debit card?,"You may choose the credit card or debit card option to pay during checkout and enter the details when prompted. You would need to keep your card number, expiry date, three digit CVV number ready, which you can find on your card. For added security, you'll also need to use your card's online password that is verified by Visa, MasterCard Secure Code etc.",payments,https://www.flipkart.com/helpcentre?catalog=55bf48f4d00000490011ffa5&faq=55bb43af1f000037007dbe98&view=FAQ,official_web_via_public_dataset
165,What is the average cost of one service for Bounce 2-wheelers?,The average cost of service will depend on the condition of the vehicle. For more details please contact the brand's customer support team at 18003092830 or you can choose to write to them at help@bounceinfinity.com. You can also contact the brand authorised dealer for assistance.,products,https://www.flipkart.com/helpcentre?catalog=62da9d35aca9fa77e9e5c342&faq=62dad30f35e34f62c206effd&view=FAQ,official_web_via_public_dataset
166,Will I get the available bank offers on Flipkart platform if I choose to redeem SuperCoins through SuperCoin Pay?,"Yes, you can surely avail bank offers in case you choose to redeem SuperCoins through the SuperCoin Pay feature while placing an order. However, please note that the offer value will be calculated based on the amount being paid via the prepaid mode of payment option provided by participating banks.",promotions_rewards,https://www.flipkart.com/helpcentre?catalog=5f295ded4052815c7aef207e&faq=614367cf346fdf3f767f0935&view=FAQ,official_web_via_public_dataset
167,What should I do if I have an issue with my product after the return period?,You can get in touch with the brand or an authorised service centre of the brand to claim the warranty for your product (wherever applicable).,returns_refunds,https://www.flipkart.com/helpcentre?catalog=55c9c6edb000002e002c1701&faq=56496efd2200002100e9f999&view=FAQ,official_web_via_public_dataset
168,Can I choose to not accept a few items from my Flipkart Quick order at the time of delivery?,"Yes, you can. But if the new order value of the items you wish to keep is below Rs. 500, shipping charges will be applicable. In case, the order value falls below Rs. 150, your order will get cancelled.",shipping_delivery,https://www.flipkart.com/helpcentre?catalog=5f210f87278e793e653cbc73&faq=5f211820e11fda78bcb681f0&view=FAQ,official_web_via_public_dataset
169,Can I buy more than one Hero MotoCorp in my name/through Flipkart account?,"Yes, you can buy more than one vehicle from your Flipkart account.",accounts,https://www.flipkart.com/helpcentre?catalog=632fc25214e57550754db0d8&faq=632fd98df86ae76c18f4691c&view=FAQ,official_web_via_public_dataset
170,What is GSTIN Invoicing feature?,"Through GSTIN Invoicing feature customers can enter their business entity details and GSTIN associated with the business entity in order to receive a tax invoice containing these details to claim input tax credit. Please note, this is available on select products for business purchases sold by participating sellers.",orders,https://www.flipkart.com/helpcentre?catalog=55c9cf49b0000024002c1703&faq=5f606acfa89c8627ddd09653&view=FAQ,official_web_via_public_dataset
171,How do I make a payment using a saved card?,You can view your saved cards by selecting the credit/debit card payment option at checkout. Select a saved card that you wish to use to make the payment. Enter the CVV number of that card (we do not store it) and click the 'Pay' button to initiate your payment. You will also have to enter the card's 3D Secure password to complete the transaction.,payments,https://www.flipkart.com/helpcentre?catalog=55bf48f4d00000490011ffa5&faq=5ae1a5e91300001d0096ce8d&view=FAQ,official_web_via_public_dataset
172,In which cities can the purchase of Ampere Magnus EX be made?,"While Ampere scooters can be purchased across 250 cities across the country, you can purchase Magnus EX on Flipkart only in Bangalore, Pune, Jaipur, and Kolkata. Rest assured, brand authorised dealers are working on expanding the list of cities.",products,https://www.flipkart.com/helpcentre?catalog=6308ea59f86ae76c18b1420d&faq=63091ae2f86ae76c18b160e7&view=FAQ,official_web_via_public_dataset
173,Why is my preferred store not showing up for SuperCoin Pay on the Flipkart app?,"SuperCoin Pay feature is currently available only with select third-party partner stores. If you're unable to find a specific store or brand for SuperCoin Pay on the Flipkart app, it means that it is not listed as a partner store with us at the moment. You can visit the SuperCoin Zone and click on 'Stores Nearby' to find the list of the partner stores. Rest assured, we are working on expanding our partner stores so you can avail this feature.",promotions_rewards,https://www.flipkart.com/helpcentre?catalog=5f295ded4052815c7aef207e&faq=5f8e80cf952a4e798481b262&view=FAQ,official_web_via_public_dataset
174,What are the modes of refund available after cancellation?,"The different refund modes available are: 1. PhonePe Wallet - available for orders with select sellers. You will get this option for eligible orders during cancellation 2. Back to source - available for orders with all sellers. The amount is refunded to the payment mode that was originally used to pay for the order 3. NEFT transfer - available for all Cash-on-Delivery orders. As per policy, cash refunds are not possible",returns_refunds,https://www.flipkart.com/helpcentre?catalog=55c9c6edb000002e002c1701&faq=55bf649b1f000010007dbeac&view=FAQ,official_web_via_public_dataset
175,How do I contact seller's partnered courier service providers?,Here are the contact details of some of the leading courier service providers: E-Kart - www.ekartlogistics.com Gati - www.Gati.com Delhivery - www.delhivery.com Blue Dart - www.bluedarttrackings.in Ecom - www.ecomexpress.in DotZot - www.dotzot.in Speed Post - India Post - www.indiapost.gov.in,shipping_delivery,https://www.flipkart.com/helpcentre?catalog=55c9e2086000001100cb508e&faq=5b34ddd66e00003200124de0&view=FAQ,official_web_via_public_dataset
176,Is Flipkart Advantage the same as 'Plus'?,"No. While Flipkart Advantage was the tag for all items listed by sellers who used our partner warehouse services, the 'Plus' badge is only given to select items based on certain criteria such as product quality and delivery timeline.",accounts,https://www.flipkart.com/helpcentre?catalog=55c9c8e2b0000023002c1702&faq=57b56b0f1200002f00086096&view=FAQ,official_web_via_public_dataset
177,What does 'Out of Stock' mean?,An item is marked as 'Out of stock' when it is not available with any sellers at the moment; you won't be able to buy it now. Use 'Notify Me' feature to know once it's available with sellers for purchase.,orders,https://www.flipkart.com/helpcentre?catalog=55c9c8e2b0000023002c1702&faq=55bf13321f00003d007dbea0&view=FAQ,official_web_via_public_dataset
178,How can I track my order for the Hero MotoCorp 2-wheeler after completing my payment on Flipkart?,Tracking your order for 2-wheeler on Flipkart is easy and can be done through the 'My Orders' section of your Flipkart account. You can also choose to contact the brand authorised dealer to know more about the status of your 2-wheeler.,payments,https://www.flipkart.com/helpcentre?catalog=632fc25214e57550754db0d8&faq=632fd1fd14e57550754df60a&view=FAQ,official_web_via_public_dataset
179,What is a refurbished product and how do I identify it on Flipkart?,A refurbished product is a pre-owned product that has been tested for optimal performance and functionality while being covered by a specific warranty provided by the seller. These products are classified under various grades as per their condition and you can know more details by visiting the 'Refurbished Zone' on Flipkart. You can distinguish refurbished products from new products by looking for a 'Refurbished' tag that is present for all refurbished products near the product name.,products,https://www.flipkart.com/helpcentre?catalog=60ebdbb4fffadf02fcf1231c&faq=60ebdadaf8cda070b5981abe&view=FAQ,official_web_via_public_dataset
180,Can I redeem my 'on the way' SuperCoins to avail discounts on product?,You can redeem 'credited' SuperCoins to avail discounts for select products on Flipkart. To know more about the Flipkart Plus program click hereFor more information on SuperCoins click here,promotions_rewards,https://www.flipkart.com/helpcentre?catalog=5b5edbf548000027009e432b&faq=5d1f24b567000035003926ce&view=FAQ,official_web_via_public_dataset
181,How will I get my refund for returning an item I paid for with Cash on Delivery?,"For your 'Cash on Delivery order, you will receive the refund in the form of NEFT. Please update your bank account details after you choose this option.",returns_refunds,https://www.flipkart.com/helpcentre?catalog=55c9c6edb000002e002c1701&faq=564981ee1800001b00f549a4&view=FAQ,official_web_via_public_dataset
182,Why do I see a 'delivery charge'?,"It usually costs sellers more to ship some items. So, sometimes they choose to add a delivery charge. The delivery charge is waived off by some sellers if you shop with them for a certain amount. For more information, check the individual seller's policy on the product page.",shipping_delivery,https://www.flipkart.com/helpcentre?catalog=55c9c8e2b0000023002c1702&faq=55bf0a63d000002e0011ff89&view=FAQ,official_web_via_public_dataset
183,What is Flipkart Plus program?,"Flipkart Plus is a customer benefits program that brings you benefits like free shipping for F-Assured products at serviceable pincodes, early access to select sales and select products, priority customer support and more. To know more about the program click here For more information on SuperCoins click here",accounts,https://www.flipkart.com/helpcentre?catalog=5b5edbf548000027009e432b&faq=5d1f1c922500003b0033422d&view=FAQ,official_web_via_public_dataset
184,Why do I see different prices for the same product?,"You could see different prices for the same product, as it could be listed by many Sellers.",orders,https://www.flipkart.com/helpcentre?catalog=55c9c8e2b0000023002c1702&faq=55bf311fab00002400e35475&view=FAQ,official_web_via_public_dataset
185,What is No Cost EMI and how can I avail it?,"No Cost EMI is a payment option available for Bajaj Finserv EMI Card holders and can be availed for purchases on Flipkart for select items with some of the sellers. To avail the option, proceed to pay for your order as usual and choose the option 'Bajaj Finserv (No Cost EMI)' for payment. Then, select the EMI plan of your choice out of the available options and complete your payment.",payments,https://www.flipkart.com/helpcentre?catalog=57aad44e1200002e00e98c06&faq=571782ef1200002f00820404&view=FAQ,official_web_via_public_dataset
186,Do I need to have a driving license to drive a Bounce 2-wheeler?,"Please note, Bounce 2-wheelers with a maximum speed of 25 km/h do not require a driving license to ride them. However, vehicles above the speed of 25 km/h will require a driving license.",products,https://www.flipkart.com/helpcentre?catalog=62da9d35aca9fa77e9e5c342&faq=62daced4aca9fa77e9e6373c&view=FAQ,official_web_via_public_dataset
187,Do I need to be a Flipkart Plus member to avail the 'SuperCoins Price'?,"No, the 'SuperCoins Price' is available for all our customers. To know more about 'SuperCoins Price', please refer to the terms and conditions here.",promotions_rewards,https://www.flipkart.com/helpcentre?catalog=5b5edbf548000027009e432b&faq=5d1f33f32500002c00334c8e&view=FAQ,official_web_via_public_dataset
188,Why do I see a Return fee applicable to the order?,"If your return requests are significantly higher than most customers, a return fee will apply to your order. This is levied to compensate sellers for the huge losses they incur as part of each return request. In case of an issue with the item, you can choose to exchange or replace it instead of returning it to avoid these fees. For more details, you can click 'Know more' beside the return fee information on the app at the time of creating a return request.",returns_refunds,https://www.flipkart.com/helpcentre?catalog=55c9c6edb000002e002c1701&faq=64258e831cfc313bb07434b1&view=FAQ,official_web_via_public_dataset
189,Can I choose a preferred time slot for the delivery of Flipkart Quick orders?,"Yes, you can choose your preferred time from available slots for the same day.",shipping_delivery,https://www.flipkart.com/helpcentre?catalog=5f210f87278e793e653cbc73&faq=5f211adf512c226900283c67&view=FAQ,official_web_via_public_dataset
190,Do I have to pay extra for items with the Plus badge?,"No, you can shop for items with the Plus badge at no extra charge.",accounts,https://www.flipkart.com/helpcentre?catalog=55c9c8e2b0000023002c1702&faq=57b56bbf680000210053a4c0&view=FAQ,official_web_via_public_dataset
191,What does 'Preorder' or 'Forthcoming' mean?,Items marked as 'Preorder' or 'Forthcoming' are expected to be released soon and you can pre-book them with sellers. Such items will be shipped after their official release by the seller with whom you've pre-booked them.,orders,https://www.flipkart.com/helpcentre?catalog=55c9c8e2b0000023002c1702&faq=55bf13e61f000035007dbea1&view=FAQ,official_web_via_public_dataset
192,Is it necessary to register with PhonePe to use it on Flipkart?,"No, it's not necessary to register with PhonePe to pay from your wallet. Registration will be necessary if you want to pay directly from your bank account by linking it to the PhonePe app.",payments,https://www.flipkart.com/helpcentre?catalog=587390bf1800001400f0058e&faq=57be965e1200003c0009b62f&view=FAQ,official_web_via_public_dataset
193,Why is the refurbished category not visible for me on my Flipkart app?,Looks like you have an old version of the Flipkart app installed on your phone. Please update your app to the new version to access and shop for refurbished products on Flipkart.,products,https://www.flipkart.com/helpcentre?catalog=60ebdbb4fffadf02fcf1231c&faq=60ebe252a532f960d5397306&view=FAQ,official_web_via_public_dataset
194,What are the complete terms and conditions for 'SuperCoins Rewards'?,You can refer to the 'terms of use' mentioned in the SuperCoin Zone to know more about the redemption process and the terms and conditions of 'SuperCoins Rewards'. To know more about the program click here For more information on SuperCoins click here,promotions_rewards,https://www.flipkart.com/helpcentre?catalog=5b5edbf548000027009e432b&faq=5b6136eb14000015007b4549&view=FAQ,official_web_via_public_dataset
195,"If I cancel or return an item from my order, what will happen to my 'On the way' SuperCoins?","Once you place an order, SuperCoins earned will be reflected as 'on the way'. In case of any cancellation or returns, SuperCoins earnings will be recalculated and applicable SuperCoins will be moved to 'credited' state after the return period as per the Returns Policy of all the remaining products in the order is completed. Please note, you'll earn SuperCoins on the actual order value excluding any instant discounts or cashback. For more information on SuperCoins click here",returns_refunds,https://www.flipkart.com/helpcentre?catalog=5b5edbf548000027009e432b&faq=5b61285c1300003a003252be&view=FAQ,official_web_via_public_dataset
196,Can I modify my chosen time slot for the delivery of Flipkart Quick orders?,"No, once you have chosen your preferred delivery slot it cannot be modified.",shipping_delivery,https://www.flipkart.com/helpcentre?catalog=5f210f87278e793e653cbc73&faq=5f211b35df455e77963ce213&view=FAQ,official_web_via_public_dataset
197,Can I use an international number to sign up?,"Yes, you can use an international number to sign up. This number can only be used for logging in and subscribing to order-related updates and confirmation details.",accounts,https://www.flipkart.com/helpcentre?catalog=55cddc57b000002c002c170b&faq=5f293b0be11fda78bcb8c059&view=FAQ,official_web_via_public_dataset
198,How does 'Instant Cashback' work?,'Instant Cashback' is applied directly to the product or order value in your cart and you do not have to wait for the cashback to be credited to your bank account/credit or debit card at a later date.,orders,https://www.flipkart.com/helpcentre?catalog=55c9c8e2b0000023002c1702&faq=55bb49833100003d007864ce&view=FAQ,official_web_via_public_dataset
199,What if I do not want my cards to be imported?,"You can manage these cards from the 'Saved Cards' section on PhonePe or Flipkart. If you wish to delete a card from both PhonePe and Flipkart, you need to perform this operation independently in both the applications.",payments,https://www.flipkart.com/helpcentre?catalog=55bf48f4d00000490011ffa5&faq=5ae1ccfa4700002d00ff5839&view=FAQ,official_web_via_public_dataset
200,What after-sales services are being provided by Flipkart for Hero MotoCorp 2-wheelers?,"Please note, there will be no after-sales services provided by Flipkart. Kindly contact the brand's customer support for any assistance needed after the purchase of the vehicle. You can also check with the brand authorised dealer.",products,https://www.flipkart.com/helpcentre?catalog=632fc25214e57550754db0d8&faq=632fdd4f64d0b60fba4d8110&view=FAQ,official_web_via_public_dataset
201,What is the purpose of the scratch card in SuperCoin Pay?,On every successful transaction using SuperCoin Pay feature you will get a scratch card by Twid (INNOTARGET FASHALOT RETAIL PRIVATE LIMITED) with terms and conditions applicable. Once you scratch it you will either find SuperCoins or an offer inside. Any SuperCoins obtained as part of the offer will be credited to the 'Coin Balance' section of the SuperCoin Zone within 48 hours and it will also reflect in the 'Coin Activity' section.,promotions_rewards,https://www.flipkart.com/helpcentre?catalog=5f295ded4052815c7aef207e&faq=5f8eb9e939ee360fc4427c43&view=FAQ,official_web_via_public_dataset
202,I've still not received the refund in my bank account.,"If you have received a mail from us confirming your refund request, it means that the refund has been initiated. You can also contact your bank with the ARN you would have received for an update on the status of your refund. In the rare event of the amount not being credited by the date promised, you can contact us as we will work with the bank to get it done.",returns_refunds,https://www.flipkart.com/helpcentre?catalog=55c9c6edb000002e002c1701&faq=55bf5073d00000480011ffa8&view=FAQ,official_web_via_public_dataset
203,I have a complaint about the courier executive who came to deliver my order.,You can contact our Customer Support team with the details and we will get in touch with the courier service provider to resolve your complaint.,shipping_delivery,https://www.flipkart.com/helpcentre?catalog=55c9cf49b0000024002c1703&faq=55f2a7885b00002500320358&view=FAQ,official_web_via_public_dataset
204,Can I reactivate my inactive Flipkart account?,"Yes. To reactivate your Flipkart account, simply log in with your registered email ID or mobile number/password combination used before deactivation. Your account data will be fully restored, default subscription settings applied.",accounts,https://www.flipkart.com/helpcentre?catalog=55cddc57b000002c002c170b&faq=564ebf7a3000003d00fdd3a6&view=FAQ,official_web_via_public_dataset
205,Is there a minimum purchase amount for Flipkart Quick orders?,"Yes, the minimum order value for an order to be fulfilled is Rs. 150.",orders,https://www.flipkart.com/helpcentre?catalog=5f210f87278e793e653cbc73&faq=5f211a623388604029c5bf64&view=FAQ,official_web_via_public_dataset
206,What are the EMI plans available if I pay using the Bajaj Finserv payment mode?,Available EMI plans can be checked by clicking 'No Cost EMI' on the Bajaj Finserv Card below the listed price of the item on the product page.,payments,https://www.flipkart.com/helpcentre?catalog=5717798d1300001d0007d6e0&faq=571477841300003000895c41&view=FAQ,official_web_via_public_dataset
207,What accessories will be part of Ather 2-wheelers. Do I have to pay separately for accessories?,"Currently, Ather provides only Tire Pressure Monitoring System as an accessory. The brand also provides helmets in cities where it is regulated by the State Government. Please note, accessories have to be purchased separately.",products,https://www.flipkart.com/helpcentre?catalog=632bec61a0eaa942e1bed2d9&faq=632c3bf3f86ae76c18eaa0b2&view=FAQ,official_web_via_public_dataset
208,How do I renew my benefits as part of SuperCoin Milestones?,"In case you have required SuperCoins as per the specified Milestone, the benefits that you have unlocked as part of SuperCoin Milestones will be renewed and you can continue to avail them even after a year.",promotions_rewards,https://www.flipkart.com/helpcentre?catalog=5f295ded4052815c7aef207e&faq=5f75fcd3e1118c3df3dd1189&view=FAQ,official_web_via_public_dataset
209,When is a return of an item not possible?,"Sellers cannot accept returns of item(s) in the following cases: 1. When an item is damaged because of use or when it is not in the same condition as you received it2. When any consumable item has been used or installed3. When anything is missing from the package you've received including price tags, labels, original packing, freebies & accessories 4. When non-returnable items are involved such as innerwear. lingerie etc.5. When items are tampered with or have missing serial numbers",returns_refunds,https://www.flipkart.com/helpcentre?catalog=55c9c6edb000002e002c1701&faq=55bf4368ab00003100e3547e&view=FAQ,official_web_via_public_dataset
210,What is the amount I can shop for with Cash on Delivery payment option?,"You can shop up to Rs. 49,999 using Cash on Delivery (CoD) option.",shipping_delivery,https://www.flipkart.com/helpcentre?catalog=55bf48f4d00000490011ffa5&faq=564b08cc1900001800feb5a2&view=FAQ,official_web_via_public_dataset
211,How can I deactivate my account?,"To deactivate your Flipkart account, follow these simple steps: 1. Log into your Flipkart account 2. Go to My Account › Settings › Deactivate 3. Enter the password for your account 4. Choose 'Confirm Deactivation'",accounts,https://www.flipkart.com/helpcentre?catalog=55cddc57b000002c002c170b&faq=55f2a4345c00003b0045144e&view=FAQ,official_web_via_public_dataset
212,Is there a gift wrap option available for Flipkart Quick orders?,"No, gift wrap option is currently not available.",orders,https://www.flipkart.com/helpcentre?catalog=5f210f87278e793e653cbc73&faq=5f211ff1e11fda78bcb6873a&view=FAQ,official_web_via_public_dataset
213,I typed an incorrect card number by mistake when adding my card. How do I correct it?,"If you typed an incorrect card number, name or card expiry date, you need to first delete the entered details by clicking on ""Remove this card"" and then add the card again with the correct details.",payments,https://www.flipkart.com/helpcentre?catalog=55bf48f4d00000490011ffa5&faq=55befea5bc000025005be751&view=FAQ,official_web_via_public_dataset
214,What are the documents required for the entire process of buying a BGauss 2-wheeler on Flipkart?,The following documents need to be submitted to the brand authorised dealer to complete the purchase of a 2-wheeler: - Aadhaar Card- Mobile number linked to the Aadhaar Card- Any residence proof- Driving License,products,https://www.flipkart.com/helpcentre?catalog=632beac264d0b60fba412142&faq=632bf5f214e5755075426564&view=FAQ,official_web_via_public_dataset
215,Can I use more/less SuperCoins than what is mentioned as part of the 'SuperCoins Price' to buy a product?,"No. Since the 'SuperCoins Price' is determined by the seller, discounts on a product can be availed by redeeming only the exact number of SuperCoins mentioned on the product page. If you like, you can also choose to buy the product by paying the regular price mentioned on the product page. To know more about 'SuperCoins Price', please refer to the terms and conditions here.",promotions_rewards,https://www.flipkart.com/helpcentre?catalog=5b5edbf548000027009e432b&faq=5d1f37f62100002500f838f2&view=FAQ,official_web_via_public_dataset
216,"In case I do not need a few items from the Flipkart Quick order, how do I cancel it?","You may choose not to accept those items at the time of delivery. In case you have paid any amount, it will be refunded to the original payment source.",returns_refunds,https://www.flipkart.com/helpcentre?catalog=5f210f87278e793e653cbc73&faq=5f211dc1e11fda78bcb685c5&view=FAQ,official_web_via_public_dataset
217,Can I change the delivery address after I have placed a Flipkart Quick order?,"No, once an order is placed the delivery address cannot be changed.",shipping_delivery,https://www.flipkart.com/helpcentre?catalog=5f210f87278e793e653cbc73&faq=5f2119280c264361076619e0&view=FAQ,official_web_via_public_dataset
218,What are the benefits that a Flipkart Plus member gets?,"Flipkart Plus is a customer benefits program that brings benefits like: 1. Free Delivery - Get free delivery on F-Assured products purchased on Flipkart at serviceable pincodes2. Earn 2x SuperCoins - On every purchase earn 2x times more SuperCoins3. Early Access to Sales - Get access to select sale events such as Big Billion Days, Big Shopping Days etc. for select products a few hours before other customers4. Priority Customer Support - Experience shorter response time to reach our customer support team To know more about Flipkart Plus program click here For more information on SuperCoins click here",accounts,https://www.flipkart.com/helpcentre?catalog=5b5edbf548000027009e432b&faq=5b612e0e6c00002a008f3fd2&view=FAQ,official_web_via_public_dataset
219,How will my order be delivered?,All orders are shipped by sellers through courier services who deliver the packages to your doorstep or the nearest pick-up store if the option is selected.,orders,https://www.flipkart.com/helpcentre?catalog=55c9cf49b0000024002c1703&faq=55bf19ad1f00002b007dbea2&view=FAQ,official_web_via_public_dataset
220,Why is my card being saved on Flipkart?,"It's quicker. You can save the hassle of typing in the complete card information every time you shop on Flipkart by saving your card details. You can make your payment by selecting the saved card of your choice at checkout. While this is obviously faster, it is also very secure.",payments,https://www.flipkart.com/helpcentre?catalog=55bf48f4d00000490011ffa5&faq=5ae0680613000027004cb46d&view=FAQ,official_web_via_public_dataset
221,Why is the option to buy a BGauss 2-wheeler not available at my pincode?,"Sorry, the option to purchase the 2-wheeler is available only in select cities. Rest assured, the brand authorised dealers are working on expanding this.",products,https://www.flipkart.com/helpcentre?catalog=632beac264d0b60fba412142&faq=632bf0a464d0b60fba41518b&view=FAQ,official_web_via_public_dataset
222,What are in-app offers for SuperCoin Pay?,"In-app offers are offers provided by brands and banks as part of SuperCoin Pay with terms and conditions applicable. These offers help you save extra on your spendings at third-party partner stores. To avail an offer, please scan the QR code, enter the bill amount and select 'Apply Brand Voucher' by choosing the relevant discount available.",promotions_rewards,https://www.flipkart.com/helpcentre?catalog=5f295ded4052815c7aef207e&faq=5f8e81cd952a4e798481b3bc&view=FAQ,official_web_via_public_dataset
223,How can I return or exchange an item?,"To return/exchange your order, follow these simple steps: 1. Go to My Orders 2. Choose the item you wish to return or exchange 3. Fill in the details 4. Choose Request Return.",returns_refunds,https://www.flipkart.com/helpcentre?catalog=55c9c6edb000002e002c1701&faq=55bf6716bc00002f005be763&view=FAQ,official_web_via_public_dataset
224,Is the delivery for Flipkart Quick free or chargeable?,"For both express delivery and slotted delivery, if the order value is above Rs. 500, then the delivery will be free. In case the order value is less than Rs. 500, shipping charges will be applicable.",shipping_delivery,https://www.flipkart.com/helpcentre?catalog=5f210f87278e793e653cbc73&faq=5f211ce24052815c7aecd51c&view=FAQ,official_web_via_public_dataset
225,What is Plus Zone?,Plus Zone is a section where Flipkart Plus customers can access information such as: 1. Membership details2. SuperCoins earned3. Plus benefits To know more about the Flipkart Plus program click hereFor more information on SuperCoins click here,accounts,https://www.flipkart.com/helpcentre?catalog=5b5edbf548000027009e432b&faq=6206cfb573a87e3acd954f34&view=FAQ,official_web_via_public_dataset
226,How quickly can I get my order delivered?,Orders will be delivered by the date you see on the product page for your location.,orders,https://www.flipkart.com/helpcentre?catalog=55c9cf49b0000024002c1703&faq=56139a4c1800003a00e7f928&view=FAQ,official_web_via_public_dataset
227,How can I track my application status from my Flipkart Account?,The application status will be immediately communicated to you once the application process is completed. You can also view the details by visiting the 'My Account' section of your Flipkart account and clicking on 'Flipkart Axis Bank Credit Card' section. 1) The application status is immediately communicated to you on the app after the application process is completed. You'll also get an SMS / email from AXIS Bank as soon as the application is processed.,payments,https://www.flipkart.com/helpcentre?catalog=5d27036a2100002900f9dc20&faq=5d2712f368000039009c452d&view=FAQ,official_web_via_public_dataset
228,Do I need to have a driving license to ride a BGauss 2-wheeler?,"Please note, a driving license is required to ride BG B8, BG D15i, and BG D15 Pro. Whereas, a driving license is not required to ride BG A2.",products,https://www.flipkart.com/helpcentre?catalog=632beac264d0b60fba412142&faq=632c0c29f86ae76c18e97a94&view=FAQ,official_web_via_public_dataset
229,How can I check the details of 'SuperCoins Rewards' I have used already?,"You can check claimed 'SuperCoins Rewards' in the Rewards Store section under the SuperCoin Zone of your Flipkart account. To visit SuperCoin Zone, click here",promotions_rewards,https://www.flipkart.com/helpcentre?catalog=5b5edbf548000027009e432b&faq=5b61347748000038009edfdf&view=FAQ,official_web_via_public_dataset
230,Do I have to return the freebie when I return a product?,"Yes, the freebie has to be returned along with the product.",returns_refunds,https://www.flipkart.com/helpcentre?catalog=55c9c6edb000002e002c1701&faq=55bf4931d000004a0011ffa7&view=FAQ,official_web_via_public_dataset
231,Why are faster delivery options not available at my location?,Faster delivery options may not be available at your location due to courier related reasons but we’re trying to expand our services to include more places. Stay tuned for updates!,shipping_delivery,https://www.flipkart.com/helpcentre?catalog=55c9e2086000001100cb508e&faq=564d6b3d210000160085474d&view=FAQ,official_web_via_public_dataset
232,"I'm getting an error message that says, 'You've exceeded the maximum number of attempts to enter correct verification code'. How can I log in to my Flipkart account now?","If a wrong code is entered for verification more than a specific number of times, this error message will be seen and for security reasons, your account will be blocked for the next 24 hours. To log in, please try again after 24 hours by entering the correct OTP.",accounts,https://www.flipkart.com/helpcentre?catalog=55cddc57b000002c002c170b&faq=55c20b81a900003300b99932&view=FAQ,official_web_via_public_dataset
233,Can I get my order delivered faster?,Your order will get delivered on or before the delivery date promised at the time of placing the order.,orders,https://www.flipkart.com/helpcentre?catalog=55c9cf49b0000024002c1703&faq=55bf25ed1f000010007dbea4&view=FAQ,official_web_via_public_dataset
234,Do I need to install the PhonePe app to use the wallet option on my Flipkart account?,"No, you will be able to use the wallet option on your Flipkart account for payments without installing the PhonePe app. You can choose to install the PhonePe app to access other payment features.",payments,https://www.flipkart.com/helpcentre?catalog=587390bf1800001400f0058e&faq=57be96121300001600bd61ed&view=FAQ,official_web_via_public_dataset
235,In which all cities can the purchase of an Ather 2-wheeler be made?,"Please note, Ather 2-wheelers are available for purchase only in Delhi at the moment. Rest assured, brand authorised dealers are working on expanding this to other cities.",products,https://www.flipkart.com/helpcentre?catalog=632bec61a0eaa942e1bed2d9&faq=632bfde4f86ae76c18e90d1e&view=FAQ,official_web_via_public_dataset
236,I have earned 200 SuperCoins already last year but still did not receive any membership notification. What do I do?,"If you haven't received the membership notification, please check the 'Flipkart Plus Zone' on the app and website. In case you do not see the option, we would request you to wait for 24 hours and you will surely receive the option to activate your membership. To know more about the program click here For more information on SuperCoins click here",promotions_rewards,https://www.flipkart.com/helpcentre?catalog=5b5edbf548000027009e432b&faq=5f1033113388604029c1564d&view=FAQ,official_web_via_public_dataset
237,What is the Buyer Protection policy?,"The Buyer Protection policy mediates buyer-seller disputes. In case a seller declines your request for a return of an item and you are not convinced with the reason given, you can write to us at resolution@flipkart.com for Buyer Protection. You can dispute the resolution that the seller has shared for your issue until 45 days from the date of delivery and concern is looked into by us on a case-to-case basis.",returns_refunds,https://www.flipkart.com/helpcentre?catalog=55c9c6edb000002e002c1701&faq=55bf4269bc000042005be75f&view=FAQ,official_web_via_public_dataset
238,The delivery time mentioned for a BGauss 2-wheeler is too long. Is there anyway to get the 2-wheeler faster?,"Please note, the brand authorised dealer will be unable to deliver the vehicle faster due to processing timelines needed by them. Rest assured, the 2-wheeler will reach you as per the date provided.",shipping_delivery,https://www.flipkart.com/helpcentre?catalog=632fc25214e57550754db0d8&faq=632bf11b14e5755075424966&view=FAQ,official_web_via_public_dataset
239,Can I buy Flipkart Plus membership?,"Flipkart Plus is a membership program without any fee. Every customer who shops on Flipkart gets equal opportunity to join Flipkart Plus, solely based on SuperCoins earned. For every Rs. 100 spent as part of an order, you will get 2 SuperCoins. You can become a Flipkart Plus member once you earn a total of 200 SuperCoins, even if these SuperCoins have been redeemed. Please note, the SuperCoins will be earned on the actual order value excluding any instant discounts or cashback credited. To know more about the program click here For more information on SuperCoins click here",accounts,https://www.flipkart.com/helpcentre?catalog=5b5edbf548000027009e432b&faq=5b6129474800003b009edb90&view=FAQ,official_web_via_public_dataset
240,How can I track my Flipkart Quick order?,You can track your order from the 'My Orders' section of your Flipkart account.,orders,https://www.flipkart.com/helpcentre?catalog=5f210f87278e793e653cbc73&faq=5f2115d8df455e77963cde8e&view=FAQ,official_web_via_public_dataset
241,"I have an Axis Bank Buzz Credit Card, can I still apply for the Flipkart Axis Bank Credit Card?","Yes, if you are an Axis Bank Buzz credit cardholder, you are eligible to apply for the Flipkart Axis Bank Credit Card. You can apply for the card by visiting our Home Page and clicking on the 'Apply Now' option on the banner.",payments,https://www.flipkart.com/helpcentre?catalog=5d27036a2100002900f9dc20&faq=5d2709772100001e002b7ec0&view=FAQ,official_web_via_public_dataset
242,Is the price for Ampere Magnus EX inclusive of subsidy?,"Please note, the price displayed on the product page includes subsidy provided by the central government and is linked to your Aadhar Card and that would mean that this price is applicable only for your first purchase of an electrical vehicle.",products,https://www.flipkart.com/helpcentre?catalog=6308ea59f86ae76c18b1420d&faq=6308f3a614e57550750a99ff&view=FAQ,official_web_via_public_dataset
243,What if my order amount is lesser than the Gift Card value?,"If your order amount is lesser than the value of your Gift Card, the balance will stay your Card and you can use it to shop on Flipkart!",promotions_rewards,https://www.flipkart.com/helpcentre?catalog=564964546e00002f0073d516&faq=5649609c6e00003e0073d421&view=FAQ,official_web_via_public_dataset
244,I ordered a wrong item. Can I return it?,The sellers' return policies don't support the return of item(s) ordered wrongly. You can refer the respective seller's Returns policy on the product page.,returns_refunds,https://www.flipkart.com/helpcentre?catalog=55c9c6edb000002e002c1701&faq=55f2a4685a00001400d984d2&view=FAQ,official_web_via_public_dataset
245,Is there a charge for pickup of products from a 'Pickup Store'?,There are no charges for pickup of products from a 'Pickup Store'. Standard delivery charges still apply.,shipping_delivery,https://www.flipkart.com/helpcentre?catalog=56614d156e00003000775aee&faq=55c1e3b5b500004600316800&view=FAQ,official_web_via_public_dataset
246,"I always login using my phone number, but I recently lost my phone. I have also forgotten the password to my Flipkart account. How do I access it?","If you have forgotten the password for your account, you can reset it using the 'Forgot password' option available on the home page. Just enter your registered email ID to get an OTP, once you have the OTP simply follow the prompts. If you regain access to your phone number, you can always log in using OTP else, if an email ID is registered with your account, you can click on 'Forget Password' and attempt to log in. In the unlikely event of these not working, you can contact our customer support team for further assistance.",accounts,https://www.flipkart.com/helpcentre?catalog=55cddc57b000002c002c170b&faq=55c20ceda900002800b99935&view=FAQ,official_web_via_public_dataset
247,"The address while ordering Ampere 2-wheeler on Flipkart is different from the one on my address proof (Aadhar Card), what should I do now?","Please cancel the order and place a new order with the correct address. For more details, you can also contact the brand authorised dealer.",orders,https://www.flipkart.com/helpcentre?catalog=6308ea59f86ae76c18b1420d&faq=6309249814e57550750ab0c5&view=FAQ,official_web_via_public_dataset
248,Can I buy products on Flipkart by redeeming SuperCoins?,"Please note, SuperCoins is not a payment mode and cannot be used for completing purchases. SuperCoins can be redeemed only to avail 'SuperCoins Rewards'. However, you can also redeem them for discounts funded by third parties for products on Flipkart platform and at third-party partner stores based on terms and conditions. To know more about the Flipkart Plus program click here For more information on SuperCoins click here",payments,https://www.flipkart.com/helpcentre?catalog=5b5edbf548000027009e432b&faq=5b6133f114000013007b43ea&view=FAQ,official_web_via_public_dataset
249,Is the price for a BGauss 2-wheeler inclusive of subsidy?,"Please note, the price displayed on the product page includes subsidy provided by the central government and is linked to your Aadhaar Card and that would mean that this price is applicable only for your first purchase of an electrical vehicle.",products,https://www.flipkart.com/helpcentre?catalog=632beac264d0b60fba412142&faq=632bfe7164d0b60fba41b15e&view=FAQ,official_web_via_public_dataset
250,What is the warranty being offered by Ampere?,"Ampere Magnus EX electric scooter comes with a warranty of 3 years or 20000 km, whichever is completed first. For more details, you can contact the brand at 1800 123 9262 or write to them at customersupport@amperevehicles.com. You can also choose to contact the brand authorised dealer.",promotions_rewards,https://www.flipkart.com/helpcentre?catalog=6308ea59f86ae76c18b1420d&faq=6309139414e57550750aad8b&view=FAQ,official_web_via_public_dataset
251,How will I get my refund for returning an item I paid for using 'Cash on Delivery' mode?,"For orders placed using 'Cash on Delivery' as the payment mode, refunds can be processed to your bank account via Immediate Payment Service (IMPS). You can update the details of the bank account where you would like to receive the refund while creating the return request for an item. You will need to update following information for the seller to process a refund to your account: The Bank Account Number IFSC Code Account Holder's Name Bank Branch Bank Name IMPS refunds will typically be processed in one business day by sellers.",returns_refunds,https://www.flipkart.com/helpcentre?catalog=55c9c6edb000002e002c1701&faq=5b34e0074c0000340043893d&view=FAQ,official_web_via_public_dataset
252,Will the delivery be tried again if I'm not able to collect my order the first time?,Couriers make sure that the delivery is re-attempted the next working day if you can't collect your order the first time.,shipping_delivery,https://www.flipkart.com/helpcentre?catalog=55c9cf49b0000024002c1703&faq=55f2a6eb5b00001e003202ed&view=FAQ,official_web_via_public_dataset
253,"The address while ordering BGauss 2-wheeler on Flipkart is different from the one on my address proof (Aadhaar Card), what should I do now?","Please cancel the order and place a new order with the correct address. For more details, you can also contact the brand authorised dealer.",orders,https://www.flipkart.com/helpcentre?catalog=632beac264d0b60fba412142&faq=632d212164d0b60fba455193&view=FAQ,official_web_via_public_dataset
254,I want to know the CVV number on the card?,"The virtual card and CVV are available in the Flipkart Axis Bank Credit Card section under 'My Accounts' section of the app. Once the physical card is delivered to you, the CVV number is available behind your card. Disclaimer: Please do not disclose your PIN or CVV to anyone. In case your card is misused, Bank or Flipkart won't be responsible for any unauthorised transactions that may have happened due to the disclosure.",payments,https://www.flipkart.com/helpcentre?catalog=5d27036a2100002900f9dc20&faq=5d2717cd68000033009c4738&view=FAQ,official_web_via_public_dataset
255,Is the price for a Bounce 2-wheeler inclusive of subsidy?,"Please note, the price displayed on the product page includes subsidy provided by the central government and is linked to your Aadhar Card and that would mean that this price is applicable only for your first purchase of an electrical vehicle.",products,https://www.flipkart.com/helpcentre?catalog=62da9d35aca9fa77e9e5c342&faq=62dab2561c67763c20d1d284&view=FAQ,official_web_via_public_dataset
256,Can I use my Gift Card to buy items from different sellers in the same order?,"No, a Gift Card cannot be used in a single order with different sellers. To buy items from different sellers using your Gift Card, please order separately.",promotions_rewards,https://www.flipkart.com/helpcentre?catalog=564964546e00002f0073d516&faq=56495fc72600001300c2c7f5&view=FAQ,official_web_via_public_dataset
257,Can 'SuperCoins Rewards' be cancelled or returned?,"No. Once 'SuperCoins Rewards' are purchased they cannot be cancelled or returned. For more details on 'SuperCoins Rewards', please visit SuperCoin Zone here To know more about the Flipkart Plus program click here",returns_refunds,https://www.flipkart.com/helpcentre?catalog=5b5edbf548000027009e432b&faq=5b6137af1300003600653e10&view=FAQ,official_web_via_public_dataset
258,What is express delivery?,"It is a new delivery model that ensures delivery of items like grocery, fresh fruits, vegetables, lifestyle, and mobile categories within 90 minutes of it being placed. If the order value is more than Rs. 500, delivery is free. In case the order value is less than Rs. 500, shipping charges will be applicable.",shipping_delivery,https://www.flipkart.com/helpcentre?catalog=5f210f87278e793e653cbc73&faq=5f211e57512c226900283e8b&view=FAQ,official_web_via_public_dataset
259,"The address while ordering Bounce vehicle on Flipkart is different from the one on my address proof (Aadhar Card), what should I do now?","Please cancel the order and place a new order with the correct address. For more details, you can also contact the brand authorised dealer.",orders,https://www.flipkart.com/helpcentre?catalog=62da9d35aca9fa77e9e5c342&faq=632d276ff86ae76c18ecbfa4&view=FAQ,official_web_via_public_dataset
260,What are the interest rates for the Credit card EMI plans?,You will see the actual interest rates and the amount charged by the bank for your credit card EMI plan during checkout after choosing the EMI payment method while placing your order.,payments,https://www.flipkart.com/helpcentre?catalog=55bf48f4d00000490011ffa5&faq=564c110a1900003d00fede33&view=FAQ,official_web_via_public_dataset
261,What after-sales services are being provided by Flipkart for BGauss 2-wheelers?,"Please note, there will be no after-sales services provided by Flipkart. Kindly contact the brand's customer support for any assistance needed after the purchase of the vehicle. You can also check with the brand authorised dealer.",products,https://www.flipkart.com/helpcentre?catalog=632beac264d0b60fba412142&faq=632d1bdff86ae76c18ec88a9&view=FAQ,official_web_via_public_dataset
262,What is Cash and Coins for Rewards program?,Cash and Coins for Rewards enables customers to redeem select rewards offered by third party using a combination of SuperCoins and a specific amount. The amount and the number of SuperCoins that have to be used to redeem a reward are pre-determined and cannot be changed.,promotions_rewards,https://www.flipkart.com/helpcentre?catalog=5f295ded4052815c7aef207e&faq=5f7c5ef086c49b5087e053ea&view=FAQ,official_web_via_public_dataset
263,How does warranty work on replacement products?,The warranty on replacement products will be the same as the initial product delivered to you. The invoice you receive with the replacement can be used to claim warranty related services.,returns_refunds,https://www.flipkart.com/helpcentre?catalog=563ae4ae6f00001e0035fd12&faq=5639e44d7100002000a27a02&view=FAQ,official_web_via_public_dataset
264,How can I collect my shipment from the pick-up store?,"To collect your shipment from a pick-up store, follow these simple steps: 1. Walk into the pick-up store 2. Enter your OTP where you are asked to do so by the Store Manager and show a valid photo ID As soon as the verification is complete, the shipment will be handed over to you. Note: The photo IDs can be PAN card, Driving license, Aadhar card, College ID card, Employee ID card, Voters' ID card, Government approved cards, photo printed credit/debit card, and Bank passbook.",shipping_delivery,https://www.flipkart.com/helpcentre?catalog=56614d156e00003000775aee&faq=55c1ec89b500004b00316804&view=FAQ,official_web_via_public_dataset
265,"The address while ordering Ather 2-wheeler on Flipkart is different from the one on my address proof (Aadhaar Card), what should I do now?","Please cancel the order and place a new order with correct address. For more details, you can also contact the brand authorised dealer.",orders,https://www.flipkart.com/helpcentre?catalog=632bec61a0eaa942e1bed2d9&faq=632d24a8f86ae76c18eca6c5&view=FAQ,official_web_via_public_dataset
266,What is 'Credit Card No Cost EMI'?,"'Credit Card No Cost EMI' is a payment mode with which you can shop for items from select sellers on Flipkart with no interest & zero down payment. With this payment mode, you get an instant cash-back from the seller for the amount you are charged by the bank as interest.",payments,https://www.flipkart.com/helpcentre?catalog=57aad44e1200002e00e98c06&faq=579affdf1200002300e74469&view=FAQ,official_web_via_public_dataset
267,Will Hero MotoCorp cross-sell/up sell when I visit the brand authorised dealer?,"Please note, once you've completed the purchase on Flipkart, the brand authorised dealer will not market any other products. However, they may recommend accessories that may be suitable for your vehicle.",products,https://www.flipkart.com/helpcentre?catalog=632fc25214e57550754db0d8&faq=632fe28c64d0b60fba4d96de&view=FAQ,official_web_via_public_dataset
268,Where can I check the details of my SuperCoins?,"You can see the details of the SuperCoins reflecting as 'on the way', 'credited', 'used' and 'expired' by following these simple steps: For App- Log in to your account- Click on 'SuperCoin' icon at the bottom of the screen For Website- Log in to your account- Click on 'My Account'- Go to 'SuperCoin Zone' To know more about the program click here For more information on SuperCoins click here",promotions_rewards,https://www.flipkart.com/helpcentre?catalog=5b5edbf548000027009e432b&faq=5b612b5d1000002500e9ffb9&view=FAQ,official_web_via_public_dataset
269,When are refunds given?,Refunds are given when: - The seller cannot provide a replacement- A dispute has been ruled in your favour in-line with Buyer Protection- Sellers allow refunds on select categories under certain conditions Please check the seller's Returns Policy on the product page for more details.,returns_refunds,https://www.flipkart.com/helpcentre?catalog=55c9c6edb000002e002c1701&faq=55bf4f79ab00003a00e35480&view=FAQ,official_web_via_public_dataset
270,Why didn't my order qualify for free delivery?,"Your order qualifies for free delivery if you order F-Assured products worth Rs. 500 and above. If your order value for F-Assured products is less than Rs. 500, a delivery fee of Rs. 40 will be charged.For products that are non-F-Assured, delivery charges if any will be decided by the sellers and will vary. Please click on 'View sellers' under the seller rating on the product page for information about sellers selling any particular product and their respective delivery charges.",shipping_delivery,https://www.flipkart.com/helpcentre?catalog=55c9e2086000001100cb508e&faq=5b34ccfc6d0000320074aa8a&view=FAQ,official_web_via_public_dataset
271,Do sellers on Flipkart ship internationally?,"Currently, sellers on Flipkart only ship within India.",orders,https://www.flipkart.com/helpcentre?catalog=55c9c8e2b0000023002c1702&faq=55bf15e4d00000250011ff90&view=FAQ,official_web_via_public_dataset
272,How do I save my card(s) on Flipkart?,"Your card is saved automatically when you make a successful payment by entering the card details while purchasing on Flipkart. Alternatively, you can also save your card by navigating to 'My Accounts > Payments > My Saved Cards'. To save the card you'll need the card number and the expiry date. You can also add a card label to better identify a saved card.",payments,https://www.flipkart.com/helpcentre?catalog=55bf48f4d00000490011ffa5&faq=5ae1a524130000310096ce64&view=FAQ,official_web_via_public_dataset
273,Can I choose a different model of the Bounce 2-wheeler at the brand authorised dealer after doing the test drive?,"In case you want to buy a different model than the one you have already purchased after test drive at the brand authorised dealer, you can cancel the existing order and place a new order for the desired model. Please note, the option to cancel the order will not be available after the submission of documents required for processing registration.",products,https://www.flipkart.com/helpcentre?catalog=62da9d35aca9fa77e9e5c342&faq=62dad3f1aca9fa77e9e63cca&view=FAQ,official_web_via_public_dataset
274,How can I know if the store I am at has the option of using SuperCoin Pay feature?,Please ask the cashier at the store if the option to pay through SuperCoin Pay feature is available with them or you can look for a QR code scanner with Flipkart logo and SuperCoin Pay option.,promotions_rewards,https://www.flipkart.com/helpcentre?catalog=5f295ded4052815c7aef207e&faq=5f8e73ef952a4e798481a35a&view=FAQ,official_web_via_public_dataset
275,Can I choose PhonePe wallet as a refund option?,"Yes, you can choose to have the amount refunded to your PhonePe wallet provided the balance does not exceed ₹20,000.",returns_refunds,https://www.flipkart.com/helpcentre?catalog=587390bf1800001400f0058e&faq=57be97561400002100f160b0&view=FAQ,official_web_via_public_dataset
276,What happens if I'm not able to pick up my shipment within 5 days from the pickup store for some reason?,"In case your shipment isn't collected from the pick-up store within 5 days, it will be returned to the seller. The order will be cancelled and a full refund initiated for pre-paid orders.",shipping_delivery,https://www.flipkart.com/helpcentre?catalog=56614d156e00003000775aee&faq=55c1f872a900002300b99928&view=FAQ,official_web_via_public_dataset
277,"The address while ordering the Hero MotoCorp 2-wheeler on Flipkart is different from the one on my address proof (Aadhaar Card), what should I do now?","Please cancel the order and place a new order with the correct address. For more details, you can also contact the brand authorised dealer.",orders,https://www.flipkart.com/helpcentre?catalog=632fc25214e57550754db0d8&faq=632fe30364d0b60fba4d9901&view=FAQ,official_web_via_public_dataset
278,Is 'Credit Card No Cost EMI' payment mode available on Flipkart’s website and mobile app?,"Yes, ‘Credit Card No Cost EMI' payment mode is available on our website, mobile app, and Flipkart Lite, our mobile site",payments,https://www.flipkart.com/helpcentre?catalog=57aad44e1200002e00e98c06&faq=579b00b7120000200061c45b&view=FAQ,official_web_via_public_dataset
279,Is the price for an Ather 2-wheeler inclusive of subsidy?,"Please note, the price displayed on the product page includes subsidy provided by the central government and is linked to your Aadhar Card and that would mean that this price is applicable only for your first purchase of electrical vehicle.",products,https://www.flipkart.com/helpcentre?catalog=632bec61a0eaa942e1bed2d9&faq=632c044d14e575507542c713&view=FAQ,official_web_via_public_dataset
280,Where will I find a scratch card after using SuperCoin Pay feature for an order?,"If an order is eligible for scratch card by Twid (INNOTARGET FASHALOT RETAIL PRIVATE LIMITED), it will be added soon after transaction is successful. Please go to 'My Orders' page of your Flipkart account, tap on the SuperCoin Pay logo at the top of the page and choose SuperCoin Pay from the menu. There will a tab at the top of the page with scratch cards and you will be able to find your scratch card on that particular tab. Please note that offers are subject to terms and conditions.",promotions_rewards,https://www.flipkart.com/helpcentre?catalog=5f295ded4052815c7aef207e&faq=5f8eba40338fb61d82bf999e&view=FAQ,official_web_via_public_dataset
281,What are the refund timelines if I cancel or return a product?,"The refund timelines will depend on the payment modes as listed below: Debit card - 7-9 Business days Credit - 7-9 Business days Netbanking - 3-7 business days COD - IMPS, 1 Business days EMI (Standard+No cost+Debit card) - 7- 9 Business days Flipkart Pay Later - 24 to 48 hours Gift Card - 24 hours PhonePe: PhonePe wallet - 24 hours PhonePe UPI - 1 business day PhonePe Credit/Debit card - 7 business days Note: Refunds will be credited to the payment source used at the time of placing an order.The mode of refund in case of payment through 'Cash on Delivery' will be IMPS",returns_refunds,https://www.flipkart.com/helpcentre?catalog=55c9c6edb000002e002c1701&faq=5b34df996e00003b00124e43&view=FAQ,official_web_via_public_dataset
282,"My order status shows 'Out for Delivery', but I haven't got it yet. When will I get it?",The courier service will contact you for delivery of your order. Please check your SMS for more details.,shipping_delivery,https://www.flipkart.com/helpcentre?catalog=55c9cf49b0000024002c1703&faq=55bf2b95ab00002f00e35471&view=FAQ,official_web_via_public_dataset
283,What do the different order statuses in 'My Orders' mean?,The different order statuses are as mentioned below: Approved: Order you have placed for an item is confirmed by the seller Ready to Ship: Your item is packed and ready for pick up by a courier service provider Dispatched: Your item has been picked up from the seller by the courier service provider and is on its way to a logistic facility Shipped: Your item is on its way to you Out for delivery: A Wish master is out to deliver your order Delivered: Your item has been delivered Return requested: You have created a return request for the item which is pending confirmation from the seller Returned: You have returned the item for refund/replacement/exchange,orders,https://www.flipkart.com/helpcentre?catalog=55c9cf49b0000024002c1703&faq=5b34e1fe6e00003d00124ecb&view=FAQ,official_web_via_public_dataset
284,Can I foreclose my EMIs for products purchased using the 'Credit Card No Cost EMI' payment mode?,"Yes, you can foreclose your EMIs if you've paid for your order using 'Credit Card No Cost EMI' payment mode. Please contact the card-issuing bank for foreclosure of your EMI.",payments,https://www.flipkart.com/helpcentre?catalog=57aad44e1200002e00e98c06&faq=579b013a1400001500ebe3f4&view=FAQ,official_web_via_public_dataset
285,What are the documents required for the entire process of buying an Ather 2-wheeler on Flipkart?,The following documents need to be submitted to the brand authorised dealer to complete the purchase of an Ather 2-wheeler: - Aadhaar Card- Pan Card- Address proof- Passport size photo,products,https://www.flipkart.com/helpcentre?catalog=632bec61a0eaa942e1bed2d9&faq=632bf948a0eaa942e1bf2b3b&view=FAQ,official_web_via_public_dataset
286,How do I know if a third-party partner store accepts SuperCoin Pay if there is no QR code scanner available?,"To check if a third-party store has partnered with us for the SuperCoin Pay feature, please check with the cashier at the store or you can visit the SuperCoin Zone and check the list of the partner stores using 'Stores Nearby' option.",promotions_rewards,https://www.flipkart.com/helpcentre?catalog=5f295ded4052815c7aef207e&faq=5f8e8140eb75572bd7abf173&view=FAQ,official_web_via_public_dataset
287,I have not received the reimbursement of my courier charges. What should I do?,"Please follow the below-mentioned steps on our website to upload a scanned copy of the receipt from the courier service provider so that we can request the seller for a reimbursement: Go to Flipkart Help Center and select the relevant order for which the refund has been requested From the issue types, choose 'Others' and select 'Email Us' Now click on the attachment icon and select the image/document you wish to upload Please include the return ID in your email and click 'Send Email' After the verification, the amount will be refunded to you as a Gift Card in your Flipkart account. Note: This amount is not withdrawable to your bank account.",returns_refunds,https://www.flipkart.com/helpcentre?catalog=55c9c6edb000002e002c1701&faq=5b34e0b71400002200f63f4d&view=FAQ,official_web_via_public_dataset
288,What is a pick-up store?,A pick-up store is a location near you where you can now walk into a select partner store and collect your order at your own convenience. The option to choose this as a delivery option is available on our mobile app.,shipping_delivery,https://www.flipkart.com/helpcentre?catalog=56614d156e00003000775aee&faq=55c1e63cb500004000316801&view=FAQ,official_web_via_public_dataset
289,Will I get the option to test drive a BGauss 2-wheeler? How many times will I be allowed to take a test drive in the same order?,You can take multiple test rides by visiting the nearest brand authorised dealership.,orders,https://www.flipkart.com/helpcentre?catalog=632beac264d0b60fba412142&faq=632bf86da0eaa942e1bf236d&view=FAQ,official_web_via_public_dataset
290,I chose the wrong EMI plan while making the payment using Bajaj Finserv No Cost EMI option. Can I change it now?,"EMI plan chosen while paying through the Bajaj Finserv No Cost EMI payment option cannot be changed once the order has been placed. If your order hasn't been delivered yet, you can cancel* it and place a new order with the preferred EMI plan. *Certain items cannot be cancelled after 24 hours of placing the order.""",payments,https://www.flipkart.com/helpcentre?catalog=5717798d1300001d0007d6e0&faq=57147cdc1200003800817deb&view=FAQ,official_web_via_public_dataset
291,What are the documents required for the entire process of buying a Bounce 2-wheeler on Flipkart?,The following documents need to be submitted to the brand authorised dealer to complete the purchase of a 2-wheeler: - Aadhar Card- Pan Card- Address proof- Passport size photo,products,https://www.flipkart.com/helpcentre?catalog=62da9d35aca9fa77e9e5c342&faq=62daaa3faca9fa77e9e5e17e&view=FAQ,official_web_via_public_dataset
292,What are the limits to buy Gift Cards?,"You can buy a maximum of 100 Gift Cards in a month with a total limit of Rs. 1,00,000 (One Lakh). Purchases exceeding this limit will be automatically canceled. Please refer to the Gift Card Terms & Conditions page for more details.",promotions_rewards,https://www.flipkart.com/helpcentre?catalog=564964546e00002f0073d516&faq=57d15cf31300002a00403496&view=FAQ,official_web_via_public_dataset
293,Why have I been asked to ship the item?,"When pickup facility is not available for your location as per the courier service providers, you may be asked to ship the item back to the seller. Since the seller can arrange for a refund or a replacement only after the item reaches them, please make sure that the item is sent to the address mentioned in the return related email within 30 days of the email being sent to you. The seller may not be able to proceed with the return request if the item does not reach the specified address within 30 days.",returns_refunds,https://www.flipkart.com/helpcentre?catalog=55c9c6edb000002e002c1701&faq=564980b72100001300515d86&view=FAQ,official_web_via_public_dataset
294,What is Cash on Delivery?,Cash on Delivery is a mode of payment in which you can pay cash at the time of delivery of your order. You can also pay using a credit card/ debit card if the Courier Executive carries a swiping machine.,shipping_delivery,https://www.flipkart.com/helpcentre?catalog=55bf48f4d00000490011ffa5&faq=55bb430b2c00002e00690dcc&view=FAQ,official_web_via_public_dataset
295,Will I get the option to test drive a Bounce 2-wheeler? How many times will I be allowed to take a test drive in the same order?,Please contact the brand authorised dealer for any test drive-related queries.,orders,https://www.flipkart.com/helpcentre?catalog=62da9d35aca9fa77e9e5c342&faq=62daac7172a08c7132793433&view=FAQ,official_web_via_public_dataset
296,How secure is the payment through SuperCoin Pay?,Twid (INNOTARGET FASHALOT RETAIL PRIVATE LIMITED) platform is designed to ensure your data is safe and secure. This is a PCI DSS certified platform that makes your transaction completely safe. Your data is 256 bits encrypted and with your full opt-in consent and transparency.,payments,https://www.flipkart.com/helpcentre?catalog=5f295ded4052815c7aef207e&faq=5f8ed5bd732ee36607bef04f&view=FAQ,official_web_via_public_dataset
297,How long does the battery last for BGauss 2-wheelers?,"The battery for BG D15i and BG D15 Pro will last for 70,000 to 80,000 kilometers, which is 8 to 10 years depending on the individual usage. The battery for BG A2 and BG B8 will last for 40,000 kilometers depending on usage.",products,https://www.flipkart.com/helpcentre?catalog=632beac264d0b60fba412142&faq=632d19d3f86ae76c18ec831b&view=FAQ,official_web_via_public_dataset
298,Do I have to pay anything extra to buy or use a Gift Card?,No. You can buy and use your Gift Card without paying anything extra.,promotions_rewards,https://www.flipkart.com/helpcentre?catalog=564964546e00002f0073d516&faq=564960012600001900c2c805&view=FAQ,official_web_via_public_dataset
299,Can I cancel or return a reward as part of the Cash and Coins for Rewards for program?,"No, once a reward is claimed, it cannot be cancelled.",returns_refunds,https://www.flipkart.com/helpcentre?catalog=5f295ded4052815c7aef207e&faq=5f7c6fa639ee360fc4358e62&view=FAQ,official_web_via_public_dataset
300,Can I combine the balance on my Gift Cards with Cash on Delivery to pay for an order?,Cash on Delivery payments cannot be combined with other payments modes.,shipping_delivery,https://www.flipkart.com/helpcentre?catalog=55bf48f4d00000490011ffa5&faq=564b08f93000003c00fd324f&view=FAQ,official_web_via_public_dataset
301,Will I get the option to test drive an Ather 2-wheeler? How many times will I be allowed to take a test drive in the same order?,Please contact the brand authorised dealer for any test drive-related queries.,orders,https://www.flipkart.com/helpcentre?catalog=632bec61a0eaa942e1bed2d9&faq=632bfd7a64d0b60fba41a975&view=FAQ,official_web_via_public_dataset
302,How can I pay for my order?,"You can choose to pay for an order using any of the below methods: Cash on Delivery Net Banking Gift Card PhonePe Wallet Visa, MasterCard, Maestro and American Express Credit or Debit cards issued in India and 21 other countries To know more about payments, click here: http://www.flipkart.com/s/help/payments",payments,https://www.flipkart.com/helpcentre?catalog=55bf48f4d00000490011ffa5&faq=55bb42702c00002e00690dcb&view=FAQ,official_web_via_public_dataset
303,How quickly does the battery for BGauss 2-wheelers charge again?,"Please note, the battery for BG A2 will take 1 hour 45 minutes to get 80% charged, however, it will take 2 hours 15 minutes to get 100% charged. Battery for BG B8 will take 2 hours to get 80% charged and 3 hours to get 100% charged. Batteries for BG D15i and BG D15 Pro will take 4 hours to get 80% charged and 5 hours 30 minutes to get 100% charged.",products,https://www.flipkart.com/helpcentre?catalog=632beac264d0b60fba412142&faq=632d1a4f64d0b60fba453f58&view=FAQ,official_web_via_public_dataset
304,"I've lost my Gift Card PIN, what can I do?","If you've bought the Gift Card from Flipkart directly, you can resend the Gift Card details to the recipient by following these simple steps: 1. Go to 'My Orders'2. Select the Gift Card order3. Click on 'Resend Gift Card' and the recipient will get the Gift Card with a new PIN If you've got the Gift Card as a Gift, you may get in touch with the original buyer and they will be able to help you out.",promotions_rewards,https://www.flipkart.com/helpcentre?catalog=564964546e00002f0073d516&faq=587389121300003f00360251&view=FAQ,official_web_via_public_dataset
305,What is the pickup process?,"Once your return or replacement or exchange request is accepted, the pickup of the originally delivered product will be scheduled. An SMS with more details will be sent to you on the day of the pickup. In cases where pickup service is not available from the courier service providers at your location, you may be asked to ship the item back to the seller within 30 days of the return related email being sent to you.",returns_refunds,https://www.flipkart.com/helpcentre?catalog=55c9c6edb000002e002c1701&faq=55bf5d21ab00003a00e35482&view=FAQ,official_web_via_public_dataset
306,Will my shipment be safe at the pickup store?,"Rest assured, your shipment is safe with our trusted partners at all pickup stores.",shipping_delivery,https://www.flipkart.com/helpcentre?catalog=56614d156e00003000775aee&faq=55c1f8c4a900002a00b99929&view=FAQ,official_web_via_public_dataset
307,Will I get the option to test drive a Hero MotoCorp 2-wheeler? How many times will I be allowed to take a test drive in the same order?,You can take multiple test rides by visiting the nearest brand authorised dealership.,orders,https://www.flipkart.com/helpcentre?catalog=632fc25214e57550754db0d8&faq=632fd039a0eaa942e1ca9dee&view=FAQ,official_web_via_public_dataset
308,Why can't I see 'Credit Card No Cost EMI' as a payment mode for some items?,'Credit Card No Cost EMI' payment mode is only available for certain items from select sellers. Please check the product page for availability.,payments,https://www.flipkart.com/helpcentre?catalog=57aad44e1200002e00e98c06&faq=579b00541300003e00414488&view=FAQ,official_web_via_public_dataset
309,Will Ather cross-sell/up sell when I visit the brand authorised dealer?,"Please note, once you've completed the purchase on Flipkart, the brand authorised dealer will not market any other products. However, they may recommend accessories that may be suitable for your vehicle.",products,https://www.flipkart.com/helpcentre?catalog=632bec61a0eaa942e1bed2d9&faq=632d23e764d0b60fba455d6c&view=FAQ,official_web_via_public_dataset
310,"If I merge my Flipkart accounts, will my SuperCoins also merge?",The option to merge Flipkart accounts is not available at the moment. To know more about the program click here For more information on SuperCoins click here,promotions_rewards,https://www.flipkart.com/helpcentre?catalog=5b5edbf548000027009e432b&faq=5b612f1b4900003800cae5a0&view=FAQ,official_web_via_public_dataset
311,Can I get the refund for the item to any other mode if I have paid using the Bajaj Finserv payment option?,"No, the refund for an order placed using the Bajaj Finserv payment mode can only be done to the bank account linked to the Bajaj Finserv EMI Card.",returns_refunds,https://www.flipkart.com/helpcentre?catalog=5717798d1300001d0007d6e0&faq=57147df51200001d0032a423&view=FAQ,official_web_via_public_dataset
312,What is the estimated delivery time?,"Sellers generally procure and ship the items within the time specified on the product page. Business days exclude public holidays and Sundays. Estimated delivery time depends on the following factors: - The seller offering the product- Product's availability with the seller- The destination to which you want the order shipped to and location of the seller You can check the expected delivery date of your order(s) on the 'My Orders' section of your Flipkart account on our website, app, or mobile site.",shipping_delivery,https://www.flipkart.com/helpcentre?catalog=55c9cf49b0000024002c1703&faq=55bf0b5bd00000220011ff8a&view=FAQ,official_web_via_public_dataset
313,Will I get the option to test ride for Ampere Magnus EX? How many times will I be allowed to take test rides as part of an order?,You can take multiple test rides by visiting any brand authorised dealership.,orders,https://www.flipkart.com/helpcentre?catalog=6308ea59f86ae76c18b1420d&faq=63091a66f86ae76c18b160cf&view=FAQ,official_web_via_public_dataset
314,Can I use Credit/Debit Card to pay on Flipkart through the Flipkart app?,"Yes, you can use your Debit/Credit Card to shop on our mobile app, website, and mobile site too!",payments,https://www.flipkart.com/helpcentre?catalog=55bf48f4d00000490011ffa5&faq=55bb49333100003d007864cd&view=FAQ,official_web_via_public_dataset
315,Will Bounce cross-sell/up sell when I visit the brand authorised dealer?,"Please note, once you've completed the purchase on Flipkart, the brand authorised dealer will not market any other products. However, they may recommend accessories that may be suitable for your vehicle.",products,https://www.flipkart.com/helpcentre?catalog=62da9d35aca9fa77e9e5c342&faq=62dad54235e34f62c206f20f&view=FAQ,official_web_via_public_dataset
316,What are the cities/states that have third-party partner stores to redeem the SuperCoin Pay feature?,"SuperCoin Pay feature is available all over the country. You can make payments at any third-party store listed on SuperCoin Zone section of your Flipkart account. To see the list of stores near you where you can pay using SuperCoin Pay, the app will need access to your device's/phone's location. In case you would like to go ahead with this feature, please provide necessary permissions to the Flipkart app. Remember stores that are not listed for your area or not showing up on the app will not accept the payment through SuperCoin Pay.",promotions_rewards,https://www.flipkart.com/helpcentre?catalog=5f295ded4052815c7aef207e&faq=5f8eba92732ee36607bec6ab&view=FAQ,official_web_via_public_dataset
317,How is the Return Fee determined?,"The return fee is determined based on the selling price of the product. Lower the selling price of the product, lower the return fee and vice versa.",returns_refunds,https://www.flipkart.com/helpcentre?catalog=55c9c6edb000002e002c1701&faq=6425904ee7f1e15698f08c98&view=FAQ,official_web_via_public_dataset
318,How do I pay for my Cash-on-Delivery order if I choose to pick up the product from the pick-up store?,You can directly pay for your order at the pickup outlet for Cash on Delivery orders.,shipping_delivery,https://www.flipkart.com/helpcentre?catalog=55bf48f4d00000490011ffa5&faq=55c1f732a900003500b99926&view=FAQ,official_web_via_public_dataset
319,How does the 3D Secure password add security to my online transactions?,"The 3D Secure password is something that only you would know, ensuring no one else can use your card to shop online.",payments,https://www.flipkart.com/helpcentre?catalog=55bf48f4d00000490011ffa5&faq=564b0b846e00003300742c2d&view=FAQ,official_web_via_public_dataset
320,How much electricity is required to charge the battery of a BGauss vehicle?,BG A2 and BG B8 consume 1.5 units of electricity. BG D15i and BG D15 Pro consume 3.5 units of electricity.,products,https://www.flipkart.com/helpcentre?catalog=632beac264d0b60fba412142&faq=632d1b1e14e5755075462134&view=FAQ,official_web_via_public_dataset
321,What all brands are part of the SuperCoin Pay program?,"You can check details of partnered brands on the SuperCoin Zone of Flipkart app. However, please continue checking the app as we will keep adding other brands to the existing list.",promotions_rewards,https://www.flipkart.com/helpcentre?catalog=5f295ded4052815c7aef207e&faq=5f8ecc11eb75572bd7ac5d20&view=FAQ,official_web_via_public_dataset
322,"If my refund amount exceeds ₹20,000, will I get the option for PhonePe UPI linked account and other registered account for NEFT or IMPS?",You can easily transfer the amount to your account from the Flipkart app or website. You would not have to install the PhonePe app to transfer money from your PhonePe wallet to your bank account.,returns_refunds,https://www.flipkart.com/helpcentre?catalog=587390bf1800001400f0058e&faq=57be986a1300002d00bd627c&view=FAQ,official_web_via_public_dataset
323,Is my shipment safe at the pick-up store?,"Yes, your shipment is safe at our well-equipped and trusted pick-up stores.",shipping_delivery,https://www.flipkart.com/helpcentre?catalog=56614d156e00003000775aee&faq=55c1e2baa900004300b99923&view=FAQ,official_web_via_public_dataset
324,I have a query about the EMI charge. What should I do?,You can get in touch with your card issuing bank to know about EMI transaction charges as they may vary across banks.,payments,https://www.flipkart.com/helpcentre?catalog=55bf48f4d00000490011ffa5&faq=564c142a3000001800fd5c90&view=FAQ,official_web_via_public_dataset
325,What are the documents required for the entire process of buying a Hero MotoCorp 2-wheeler on Flipkart?,The following documents need to be submitted to the brand authorised dealer to complete the purchase of a 2-wheeler: - Aadhar Card- Pan Card- Address proof- Passport size photo,products,https://www.flipkart.com/helpcentre?catalog=632fc25214e57550754db0d8&faq=632fcf1d64d0b60fba4d3335&view=FAQ,official_web_via_public_dataset
326,How can I use a Gift Card?,"There are two ways in which you can use a Gift Card: 1. Add the Gift Card to your Flipkart Wallet and link it to your account. You will then be able to use it as a payment mode for your orders2. While placing your order, choose Gift Card as the mode of payment and enter your Gift Card number along with its PIN to pay",promotions_rewards,https://www.flipkart.com/helpcentre?catalog=564964546e00002f0073d516&faq=56d994cf1300001400fdd178&view=FAQ,official_web_via_public_dataset
327,What if the Gift Card is transferred to someone when I am expecting a refund for an order placed using the same Gift Card?,Refund for a payment made from a Gift Card will be added back to it. Please check if there are any pending refunds expected to the Gift Card before you transfer it to someone.,returns_refunds,https://www.flipkart.com/helpcentre?catalog=564964546e00002f0073d516&faq=56d996ca1200002b0077f2f2&view=FAQ,official_web_via_public_dataset
328,Is 'Credit Card No Cost EMI' payment mode available on Flipkart's Windows and iOS apps?,"Yes, 'Credit Card No Cost EMI' payment mode is available on our Windows, iOS and Android apps.",payments,https://www.flipkart.com/helpcentre?catalog=57aad44e1200002e00e98c06&faq=579b00cd6b00003a00d5b617&view=FAQ,official_web_via_public_dataset
329,What are the documents required for the entire process of buying an Ampere Magnus EX on Flipkart?,The following documents need to be submitted to the brand authorised dealer to complete the purchase of a 2-wheeler: - Aadhar Card- Pan Card- Address proof- Passport size photo,products,https://www.flipkart.com/helpcentre?catalog=6308ea59f86ae76c18b1420d&faq=6309193664d0b60fba08df31&view=FAQ,official_web_via_public_dataset
330,What is the warranty being offered by Ather?,"Ather offers 3 years warranty on vehicles and battery. Kindly note, the warranty covers a minimum of 80% State of Health over the period of 3 years for batteries. For more details on warranty, please contact the brand.",promotions_rewards,https://www.flipkart.com/helpcentre?catalog=632bec61a0eaa942e1bed2d9&faq=632d1a2cf86ae76c18ec8402&view=FAQ,official_web_via_public_dataset
331,Can I return a product and ask for a refund if I have purchased it by redeeming my SuperCoins to avail discount through SuperCoin Pay feature?,"To return a product purchased at a third party partner store, please contact the store as the policy may differ based on store partners. To return a product bought at Flipkart platform, please refer to the seller's returns policy available on the platform.",returns_refunds,https://www.flipkart.com/helpcentre?catalog=5f295ded4052815c7aef207e&faq=5f8ed76a732ee36607bef26f&view=FAQ,official_web_via_public_dataset
332,Can I resume an incomplete application?,"Yes, you can resume filling an incomplete application within 4 hours of initiation by clicking on the 'Resume Application' button available on the banner on our homepage. If you are trying to resume the application after four hours, then you will have to restart the application process from the beginning.",payments,https://www.flipkart.com/helpcentre?catalog=5d27036a2100002900f9dc20&faq=5d27120721000017002d09f4&view=FAQ,official_web_via_public_dataset
333,How long does the battery last for Bounce 2-wheelers?,"For more details on the capacity of the battery used, please contact the brand's customer support team at 18003092830 or you can choose to write to them at help@bounceinfinity.com. You can also choose to contact the authorised dealer.",products,https://www.flipkart.com/helpcentre?catalog=62da9d35aca9fa77e9e5c342&faq=62dad00272a08c713279850a&view=FAQ,official_web_via_public_dataset
334,What is the warranty being offered by BGauss?,"BG B8, BG D15i, and BG D15 Pro come with a warranty of 3 years or 36,000 kilometers, whichever is completed earlier. Whereas, BG A2 has a warranty of 3 years or 24,000 kilometers, whichever is completed earlier.",promotions_rewards,https://www.flipkart.com/helpcentre?catalog=632beac264d0b60fba412142&faq=632c059df86ae76c18e942e6&view=FAQ,official_web_via_public_dataset
335,Where can I find the seller's returns policy?,You can see the respective seller's Returns policy on the product page.,returns_refunds,https://www.flipkart.com/helpcentre?catalog=55c9cf49b0000024002c1703&faq=55bf420fab00004500e3547c&view=FAQ,official_web_via_public_dataset
336,I chose the wrong EMI plan while making the payment using 'Credit Card No Cost EMI' option. Can I change it now?,"No. However, in case your order hasn't been delivered yet, you can cancel it* and place a new order by selecting your preferred EMI plan. *Orders for certain items cannot be cancelled after 24 hours of order placement. Please check the seller's cancellation policy on the product page for details.",payments,https://www.flipkart.com/helpcentre?catalog=57aad44e1200002e00e98c06&faq=579b017b6800002f004f80c8&view=FAQ,official_web_via_public_dataset
337,How can I understand the grade of a refurbished product?,"Each refurbished product is assigned a grade and you can find the details about the grade under the 'Grade' tag. For more information on various grades, please visit the 'Refurbished Zone' on Flipkart.",products,https://www.flipkart.com/helpcentre?catalog=60ebdbb4fffadf02fcf1231c&faq=60ebde3dfffadf02fcf12914&view=FAQ,official_web_via_public_dataset
338,What is the warranty being offered by Bounce?,"Bounce provides a comprehensive warranty on both the battery and vehicle. Bounce Infinity electric scooter comes with a warranty of 3 years or 40000 kilometers, whichever is completed first. Bounce Infinity electric battery comes with a warranty of 3 years or 45000 kilometers, whichever is completed first. For more details on the warranty, please contact the brand's customer support team at 18003092830 or you can choose to write to them at help@bounceinfinity.com.",promotions_rewards,https://www.flipkart.com/helpcentre?catalog=62da9d35aca9fa77e9e5c342&faq=62daccd81c67763c20d2100c&view=FAQ,official_web_via_public_dataset
339,"If I have paid for my order using the Bajaj Finserv No Cost EMI payment option, will I get a complete refund if the item is cancelled or returned?","Yes, you will get a complete refund to the extent of the EMIs paid by you (if any) for the item in case it is canceled or returned. However, any amount charged as a penalty by Bajaj Finserv for the remaining EMIs cannot be refunded. You may reach Bajaj Finserv at 08698010101 for more details.",returns_refunds,https://www.flipkart.com/helpcentre?catalog=5717798d1300001d0007d6e0&faq=57147da76600002500c2155d&view=FAQ,official_web_via_public_dataset
340,What is Bajaj Finserv payment mode?,"Bajaj Finserv No Cost EMI' is a payment option on Flipkart exclusively for Bajaj Finserv EMI Card holders. This option enables you to pay for select items listed by specific sellers, with an EMI plan of your choice without any interest. The monthly installments are deducted by Bajaj Finserv from the bank account linked to your Bajaj Finserv EMI Card.",payments,https://www.flipkart.com/helpcentre?catalog=5717798d1300001d0007d6e0&faq=571475151200003f00817c2f&view=FAQ,official_web_via_public_dataset
341,What after sales services are being provided by Ather for 2-wheelers?,Please contact the brand at 8882118118 or you can choose to write to them at info@atherenergy.com to get more details on the after sales services provided by them.,products,https://www.flipkart.com/helpcentre?catalog=632bec61a0eaa942e1bed2d9&faq=632d219d64d0b60fba45534e&view=FAQ,official_web_via_public_dataset
342,How does Supercoin Pay feature work on Flipkart platform?,"SuperCoin Pay on Flipkart platform enables all customers who have more than 9 SuperCoins in their Flipkart account to redeem their SuperCoins to avail discounts while buying a product. As part of SuperCoin Pay, customers can avail discounts by redeeming SuperCoins and pay using a prepaid payment mode provided by participating banks. However, the redemption of SuperCoins will depend on the value of the product and terms and conditions of the paticipating bank or the payment mode.",promotions_rewards,https://www.flipkart.com/helpcentre?catalog=5f295ded4052815c7aef207e&faq=6143672bf5db2c3dd78706f8&view=FAQ,official_web_via_public_dataset
343,Can I get the refund for the item through any other mode if I have paid using the 'Credit Card No Cost EMI' payment option?,"No, the refund for an order placed using the 'Credit Card No Cost EMI' payment mode can only be done to the credit card from which the payment was made.",returns_refunds,https://www.flipkart.com/helpcentre?catalog=57aad44e1200002e00e98c06&faq=579b01c21400001d00ebe411&view=FAQ,official_web_via_public_dataset
344,Will I earn cashback if I have used someone else's Flipkart Axis Bank Credit Card?,Please note that the cashback will be credited to the account of the card used.,payments,https://www.flipkart.com/helpcentre?catalog=5d27036a2100002900f9dc20&faq=5d2714712100002b0024238f&view=FAQ,official_web_via_public_dataset
345,Why am I not able to see the option to buy a Bounce 2-wheeler for my pincode?,"Please note that the option to purchase a Bounce 2-wheeler is available only in select cities. Rest assured, the brand authorised dealers are working on expanding this.",products,https://www.flipkart.com/helpcentre?catalog=62da9d35aca9fa77e9e5c342&faq=62daa18a72a08c7132791c31&view=FAQ,official_web_via_public_dataset
346,Will I get SuperCoins for using Cash and Coins for Rewards?,There will be no SuperCoins earnings as part of Cash and Coins for Rewards. You can only redeem SuperCoins to avail a reward.,promotions_rewards,https://www.flipkart.com/helpcentre?catalog=5f295ded4052815c7aef207e&faq=5f7c6f5deb75572bd79f41d3&view=FAQ,official_web_via_public_dataset
347,Will I get a complete refund if the item is cancelled or returned if I have paid for the order using the 'Credit Card No Cost EMI' payment option?,"Yes, you will get a complete refund to the extent of the EMIs paid (if any) in case the order is cancelled* or returned*. However, banks may charge some cancellation/refund or pre-closure charges. Please check with your respective bank for their policy for cancellations, refunds, and pre-closures. *Orders for certain items cannot be cancelled after 24 hours of order placement, or returned once delivered. Please check the seller's cancellations & returns policy on the product page for details.",returns_refunds,https://www.flipkart.com/helpcentre?catalog=57aad44e1200002e00e98c06&faq=579b01ad120000300061c488&view=FAQ,official_web_via_public_dataset
348,Can I make the payment using prepaid mode of payment and Gift Card as part of the Cash and Coins for Rewards?,"The amount specified to redeem a reward can only be paid through a prepaid mode of payment such as debit, credit card and netbanking. Please note, the prepaid methods mentioned cannot be combined to complete the payment. Option to pay via Gift Card is currently not available.",payments,https://www.flipkart.com/helpcentre?catalog=5f295ded4052815c7aef207e&faq=5f7c6eb6eb75572bd79f415a&view=FAQ,official_web_via_public_dataset
349,Can I filter my search for refurbished products in terms of product grades?,"Yes, you can filter the refurbished products based on their grades in the 'Refurbished Zone' on Flipkart.",products,https://www.flipkart.com/helpcentre?catalog=60ebdbb4fffadf02fcf1231c&faq=60ebe1dfee8eb947e475adbc&view=FAQ,official_web_via_public_dataset
350,How can I buy using a Gift card?,"It’s simple! When you’re prompted to choose a Payment Method for your order, choose ‘Gift Card’ as the Payment Method & 1. Enter your 16-digit Gift Card Number & the 6-digit Gift Card PIN2. Click ‘Confirm Order’ You can apply a total of 15 Gift Cards per order & if your Gift Card value is less than the order amount, you’ll be asked to select an additional payment method to complete the payment.",promotions_rewards,https://www.flipkart.com/helpcentre?catalog=55c9e22ea900002900b9993b&faq=55bb50492c00003e00690dd1&view=FAQ,official_web_via_public_dataset
351,How do returns work?,"You can raise a request to return your items with these simple steps: 1. Log into your Flipkart account 2. Go to My Orders 3. Click on 'Return' against the item you wish to return or exchange 4. Fill in the details and raise a return request Once you raise a request, you'll get an email and SMS confirming that your request is being processed. Based on the item, your request may be automatically approved or you may be contacted for more details. If the request is approved, the item will be picked up after which you will get a replacement or refund. You can also track the status of your return request instantly from the 'My Orders' section of your Flipkart account.",returns_refunds,https://www.flipkart.com/helpcentre?catalog=55c9c6edb000002e002c1701&faq=5757fa401200003900ea6a35&view=FAQ,official_web_via_public_dataset
352,Can I use a saved card to make an EMI payment?,"Yes, if your saved credit card is eligible for your Bank's EMI program then you can use it for making an EMI payment.",payments,https://www.flipkart.com/helpcentre?catalog=55bf48f4d00000490011ffa5&faq=55befdb3d00000240011ff87&view=FAQ,official_web_via_public_dataset
353,How quickly does the battery for Ather 2-wheelers charge again?,"Ather Dot, the home charger can charge your vehicle in 6-8 hours if the vehicle is lying idle. For more details on charger related queries, please refer to the brand website.",products,https://www.flipkart.com/helpcentre?catalog=632bec61a0eaa942e1bed2d9&faq=632d1d2cf86ae76c18ec8bd2&view=FAQ,official_web_via_public_dataset
354,I have earned some SuperCoins from last transactions. How can I redeem them?,"You can redeem your SuperCoins at SuperCoin Zone to avail third-party benefits. You can also redeem them for discounts funded by third parties for products on Flipkart platform and at third-party partner stores based on terms and conditions. To check the status of your SuperCoins, please follow these simple steps: For App- Log in to your account- Click on 'SuperCoin' icon at the bottom of the screen For Website- Log in to your account- Click on 'My Account'- Go to 'SuperCoin Zone' To know more about the program click here For more information on SuperCoins click here",promotions_rewards,https://www.flipkart.com/helpcentre?catalog=5b5edbf548000027009e432b&faq=5b612ecd1000001a00ea00fb&view=FAQ,official_web_via_public_dataset
355,How can I delete my saved card?,You can delete your saved card information on Flipkart from the 'My Account' section. Go to 'My Account > Payments > My Saved Cards' and you will be able to see your saved card(s). You can then click on 'Remove this card'.,payments,https://www.flipkart.com/helpcentre?catalog=55bf48f4d00000490011ffa5&faq=5ae1a6744700002900ff4d47&view=FAQ,official_web_via_public_dataset
356,Will Ampere cross-sell/upsell when I visit the brand authorised dealer?,"Please note, once you've completed the purchase on Flipkart, the brand authorised dealer will not market any other products. However, they may recommend accessories that may be suitable for your vehicle.",products,https://www.flipkart.com/helpcentre?catalog=6308ea59f86ae76c18b1420d&faq=6308f7c1a0eaa942e1871718&view=FAQ,official_web_via_public_dataset
357,What happens to the unused balance in my Gift Card after it expires?,The unused balance of the Gift Card expires along with the Gift Card.,promotions_rewards,https://www.flipkart.com/helpcentre?catalog=564964546e00002f0073d516&faq=564961147100001300a55d69&view=FAQ,official_web_via_public_dataset
358,What are the pre-requisites for using the saved card feature?,"You should have a registered account with Flipkart to which you should be logged in. Due to security reasons, this feature is not available during guest checkout.",payments,https://www.flipkart.com/helpcentre?catalog=55bf48f4d00000490011ffa5&faq=5ae1a80619000019009e283c&view=FAQ,official_web_via_public_dataset
359,Will BGauss cross-sell/upsell when I visit the brand authorised dealer?,"Please note, once you've completed the purchase on Flipkart, the brand authorised dealer will not market any other products. However, they may recommend accessories that may be suitable for your vehicle.",products,https://www.flipkart.com/helpcentre?catalog=632beac264d0b60fba412142&faq=632d2024a0eaa942e1c2df73&view=FAQ,official_web_via_public_dataset
360,"When benefits are unlocked as part of SuperCoin Milestones, will there be deduction of SuperCoins?","No, there will be no deduction of SuperCoins even when benefits are unlocked.",promotions_rewards,https://www.flipkart.com/helpcentre?catalog=5f295ded4052815c7aef207e&faq=5f75fbdc86c49b5087dd882f&view=FAQ,official_web_via_public_dataset
361,How can I get the 3D Secure password for my Credit/Debit Card?,You can get a 3D Secure password by registering your Credit/Debit Card on your bank's website.,payments,https://www.flipkart.com/helpcentre?catalog=55bf48f4d00000490011ffa5&faq=55bb46712c00002d00690dd0&view=FAQ,official_web_via_public_dataset
362,How long does the battery last for Ather 2-wheelers?,"For more details on the capacity of the battery used, please contact the brand at 8882118118 or you can choose to write to them at info@atherenergy.com. You can also check with the brand authorised dealer.",products,https://www.flipkart.com/helpcentre?catalog=632bec61a0eaa942e1bed2d9&faq=632d1c9f64d0b60fba454545&view=FAQ,official_web_via_public_dataset
363,"Can I redeem SuperCoins for Gold and Silver Products (Jewellery, Bar, Coin)?","No, this option is not available at the moment. For more information on SuperCoins click here",promotions_rewards,https://www.flipkart.com/helpcentre?catalog=5b5edbf548000027009e432b&faq=5d1f1b7d67000035003922d6&view=FAQ,official_web_via_public_dataset
364,"Can I change the mode of payment, once I have placed a Flipkart Quick order?","Once an order is placed, payment mode cannot be changed currently.",payments,https://www.flipkart.com/helpcentre?catalog=5f210f87278e793e653cbc73&faq=5f2119893388604029c5bee0&view=FAQ,official_web_via_public_dataset
365,What after-sales services are being provided by BGauss for 2-wheelers?,"Please note, the 1st and the 4th services are free of cost. Any other services may be chargeable. For more details, kindly get in touch with the brand at 8291939393.",products,https://www.flipkart.com/helpcentre?catalog=632beac264d0b60fba412142&faq=632d1c47a0eaa942e1c2d5cc&view=FAQ,official_web_via_public_dataset
366,My Gift Card has expired. Can you extend its validity?,"Gift Cards have a validity period of 1 year from the date of purchase and once a Gift Card expires, it's validity cannot be extended.",promotions_rewards,https://www.flipkart.com/helpcentre?catalog=564964546e00002f0073d516&faq=5649616e6e00002e0073d45a&view=FAQ,official_web_via_public_dataset
367,What are the documents required to complete this application?,"Currently, there are no documents needed during the application process. However, you may be required to submit a set of officially valid documents in case the bank requests for it.",payments,https://www.flipkart.com/helpcentre?catalog=5d27036a2100002900f9dc20&faq=5d270e7521000023002b815b&view=FAQ,official_web_via_public_dataset
368,What after-sales services are being provided by Bounce for 2-wheelers?,Please contact the brand's customer support team at 18003092830 or you can choose to write to them at help@bounceinfinity.com to get more details on the after-sales services provided by them.,products,https://www.flipkart.com/helpcentre?catalog=62da9d35aca9fa77e9e5c342&faq=62dad20072a08c7132798760&view=FAQ,official_web_via_public_dataset
369,What is the warranty being offered by Hero MotoCorp?,"Hero MotoCorp motorcycles come with a warranty of 5 years or 70,000 kilometers and scooters come with a warranty of 5 years or 50,000 kilometers, whichever is completed earlier.",promotions_rewards,https://www.flipkart.com/helpcentre?catalog=632fc25214e57550754db0d8&faq=632fd7e314e57550754e1b3a&view=FAQ,official_web_via_public_dataset
370,What is the credit limit on the 'Credit Card No Cost EMI' card for shopping on Flipkart?,The credit limit depends on the respective card. Please get in touch with your card issuing bank for more details.,payments,https://www.flipkart.com/helpcentre?catalog=57aad44e1200002e00e98c06&faq=579b006e120000360004363e&view=FAQ,official_web_via_public_dataset
371,In which all cities can I purchase a Bounce 2-wheeler?,"Please note, Bounce 2-wheelers can be currently purchased in Bangalore, Hyderabad, Delhi, Ahmedabad, Mumbai, and Pune. Rest assured, brand authorised dealers are working on expanding this to other cities.",products,https://www.flipkart.com/helpcentre?catalog=62da9d35aca9fa77e9e5c342&faq=62daacd91c67763c20d1c13e&view=FAQ,official_web_via_public_dataset
372,Is there a limit on how many Gift Cards I can use in a single order?,You can use up to 15 Gift Cards to pay for a single order.,promotions_rewards,https://www.flipkart.com/helpcentre?catalog=564964546e00002f0073d516&faq=55bb518331000039007864d2&view=FAQ,official_web_via_public_dataset
373,Is Bajaj Finserv payment mode available on both the website and app?,"Yes, the Bajaj Finserv payment mode is available both on the Flipkart app and website.",payments,https://www.flipkart.com/helpcentre?catalog=5717798d1300001d0007d6e0&faq=57147e681200001600817e5f&view=FAQ,official_web_via_public_dataset
374,Can I submit my documents online for Ampere Magnus EX and not visit the brand authorised dealer?,"Yes, you can submit the required documents via email. The authorised dealer will assist you in case a hard copy is needed for documentation/verification.",products,https://www.flipkart.com/helpcentre?catalog=6308ea59f86ae76c18b1420d&faq=6309198b14e57550750aaf14&view=FAQ,official_web_via_public_dataset
375,Can I get a new Gift Card for the remaining balance if my Gift Card has expired?,"No, the unused balance in a Gift Card automatically expires with the expiry of the Gift Card.",promotions_rewards,https://www.flipkart.com/helpcentre?catalog=564964546e00002f0073d516&faq=564961921900003600fe60c6&view=FAQ,official_web_via_public_dataset
376,What all card information does Flipkart store?,"We only store your card number, cardholder name and card expiry date. We do not store your card's CVV number or the 3D secure password. Flipkart stores your card information only when you select the option.We only store your card number, cardholder name and card expiry date. We do not store your card's CVV number or the 3D secure password. Flipkart stores your card information only when you select the option.",payments,https://www.flipkart.com/helpcentre?catalog=55bf48f4d00000490011ffa5&faq=55bb54011f000023007dbe9a&view=FAQ,official_web_via_public_dataset
377,Can I submit my documents online for a BGauss 2-wheeler and not visit the brand authorised dealer?,"Yes, you can submit the required documents via email. The authorised dealer will assist you in case a hard copy is needed for documentation.",products,https://www.flipkart.com/helpcentre?catalog=632beac264d0b60fba412142&faq=632bf6c364d0b60fba4175cd&view=FAQ,official_web_via_public_dataset
378,Can I buy another Gift Card with the Gift Card I have?,"No, a Gift Card cannot be used to buy another Gift Card.",promotions_rewards,https://www.flipkart.com/helpcentre?catalog=564964546e00002f0073d516&faq=56495fe42600002c00c2c7fe&view=FAQ,official_web_via_public_dataset
379,How can I label my saved cards?,You can specify a card label at the time of saving a card on Flipkart through the 'My Account' section. You can also add/edit the label anytime through 'My Saved Cards' in the 'My Account' section on Flipkart.,payments,https://www.flipkart.com/helpcentre?catalog=55bf48f4d00000490011ffa5&faq=55bb5e1d2c00003700690dd7&view=FAQ,official_web_via_public_dataset
380,Can I submit my documents online for a Bounce 2-wheeler and not visit the brand authorised dealer?,"Yes, you can submit the required documents via email. The authorised dealer will assist you in case a hard copy is needed for documentation.",products,https://www.flipkart.com/helpcentre?catalog=62da9d35aca9fa77e9e5c342&faq=62daab1372a08c71327930b9&view=FAQ,official_web_via_public_dataset
381,Can I transfer SuperCoins to different Flipkart account?,The option to transfer SuperCoins to a different Flipkart account is not available at the moment. To know more about the program click here For more information on SuperCoins click here,promotions_rewards,https://www.flipkart.com/helpcentre?catalog=5b5edbf548000027009e432b&faq=5b6134971300002100325795&view=FAQ,official_web_via_public_dataset
382,Can I use any Debit Card to pay for my order?,"You can choose to pay for your order on Flipkart with any Visa, MasterCard or Maestro Debit Card.",payments,https://www.flipkart.com/helpcentre?catalog=55bf48f4d00000490011ffa5&faq=564b0a3d3000002600fd32b8&view=FAQ,official_web_via_public_dataset
383,What are the accessories that will be part of a Bounce 2-wheeler?,"Bounce, currently provides only a side stand as an accessory. Please note they are working on expanding accessories-related services.",products,https://www.flipkart.com/helpcentre?catalog=62da9d35aca9fa77e9e5c342&faq=62dab64372a08c7132795350&view=FAQ,official_web_via_public_dataset
384,Can I redeem SuperCoins to avail discount for Flipkart Gift Card?,"No, this option is not available at the moment. For more information on SuperCoins click here",promotions_rewards,https://www.flipkart.com/helpcentre?catalog=5b5edbf548000027009e432b&faq=5d1f1f376700003600392470&view=FAQ,official_web_via_public_dataset
385,What are the EMI plans available if I pay using the 'Credit Card No Cost EMI' payment mode?,The EMI plans vary based on your card issuing bank. Visit Payments › EMI › No Cost EMI to see available plans.,payments,https://www.flipkart.com/helpcentre?catalog=57aad44e1200002e00e98c06&faq=579b009e1200002200e74492&view=FAQ,official_web_via_public_dataset
386,Do I need to have a driving license to ride Ampere Magnus EX?,Please note that you will need a 2-wheeler license to ride Ampere Magnus EX.,products,https://www.flipkart.com/helpcentre?catalog=6308ea59f86ae76c18b1420d&faq=6309216f14e57550750ab09a&view=FAQ,official_web_via_public_dataset
387,Can I redeem SuperCoins to avail discounts for products on Shopsy?,"No, this option is not available at the moment. For more information on SuperCoins click here",promotions_rewards,https://www.flipkart.com/helpcentre?catalog=5b5edbf548000027009e432b&faq=5d1f217e6a00001b0027eb1a&view=FAQ,official_web_via_public_dataset
388,I did not get the correct cashback as per my transactions on Flipkart. What should I do?,"To know more about cashback, please reach out to Axis Bank customer support at 1860 419 5555.",payments,https://www.flipkart.com/helpcentre?catalog=5d27036a2100002900f9dc20&faq=5d2717936800001c009c4723&view=FAQ,official_web_via_public_dataset
389,Can I submit my documents online for an Ather 2-wheeler and not visit the brand authorised dealer?,"Yes, you can submit the required documents via email. The authorised dealer will assist you in case hard copy is needed for documentation.",products,https://www.flipkart.com/helpcentre?catalog=632bec61a0eaa942e1bed2d9&faq=632bfaa0a0eaa942e1bf34f5&view=FAQ,official_web_via_public_dataset
390,When do SuperCoins expire?,"SuperCoins will be valid for one year and will expire by the end of the month in which they were credited i.e. SuperCoins credited on June 01, 2020 will expire on June 30, 2021. To know more about the program click here For more information on SuperCoins click here",promotions_rewards,https://www.flipkart.com/helpcentre?catalog=5b5edbf548000027009e432b&faq=5b612f741000002d00ea013f&view=FAQ,official_web_via_public_dataset
391,Which Credit cards are eligible for EMI?,EMI is available for Credit cards from the following banks: ICICI Citi SBI HDFC Kotak Standard Chartered HSBC Axis IndusInd Please check the specific product page for more details as this list is updated frequently.,payments,https://www.flipkart.com/helpcentre?catalog=55bf48f4d00000490011ffa5&faq=564c12303000002d00fd5c02&view=FAQ,official_web_via_public_dataset
392,Why am I not able to see the option to buy an Ampere 2-wheeler for my pincode?,"The option to purchase the 2-wheeler is available only in select cities. Rest assured, the brand authorised dealers are working on expanding this.",products,https://www.flipkart.com/helpcentre?catalog=6308ea59f86ae76c18b1420d&faq=630917b9a0eaa942e1872791&view=FAQ,official_web_via_public_dataset
393,Can I purchase rewards using Cash and Coins option from desktop?,Cash and Coins for Rewards program is currently available only on our app and m-site.,promotions_rewards,https://www.flipkart.com/helpcentre?catalog=5f295ded4052815c7aef207e&faq=5f7c6d83732ee36607b1cd19&view=FAQ,official_web_via_public_dataset
394,What is a 'card label'?,"A card label is a name you give to your card while saving it on Flipkart. This helps in identifying the card at the time of making a payment. Even if you don't specify a card label, you can still identify the card by the first 2 and last 4 digits of the card number which are visible to you when the saved card is shown.",payments,https://www.flipkart.com/helpcentre?catalog=55bf48f4d00000490011ffa5&faq=55bb5d6a1f00001f007dbe9d&view=FAQ,official_web_via_public_dataset
395,Do I need to have a driving license to drive Hero MotoCorp 2-wheelers?,Please note that you will need a 2-wheeler license to ride Hero MotoCorp.,products,https://www.flipkart.com/helpcentre?catalog=632fc25214e57550754db0d8&faq=632fdb3264d0b60fba4d773e&view=FAQ,official_web_via_public_dataset
396,Who all can avail Cash and Coins for Rewards?,"Cash and Coins for Rewards is available for all Flipkart customers. Based on the avaialibity of your SuperCoin balance, you can redeem existing rewards.",promotions_rewards,https://www.flipkart.com/helpcentre?catalog=5f295ded4052815c7aef207e&faq=5f7c5f7b86c49b5087e05451&view=FAQ,official_web_via_public_dataset
397,How can I order for large quantities of the product as part of a corporate order?,You can write to corporatesales@flipkart.com for your corporate gifting requirements.,payments,https://www.flipkart.com/helpcentre?catalog=55bf48f4d00000490011ffa5&faq=55f2a5e25b00001e00320233&view=FAQ,official_web_via_public_dataset
398,The option to buy an Ather 2-wheeler is not available at my pincode.,"Sorry, the option to purchase an Ather 2-wheeler is available only at select cities. Rest assured, the brand authorised dealers are working on expanding this.",products,https://www.flipkart.com/helpcentre?catalog=632bec61a0eaa942e1bed2d9&faq=632bf1e964d0b60fba415a61&view=FAQ,official_web_via_public_dataset
399,Can I choose the number of SuperCoins that can be redeemed for a purchase as part of Cash and Coins for Rewards program?,The amount to be paid and the SuperCoins that can be redeemed as part of the Cash and Coins for Rewards is a pre-determined combination. A reward can be purchased by redeeming only the exact number of SuperCoins mentioned on the reward page.,promotions_rewards,https://www.flipkart.com/helpcentre?catalog=5f295ded4052815c7aef207e&faq=5f7c605b39ee360fc4357bda&view=FAQ,official_web_via_public_dataset
400,What is Flipkart Axis Bank Credit Card?,Flipkart Axis Bank Credit Card is a credit card issued by Axis Bank in association with Flipkart Internet Pvt Ltd. (Flipkart) and Mastercard. Every purchase that you make on Flipkart.com and outside Flipkart.com will earn you unlimited cashback that will be credited to your credit card account. You can use these cashback for your future purchases.Please note that a joining/annual fee of Rs. 500 is applicable unless it is acquired under the First Year Free offer.,payments,https://www.flipkart.com/helpcentre?catalog=5d27036a2100002900f9dc20&faq=5d2702ac21000024002d027b&view=FAQ,official_web_via_public_dataset
401,Can refurbished products be searched by their product name?,"No, refurbished products cannot be searched by their product names. However you can view the list of refurbished products by typing 'refurbished' in the search bar or by visiting the 'Refurbished Zone'.",products,https://www.flipkart.com/helpcentre?catalog=60ebdbb4fffadf02fcf1231c&faq=60ebe16bf8cda070b598294d&view=FAQ,official_web_via_public_dataset
402,How can I pay if the order amount is more than the value of my Gift Card?,You can pay the remaining amount using a debit/credit card or your PhonePe Wallet.,promotions_rewards,https://www.flipkart.com/helpcentre?catalog=564964546e00002f0073d516&faq=5649607b1900001e00fe6090&view=FAQ,official_web_via_public_dataset
403,Can I scan any QR code in the store to initiate the payment for an order using SuperCoin Pay feature?,"No, only Twid (INNOTARGET FASHALOT RETAIL PRIVATE LIMITED) or QR codes associated with SuperCoin Pay feature can be scanned to complete payment for an order using SuperCoin Pay feature.",payments,https://www.flipkart.com/helpcentre?catalog=5f295ded4052815c7aef207e&faq=5f8ebae3338fb61d82bf9bb2&view=FAQ,official_web_via_public_dataset
404,What after-sales services are being provided by Ampere for 2-wheelers?,"For service-related details, please contact the brand at 1800 123 9262 or write to them at customersupport@amperevehicles.com. You can also choose to contact the brand authorised dealer.",products,https://www.flipkart.com/helpcentre?catalog=6308ea59f86ae76c18b1420d&faq=630915c864d0b60fba08de52&view=FAQ,official_web_via_public_dataset
405,What are 'SuperCoins Rewards' available on the SuperCoin Zone and how can I avail them?,"SuperCoins Rewards in the SuperCoin Zone can be availed by redeeming required number of SuperCoins as per offer details available in the SuperCoin Zone. These rewards can be availed by all customers subject to minimum number of SuperCoins as per the terms and conditions. However, there are exclusive rewards available that can be redeemed only by Flipkart Plus members. 'Cash and Coins for Rewards' program available under 'SuperCoins Rewards' enables customers to purchase select third party rewards by paying the indicated amount along with an option to redeem SuperCoins. To know more about the Fipkart Plus program click here For more information on SuperCoins click here",promotions_rewards,https://www.flipkart.com/helpcentre?catalog=5b5edbf548000027009e432b&faq=5b61374048000015009ee118&view=FAQ,official_web_via_public_dataset
406,Can I make the payment through cash or UPI payment mode to avail benefits as part of SuperCoin Pay at a third-party partner store?,"The option to pay by cash is not available at the moment to avail SuperCoin Pay related benefits. However, you can make the payment using credit/debit card, netbanking and UPI payment modes. If you want you can also redeem only SuperCoins to avail discounts using SuperCoin Pay feature.",payments,https://www.flipkart.com/helpcentre?catalog=5f295ded4052815c7aef207e&faq=5f8ebd0e86c49b5087ed6d61&view=FAQ,official_web_via_public_dataset
407,When and how many times does an Ather vehicle require servicing?,"Ather vehicles must be serviced after completing 5000 kilometers. For more details on maintenance and service, please refer to the brand website.",products,https://www.flipkart.com/helpcentre?catalog=632bec61a0eaa942e1bed2d9&faq=632d222aa0eaa942e1c2e5bf&view=FAQ,official_web_via_public_dataset
408,Can SuperCoin Pay feature be used to shop online?,"Yes, SuperCoin Pay feature can be used to shop online based on third-party partner stores available in the SuperCoin Zone.",promotions_rewards,https://www.flipkart.com/helpcentre?catalog=5f295ded4052815c7aef207e&faq=5f8e723de1118c3df3ec8390&view=FAQ,official_web_via_public_dataset
409,How is my EMI debited?,"If you have paid for your order using the EMI payment mode, the full amount will be charged to your card the day of the transaction. Within 7 days, you will see a credit for the full amount. The first EMI charge will occur subsequently. If your card's billing date falls within those 7 working days, you need to pay only the EMI amount to the bank.",payments,https://www.flipkart.com/helpcentre?catalog=55bf48f4d00000490011ffa5&faq=564c13dc2100003f0051d5e5&view=FAQ,official_web_via_public_dataset
410,What charging options are available with BGauss 2-wheelers?,"For a BGauss vehicle, a charger is provided with the vehicle and the battery provided is removable. You can plug it into a normal 5 Amps socket and charge it like you charge your mobile phone.",products,https://www.flipkart.com/helpcentre?catalog=632beac264d0b60fba412142&faq=632c0c7cf86ae76c18e97ccb&view=FAQ,official_web_via_public_dataset
411,Is installation offered for all products?,Installation and demo are offered for certain items by sellers through the brand or an authorised service provider. Please check the individual product page to see if these services are offered for the item.,promotions_rewards,https://www.flipkart.com/helpcentre?catalog=55c9c8e2b0000023002c1702&faq=55bf2eecbc00002b005be75a&view=FAQ,official_web_via_public_dataset
412,How does Flipkart prevent card fraud?,"Online payments are monitored by our systems for any suspicious activity and some transactions are verified through extensive checks if we find that they are not authorised by the owner of the card. When we're not able to rule fraud out in rare cases, the transaction is kept on hold and we ask the shopper to share relevant proofs. This is done to make sure that the transaction is genuine and authorised.",payments,https://www.flipkart.com/helpcentre?catalog=55bf48f4d00000490011ffa5&faq=55bb45642c00002100690dce&view=FAQ,official_web_via_public_dataset
413,What accessories will be part of BGauss 2-wheelers. Do I have to pay separately for accessories?,There are no accessories provided with BGauss 2-wheelers. If you like you can buy them separately.,products,https://www.flipkart.com/helpcentre?catalog=632beac264d0b60fba412142&faq=632c042bf86ae76c18e935b5&view=FAQ,official_web_via_public_dataset
414,Is the warranty being offered by Flipkart for Ampere Magnus EX?,"Please note, the warranty will be provided by the brand.",promotions_rewards,https://www.flipkart.com/helpcentre?catalog=6308ea59f86ae76c18b1420d&faq=6309211a64d0b60fba08e0b5&view=FAQ,official_web_via_public_dataset
415,What are the different payment options available for Flipkart Quick?,"You can choose to pay for your order through netbanking, credit card, debit card, UPI/wallets, or by cash.",payments,https://www.flipkart.com/helpcentre?catalog=5f210f87278e793e653cbc73&faq=5f211c0d512c226900283d1a&view=FAQ,official_web_via_public_dataset
416,Do I need to have a driving license to drive an Ather 2-wheeler?,"Please note, a driving license is required to ride Ather 2-wheelers.",products,https://www.flipkart.com/helpcentre?catalog=632bec61a0eaa942e1bed2d9&faq=632d1bbd14e57550754622fa&view=FAQ,official_web_via_public_dataset
417,What is 'SuperCoins Price'?,"This is a price at which customers can redeem their SuperCoins to avail discounts based on their SuperCoin balance for select products sold by select sellers on Flipkart. To know more about 'SuperCoins Price', please refer to the terms and conditions available here.",promotions_rewards,https://www.flipkart.com/helpcentre?catalog=5b5edbf548000027009e432b&faq=5d1f25d32100001c0029d0f6&view=FAQ,official_web_via_public_dataset
418,How do I pay using Flipkart's credit card EMI option?,"When you're prompted to choose a payment method for your order, select EMI and then choose the bank and the plan you would prefer. Enter your credit card and follow the prompts. Once the payment is authorised, your order will be processed and shipped. You'll need to pay the total amount in the predetermined number of instalments as per your credit card billing cycles. Please note, an amount equivalent to your card limit will be blocked on the day of the transaction, your card limit will be reset with every successful EMI payment.",payments,https://www.flipkart.com/helpcentre?catalog=55bf48f4d00000490011ffa5&faq=55bb4c1c1f000016007dbe99&view=FAQ,official_web_via_public_dataset
419,How much electricity is required to charge the battery of Ampere Magnus EX?,Ampere Magnus EX's battery consumes 2.3 kWh to get completely charged.,products,https://www.flipkart.com/helpcentre?catalog=6308ea59f86ae76c18b1420d&faq=63092288f86ae76c18b1622a&view=FAQ,official_web_via_public_dataset
420,Where can I find the code for the rewards claimed as part of the Cash and Coins for Rewards?,You can get codes for claimed rewards in the 'Claimed Rewards' section of the Rewards Store under SuperCoin Zone.,promotions_rewards,https://www.flipkart.com/helpcentre?catalog=5f295ded4052815c7aef207e&faq=5f7c6f15952a4e798475127d&view=FAQ,official_web_via_public_dataset
421,Is PhonePe wallet available on Flipkart's Windows and iOS apps too?,"Yes, PhonePe wallet is available on our Windows and iOS apps too.",payments,https://www.flipkart.com/helpcentre?catalog=587390bf1800001400f0058e&faq=57c3fdbe1200003d00ac12cd&view=FAQ,official_web_via_public_dataset
422,How much electricity is required to charge the battery of a Bounce vehicle?,Bounce vehicle's battery consumes 2.3 kWh to get completely charged.,products,https://www.flipkart.com/helpcentre?catalog=62da9d35aca9fa77e9e5c342&faq=62dad16672a08c71327986bc&view=FAQ,official_web_via_public_dataset
423,What is the difference between the Supercoins Price option available on the product page and SuperCoin Pay on Flipkart platform?,"'SuperCoins Price' is determined by the seller and as part of this price, discounts on a product can be availed by redeeming only the exact number of SuperCoins mentioned on the product page. Customers can also choose to buy the product by paying the regular price mentioned on the product page. On the other hand, SuperCoin Pay feature on Flipkart platform enables a customer with more than 9 SuperCoins in their account, to redeem SuperCoins to avail discounts in combination with prepaid payment mode of participating banks.",promotions_rewards,https://www.flipkart.com/helpcentre?catalog=5f295ded4052815c7aef207e&faq=614368513deb8a5605a38629&view=FAQ,official_web_via_public_dataset
424,How can I get a Bajaj Finserv EMI card?,You can check the eligibility and process of getting a Bajaj Finserv No Cost EMI card on their website: www.bajajfinserv.in/finance.,payments,https://www.flipkart.com/helpcentre?catalog=5717798d1300001d0007d6e0&faq=571475ee120000160019d48e&view=FAQ,official_web_via_public_dataset
425,The option to buy a Hero MotoCorp 2-wheeler is not available at my pincode. What should I do?,"Sorry, the option to purchase the 2-wheeler is available only in select cities. Rest assured, the brand authorised dealers are working on expanding this.",products,https://www.flipkart.com/helpcentre?catalog=632fc25214e57550754db0d8&faq=632fc8fc14e57550754dc763&view=FAQ,official_web_via_public_dataset
426,How is 'SuperCoins Price' calculated?,"'SuperCoins Price' is a price predetermined by the seller. Customers can avail great deals through this price by redeeming their SuperCoins for discounts. To know more about 'SuperCoins Price', please refer to the terms and conditions here.",promotions_rewards,https://www.flipkart.com/helpcentre?catalog=5b5edbf548000027009e432b&faq=5d1f38926700001e0039305a&view=FAQ,official_web_via_public_dataset
427,What can I purchase using Flipkart Axis Bank Credit Card?,"You can use this credit card for all your purchases, both on and off Flipkart.",payments,https://www.flipkart.com/helpcentre?catalog=5d27036a2100002900f9dc20&faq=5d2714052100001a002d0ae7&view=FAQ,official_web_via_public_dataset
428,How long does the Ampere Magnus EX's battery last?,"Ampere Magnus EX's battery will last for a distance of 80-100 kilometers after it is fully charged. For more information on battery life, please visit the brand website.",products,https://www.flipkart.com/helpcentre?catalog=6308ea59f86ae76c18b1420d&faq=6309141ba0eaa942e187269f&view=FAQ,official_web_via_public_dataset
429,Is the warranty being offered by Flipkart for Bounce 2-wheelers?,"Please note, the warranty for 2-wheelers will be provided by the brand.",promotions_rewards,https://www.flipkart.com/helpcentre?catalog=62da9d35aca9fa77e9e5c342&faq=62dacbf935e34f62c206e7e9&view=FAQ,official_web_via_public_dataset
430,Can I transfer ownership of my Flipkart Axis Bank Credit Card?,"No, ownership of the credit card cannot be transferred.",payments,https://www.flipkart.com/helpcentre?catalog=5d27036a2100002900f9dc20&faq=5d27167868000016009c46ab&view=FAQ,official_web_via_public_dataset
431,How are refurbished products categorised on Flipkart?,"The refurbished products are classified as follows: Unboxed - Like New - Zero scratchesRefurbished Superb - Negligible scratchesRefurbished Good - Minimal scratchesRefurbished Okay - Visible scratches For more details about each type, please visit this link: https://www.flipkart.com/refurbished-grades-store",products,https://www.flipkart.com/helpcentre?catalog=60ebdbb4fffadf02fcf1231c&faq=60ebe2bdf8cda070b5982c0d&view=FAQ,official_web_via_public_dataset
432,How do I find the offers in SuperCoin Zone?,You can find Flipkart Plus related offers by following these simple steps: - Login to your Flipkart account- Visit 'My accounts' - Click on 'SuperCoin Zone' and look for the 'Offers' section- Click on 'Claim Offer' to avail the offer as per the terms and conditions. The 'SuperCoins Rewards' code will be available in the 'Claimed Offers' section if you wish to use it in future. You will also receive an email with the details at your registered email address. To know more about the program click here For more information on SuperCoins click here,promotions_rewards,https://www.flipkart.com/helpcentre?catalog=5b5edbf548000027009e432b&faq=5b6130fd130000180032562b&view=FAQ,official_web_via_public_dataset
433,How can I foreclose my EMI for an item I bought using the 'Credit Card No Cost EMI'?,You will need to contact the card issuing bank to foreclose your EMI.,payments,https://www.flipkart.com/helpcentre?catalog=57aad44e1200002e00e98c06&faq=579b0155670000370044f9ab&view=FAQ,official_web_via_public_dataset
434,What accessories will be provided with Magnus EX?,"Standard accessories that will be provided with Ampere's Magnus EX 2-wheeler are centre stand, side stand, charger, tool kit, and first-aid kit. You can contact the brand authorised dealer for additional accessories.",products,https://www.flipkart.com/helpcentre?catalog=6308ea59f86ae76c18b1420d&faq=630920c4a0eaa942e187292d&view=FAQ,official_web_via_public_dataset
435,Is the warranty of Ather 2-wheelers being offered by Flipkart?,"Please note, the warranty will be provided by the brand.",promotions_rewards,https://www.flipkart.com/helpcentre?catalog=632bec61a0eaa942e1bed2d9&faq=632d19b614e5755075461d6a&view=FAQ,official_web_via_public_dataset
436,Do I need to make a down payment to buy an item using the Bajaj Finserv EMI payment mode?,"No, a down payment is not required for buying an item using the Bajaj Finserv EMI option.",payments,https://www.flipkart.com/helpcentre?catalog=5717798d1300001d0007d6e0&faq=5714773c1200003600817cae&view=FAQ,official_web_via_public_dataset
437,There have been recent reports of batteries catching fire. How do I know that Ather products are safe?,"Ather electric vehicles go through 120 tests at the battery pack level and 800 tests at a vehicle level. The brand assures that the safety standards for the battery and battery management systems are higher than compliance requirements. They have also adopted more stringent internal standards to ensure safety and reliability of electric scooters and have thoroughly tested them for 100,000 kilometers. The batteries are tested extensively across lakhs of kilometers and are designed to prevent initiation and propagation of thermal runaway (fire) than what AIS 156 mandates.",products,https://www.flipkart.com/helpcentre?catalog=632bec61a0eaa942e1bed2d9&faq=632c3464a0eaa942e1c0bc49&view=FAQ,official_web_via_public_dataset
438,How can I redeem 'SuperCoins Rewards'?,'SuperCoins Rewards' can be redeemed as per the guidelines mentioned in the SuperCoin Zone. To know more about the program click here For more information on SuperCoins click here,promotions_rewards,https://www.flipkart.com/helpcentre?catalog=5b5edbf548000027009e432b&faq=5b6136871000002d00ea0437&view=FAQ,official_web_via_public_dataset
439,How can I foreclose my EMI with Bajaj Finserv?,You can contact Bajaj Finserv at 0869801010 for help with the foreclosure of your EMI with them.,payments,https://www.flipkart.com/helpcentre?catalog=5717798d1300001d0007d6e0&faq=571478e11200003400db597b&view=FAQ,official_web_via_public_dataset
440,What will happen if Ather brand authorised dealer who will contact me is very far from my location?,Please be assured that the nearest authorised dealer will contact you as part of the purchase of an Ather 2-wheeler on Flipkart.,products,https://www.flipkart.com/helpcentre?catalog=632bec61a0eaa942e1bed2d9&faq=632bfcdda0eaa942e1bf45d7&view=FAQ,official_web_via_public_dataset
441,Is the warranty for BGauss 2-wheelers being offered by Flipkart?,"Please note, the warranty will be provided by BGauss.",promotions_rewards,https://www.flipkart.com/helpcentre?catalog=632beac264d0b60fba412142&faq=632c050c64d0b60fba41debe&view=FAQ,official_web_via_public_dataset
442,For how long is a payment code as a part of SuperCoin Pay valid once it is generated?,A payment code generated will be valid for 24 hours hours.,payments,https://www.flipkart.com/helpcentre?catalog=5f295ded4052815c7aef207e&faq=5f8ebc04e1118c3df3ece9e4&view=FAQ,official_web_via_public_dataset
443,What will happen if BGauss brand authorised dealer who will contact me is very far from my location?,Please be assured that the nearest authorised dealer will contact you as part of the purchase of a 2-wheeler on Flipkart.,products,https://www.flipkart.com/helpcentre?catalog=632beac264d0b60fba412142&faq=632bf76ea0eaa942e1bf1aa8&view=FAQ,official_web_via_public_dataset
444,Is it necessary to register on Twid (INNOTARGET FASHALOT RETAIL PRIVATE LIMITED) or at the third-party partner store to use SuperCoin Pay feature?,"No, it is not necessary to register on Twid (INNOTARGET FASHALOT RETAIL PRIVATE LIMITED) or at the third-party partner store to use SuperCoin Pay feature.",promotions_rewards,https://www.flipkart.com/helpcentre?catalog=5f295ded4052815c7aef207e&faq=5f8e72c086c49b5087ed04e8&view=FAQ,official_web_via_public_dataset
445,How can I use the earnings?,"All cashback is credited as cash to your credit card account which can be used for your future purchases three days before the statement for the next month is generated,",payments,https://www.flipkart.com/helpcentre?catalog=5d27036a2100002900f9dc20&faq=5d2715f068000014009c466d&view=FAQ,official_web_via_public_dataset
446,What will happen if the Ampere authorised dealer who will contact me is very far from my location?,Please be assured that the nearest authorised dealer will contact you as part of the purchase of a 2-wheeler on Flipkart.,products,https://www.flipkart.com/helpcentre?catalog=6308ea59f86ae76c18b1420d&faq=63091a13a0eaa942e1872811&view=FAQ,official_web_via_public_dataset
447,What is SuperCoin Pay feature?,"SuperCoin Pay enables you to redeem SuperCoins to avail discounts in combination with a prepaid payment mode for purchases on Flipkart platform and at third-party partner stores. Please note, you can redeem SuperCoins for discounts on a product on Flipkart platform based on the value you see on the product page and as per the terms and conditions of the participating banks or the payment mode. However, at a third-party partner store, you may be able to redeem all your SuperCoins based on the final bill value.",promotions_rewards,https://www.flipkart.com/helpcentre?catalog=5f295ded4052815c7aef207e&faq=5f8e70c8e1118c3df3ec81e9&view=FAQ,official_web_via_public_dataset
448,Will the card number and CVV remain the same for both the physical and the virtual card?,"Yes, it will remain the same.",payments,https://www.flipkart.com/helpcentre?catalog=5d27036a2100002900f9dc20&faq=5d2718742500002e0034fce0&view=FAQ,official_web_via_public_dataset
449,What will happen if the Bounce authorised dealer who will contact me is very far from my location?,Please be assured that the nearest authorised dealer will contact you as part of the purchase of a 2-wheeler on Flipkart.,products,https://www.flipkart.com/helpcentre?catalog=62da9d35aca9fa77e9e5c342&faq=62daabf172a08c71327932f8&view=FAQ,official_web_via_public_dataset
450,What is SuperCoin Zone?,"SuperCoin Zone is a section where third-party 'SuperCoins Rewards' can be availed by redeeming the earned SuperCoins. To know more, visit the SuperCoin Zone here",promotions_rewards,https://www.flipkart.com/helpcentre?catalog=5b5edbf548000027009e432b&faq=5b61362a6c00001f008f42fd&view=FAQ,official_web_via_public_dataset
451,"If I have a saved card on Flipkart, will I be able to use a new card for my next payment?","Yes. Even if you've saved your card details on Flipkart, you always have the option to use any other credit/debit card to pay.",payments,https://www.flipkart.com/helpcentre?catalog=55bf48f4d00000490011ffa5&faq=55bb5c0f31000025007864d5&view=FAQ,official_web_via_public_dataset
452,What will happen if the brand authorised dealer who will contact me is very far from my location?,Please be assured that the nearest authorised dealer will contact you as part of the purchase of a 2-wheeler on Flipkart.,products,https://www.flipkart.com/helpcentre?catalog=632fc25214e57550754db0d8&faq=632fcfa264d0b60fba4d34dd&view=FAQ,official_web_via_public_dataset
453,Does a Gift Card expire?,"Yes, all Gift Cards have a validity of 1 year from the date of issue and will expire after that.",promotions_rewards,https://www.flipkart.com/helpcentre?catalog=564964546e00002f0073d516&faq=55bb50b73100001f007864d1&view=FAQ,official_web_via_public_dataset
454,When will I get the physical card?,The physical credit card will be delivered to your registered address with Axis Bank within 7 to 10 business days of application approval.,payments,https://www.flipkart.com/helpcentre?catalog=5d27036a2100002900f9dc20&faq=5d2718966a0000350029a332&view=FAQ,official_web_via_public_dataset
455,What charging options are available with Ampere Magnus EX? Is there a separate cost associated with it?,A charger will be provided with the 2-wheeler and can be plugged into any 5A socket.,products,https://www.flipkart.com/helpcentre?catalog=6308ea59f86ae76c18b1420d&faq=6308f69ea0eaa942e1871610&view=FAQ,official_web_via_public_dataset
456,Is it necessary for me to be registered with the same contact number at the third-party partner store for me to use SuperCoin Pay feature?,"No, it is not necessary for you to be registered with the same contact number at the third-party partner store to be able to use the SuperCoin Pay feature.",promotions_rewards,https://www.flipkart.com/helpcentre?catalog=5f295ded4052815c7aef207e&faq=5f8e7324c94057591ab0e581&view=FAQ,official_web_via_public_dataset
457,How will I get the PIN for the card?,You can get the PIN for the card by visiting this link: https://www.axisbank.com/retail/cards/credit-card/useful-links/credit-card-authentication,payments,https://www.flipkart.com/helpcentre?catalog=5d27036a2100002900f9dc20&faq=5d27170e6800003f009c46ed&view=FAQ,official_web_via_public_dataset
458,When and how many times does Ampere Magnus EX require servicing?,"Ampere electric vehicles must be serviced every 6 months or after 6000 kilometers, whichever is earlier.",products,https://www.flipkart.com/helpcentre?catalog=6308ea59f86ae76c18b1420d&faq=630922fc14e57550750ab0b0&view=FAQ,official_web_via_public_dataset
459,What are SuperCoin Milestones?,SuperCoin Milestones let customers unlock benefits by earning a specific number of SuperCoins.,promotions_rewards,https://www.flipkart.com/helpcentre?catalog=5f295ded4052815c7aef207e&faq=5f75f637eb75572bd79c6260&view=FAQ,official_web_via_public_dataset
460,Can I buy rewards using only prepaid mode of payment and redemption of SuperCoins as part of Cash and Coins for Rewards program?,"No, currently as part of Cash and Coins for Rewards program, rewards can be purchased only by paying using a combination of specific amount and by redeeming the number of SuperCoins mentioned.",payments,https://www.flipkart.com/helpcentre?catalog=5f295ded4052815c7aef207e&faq=5f7c6273952a4e79847501fb&view=FAQ,official_web_via_public_dataset
461,How can I become a seller and start selling products on Flipkart?,"To become a seller on Flipkart, register here with your details.",products,https://www.flipkart.com/helpcentre?catalog=55cc8f10b500003500316813&faq=55bf35c8bc00003a005be75d&view=FAQ,official_web_via_public_dataset
462,Can I use an item that has been given to me as a gift from a state sponsored or an NGO-funded freebie distribution programme to get discounts through exchange offers?,"No, as per company policy, such items are not eligible for discounts under exchange offers. You can also refer to the 'Exchange Offers' section in the 'Terms of Use' page for more details.",promotions_rewards,https://www.flipkart.com/helpcentre?catalog=55c9c8e2b0000023002c1702&faq=5653ead52200001300eba505&view=FAQ,official_web_via_public_dataset
463,Do I need to make a down payment to buy an item using the 'Credit Card No Cost EMI' payment mode?,"No, you don't need to make a down payment to buy an item using the 'Credit Card No Cost EMI' payment mode.",payments,https://www.flipkart.com/helpcentre?catalog=57aad44e1200002e00e98c06&faq=579b00831400002800ebe3c3&view=FAQ,official_web_via_public_dataset
464,Will Flipkart deliver the Hero MotoCorp 2-wheeler to my home?,"No, after the registration process, the brand authorised dealer will contact you to handover the vehicle at the dealer's location.",products,https://www.flipkart.com/helpcentre?catalog=632fc25214e57550754db0d8&faq=632fe0c8a0eaa942e1caf640&view=FAQ,official_web_via_public_dataset
465,Is there any annual fee?,"Yes, there's an annual fee of Rs. 500 applicable on the card. The annual fee will be waived off if you spend Rs. 2 lakh with the card within a year.",payments,https://www.flipkart.com/helpcentre?catalog=5d27036a2100002900f9dc20&faq=5d2713a22100001b002d0ab2&view=FAQ,official_web_via_public_dataset
466,How are prices of refurbished products decided?,Sellers decide the price of the refurbished product as per the grade which is arrived at based on the time period of product's usage and the appearance as a result of wear and tear.,products,https://www.flipkart.com/helpcentre?catalog=60ebdbb4fffadf02fcf1231c&faq=60ebdd86fffadf02fcf12772&view=FAQ,official_web_via_public_dataset
467,What is the 'Save Card' feature?,The 'Save Card' option lets you save your credit/debit cards on your Flipkart account. This helps you complete your transactions in a quick and easy way.,payments,https://www.flipkart.com/helpcentre?catalog=55bf48f4d00000490011ffa5&faq=55bb51f23100003a007864d3&view=FAQ,official_web_via_public_dataset
468,Do I get a spare tyre with a Hero MotoCorp 2-wheeler?,"No, a spare tyre is not provided with Hero MotoCorp 2-wheelers.",products,https://www.flipkart.com/helpcentre?catalog=632fc25214e57550754db0d8&faq=632fdc3214e57550754e3094&view=FAQ,official_web_via_public_dataset
469,What cards can I save on Flipkart?,"You can save any credit or debit VISA, MasterCard, Maestro or American Express card issued by a bank in India.",payments,https://www.flipkart.com/helpcentre?catalog=55bf48f4d00000490011ffa5&faq=564c18d86f00003a003936c4&view=FAQ,official_web_via_public_dataset
470,Will Flipkart deliver Ampere Magnus EX to my home?,"No, after the registration process, the brand authorised dealer will contact you to handover the vehicle at the dealer's location.",products,https://www.flipkart.com/helpcentre?catalog=6308ea59f86ae76c18b1420d&faq=6309240c14e57550750ab0bf&view=FAQ,official_web_via_public_dataset
471,What is a 3D Secure password?,A 3D Secure password adds an extra layer of security through identity verification for your online Credit & Debit card transactions (VISA & MasterCard).,payments,https://www.flipkart.com/helpcentre?catalog=55bf48f4d00000490011ffa5&faq=55bb46212c00003e00690dcf&view=FAQ,official_web_via_public_dataset
472,Will Flipkart deliver the Ather 2-wheeler at my home?,"No, after the registration process, the brand authorised dealer will contact you to handover the vehicle at the dealer's location.",products,https://www.flipkart.com/helpcentre?catalog=632bec61a0eaa942e1bed2d9&faq=632d237964d0b60fba455b33&view=FAQ,official_web_via_public_dataset
473,Can I pay with any Credit card?,"You can choose to pay on Flipkart with any Visa, MasterCard or American Express credit card issued in India.",payments,https://www.flipkart.com/helpcentre?catalog=55bf48f4d00000490011ffa5&faq=564b09d2210000210051ac06&view=FAQ,official_web_via_public_dataset
474,When and how many times do Bounce vehicles require servicing?,"Bounce vehicles must be serviced every 6 months or after 6000 kilometers, whichever is earlier.",products,https://www.flipkart.com/helpcentre?catalog=62da9d35aca9fa77e9e5c342&faq=62dad29972a08c7132798800&view=FAQ,official_web_via_public_dataset
475,How many cards can I save on Flipkart?,"As of now, you can save upto 10 cards using the 'Save Card' option.",payments,https://www.flipkart.com/helpcentre?catalog=55bf48f4d00000490011ffa5&faq=55bb58522c00002000690dd4&view=FAQ,official_web_via_public_dataset
476,How quickly does the battery for Ampere Magnus EX charge again?,Battery for Ampere vehicles gets fully charged within 6-7 hours.,products,https://www.flipkart.com/helpcentre?catalog=6308ea59f86ae76c18b1420d&faq=630921ecf86ae76c18b1621d&view=FAQ,official_web_via_public_dataset
477,How can I pay the outstanding bill?,"To know about payment options, please reach out to Axis Bank customer support at 1860 419 5555.",payments,https://www.flipkart.com/helpcentre?catalog=5d27036a2100002900f9dc20&faq=5d2717f8250000390034fca4&view=FAQ,official_web_via_public_dataset
478,What types of products will be available under Flipkart 'Refurbished Zone'?,Sellers are currently selling only refurbished mobile phones on Flipkart.,products,https://www.flipkart.com/helpcentre?catalog=60ebdbb4fffadf02fcf1231c&faq=60ebdcbafffadf02fcf12586&view=FAQ,official_web_via_public_dataset
479,What will happen to my Axis Bank Buzz Credit Card if I apply for the Flipkart Axis Bank Credit Card?,Your Axis Bank Buzz credit card will be deactivated within 45 days.,payments,https://www.flipkart.com/helpcentre?catalog=5d27036a2100002900f9dc20&faq=5d270d9167000023003ad807&view=FAQ,official_web_via_public_dataset
480,What charging options are available with Bounce 2-wheelers?,There are two charging options available for Bounce vehicles: 1. Using the charger that comes along with the vehicle 2: Charging at swapping stations,products,https://www.flipkart.com/helpcentre?catalog=62da9d35aca9fa77e9e5c342&faq=62dacf881c67763c20d21392&view=FAQ,official_web_via_public_dataset
481,"My payment using the 'Credit Card No Cost EMI' payment mode did not go through, but the amount has been blocked on my card. What should I do?","In case the amount was deducted from your card, but the payment was unsuccessful, the blocked card limit will be reinstated by the bank within 5-7 business days. Please get in touch with your card issuing bank if the amount is not credited within this time period.",payments,https://www.flipkart.com/helpcentre?catalog=57aad44e1200002e00e98c06&faq=579b00e20e00001800ace4fd&view=FAQ,official_web_via_public_dataset
482,Will Flipkart deliver the Bounce 2-wheeler at my home?,"No, after the registration process, the brand authorised dealer will contact you to handover the vehicle at their location.",products,https://www.flipkart.com/helpcentre?catalog=62da9d35aca9fa77e9e5c342&faq=62dad48d1c67763c20d21928&view=FAQ,official_web_via_public_dataset
483,Can I buy all the listed rewards using prepaid mode of payment and by redeeming SuperCoins as part Cash and Coins for Rewards?,"No, the option to use Cash and Coins is applicable only on select rewards under the Rewards Store of SuperCoin Zone.",payments,https://www.flipkart.com/helpcentre?catalog=5f295ded4052815c7aef207e&faq=5f7c6cc286c49b5087e06561&view=FAQ,official_web_via_public_dataset
484,Will Flipkart deliver the BGauss 2-wheeler to my home?,"For delivery-related queries, please contact the brand at 8291939393. You can also check with the brand authorised dealer.",products,https://www.flipkart.com/helpcentre?catalog=632beac264d0b60fba412142&faq=632d1e60a0eaa942e1c2dad4&view=FAQ,official_web_via_public_dataset
485,I did not get an OTP while paying through the 'Credit Card No Cost EMI' payment mode. What should I do?,Please contact your card issuing bank for OTP support.,payments,https://www.flipkart.com/helpcentre?catalog=57aad44e1200002e00e98c06&faq=579b00fa1400003200ebe3db&view=FAQ,official_web_via_public_dataset
486,When and how many times does a BGauss vehicle require servicing?,BGauss vehicles must be serviced twice a year.,products,https://www.flipkart.com/helpcentre?catalog=632beac264d0b60fba412142&faq=632d1d0914e5755075462626&view=FAQ,official_web_via_public_dataset
487,"While transacting on Flipkart platform, as part of SuperCoin Pay, can I redeem SuperCoins along with a prepaid payment mode provided by any bank?","Currently as part of SuperCoin Pay, SuperCoins can be redeemed to avail discounts along with prepaid payment mode provided only through participating banks.",payments,https://www.flipkart.com/helpcentre?catalog=5f295ded4052815c7aef207e&faq=614368f8f5db2c3dd7870815&view=FAQ,official_web_via_public_dataset
488,Do I get a spare tyre with a BGauss 2-wheeler?,"No, a spare tyre is not provided with a BGauss electric 2-wheeler.",products,https://www.flipkart.com/helpcentre?catalog=632beac264d0b60fba412142&faq=632d1aa764d0b60fba454079&view=FAQ,official_web_via_public_dataset
489,Can I delete my saved cards?,"Yes, you can delete your saved cards at any given time.",payments,https://www.flipkart.com/helpcentre?catalog=55bf48f4d00000490011ffa5&faq=55bb58122c00003600690dd2&view=FAQ,official_web_via_public_dataset
490,Is there a battery subscription model for Ampere Magnus EX?,"Currently, a battery subscription model is not available for Ampere Magnus EX.",products,https://www.flipkart.com/helpcentre?catalog=6308ea59f86ae76c18b1420d&faq=63091f3ef86ae76c18b161b6&view=FAQ,official_web_via_public_dataset
491,Will I have to use the same contact number to create a PhonePe account as the one linked to my Flipkart account?,"No, you don't have to use the same contact number.",payments,https://www.flipkart.com/helpcentre?catalog=587390bf1800001400f0058e&faq=57be980c6b00002400db35b6&view=FAQ,official_web_via_public_dataset
492,How do I contact Ather for 2-wheeler related queries?,You can contact Ather at 8882118118 or you can choose to write to them at info@atherenergy.com.,products,https://www.flipkart.com/helpcentre?catalog=632bec61a0eaa942e1bed2d9&faq=632d252864d0b60fba4566b1&view=FAQ,official_web_via_public_dataset
493,I did not get the OTP while I was paying through the 'Bajaj Finserv No Cost EMI' payment mode. What should I do?,Please contact Bajaj Finserv at 08698010101 for support.,payments,https://www.flipkart.com/helpcentre?catalog=5717798d1300001d0007d6e0&faq=5714783a1300001700895c5d&view=FAQ,official_web_via_public_dataset
494,Is there a battery subscription model for Bounce 2-wheelers?,"Please note, the brand offers battery subscription-based models, however, currently, they are not available on Flipkart.",products,https://www.flipkart.com/helpcentre?catalog=62da9d35aca9fa77e9e5c342&faq=62dab4c5aca9fa77e9e6009c&view=FAQ,official_web_via_public_dataset
495,I had some amount in the Flipkart Money section and would like to transfer it to my bank. Will I need to install the PhonePe add to do this?,You can easily transfer the amount to your account from the Flipkart app or website. You would not have to install the PhonePe app to transfer money from your PhonePe wallet to your bank account.,payments,https://www.flipkart.com/helpcentre?catalog=587390bf1800001400f0058e&faq=57be97e61400003a00f160dd&view=FAQ,official_web_via_public_dataset
496,Do I get a spare tyre with Ampere Magnus EX?,"No, a spare tyre is not provided with Ampere Magnus EX.",products,https://www.flipkart.com/helpcentre?catalog=6308ea59f86ae76c18b1420d&faq=6309224114e57550750ab0a6&view=FAQ,official_web_via_public_dataset
497,What is Flipkart's credit card EMI payment option?,"With Flipkart’s credit card EMI option, you can choose to pay in easy installments of 3, 6, 9, 12, 18, or 24 months, with credit cards from the following banks: HDFC Citi ICICI Kotak Axis Induslnd SBI Standard Chartered HSBC *18 & 24 months EMI options are available from select banks only. Please refer to the table below for more details: Banks Supports 18 & 24 months tenure Minimum order value to avail 18 & 24 months EMI options HDFC Yes ₹ 10,000 Citi Yes ₹ 10,000 ICICI Yes ₹ 10,000 Kotak Yes ₹ 4,000 Axis Yes ₹ 4,000 IndusInd Yes ₹ 4,000 SBI No NA Standard Chartered Yes ₹ 4,000 HSBC No NA",payments,https://www.flipkart.com/helpcentre?catalog=55bf48f4d00000490011ffa5&faq=55d2bd17a900004400b99943&view=FAQ,official_web_via_public_dataset
498,Do I get a spare tyre with an Ather 2-wheeler?,"No, a spare tyre is not provided with Ather electric 2-wheeler.",products,https://www.flipkart.com/helpcentre?catalog=632bec61a0eaa942e1bed2d9&faq=632d1da8f86ae76c18ec8d07&view=FAQ,official_web_via_public_dataset
499,"My payment from the 'Bajaj Finserv No Cost EMI' payment mode did not go through, but the amount has been blocked on my card. What should I do?",Please contact Bajaj Finserv at 08698010101 for support.,payments,https://www.flipkart.com/helpcentre?catalog=5717798d1300001d0007d6e0&faq=57147801150000370027728a&view=FAQ,official_web_via_public_dataset
500,How quickly does the battery for a Bounce 2-wheeler charge?,Battery for Bounce vehicles gets fully charged within 4-5 hours.,products,https://www.flipkart.com/helpcentre?catalog=62da9d35aca9fa77e9e5c342&faq=62dad086aca9fa77e9e63946&view=FAQ,official_web_via_public_dataset
