text_a,text_b,label,faq_id,candidate_faq_id,split,pair_type
Help needed: how i usage my mobile number to login on the flipkart mobile app?,How can I use my mobile number to login on the Flipkart mobile app?,1,1,1,train,positive
Help needed: how i usage my mobile number to login on the flipkart mobile app?,How much electricity is required to charge the battery of a BGauss vehicle?,0,1,320,train,random
Help needed: how i usage my mobile number to login on the flipkart mobile app?,Can I use my saved cards for making a payment on Flipkart's mobile site/app?,0,1,85,train,hard
how can i utilize my mobile number to login on flipkart mobile app? Thanks.,How can I use my mobile number to login on the Flipkart mobile app?,1,1,1,train,positive
how can i utilize my mobile number to login on flipkart mobile app? Thanks.,I have bought an Ather 2-wheeler but I want to have a different model. What should I do?,0,1,110,train,random
how can i utilize my mobile number to login on flipkart mobile app? Thanks.,Can I use my saved cards for making a payment on Flipkart's mobile site/app?,0,1,85,train,hard
"Hi, how can i utilization my mobile number to login on the flipkart mobile app?",How can I use my mobile number to login on the Flipkart mobile app?,1,1,1,dev,positive
"Hi, how can i utilization my mobile number to login on the flipkart mobile app?",How quickly does the battery for Ampere Magnus EX charge again?,0,1,476,dev,random
"Hi, how can i utilization my mobile number to login on the flipkart mobile app?",Can I use my saved cards for making a payment on Flipkart's mobile site/app?,0,1,85,dev,hard
Quick question: what should do if i not bring the invoice for my order?,What should I do if I don't get the invoice for my order?,1,2,2,train,positive
Quick question: what should do if i not bring the invoice for my order?,"Why am I unable to order products like television, air-conditioner, refrigerator, washing machine, furniture, microwave, treadmill, etc. at my location?",0,2,129,train,random
Quick question: what should do if i not bring the invoice for my order?,What should I do if my shipment is not at the pick-up store?,0,2,145,train,hard
"Hi, what should i do if i not come invoice for my order?",What should I do if I don't get the invoice for my order?,1,2,2,train,positive
"Hi, what should i do if i not come invoice for my order?",How long will it take for a refund from Flipkart to my PhonePe wallet?,0,2,72,train,random
"Hi, what should i do if i not come invoice for my order?",What should I do if my shipment is not at the pick-up store?,0,2,145,train,hard
Quick question: what should i do if not bring the invoice for my order?,What should I do if I don't get the invoice for my order?,1,2,2,dev,positive
Quick question: what should i do if not bring the invoice for my order?,What are the documents required for the entire process of buying an Ampere Magnus EX on Flipkart?,0,2,329,dev,random
Quick question: what should i do if not bring the invoice for my order?,What should I do if my shipment is not at the pick-up store?,0,2,145,dev,hard
"Hi, how credit card no cost emi different from credit card emi payment mode?",How is 'Credit Card No Cost EMI' different from 'Credit Card EMI' payment mode?,1,3,3,train,positive
"Hi, how credit card no cost emi different from credit card emi payment mode?",What is the purpose of the scratch card in SuperCoin Pay?,0,3,201,train,random
"Hi, how credit card no cost emi different from credit card emi payment mode?",What is 'Credit Card No Cost EMI'?,0,3,266,train,hard
"Hi, how is credit card no cost emi different from credit card emi payment mode?",How is 'Credit Card No Cost EMI' different from 'Credit Card EMI' payment mode?,1,3,3,train,positive
"Hi, how is credit card no cost emi different from credit card emi payment mode?","If I merge my Flipkart accounts, will my SuperCoins also merge?",0,3,310,train,random
"Hi, how is credit card no cost emi different from credit card emi payment mode?",What is 'Credit Card No Cost EMI'?,0,3,266,train,hard
how is credit card no cost emi different from credit card emi payment mode? Thanks.,How is 'Credit Card No Cost EMI' different from 'Credit Card EMI' payment mode?,1,3,3,dev,positive
how is credit card no cost emi different from credit card emi payment mode? Thanks.,How can I understand the grade of a refurbished product?,0,3,337,dev,random
how is credit card no cost emi different from credit card emi payment mode? Thanks.,What is 'Credit Card No Cost EMI'?,0,3,266,dev,hard
Help needed: if i have find security bug vulnerability issue should do?,If I have found a security Bug/Vulnerability/Issue what should I do?,1,4,4,train,positive
Help needed: if i have find security bug vulnerability issue should do?,How does the pick-up store option on Flipkart work?,0,4,153,train,random
Help needed: if i have find security bug vulnerability issue should do?,What should I do if I have an issue with my product after the return period?,0,4,167,train,hard
Help needed: if i have discover a security bug vulnerability issue what should i do?,If I have found a security Bug/Vulnerability/Issue what should I do?,1,4,4,train,positive
Help needed: if i have discover a security bug vulnerability issue what should i do?,How can I foreclose my EMI for an item I bought using the 'Credit Card No Cost EMI'?,0,4,433,train,random
Help needed: if i have discover a security bug vulnerability issue what should i do?,What should I do if I have an issue with my product after the return period?,0,4,167,train,hard
"Hi, if i have find security bug vulnerability issue should i do?",If I have found a security Bug/Vulnerability/Issue what should I do?,1,4,4,dev,positive
"Hi, if i have find security bug vulnerability issue should i do?",What are the different payment options available for Flipkart Quick?,0,4,415,dev,random
"Hi, if i have find security bug vulnerability issue should i do?",What should I do if I have an issue with my product after the return period?,0,4,167,dev,hard
Quick question: what the process paying ex showroom cost for ampere magnus ex flipkart?,What is the process after paying the ex-showroom price for Ampere Magnus EX on Flipkart?,1,5,5,train,positive
Quick question: what the process paying ex showroom cost for ampere magnus ex flipkart?,How will I get the PIN for the card?,0,5,457,train,random
Quick question: what the process paying ex showroom cost for ampere magnus ex flipkart?,What is the process after paying the ex-showroom price for a BGauss 2-wheeler on Flipkart?,0,5,14,train,hard
Help needed: what is process after paying the ex showroom cost for ampere magnus ex on flipkart?,What is the process after paying the ex-showroom price for Ampere Magnus EX on Flipkart?,1,5,5,train,positive
Help needed: what is process after paying the ex showroom cost for ampere magnus ex on flipkart?,From when is the warranty for my product applicable?,0,5,90,train,random
Help needed: what is process after paying the ex showroom cost for ampere magnus ex on flipkart?,What is the process after paying the ex-showroom price for a BGauss 2-wheeler on Flipkart?,0,5,14,train,hard
what is the process paying the ex showroom cost for ampere magnus ex on flipkart? Any idea?,What is the process after paying the ex-showroom price for Ampere Magnus EX on Flipkart?,1,5,5,dev,positive
what is the process paying the ex showroom cost for ampere magnus ex on flipkart? Any idea?,I chose the wrong EMI plan while making the payment using 'Credit Card No Cost EMI' option. Can I change it now?,0,5,336,dev,random
what is the process paying the ex showroom cost for ampere magnus ex on flipkart? Any idea?,What is the process after paying the ex-showroom price for a BGauss 2-wheeler on Flipkart?,0,5,14,dev,hard
what does signify if a depot showing supercoin pay qr code? Any idea?,What does it mean if a store displays a SuperCoin Pay QR code?,1,6,6,train,positive
what does signify if a depot showing supercoin pay qr code? Any idea?,How long does it take to cancel an order?,0,6,112,train,random
what does signify if a depot showing supercoin pay qr code? Any idea?,Can I scan any QR code in the store to initiate the payment for an order using SuperCoin Pay feature?,0,6,403,train,hard
Could you tell me what does it imply if a depot exhibit supercoin pay qr code?,What does it mean if a store displays a SuperCoin Pay QR code?,1,6,6,train,positive
Could you tell me what does it imply if a depot exhibit supercoin pay qr code?,What is the warranty being offered by Ampere?,0,6,250,train,random
Could you tell me what does it imply if a depot exhibit supercoin pay qr code?,How do I know if a third-party partner store accepts SuperCoin Pay if there is no QR code scanner available?,0,6,286,train,hard
"Hi, what does it entail a depot exhibit supercoin pay qr code?",What does it mean if a store displays a SuperCoin Pay QR code?,1,6,6,dev,positive
"Hi, what does it entail a depot exhibit supercoin pay qr code?",How does Supercoin Pay feature work on Flipkart platform?,0,6,342,dev,random
"Hi, what does it entail a depot exhibit supercoin pay qr code?",Can I scan any QR code in the store to initiate the payment for an order using SuperCoin Pay feature?,0,6,403,dev,hard
i have requested for a rejoin my item will it occur? Any idea?,I have requested for a return for my item. When will it happen?,1,7,7,train,positive
i have requested for a rejoin my item will it occur? Any idea?,What is a 3D Secure password?,0,7,471,train,random
i have requested for a rejoin my item will it occur? Any idea?,"I have requested a replacement, when will I get it?",0,7,88,train,hard
Quick question: i have requested for a rejoin for my item will it occur?,I have requested for a return for my item. When will it happen?,1,7,7,train,positive
Quick question: i have requested for a rejoin for my item will it occur?,The option to buy an Ather 2-wheeler is not available at my pincode.,0,7,398,train,random
Quick question: i have requested for a rejoin for my item will it occur?,"I have requested a replacement, when will I get it?",0,7,88,train,hard
Quick question: i have requested for rejoin my item it materialize?,I have requested for a return for my item. When will it happen?,1,7,7,dev,positive
Quick question: i have requested for rejoin my item it materialize?,Can I scan any QR code in the store to initiate the payment for an order using SuperCoin Pay feature?,0,7,403,dev,random
Quick question: i have requested for rejoin my item it materialize?,"I have requested a replacement, when will I get it?",0,7,88,dev,hard
Could you tell me what can i publish in product critique?,What can I write in product reviews?,1,8,8,train,positive
Could you tell me what can i publish in product critique?,How can I pay with a saved Credit/Debit Card?,0,8,149,train,random
Could you tell me what can i publish in product critique?,My Gift Card has expired. Can you extend its validity?,0,8,366,train,hard
Help needed: what i publish product critique?,What can I write in product reviews?,1,8,8,train,positive
Help needed: what i publish product critique?,Will Flipkart deliver the Ather 2-wheeler at my home?,0,8,472,train,random
Help needed: what i publish product critique?,How can I claim warranty for my product?,0,8,130,train,hard
what can i publish in product critique? Any idea?,What can I write in product reviews?,1,8,8,dev,positive
what can i publish in product critique? Any idea?,Will Flipkart deliver the BGauss 2-wheeler to my home?,0,8,484,dev,random
what can i publish in product critique? Any idea?,Can I pay with any Credit card?,0,8,473,dev,hard
Help needed: can i usage the cash on delivery payment alternative for every product buy flipkart?,Can I use the Cash on Delivery payment option for every product I buy on Flipkart?,1,9,9,train,positive
Help needed: can i usage the cash on delivery payment alternative for every product buy flipkart?,Do I have to pay extra for items with the Plus badge?,0,9,190,train,random
Help needed: can i usage the cash on delivery payment alternative for every product buy flipkart?,What is Cash on Delivery?,0,9,294,train,hard
"Hi, can i utilize cash on delivery payment alternative for every product i buy flipkart?",Can I use the Cash on Delivery payment option for every product I buy on Flipkart?,1,9,9,train,positive
"Hi, can i utilize cash on delivery payment alternative for every product i buy flipkart?",Is there a filter available through which I can only see items with a Plus badge?,0,9,162,train,random
"Hi, can i utilize cash on delivery payment alternative for every product i buy flipkart?",What is Cash on Delivery?,0,9,294,train,hard
can i usage the cash on delivery payment alternative every product i buy on flipkart?,Can I use the Cash on Delivery payment option for every product I buy on Flipkart?,1,9,9,dev,positive
can i usage the cash on delivery payment alternative every product i buy on flipkart?,Is the warranty being offered by Flipkart for Ampere Magnus EX?,0,9,414,dev,random
can i usage the cash on delivery payment alternative every product i buy on flipkart?,What is Cash on Delivery?,0,9,294,dev,hard
Quick question: should i visit flipkart s customer care for installation once my product is delivered?,Should I call Flipkart's Customer Care for installation once my product is delivered?,1,10,10,train,positive
Quick question: should i visit flipkart s customer care for installation once my product is delivered?,What is Bajaj Finserv payment mode?,0,10,340,train,random
Quick question: should i visit flipkart s customer care for installation once my product is delivered?,"Can I change the mode of payment, once I have placed a Flipkart Quick order?",0,10,364,train,hard
should i phone flipkart s customer care for installation once product is delivered? Any idea?,Should I call Flipkart's Customer Care for installation once my product is delivered?,1,10,10,train,positive
should i phone flipkart s customer care for installation once product is delivered? Any idea?,Can I buy more than one Ather 2-wheeler through the same Flipkart account?,0,10,43,train,random
should i phone flipkart s customer care for installation once product is delivered? Any idea?,Is installation offered for all products?,0,10,411,train,hard
Could you tell me should phone flipkart s customer care for installation once product delivered?,Should I call Flipkart's Customer Care for installation once my product is delivered?,1,10,10,dev,positive
Could you tell me should phone flipkart s customer care for installation once product delivered?,I see the 'Cancel' button but I can't click on it. Why?,0,10,160,dev,random
Could you tell me should phone flipkart s customer care for installation once product delivered?,Is installation offered for all products?,0,10,411,dev,hard
Quick question: where can i check the termination pertain details my flipkart plus membership?,Where can I check the expiry related details of my Flipkart Plus membership?,1,11,11,train,positive
Quick question: where can i check the termination pertain details my flipkart plus membership?,How does 'Instant Cashback' work?,0,11,198,train,random
Quick question: where can i check the termination pertain details my flipkart plus membership?,Where can I check the details of my SuperCoins?,0,11,268,train,hard
where can i check the termination pertain details of my flipkart plus membership? Any idea?,Where can I check the expiry related details of my Flipkart Plus membership?,1,11,11,train,positive
where can i check the termination pertain details of my flipkart plus membership? Any idea?,"The address while ordering the Hero MotoCorp 2-wheeler on Flipkart is different from the one on my address proof (Aadhaar Card), what should I do now?",0,11,277,train,random
where can i check the termination pertain details of my flipkart plus membership? Any idea?,Where can I check the details of my SuperCoins?,0,11,268,train,hard
where check termination pertain details of flipkart plus membership? Thanks.,Where can I check the expiry related details of my Flipkart Plus membership?,1,11,11,dev,positive
where check termination pertain details of flipkart plus membership? Thanks.,Can I use a saved card to make an EMI payment?,0,11,352,dev,random
where check termination pertain details of flipkart plus membership? Thanks.,Where can I check the details of my SuperCoins?,0,11,268,dev,hard
can i nightclub my decree from different sellers to be delivered together?,Can I club my orders from different sellers to be delivered together?,1,12,12,train,positive
can i nightclub my decree from different sellers to be delivered together?,There have been recent reports of batteries catching fire. How do I know that BGauss 2-wheelers are safe?,0,12,94,train,random
can i nightclub my decree from different sellers to be delivered together?,Can I use my Gift Card to buy items from different sellers in the same order?,0,12,256,train,hard
Could you tell me can i nightclub my decree from different sellers to be delivered together?,Can I club my orders from different sellers to be delivered together?,1,12,12,train,positive
Could you tell me can i nightclub my decree from different sellers to be delivered together?,Can I buy rewards using only prepaid mode of payment and redemption of SuperCoins as part of Cash and Coins for Rewards program?,0,12,460,train,random
Could you tell me can i nightclub my decree from different sellers to be delivered together?,Can I use my Gift Card to buy items from different sellers in the same order?,0,12,256,train,hard
Quick question: can i nightclub my decree different sellers delivered together?,Can I club my orders from different sellers to be delivered together?,1,12,12,dev,positive
Quick question: can i nightclub my decree different sellers delivered together?,Will I get the option to test drive a BGauss 2-wheeler? How many times will I be allowed to take a test drive in the same order?,0,12,289,dev,random
Quick question: can i nightclub my decree different sellers delivered together?,Can I use my Gift Card to buy items from different sellers in the same order?,0,12,256,dev,hard
how i unlink gift card which is added to my wallet?,How can I unlink a Gift Card which is added to my wallet?,1,13,13,train,positive
how i unlink gift card which is added to my wallet?,Is Flipkart Advantage the same as 'Plus'?,0,13,176,train,random
how i unlink gift card which is added to my wallet?,What does 'Transfer' Gift Card in my Wallet do?,0,13,157,train,hard
Help needed: how i unlink a gift card is added to my wallet?,How can I unlink a Gift Card which is added to my wallet?,1,13,13,train,positive
Help needed: how i unlink a gift card is added to my wallet?,"If I choose 'SuperCoins Price' option, will I still be eligible to avail bank offers/other offers?",0,13,159,train,random
Help needed: how i unlink a gift card is added to my wallet?,What does 'Transfer' Gift Card in my Wallet do?,0,13,157,train,hard
"Hi, how i unlink a gift card which added to my wallet?",How can I unlink a Gift Card which is added to my wallet?,1,13,13,dev,positive
"Hi, how i unlink a gift card which added to my wallet?",What after-sales services are being provided by Bounce for 2-wheelers?,0,13,368,dev,random
"Hi, how i unlink a gift card which added to my wallet?",What does 'Transfer' Gift Card in my Wallet do?,0,13,157,dev,hard
what is the process after paying the ex showroom cost for bgauss 2 wheeler on flipkart? Thanks.,What is the process after paying the ex-showroom price for a BGauss 2-wheeler on Flipkart?,1,14,14,train,positive
what is the process after paying the ex showroom cost for bgauss 2 wheeler on flipkart? Thanks.,How long does it take to cancel an order?,0,14,112,train,random
what is the process after paying the ex showroom cost for bgauss 2 wheeler on flipkart? Thanks.,What is the process after paying the ex-showroom price for a Hero MotoCorp 2-wheeler on Flipkart?,0,14,46,train,hard
what the process after paying ex showroom cost for a bgauss 2 wheeler on flipkart? Thanks.,What is the process after paying the ex-showroom price for a BGauss 2-wheeler on Flipkart?,1,14,14,train,positive
what the process after paying ex showroom cost for a bgauss 2 wheeler on flipkart? Thanks.,What can I purchase using Flipkart Axis Bank Credit Card?,0,14,427,train,random
what the process after paying ex showroom cost for a bgauss 2 wheeler on flipkart? Thanks.,What is the process after paying the ex-showroom price for a Hero MotoCorp 2-wheeler on Flipkart?,0,14,46,train,hard
what is the process after paying the ex showroom cost bgauss 2 wheeler on flipkart? Any idea?,What is the process after paying the ex-showroom price for a BGauss 2-wheeler on Flipkart?,1,14,14,dev,positive
what is the process after paying the ex showroom cost bgauss 2 wheeler on flipkart? Any idea?,What if the Gift Card is transferred to someone when I am expecting a refund for an order placed using the same Gift Card?,0,14,327,dev,random
what is the process after paying the ex showroom cost bgauss 2 wheeler on flipkart? Any idea?,What is the process after paying the ex-showroom price for a Hero MotoCorp 2-wheeler on Flipkart?,0,14,46,dev,hard
Could you tell me i not bring the gift card i arranged should do?,I didn't get the Gift Card I ordered for. What should I do?,1,15,15,train,positive
Could you tell me i not bring the gift card i arranged should do?,Can I change the delivery address after I have placed a Flipkart Quick order?,0,15,217,train,random
Could you tell me i not bring the gift card i arranged should do?,Can I buy another Gift Card with the Gift Card I have?,0,15,378,train,hard
Quick question: i not bring gift card i arranged for i do?,I didn't get the Gift Card I ordered for. What should I do?,1,15,15,train,positive
Quick question: i not bring gift card i arranged for i do?,How do I find the offers in SuperCoin Zone?,0,15,432,train,random
Quick question: i not bring gift card i arranged for i do?,Can I buy another Gift Card with the Gift Card I have?,0,15,378,train,hard
"Hi, i did not find the gift card i arranged for what i do?",I didn't get the Gift Card I ordered for. What should I do?,1,15,15,dev,positive
"Hi, i did not find the gift card i arranged for what i do?",Can I redeem all of my available SuperCoins while using the SuperCoin Pay feature?,0,15,111,dev,random
"Hi, i did not find the gift card i arranged for what i do?",I don't remember the warranty details for my product. Where can I find it?,0,15,26,dev,hard
Help needed: can cancel the decree that i paced by redeeming supercoin through the supercoin pay boast?,Can I cancel the order that I paced by redeeming SuperCoin through the SuperCoin Pay feature?,1,16,16,train,positive
Help needed: can cancel the decree that i paced by redeeming supercoin through the supercoin pay boast?,Will BGauss cross-sell/upsell when I visit the brand authorised dealer?,0,16,359,train,random
Help needed: can cancel the decree that i paced by redeeming supercoin through the supercoin pay boast?,How secure is the payment through SuperCoin Pay?,0,16,296,train,hard
can cancel edict that i paced redeeming supercoin through supercoin pay boast?,Can I cancel the order that I paced by redeeming SuperCoin through the SuperCoin Pay feature?,1,16,16,train,positive
can cancel edict that i paced redeeming supercoin through supercoin pay boast?,When and how many times does Ampere Magnus EX require servicing?,0,16,458,train,random
can cancel edict that i paced redeeming supercoin through supercoin pay boast?,How secure is the payment through SuperCoin Pay?,0,16,296,train,hard
can i cancel the edict that i paced by redeeming supercoin through the supercoin pay boast? Any idea?,Can I cancel the order that I paced by redeeming SuperCoin through the SuperCoin Pay feature?,1,16,16,dev,positive
can i cancel the edict that i paced by redeeming supercoin through the supercoin pay boast? Any idea?,Do sellers on Flipkart ship internationally?,0,16,271,dev,random
can i cancel the edict that i paced by redeeming supercoin through the supercoin pay boast? Any idea?,How secure is the payment through SuperCoin Pay?,0,16,296,dev,hard
Could you tell me why is the cash on delivery payment mode not accessible at my location?,Why is the 'Cash on Delivery' payment mode not available at my location?,1,17,17,train,positive
Could you tell me why is the cash on delivery payment mode not accessible at my location?,What is the advantage of buying Ampere Magnus EX through Flipkart?,0,17,126,train,random
Could you tell me why is the cash on delivery payment mode not accessible at my location?,Why are faster delivery options not available at my location?,0,17,231,train,hard
why is the cash on delivery payment mode not usable at my location?,Why is the 'Cash on Delivery' payment mode not available at my location?,1,17,17,train,positive
why is the cash on delivery payment mode not usable at my location?,How can I pay for my order using the Bajaj Finserv payment mode?,0,17,21,train,random
why is the cash on delivery payment mode not usable at my location?,Why are faster delivery options not available at my location?,0,17,231,train,hard
Could you tell me why cash on delivery payment mode not useable my location?,Why is the 'Cash on Delivery' payment mode not available at my location?,1,17,17,dev,positive
Could you tell me why cash on delivery payment mode not useable my location?,How can I pay for my order using the 'Credit Card No Cost EMI' payment mode?,0,17,45,dev,random
Could you tell me why cash on delivery payment mode not useable my location?,What is Cash on Delivery?,0,17,294,dev,hard
there no stamp on warranty scorecard i have how will claim warranty? Thanks.,There is no seal on the warranty card I got. How will I claim warranty?,1,18,18,train,positive
there no stamp on warranty scorecard i have how will claim warranty? Thanks.,"If I cancel or return an item from my order, will the SuperCoins credited be deducted?",0,18,24,train,random
there no stamp on warranty scorecard i have how will claim warranty? Thanks.,How can I claim warranty for my product?,0,18,130,train,hard
there is no stamp on warranty scorecard i let how will i claim warranty? Any idea?,There is no seal on the warranty card I got. How will I claim warranty?,1,18,18,train,positive
there is no stamp on warranty scorecard i let how will i claim warranty? Any idea?,What charging options are available with Ampere Magnus EX? Is there a separate cost associated with it?,0,18,455,train,random
there is no stamp on warranty scorecard i let how will i claim warranty? Any idea?,How can I claim warranty for my product?,0,18,130,train,hard
there is no stamp on the warranty scorecard i have i claim warranty? Any idea?,There is no seal on the warranty card I got. How will I claim warranty?,1,18,18,dev,positive
there is no stamp on the warranty scorecard i have i claim warranty? Any idea?,Can I return my Ather 2-wheeler in case I receive a damaged vehicle?,0,18,40,dev,random
there is no stamp on the warranty scorecard i have i claim warranty? Any idea?,How can I claim warranty for my product?,0,18,130,dev,hard
"Hi, can i bargain more than one ampere vehicle in my name same flipkart account?",Can I buy more than one Ampere vehicle in my name/same Flipkart account?,1,19,19,train,positive
"Hi, can i bargain more than one ampere vehicle in my name same flipkart account?","The address while ordering Ampere 2-wheeler on Flipkart is different from the one on my address proof (Aadhar Card), what should I do now?",0,19,247,train,random
"Hi, can i bargain more than one ampere vehicle in my name same flipkart account?",Can I buy more than one BGauss 2-wheeler in my name/same Flipkart account?,0,19,27,train,hard
Help needed: can i bargain more than one ampere vehicle in my name same flipkart account?,Can I buy more than one Ampere vehicle in my name/same Flipkart account?,1,19,19,train,positive
Help needed: can i bargain more than one ampere vehicle in my name same flipkart account?,Why didn't my order qualify for free delivery?,0,19,270,train,random
Help needed: can i bargain more than one ampere vehicle in my name same flipkart account?,Can I buy more than one BGauss 2-wheeler in my name/same Flipkart account?,0,19,27,train,hard
"Hi, can i steal more than one ampere vehicle in my name same flipkart account?",Can I buy more than one Ampere vehicle in my name/same Flipkart account?,1,19,19,dev,positive
"Hi, can i steal more than one ampere vehicle in my name same flipkart account?",Can I get a new Gift Card for the remaining balance if my Gift Card has expired?,0,19,375,dev,random
"Hi, can i steal more than one ampere vehicle in my name same flipkart account?",Can I buy more than one BGauss 2-wheeler in my name/same Flipkart account?,0,19,27,dev,hard
Help needed: how entrust the foodstuff that will be delivered superior checked and refreshing?,How can I trust that the groceries that will be delivered are quality checked and fresh?,1,20,20,train,positive
Help needed: how entrust the foodstuff that will be delivered superior checked and refreshing?,How are refurbished products categorised on Flipkart?,0,20,431,train,random
Help needed: how entrust the foodstuff that will be delivered superior checked and refreshing?,How will my order be delivered?,0,20,219,train,hard
Help needed: how can i entrust that the foodstuff that be delivered are superior checked and refreshing?,How can I trust that the groceries that will be delivered are quality checked and fresh?,1,20,20,train,positive
Help needed: how can i entrust that the foodstuff that be delivered are superior checked and refreshing?,What should I do if I find the package open or tampered on delivery?,0,20,80,train,random
Help needed: how can i entrust that the foodstuff that be delivered are superior checked and refreshing?,How will my order be delivered?,0,20,219,train,hard
"Hi, how can i entrust the foodstuff that will delivered are superior checked and refreshing?",How can I trust that the groceries that will be delivered are quality checked and fresh?,1,20,20,dev,positive
"Hi, how can i entrust the foodstuff that will delivered are superior checked and refreshing?",What is the advantage of buying a Hero MotoCorp 2-wheeler vehicle through Flipkart?,0,20,38,dev,random
"Hi, how can i entrust the foodstuff that will delivered are superior checked and refreshing?",How will my order be delivered?,0,20,219,dev,hard
how i pay for order utilize bajaj finserv payment mode?,How can I pay for my order using the Bajaj Finserv payment mode?,1,21,21,train,positive
how i pay for order utilize bajaj finserv payment mode?,How do I claim warranty services for refurbished products?,0,21,66,train,random
how i pay for order utilize bajaj finserv payment mode?,What is Bajaj Finserv payment mode?,0,21,340,train,hard
how can i pay my order use the bajaj finserv payment mode? Thanks.,How can I pay for my order using the Bajaj Finserv payment mode?,1,21,21,train,positive
how can i pay my order use the bajaj finserv payment mode? Thanks.,What is the purpose of the scratch card in SuperCoin Pay?,0,21,201,train,random
how can i pay my order use the bajaj finserv payment mode? Thanks.,What is Bajaj Finserv payment mode?,0,21,340,train,hard
how can i pay for my order utilize the bajaj finserv payment mode? Any idea?,How can I pay for my order using the Bajaj Finserv payment mode?,1,21,21,dev,positive
how can i pay for my order utilize the bajaj finserv payment mode? Any idea?,Why is the option to buy a BGauss 2-wheeler not available at my pincode?,0,21,221,dev,random
how can i pay for my order utilize the bajaj finserv payment mode? Any idea?,What is Bajaj Finserv payment mode?,0,21,340,dev,hard
what the process after paying the ex showroom cost for bounce 2 wheeler on flipkart? Thanks.,What is the process after paying the ex-showroom price for a Bounce 2-wheeler on Flipkart?,1,22,22,train,positive
what the process after paying the ex showroom cost for bounce 2 wheeler on flipkart? Thanks.,How quickly does the battery for BGauss 2-wheelers charge again?,0,22,303,train,random
what the process after paying the ex showroom cost for bounce 2 wheeler on flipkart? Thanks.,What is the process after paying the ex-showroom price for a Hero MotoCorp 2-wheeler on Flipkart?,0,22,46,train,hard
what the process after paying the ex showroom cost a bounce 2 wheeler flipkart?,What is the process after paying the ex-showroom price for a Bounce 2-wheeler on Flipkart?,1,22,22,train,positive
what the process after paying the ex showroom cost a bounce 2 wheeler flipkart?,Can I use the Cash on Delivery payment option for every product I buy on Flipkart?,0,22,9,train,random
what the process after paying the ex showroom cost a bounce 2 wheeler flipkart?,What is the process after paying the ex-showroom price for a Hero MotoCorp 2-wheeler on Flipkart?,0,22,46,train,hard
what is the process paying the ex showroom cost for a bounce 2 wheeler on flipkart? Any idea?,What is the process after paying the ex-showroom price for a Bounce 2-wheeler on Flipkart?,1,22,22,dev,positive
what is the process paying the ex showroom cost for a bounce 2 wheeler on flipkart? Any idea?,What cards can I save on Flipkart?,0,22,469,dev,random
what is the process paying the ex showroom cost for a bounce 2 wheeler on flipkart? Any idea?,What is the process after paying the ex-showroom price for a Hero MotoCorp 2-wheeler on Flipkart?,0,22,46,dev,hard
"Hi, what subsidies are being provide by ather to claim them?",What subsidies are being offered by Ather and how to claim them?,1,23,23,train,positive
"Hi, what subsidies are being provide by ather to claim them?",Can I cancel a part of my Flipkart Quick order after I have placed it?,0,23,96,train,random
"Hi, what subsidies are being provide by ather to claim them?",What is the warranty being offered by Ather?,0,23,330,train,hard
"Hi, what subsidies being provide by ather and how to claim them?",What subsidies are being offered by Ather and how to claim them?,1,23,23,train,positive
"Hi, what subsidies being provide by ather and how to claim them?",How do I make a payment using a saved card?,0,23,171,train,random
"Hi, what subsidies being provide by ather and how to claim them?",What is the warranty being offered by Ather?,0,23,330,train,hard
what subsidies are being provide ather how to claim them?,What subsidies are being offered by Ather and how to claim them?,1,23,23,dev,positive
what subsidies are being provide ather how to claim them?,There is no seal on the warranty card I got. How will I claim warranty?,0,23,18,dev,random
what subsidies are being provide ather how to claim them?,What is the warranty being offered by Ather?,0,23,330,dev,hard
if i invalidate or revert an item from edict will supercoins credited be subtract? Thanks.,"If I cancel or return an item from my order, will the SuperCoins credited be deducted?",1,24,24,train,positive
if i invalidate or revert an item from edict will supercoins credited be subtract? Thanks.,Can I use a corporate email ID to sign up?,0,24,139,train,random
if i invalidate or revert an item from edict will supercoins credited be subtract? Thanks.,"If I cancel or return an item from my order, what will happen to my 'On the way' SuperCoins?",0,24,195,train,hard
if i invalidate or revert an item my decree will the supercoins credited be subtract? Any idea?,"If I cancel or return an item from my order, will the SuperCoins credited be deducted?",1,24,24,train,positive
if i invalidate or revert an item my decree will the supercoins credited be subtract? Any idea?,Do I get a spare tyre with an Ather 2-wheeler?,0,24,498,train,random
if i invalidate or revert an item my decree will the supercoins credited be subtract? Any idea?,"If I cancel or return an item from my order, what will happen to my 'On the way' SuperCoins?",0,24,195,train,hard
Could you tell me if i invalidate or revert an item from decree the supercoins credited be subtract?,"If I cancel or return an item from my order, will the SuperCoins credited be deducted?",1,24,24,dev,positive
Could you tell me if i invalidate or revert an item from decree the supercoins credited be subtract?,What are the benefits of the Bajaj Finserv payment mode?,0,24,109,dev,random
Could you tell me if i invalidate or revert an item from decree the supercoins credited be subtract?,"If I cancel or return an item from my order, what will happen to my 'On the way' SuperCoins?",0,24,195,dev,hard
Help needed: why i find a transportation charge for an item the plus badge?,Why do I see a shipping charge for an item with the Plus badge?,1,25,25,train,positive
Help needed: why i find a transportation charge for an item the plus badge?,Can I use a corporate email ID to sign up?,0,25,139,train,random
Help needed: why i find a transportation charge for an item the plus badge?,What are the benefits of buying an item with a Plus badge?,0,25,67,train,hard
why do i hear a transportation charge for item with the plus badge? Thanks.,Why do I see a shipping charge for an item with the Plus badge?,1,25,25,train,positive
why do i hear a transportation charge for item with the plus badge? Thanks.,Can I pay with any Credit card?,0,25,473,train,random
why do i hear a transportation charge for item with the plus badge? Thanks.,What are the benefits of buying an item with a Plus badge?,0,25,67,train,hard
why do i realize a transportation charge an item with the plus badge? Thanks.,Why do I see a shipping charge for an item with the Plus badge?,1,25,25,dev,positive
why do i realize a transportation charge an item with the plus badge? Thanks.,What are SuperCoin Milestones?,0,25,459,dev,random
why do i realize a transportation charge an item with the plus badge? Thanks.,What are the benefits of buying an item with a Plus badge?,0,25,67,dev,hard
Quick question: i do not recall the warranty details for product i discover?,I don't remember the warranty details for my product. Where can I find it?,1,26,26,train,positive
Quick question: i do not recall the warranty details for product i discover?,Can I cancel or return a reward as part of the Cash and Coins for Rewards for program?,0,26,299,train,random
Quick question: i do not recall the warranty details for product i discover?,I want to check my warranty details for the product but I don't have the warranty card. What should I do?,0,26,146,train,hard
i do not think warranty details for product where i get it? Any idea?,I don't remember the warranty details for my product. Where can I find it?,1,26,26,train,positive
i do not think warranty details for product where i get it? Any idea?,Can I submit my documents online for a BGauss 2-wheeler and not visit the brand authorised dealer?,0,26,377,train,random
i do not think warranty details for product where i get it? Any idea?,I want to check my warranty details for the product but I don't have the warranty card. What should I do?,0,26,146,train,hard
Help needed: i not think the warranty details for my product where can determine it?,I don't remember the warranty details for my product. Where can I find it?,1,26,26,dev,positive
Help needed: i not think the warranty details for my product where can determine it?,How does the pick-up store option on Flipkart work?,0,26,153,dev,random
Help needed: i not think the warranty details for my product where can determine it?,Where can I check the details of my SuperCoins?,0,26,268,dev,hard
can i steal more than one bgauss 2 wheeler my name same flipkart account?,Can I buy more than one BGauss 2-wheeler in my name/same Flipkart account?,1,27,27,train,positive
can i steal more than one bgauss 2 wheeler my name same flipkart account?,What does 'Out of Stock' mean?,0,27,177,train,random
can i steal more than one bgauss 2 wheeler my name same flipkart account?,Can I buy more than one Bounce vehicle in my name/same Flipkart account?,0,27,35,train,hard
"Hi, can i steal more than one bgauss 2 wheeler in my name same flipkart account?",Can I buy more than one BGauss 2-wheeler in my name/same Flipkart account?,1,27,27,train,positive
"Hi, can i steal more than one bgauss 2 wheeler in my name same flipkart account?",What are the benefits of the Bajaj Finserv payment mode?,0,27,109,train,random
"Hi, can i steal more than one bgauss 2 wheeler in my name same flipkart account?",Can I buy more than one Bounce vehicle in my name/same Flipkart account?,0,27,35,train,hard
can i bargain more one bgauss 2 wheeler in my name same flipkart account?,Can I buy more than one BGauss 2-wheeler in my name/same Flipkart account?,1,27,27,dev,positive
can i bargain more one bgauss 2 wheeler in my name same flipkart account?,What is the process after paying the ex-showroom price for a BGauss 2-wheeler on Flipkart?,0,27,14,dev,random
can i bargain more one bgauss 2 wheeler in my name same flipkart account?,Can I buy more than one Bounce vehicle in my name/same Flipkart account?,0,27,35,dev,hard
what should do if my edict is authorized but has not shipped even?,What should I do if my order is approved but hasn't been shipped yet?,1,28,28,train,positive
what should do if my edict is authorized but has not shipped even?,How do I sign up for an extended warranty for my product?,0,28,106,train,random
what should do if my edict is authorized but has not shipped even?,Why can't I track my order even though it has been shipped?,0,28,124,train,hard
Quick question: what should i do if my edict is authorized but has not shipped still?,What should I do if my order is approved but hasn't been shipped yet?,1,28,28,train,positive
Quick question: what should i do if my edict is authorized but has not shipped still?,How can I redeem 'SuperCoins Rewards'?,0,28,438,train,random
Quick question: what should i do if my edict is authorized but has not shipped still?,What should I do if I don't get the invoice for my order?,0,28,2,train,hard
what should i do if edict is sanctioned has not been shipped even? Thanks.,What should I do if my order is approved but hasn't been shipped yet?,1,28,28,dev,positive
what should i do if edict is sanctioned has not been shipped even? Thanks.,How can I become a seller and start selling products on Flipkart?,0,28,461,dev,random
what should i do if edict is sanctioned has not been shipped even? Thanks.,Why can't I track my order even though it has been shipped?,0,28,124,dev,hard
how is bajaj finserv payment mode different from the credit card emi payment mode? Thanks.,How is Bajaj Finserv payment mode different from the credit card EMI payment mode?,1,29,29,train,positive
how is bajaj finserv payment mode different from the credit card emi payment mode? Thanks.,How can I use a new email address to log in to my Flipkart account?,0,29,75,train,random
how is bajaj finserv payment mode different from the credit card emi payment mode? Thanks.,What is Bajaj Finserv payment mode?,0,29,340,train,hard
Could you tell me how is bajaj finserv payment mode different from credit card emi payment mode?,How is Bajaj Finserv payment mode different from the credit card EMI payment mode?,1,29,29,train,positive
Could you tell me how is bajaj finserv payment mode different from credit card emi payment mode?,How can I pay with a saved Credit/Debit Card?,0,29,149,train,random
Could you tell me how is bajaj finserv payment mode different from credit card emi payment mode?,What is Bajaj Finserv payment mode?,0,29,340,train,hard
Quick question: how bajaj finserv payment mode different the credit card emi payment mode?,How is Bajaj Finserv payment mode different from the credit card EMI payment mode?,1,29,29,dev,positive
Quick question: how bajaj finserv payment mode different the credit card emi payment mode?,Can I cancel my EMI after I've placed the order using the Bajaj Finserv payment option?,0,29,104,dev,random
Quick question: how bajaj finserv payment mode different the credit card emi payment mode?,What is Bajaj Finserv payment mode?,0,29,340,dev,hard
what is process paying the ex showroom cost an ather 2 wheeler on flipkart?,What is the process after paying the ex-showroom price for an Ather 2-wheeler on Flipkart?,1,30,30,train,positive
what is process paying the ex showroom cost an ather 2 wheeler on flipkart?,What types of products will be available under Flipkart 'Refurbished Zone'?,0,30,478,train,random
what is process paying the ex showroom cost an ather 2 wheeler on flipkart?,What is the process after paying the ex-showroom price for a Hero MotoCorp 2-wheeler on Flipkart?,0,30,46,train,hard
"Hi, what is the process after paying the ex showroom cost for ather 2 wheeler on flipkart?",What is the process after paying the ex-showroom price for an Ather 2-wheeler on Flipkart?,1,30,30,train,positive
"Hi, what is the process after paying the ex showroom cost for ather 2 wheeler on flipkart?",What all card information does Flipkart store?,0,30,376,train,random
"Hi, what is the process after paying the ex showroom cost for ather 2 wheeler on flipkart?",What is the process after paying the ex-showroom price for a Hero MotoCorp 2-wheeler on Flipkart?,0,30,46,train,hard
Help needed: what is process paying the ex showroom cost for an ather 2 wheeler on flipkart?,What is the process after paying the ex-showroom price for an Ather 2-wheeler on Flipkart?,1,30,30,dev,positive
Help needed: what is process paying the ex showroom cost for an ather 2 wheeler on flipkart?,When is a return of an item not possible?,0,30,209,dev,random
Help needed: what is process paying the ex showroom cost for an ather 2 wheeler on flipkart?,What is the process after paying the ex-showroom price for a Hero MotoCorp 2-wheeler on Flipkart?,0,30,46,dev,hard
"Hi, how lasting will the benefit be unlocked component my supercoin milestones?",How long will the benefit be unlocked as part of my SuperCoin Milestones?,1,31,31,train,positive
"Hi, how lasting will the benefit be unlocked component my supercoin milestones?",Will Flipkart deliver the Hero MotoCorp 2-wheeler to my home?,0,31,464,train,random
"Hi, how lasting will the benefit be unlocked component my supercoin milestones?","When benefits are unlocked as part of SuperCoin Milestones, will there be deduction of SuperCoins?",0,31,360,train,hard
Help needed: how lengthy will the benefit unlocked as component of supercoin milestones?,How long will the benefit be unlocked as part of my SuperCoin Milestones?,1,31,31,train,positive
Help needed: how lengthy will the benefit unlocked as component of supercoin milestones?,Why have I been asked to ship the item?,0,31,293,train,random
Help needed: how lengthy will the benefit unlocked as component of supercoin milestones?,"When benefits are unlocked as part of SuperCoin Milestones, will there be deduction of SuperCoins?",0,31,360,train,hard
how lasting will benefit unlocked as portion of my supercoin milestones? Any idea?,How long will the benefit be unlocked as part of my SuperCoin Milestones?,1,31,31,dev,positive
how lasting will benefit unlocked as portion of my supercoin milestones? Any idea?,What is Plus Zone?,0,31,225,dev,random
how lasting will benefit unlocked as portion of my supercoin milestones? Any idea?,"When benefits are unlocked as part of SuperCoin Milestones, will there be deduction of SuperCoins?",0,31,360,dev,hard
if petition for substitute will i find? Any idea?,"If I request for a replacement, when will I get it?",1,32,32,train,positive
if petition for substitute will i find? Any idea?,Can I return my Ather 2-wheeler in case I receive a damaged vehicle?,0,32,40,train,random
if petition for substitute will i find? Any idea?,Where will I find a scratch card after using SuperCoin Pay feature for an order?,0,32,280,train,hard
if i petition for substitute when will come it? Thanks.,"If I request for a replacement, when will I get it?",1,32,32,train,positive
if i petition for substitute when will come it? Thanks.,On what products will I get the option of 'SuperCoins Price'?,0,32,63,train,random
if i petition for substitute when will come it? Thanks.,I have requested for a return for my item. When will it happen?,0,32,7,train,hard
if i asking for substitute when will i come?,"If I request for a replacement, when will I get it?",1,32,32,dev,positive
if i asking for substitute when will i come?,What is the advantage of buying a Bounce 2-wheeler on Flipkart?,0,32,134,dev,random
if i asking for substitute when will i come?,When will I get the physical card?,0,32,454,dev,hard
how lasting do i have to choice my freight from the selection up depot? Thanks.,How long do I have to pick up my shipment from the pick-up store?,1,33,33,train,positive
how lasting do i have to choice my freight from the selection up depot? Thanks.,I didn't get a warranty card with my product. How can I get the warranty?,0,33,42,train,random
how lasting do i have to choice my freight from the selection up depot? Thanks.,How do I pay for my Cash-on-Delivery order if I choose to pick up the product from the pick-up store?,0,33,318,train,hard
Could you tell me how lengthy do i to pluck up freight from the pluck up depot?,How long do I have to pick up my shipment from the pick-up store?,1,33,33,train,positive
Could you tell me how lengthy do i to pluck up freight from the pluck up depot?,Why is the refurbished category not visible for me on my Flipkart app?,0,33,193,train,random
Could you tell me how lengthy do i to pluck up freight from the pluck up depot?,How do I pay for my Cash-on-Delivery order if I choose to pick up the product from the pick-up store?,0,33,318,train,hard
how lengthy do to pluck up my cargo the choice up depot? Thanks.,How long do I have to pick up my shipment from the pick-up store?,1,33,33,dev,positive
how lengthy do to pluck up my cargo the choice up depot? Thanks.,"My payment using the 'Credit Card No Cost EMI' payment mode did not go through, but the amount has been blocked on my card. What should I do?",0,33,481,dev,random
how lengthy do to pluck up my cargo the choice up depot? Thanks.,How do I pay for my Cash-on-Delivery order if I choose to pick up the product from the pick-up store?,0,33,318,dev,hard
Help needed: what are the complaint relevant warranty claim in lawsuit a refurbished product?,What are the charges applicable for warranty claim in case of a refurbished product?,1,34,34,train,positive
Help needed: what are the complaint relevant warranty claim in lawsuit a refurbished product?,How does 'Instant Cashback' work?,0,34,198,train,random
Help needed: what are the complaint relevant warranty claim in lawsuit a refurbished product?,How can I claim warranty for my product?,0,34,130,train,hard
Quick question: what are the accusation relevant for warranty claim in lawsuit of a refurbished product?,What are the charges applicable for warranty claim in case of a refurbished product?,1,34,34,train,positive
Quick question: what are the accusation relevant for warranty claim in lawsuit of a refurbished product?,How can I collect my shipment from the pick-up store?,0,34,264,train,random
Quick question: what are the accusation relevant for warranty claim in lawsuit of a refurbished product?,How can I claim warranty for my product?,0,34,130,train,hard
Quick question: what are the complaint relevant for warranty claim in suit of refurbished product?,What are the charges applicable for warranty claim in case of a refurbished product?,1,34,34,dev,positive
Quick question: what are the complaint relevant for warranty claim in suit of refurbished product?,How is the Return Fee determined?,0,34,317,dev,random
Quick question: what are the complaint relevant for warranty claim in suit of refurbished product?,How can I claim warranty for my product?,0,34,130,dev,hard
can i steal more than one bounce vehicle in my name same flipkart account?,Can I buy more than one Bounce vehicle in my name/same Flipkart account?,1,35,35,train,positive
can i steal more than one bounce vehicle in my name same flipkart account?,How long does the battery last for BGauss 2-wheelers?,0,35,297,train,random
can i steal more than one bounce vehicle in my name same flipkart account?,Can I buy more than one BGauss 2-wheeler in my name/same Flipkart account?,0,35,27,train,hard
"Hi, can i bargain more than one bounce vehicle my name same flipkart account?",Can I buy more than one Bounce vehicle in my name/same Flipkart account?,1,35,35,train,positive
"Hi, can i bargain more than one bounce vehicle my name same flipkart account?",There is no seal on the warranty card I got. How will I claim warranty?,0,35,18,train,random
"Hi, can i bargain more than one bounce vehicle my name same flipkart account?",Can I buy more than one BGauss 2-wheeler in my name/same Flipkart account?,0,35,27,train,hard
can i bargain more than one bounce vehicle in my name same flipkart account?,Can I buy more than one Bounce vehicle in my name/same Flipkart account?,1,35,35,dev,positive
can i bargain more than one bounce vehicle in my name same flipkart account?,I have bought the Bounce 2-wheeler but I want to have a different model. What should I do?,0,35,118,dev,random
can i bargain more than one bounce vehicle in my name same flipkart account?,Can I buy more than one BGauss 2-wheeler in my name/same Flipkart account?,0,35,27,dev,hard
Help needed: are there obscure charges octroi or sales tax when i patronize on flipkart?,Are there any hidden charges (Octroi or Sales Tax) when I shop on Flipkart?,1,36,36,train,positive
Help needed: are there obscure charges octroi or sales tax when i patronize on flipkart?,"My order has reached the nearest delivery hub, but why isn't it out for delivery yet?",0,36,113,train,random
Help needed: are there obscure charges octroi or sales tax when i patronize on flipkart?,What are the charges applicable for warranty claim in case of a refurbished product?,0,36,34,train,hard
"Hi, are there any concealed charges octroi or sales tax patronize on flipkart?",Are there any hidden charges (Octroi or Sales Tax) when I shop on Flipkart?,1,36,36,train,positive
"Hi, are there any concealed charges octroi or sales tax patronize on flipkart?",Do I get a spare tyre with a Hero MotoCorp 2-wheeler?,0,36,468,train,random
"Hi, are there any concealed charges octroi or sales tax patronize on flipkart?",Is there any annual fee?,0,36,465,train,hard
Help needed: are there secret charges octroi or sales tax when i patronize on flipkart?,Are there any hidden charges (Octroi or Sales Tax) when I shop on Flipkart?,1,36,36,dev,positive
Help needed: are there secret charges octroi or sales tax when i patronize on flipkart?,What are the benefits that a Flipkart Plus member gets?,0,36,218,dev,random
Help needed: are there secret charges octroi or sales tax when i patronize on flipkart?,What are the charges applicable for warranty claim in case of a refurbished product?,0,36,34,dev,hard
how can lend a scorecard tag to preserved scorecard? Any idea?,How can I add a card label to my saved card?,1,37,37,train,positive
how can lend a scorecard tag to preserved scorecard? Any idea?,Can I cancel a part of my Flipkart Quick order after I have placed it?,0,37,96,train,random
how can lend a scorecard tag to preserved scorecard? Any idea?,What does the tag 'Imported' beside a product mean?,0,37,148,train,hard
Could you tell me how can contribute a scorecard tag to preserved scorecard?,How can I add a card label to my saved card?,1,37,37,train,positive
Could you tell me how can contribute a scorecard tag to preserved scorecard?,"I am able to see some 'SuperCoins Rewards', but why am I not able to buy them?",0,37,95,train,random
Could you tell me how can contribute a scorecard tag to preserved scorecard?,What does the tag 'Imported' beside a product mean?,0,37,148,train,hard
Help needed: how can contribute scorecard tag to my preserved scorecard?,How can I add a card label to my saved card?,1,37,37,dev,positive
Help needed: how can contribute scorecard tag to my preserved scorecard?,What cards can I save on Flipkart?,0,37,469,dev,random
Help needed: how can contribute scorecard tag to my preserved scorecard?,What does the tag 'Imported' beside a product mean?,0,37,148,dev,hard
what is the advantage of purchasing a hero motocorp 2 wheeler vehicle through flipkart? Thanks.,What is the advantage of buying a Hero MotoCorp 2-wheeler vehicle through Flipkart?,1,38,38,train,positive
what is the advantage of purchasing a hero motocorp 2 wheeler vehicle through flipkart? Thanks.,"The address while ordering Bounce vehicle on Flipkart is different from the one on my address proof (Aadhar Card), what should I do now?",0,38,259,train,random
what is the advantage of purchasing a hero motocorp 2 wheeler vehicle through flipkart? Thanks.,What is the advantage of buying a BGauss 2-wheeler vehicle through Flipkart?,0,38,70,train,hard
Quick question: what is the advantage of purchase hero motocorp 2 wheeler vehicle through flipkart?,What is the advantage of buying a Hero MotoCorp 2-wheeler vehicle through Flipkart?,1,38,38,train,positive
Quick question: what is the advantage of purchase hero motocorp 2 wheeler vehicle through flipkart?,What happens if I'm not able to pick up my shipment within 5 days from the pickup store for some reason?,0,38,276,train,random
Quick question: what is the advantage of purchase hero motocorp 2 wheeler vehicle through flipkart?,What is the advantage of buying a BGauss 2-wheeler vehicle through Flipkart?,0,38,70,train,hard
what the advantage of purchasing a hero motocorp 2 wheeler vehicle through flipkart?,What is the advantage of buying a Hero MotoCorp 2-wheeler vehicle through Flipkart?,1,38,38,dev,positive
what the advantage of purchasing a hero motocorp 2 wheeler vehicle through flipkart?,How can I get the 3D Secure password for my Credit/Debit Card?,0,38,361,dev,random
what the advantage of purchasing a hero motocorp 2 wheeler vehicle through flipkart?,What is the advantage of buying a BGauss 2-wheeler vehicle through Flipkart?,0,38,70,dev,hard
what subsidies are being provide by ampere how to claim?,What subsidies are being offered by Ampere and how to claim them?,1,39,39,train,positive
what subsidies are being provide by ampere how to claim?,"My shipment is damaged at the self pickup store, what do I do?",0,39,97,train,random
what subsidies are being provide by ampere how to claim?,What is the warranty being offered by Ampere?,0,39,250,train,hard
what subsidies being provide by ampere and how to claim them?,What subsidies are being offered by Ampere and how to claim them?,1,39,39,train,positive
what subsidies being provide by ampere and how to claim them?,Can I reject the Flipkart Quick order at the time of delivery?,0,39,161,train,random
what subsidies being provide by ampere and how to claim them?,What is the warranty being offered by Ampere?,0,39,250,train,hard
"Hi, what subsidies are being provide by ampere and to claim them?",What subsidies are being offered by Ampere and how to claim them?,1,39,39,dev,positive
"Hi, what subsidies are being provide by ampere and to claim them?",What should I do if I find the package open or tampered on delivery?,0,39,80,dev,random
"Hi, what subsidies are being provide by ampere and to claim them?",What is the warranty being offered by Ampere?,0,39,250,dev,hard
can i rejoin my ather 2 wheeler in suit i obtain a hurt vehicle? Any idea?,Can I return my Ather 2-wheeler in case I receive a damaged vehicle?,1,40,40,train,positive
can i rejoin my ather 2 wheeler in suit i obtain a hurt vehicle? Any idea?,Are faster delivery options like Same Day & In-a-Day available on return requests?,0,40,128,train,random
can i rejoin my ather 2 wheeler in suit i obtain a hurt vehicle? Any idea?,What is the advantage of buying an Ather 2-wheeler vehicle through Flipkart?,0,40,78,train,hard
Help needed: can i rejoin my ather 2 wheeler in suit i welcome a broken vehicle?,Can I return my Ather 2-wheeler in case I receive a damaged vehicle?,1,40,40,train,positive
Help needed: can i rejoin my ather 2 wheeler in suit i welcome a broken vehicle?,What will happen to my Axis Bank Buzz Credit Card if I apply for the Flipkart Axis Bank Credit Card?,0,40,479,train,random
Help needed: can i rejoin my ather 2 wheeler in suit i welcome a broken vehicle?,What is the advantage of buying an Ather 2-wheeler vehicle through Flipkart?,0,40,78,train,hard
can rejoin my ather 2 wheeler suit incur a weakened vehicle?,Can I return my Ather 2-wheeler in case I receive a damaged vehicle?,1,40,40,dev,positive
can rejoin my ather 2 wheeler suit incur a weakened vehicle?,How do I claim warranty services for refurbished products?,0,40,66,dev,random
can rejoin my ather 2 wheeler suit incur a weakened vehicle?,What is the advantage of buying an Ather 2-wheeler vehicle through Flipkart?,0,40,78,dev,hard
Could you tell me is a choice up depot alternative improved than have the loading send directly to me?,Is a pick-up store option better than having the shipment sent directly to me?,1,41,41,train,positive
Could you tell me is a choice up depot alternative improved than have the loading send directly to me?,How can I use my mobile number to login on the Flipkart mobile app?,0,41,1,train,random
Could you tell me is a choice up depot alternative improved than have the loading send directly to me?,Is it necessary for me to be registered with the same contact number at the third-party partner store for me to use SuperCoin Pay feature?,0,41,456,train,hard
is a choice up depot alternative improved than have the consignment send directly to me? Any idea?,Is a pick-up store option better than having the shipment sent directly to me?,1,41,41,train,positive
is a choice up depot alternative improved than have the consignment send directly to me? Any idea?,Can I redeem my 'on the way' SuperCoins to avail discounts on product?,0,41,180,train,random
is a choice up depot alternative improved than have the consignment send directly to me? Any idea?,What is a pick-up store?,0,41,288,train,hard
Help needed: is a choice up depot alternative improved than have the consignment send directly to me?,Is a pick-up store option better than having the shipment sent directly to me?,1,41,41,dev,positive
Help needed: is a choice up depot alternative improved than have the consignment send directly to me?,What charging options are available with BGauss 2-wheelers?,0,41,410,dev,random
Help needed: is a choice up depot alternative improved than have the consignment send directly to me?,What is a pick-up store?,0,41,288,dev,hard
Quick question: i did not find warranty scorecard my product can i find warranty?,I didn't get a warranty card with my product. How can I get the warranty?,1,42,42,train,positive
Quick question: i did not find warranty scorecard my product can i find warranty?,How do I make a payment using a saved card?,0,42,171,train,random
Quick question: i did not find warranty scorecard my product can i find warranty?,I don't remember the warranty details for my product. Where can I find it?,0,42,26,train,hard
Quick question: i did not find a warranty scorecard with my product how can i make the warranty?,I didn't get a warranty card with my product. How can I get the warranty?,1,42,42,train,positive
Quick question: i did not find a warranty scorecard with my product how can i make the warranty?,I did not get an OTP while paying through the 'Credit Card No Cost EMI' payment mode. What should I do?,0,42,485,train,random
Quick question: i did not find a warranty scorecard with my product how can i make the warranty?,How can I claim warranty for my product?,0,42,130,train,hard
Quick question: i did not make a warranty scorecard with my product how can i make the warranty?,I didn't get a warranty card with my product. How can I get the warranty?,1,42,42,dev,positive
Quick question: i did not make a warranty scorecard with my product how can i make the warranty?,What is Flipkart Axis Bank Credit Card?,0,42,400,dev,random
Quick question: i did not make a warranty scorecard with my product how can i make the warranty?,How can I claim warranty for my product?,0,42,130,dev,hard
can i steal more than one ather 2 wheeler through the same flipkart account?,Can I buy more than one Ather 2-wheeler through the same Flipkart account?,1,43,43,train,positive
can i steal more than one ather 2 wheeler through the same flipkart account?,Can I change the address for the pick-up the of item(s) in my order?,0,43,64,train,random
can i steal more than one ather 2 wheeler through the same flipkart account?,Can I buy more than one BGauss 2-wheeler in my name/same Flipkart account?,0,43,27,train,hard
"Hi, can steal more than one ather 2 wheeler through the same flipkart account?",Can I buy more than one Ather 2-wheeler through the same Flipkart account?,1,43,43,train,positive
"Hi, can steal more than one ather 2 wheeler through the same flipkart account?",How can I redeem 'SuperCoins Rewards'?,0,43,438,train,random
"Hi, can steal more than one ather 2 wheeler through the same flipkart account?",Can I buy more than one BGauss 2-wheeler in my name/same Flipkart account?,0,43,27,train,hard
Could you tell me can i bargain more than one ather 2 wheeler through the same flipkart account?,Can I buy more than one Ather 2-wheeler through the same Flipkart account?,1,43,43,dev,positive
Could you tell me can i bargain more than one ather 2 wheeler through the same flipkart account?,Is my shipment safe at the pick-up store?,0,43,323,dev,random
Could you tell me can i bargain more than one ather 2 wheeler through the same flipkart account?,Can I buy more than one BGauss 2-wheeler in my name/same Flipkart account?,0,43,27,dev,hard
Quick question: how do i make invoices previous orders without have to check my e mails?,How do I get invoices for my previous orders without having to check my e-mails?,1,44,44,train,positive
Quick question: how do i make invoices previous orders without have to check my e mails?,Is the warranty of Ather 2-wheelers being offered by Flipkart?,0,44,435,train,random
Quick question: how do i make invoices previous orders without have to check my e mails?,I want to check my warranty details for the product but I don't have the warranty card. What should I do?,0,44,146,train,hard
how do i come invoices my previous orders without have to check my e mails?,How do I get invoices for my previous orders without having to check my e-mails?,1,44,44,train,positive
how do i come invoices my previous orders without have to check my e mails?,Where can I find the seller's returns policy?,0,44,335,train,random
how do i come invoices my previous orders without have to check my e mails?,I want to check my warranty details for the product but I don't have the warranty card. What should I do?,0,44,146,train,hard
how do i come invoices for my previous orders without have to check my e mails? Thanks.,How do I get invoices for my previous orders without having to check my e-mails?,1,44,44,dev,positive
how do i come invoices for my previous orders without have to check my e mails? Thanks.,Can I buy more than one BGauss 2-wheeler in my name/same Flipkart account?,0,44,27,dev,random
how do i come invoices for my previous orders without have to check my e mails? Thanks.,I want to check my warranty details for the product but I don't have the warranty card. What should I do?,0,44,146,dev,hard
how can pay for my order use the credit card no cost emi payment mode?,How can I pay for my order using the 'Credit Card No Cost EMI' payment mode?,1,45,45,train,positive
how can pay for my order use the credit card no cost emi payment mode?,I see that the warranty terms for my product have changed on Flipkart from when I bought the product. Will this affect my warranty?,0,45,154,train,random
how can pay for my order use the credit card no cost emi payment mode?,How is 'Credit Card No Cost EMI' different from 'Credit Card EMI' payment mode?,0,45,3,train,hard
how can i pay my order utilize the credit card no cost emi payment mode?,How can I pay for my order using the 'Credit Card No Cost EMI' payment mode?,1,45,45,train,positive
how can i pay my order utilize the credit card no cost emi payment mode?,What should I do if my shipment is not at the pick-up store?,0,45,145,train,random
how can i pay my order utilize the credit card no cost emi payment mode?,How is 'Credit Card No Cost EMI' different from 'Credit Card EMI' payment mode?,0,45,3,train,hard
how can i pay for my order use credit card no cost emi payment mode? Thanks.,How can I pay for my order using the 'Credit Card No Cost EMI' payment mode?,1,45,45,dev,positive
how can i pay for my order use credit card no cost emi payment mode? Thanks.,What will happen if the Bounce authorised dealer who will contact me is very far from my location?,0,45,449,dev,random
how can i pay for my order use credit card no cost emi payment mode? Thanks.,How is 'Credit Card No Cost EMI' different from 'Credit Card EMI' payment mode?,0,45,3,dev,hard
what is the process after paying the ex showroom cost for hero motocorp 2 wheeler on flipkart? Thanks.,What is the process after paying the ex-showroom price for a Hero MotoCorp 2-wheeler on Flipkart?,1,46,46,train,positive
what is the process after paying the ex showroom cost for hero motocorp 2 wheeler on flipkart? Thanks.,Why do I see different prices for the same product?,0,46,184,train,random
what is the process after paying the ex showroom cost for hero motocorp 2 wheeler on flipkart? Thanks.,What is the process after paying the ex-showroom price for a BGauss 2-wheeler on Flipkart?,0,46,14,train,hard
what is the process after paying the ex showroom cost a hero motocorp 2 wheeler on flipkart? Any idea?,What is the process after paying the ex-showroom price for a Hero MotoCorp 2-wheeler on Flipkart?,1,46,46,train,positive
what is the process after paying the ex showroom cost a hero motocorp 2 wheeler on flipkart? Any idea?,What after sales services are being provided by Ather for 2-wheelers?,0,46,341,train,random
what is the process after paying the ex showroom cost a hero motocorp 2 wheeler on flipkart? Any idea?,What is the process after paying the ex-showroom price for a BGauss 2-wheeler on Flipkart?,0,46,14,train,hard
Help needed: what the process paying the ex showroom cost for a hero motocorp 2 wheeler on flipkart?,What is the process after paying the ex-showroom price for a Hero MotoCorp 2-wheeler on Flipkart?,1,46,46,dev,positive
Help needed: what the process paying the ex showroom cost for a hero motocorp 2 wheeler on flipkart?,How can I label my saved cards?,0,46,379,dev,random
Help needed: what the process paying the ex showroom cost for a hero motocorp 2 wheeler on flipkart?,What is the process after paying the ex-showroom price for a BGauss 2-wheeler on Flipkart?,0,46,14,dev,hard
what subsidies are being provide by bgauss to claim them? Thanks.,What subsidies are being offered by BGauss and how to claim them?,1,47,47,train,positive
what subsidies are being provide by bgauss to claim them? Thanks.,How will I claim warranty for refurbished products?,0,47,74,train,random
what subsidies are being provide by bgauss to claim them? Thanks.,What is the warranty being offered by BGauss?,0,47,334,train,hard
Could you tell me what subsidies are being provide bgauss how to claim?,What subsidies are being offered by BGauss and how to claim them?,1,47,47,train,positive
Could you tell me what subsidies are being provide bgauss how to claim?,Do I need to have a driving license to ride Ampere Magnus EX?,0,47,386,train,random
Could you tell me what subsidies are being provide bgauss how to claim?,What is the warranty being offered by BGauss?,0,47,334,train,hard
"Hi, what subsidies are being provide by bgauss how claim them?",What subsidies are being offered by BGauss and how to claim them?,1,47,47,dev,positive
"Hi, what subsidies are being provide by bgauss how claim them?",Can I use an international number to sign up?,0,47,197,dev,random
"Hi, what subsidies are being provide by bgauss how claim them?",What is the warranty being offered by BGauss?,0,47,334,dev,hard
"Hi, can drop away an item i need revert at the pick depot?",Can I drop off an item I want to return at the pick-up store?,1,48,48,train,positive
"Hi, can drop away an item i need revert at the pick depot?",Can I buy all the listed rewards using prepaid mode of payment and by redeeming SuperCoins as part Cash and Coins for Rewards?,0,48,483,train,random
"Hi, can drop away an item i need revert at the pick depot?",Can I change the address for the pick-up the of item(s) in my order?,0,48,64,train,hard
Quick question: can i drop hit an item i need to revert at pick up depot?,Can I drop off an item I want to return at the pick-up store?,1,48,48,train,positive
Quick question: can i drop hit an item i need to revert at pick up depot?,What are the benefits of choosing the pick-up store option for delivery?,0,48,89,train,random
Quick question: can i drop hit an item i need to revert at pick up depot?,How long do I have to pick up my shipment from the pick-up store?,0,48,33,train,hard
can i drop away an item i need revert at the pick depot?,Can I drop off an item I want to return at the pick-up store?,1,48,48,dev,positive
can i drop away an item i need revert at the pick depot?,How can I track my Flipkart Quick order?,0,48,240,dev,random
can i drop away an item i need revert at the pick depot?,Can I change the address for the pick-up the of item(s) in my order?,0,48,64,dev,hard
how can i bring new delivery address flipkart account?,How can I add a new delivery address to my Flipkart account?,1,49,49,train,positive
how can i bring new delivery address flipkart account?,Should I register the product with the brand to avail the warranty benefits on it?,0,49,58,train,random
how can i bring new delivery address flipkart account?,How can I use a new email address to log in to my Flipkart account?,0,49,75,train,hard
Help needed: how can i contribute new delivery address to flipkart account?,How can I add a new delivery address to my Flipkart account?,1,49,49,train,positive
Help needed: how can i contribute new delivery address to flipkart account?,I see that the warranty terms for my product have changed on Flipkart from when I bought the product. Will this affect my warranty?,0,49,154,train,random
Help needed: how can i contribute new delivery address to flipkart account?,How can I use a new email address to log in to my Flipkart account?,0,49,75,train,hard
Quick question: how can i contribute a new delivery address to my flipkart account?,How can I add a new delivery address to my Flipkart account?,1,49,49,dev,positive
Quick question: how can i contribute a new delivery address to my flipkart account?,Can I transfer SuperCoins to different Flipkart account?,0,49,381,dev,random
Quick question: how can i contribute a new delivery address to my flipkart account?,How can I use a new email address to log in to my Flipkart account?,0,49,75,dev,hard
"Hi, will warranty be relevant for my product since i purchase it online?",Will warranty be applicable for my product since I bought it online?,1,50,50,train,positive
"Hi, will warranty be relevant for my product since i purchase it online?",Can I buy more than one BGauss 2-wheeler in my name/same Flipkart account?,0,50,27,train,random
"Hi, will warranty be relevant for my product since i purchase it online?",How can I claim warranty for my product?,0,50,130,train,hard
"Hi, will warranty be relevant for my product since purchase online?",Will warranty be applicable for my product since I bought it online?,1,50,50,train,positive
"Hi, will warranty be relevant for my product since purchase online?",What is a 3D Secure password?,0,50,471,train,random
"Hi, will warranty be relevant for my product since purchase online?",How can I claim warranty for my product?,0,50,130,train,hard
Help needed: will warranty be relevant for my product since i buy online?,Will warranty be applicable for my product since I bought it online?,1,50,50,dev,positive
Help needed: will warranty be relevant for my product since i buy online?,"My Flipkart Plus membership is expiring soon, how can I be a part of the program again?",0,50,123,dev,random
Help needed: will warranty be relevant for my product since i buy online?,How can I claim warranty for my product?,0,50,130,dev,hard
"Hi, how can modification the email id connected my flipkart account?",How can I change the email ID linked with my Flipkart account?,1,51,51,train,positive
"Hi, how can modification the email id connected my flipkart account?",Can I make the payment using prepaid mode of payment and Gift Card as part of the Cash and Coins for Rewards?,0,51,348,train,random
"Hi, how can modification the email id connected my flipkart account?",Can I use a corporate email ID to sign up?,0,51,139,train,hard
Could you tell me how can i switch the email id connected with my flipkart account?,How can I change the email ID linked with my Flipkart account?,1,51,51,train,positive
Could you tell me how can i switch the email id connected with my flipkart account?,What are the benefits that a Flipkart Plus member gets?,0,51,218,train,random
Could you tell me how can i switch the email id connected with my flipkart account?,Can I use a corporate email ID to sign up?,0,51,139,train,hard
"Hi, how can i alter email id connected flipkart account?",How can I change the email ID linked with my Flipkart account?,1,51,51,dev,positive
"Hi, how can i alter email id connected flipkart account?",There is no seal on the warranty card I got. How will I claim warranty?,0,51,18,dev,random
"Hi, how can i alter email id connected flipkart account?",Can I use a corporate email ID to sign up?,0,51,139,dev,hard
why do i hear different cost bible same championship? Thanks.,Why do I see different prices for books with the same title?,1,52,52,train,positive
why do i hear different cost bible same championship? Thanks.,What are the benefits that a Flipkart Plus member gets?,0,52,218,train,random
why do i hear different cost bible same championship? Thanks.,Why do I see different prices for the same product?,0,52,184,train,hard
"Hi, why i hear different cost for bible with the same championship?",Why do I see different prices for books with the same title?,1,52,52,train,positive
"Hi, why i hear different cost for bible with the same championship?",How can I place an order?,0,52,156,train,random
"Hi, why i hear different cost for bible with the same championship?",Why do I see different prices for the same product?,0,52,184,train,hard
"Hi, why do i hear different cost bible with the same championship?",Why do I see different prices for books with the same title?,1,52,52,dev,positive
"Hi, why do i hear different cost bible with the same championship?",Can I transfer ownership of my Flipkart Axis Bank Credit Card?,0,52,430,dev,random
"Hi, why do i hear different cost bible with the same championship?",Why do I see different prices for the same product?,0,52,184,dev,hard
Could you tell me what is the credit restrict on the bajaj finserv card for shopping on flipkart?,What is the credit limit on the Bajaj Finserv card for shopping on Flipkart?,1,53,53,train,positive
Could you tell me what is the credit restrict on the bajaj finserv card for shopping on flipkart?,What is the advantage of buying a BGauss 2-wheeler vehicle through Flipkart?,0,53,70,train,random
Could you tell me what is the credit restrict on the bajaj finserv card for shopping on flipkart?,What is the credit limit on the 'Credit Card No Cost EMI' card for shopping on Flipkart?,0,53,370,train,hard
Help needed: what the credit restrict on bajaj finserv card for shopping on flipkart?,What is the credit limit on the Bajaj Finserv card for shopping on Flipkart?,1,53,53,train,positive
Help needed: what the credit restrict on bajaj finserv card for shopping on flipkart?,I want to know the CVV number on the card?,0,53,254,train,random
Help needed: what the credit restrict on bajaj finserv card for shopping on flipkart?,What is the credit limit on the 'Credit Card No Cost EMI' card for shopping on Flipkart?,0,53,370,train,hard
"Hi, what the credit restrict on the bajaj finserv card for shopping on flipkart?",What is the credit limit on the Bajaj Finserv card for shopping on Flipkart?,1,53,53,dev,positive
"Hi, what the credit restrict on the bajaj finserv card for shopping on flipkart?",How does the 3D Secure password add security to my online transactions?,0,53,319,dev,random
"Hi, what the credit restrict on the bajaj finserv card for shopping on flipkart?",What is the credit limit on the 'Credit Card No Cost EMI' card for shopping on Flipkart?,0,53,370,dev,hard
"Hi, what sales services are being furnish by flipkart ather 2 wheelers?",What after sales services are being provided by Flipkart for Ather 2-wheelers?,1,54,54,train,positive
"Hi, what sales services are being furnish by flipkart ather 2 wheelers?",How can I buy using a Gift card?,0,54,350,train,random
"Hi, what sales services are being furnish by flipkart ather 2 wheelers?",What after-sales services are being provided by Flipkart for Hero MotoCorp 2-wheelers?,0,54,200,train,hard
what after sales services are being furnish by flipkart ather 2 wheelers? Thanks.,What after sales services are being provided by Flipkart for Ather 2-wheelers?,1,54,54,train,positive
what after sales services are being furnish by flipkart ather 2 wheelers? Thanks.,What is the purpose of the scratch card in SuperCoin Pay?,0,54,201,train,random
what after sales services are being furnish by flipkart ather 2 wheelers? Thanks.,What after-sales services are being provided by Flipkart for Hero MotoCorp 2-wheelers?,0,54,200,train,hard
Help needed: what after sales services are being furnish by flipkart ather 2 wheelers?,What after sales services are being provided by Flipkart for Ather 2-wheelers?,1,54,54,dev,positive
Help needed: what after sales services are being furnish by flipkart ather 2 wheelers?,Why can't I see Bajaj Finserv as a payment mode for some items?,0,54,101,dev,random
Help needed: what after sales services are being furnish by flipkart ather 2 wheelers?,What after-sales services are being provided by Flipkart for Hero MotoCorp 2-wheelers?,0,54,200,dev,hard
Help needed: what subsidies are being provide by bounce and how to claim them?,What subsidies are being offered by Bounce and how to claim them?,1,55,55,train,positive
Help needed: what subsidies are being provide by bounce and how to claim them?,How is the Return Fee determined?,0,55,317,train,random
Help needed: what subsidies are being provide by bounce and how to claim them?,What is the warranty being offered by Bounce?,0,55,338,train,hard
"Hi, what subsidies are being provide bounce and how to claim?",What subsidies are being offered by Bounce and how to claim them?,1,55,55,train,positive
"Hi, what subsidies are being provide bounce and how to claim?","The address while ordering Bounce vehicle on Flipkart is different from the one on my address proof (Aadhar Card), what should I do now?",0,55,259,train,random
"Hi, what subsidies are being provide bounce and how to claim?",What is the warranty being offered by Bounce?,0,55,338,train,hard
Help needed: what subsidies being provide by bounce and how to claim?,What subsidies are being offered by Bounce and how to claim them?,1,55,55,dev,positive
Help needed: what subsidies being provide by bounce and how to claim?,"The address while ordering Ampere 2-wheeler on Flipkart is different from the one on my address proof (Aadhar Card), what should I do now?",0,55,247,dev,random
Help needed: what subsidies being provide by bounce and how to claim?,What is the warranty being offered by Bounce?,0,55,338,dev,hard
can i invalidate an order put utilize the credit card no cost emi payment alternative? Thanks.,Can I cancel an order placed using the 'Credit Card No Cost EMI' payment option?,1,56,56,train,positive
can i invalidate an order put utilize the credit card no cost emi payment alternative? Thanks.,Do I need to make a down payment to buy an item using the Bajaj Finserv EMI payment mode?,0,56,436,train,random
can i invalidate an order put utilize the credit card no cost emi payment alternative? Thanks.,How can I pay for my order using the 'Credit Card No Cost EMI' payment mode?,0,56,45,train,hard
can i invalidate an order put utilize credit card no cost emi payment alternative? Any idea?,Can I cancel an order placed using the 'Credit Card No Cost EMI' payment option?,1,56,56,train,positive
can i invalidate an order put utilize credit card no cost emi payment alternative? Any idea?,Can I return a product and ask for a refund if I have purchased it by redeeming my SuperCoins to avail discount through SuperCoin Pay feature?,0,56,331,train,random
can i invalidate an order put utilize credit card no cost emi payment alternative? Any idea?,How can I pay for my order using the 'Credit Card No Cost EMI' payment mode?,0,56,45,train,hard
can i invalidate an order put use the credit card no cost emi payment alternative?,Can I cancel an order placed using the 'Credit Card No Cost EMI' payment option?,1,56,56,dev,positive
can i invalidate an order put use the credit card no cost emi payment alternative?,Do I have to return the freebie when I return a product?,0,56,230,dev,random
can i invalidate an order put use the credit card no cost emi payment alternative?,How can I pay for my order using the 'Credit Card No Cost EMI' payment mode?,0,56,45,dev,hard
Quick question: i lost delivery of my order now what i do?,I missed the delivery of my order today. What should I do?,1,57,57,train,positive
Quick question: i lost delivery of my order now what i do?,How many cards can I save on Flipkart?,0,57,475,train,random
Quick question: i lost delivery of my order now what i do?,The delivery of my order is delayed. What should I do?,0,57,121,train,hard
Quick question: i lost the delivery of order now what should i do?,I missed the delivery of my order today. What should I do?,1,57,57,train,positive
Quick question: i lost the delivery of order now what should i do?,Can I buy rewards using only prepaid mode of payment and redemption of SuperCoins as part of Cash and Coins for Rewards program?,0,57,460,train,random
Quick question: i lost the delivery of order now what should i do?,The delivery of my order is delayed. What should I do?,0,57,121,train,hard
Quick question: i lost delivery of my order now what should i?,I missed the delivery of my order today. What should I do?,1,57,57,dev,positive
Quick question: i lost delivery of my order now what should i?,What are the benefits that a Flipkart Plus member gets?,0,57,218,dev,random
Quick question: i lost delivery of my order now what should i?,The delivery of my order is delayed. What should I do?,0,57,121,dev,hard
should i register the product with the marque to avail the warranty benefits on it? Thanks.,Should I register the product with the brand to avail the warranty benefits on it?,1,58,58,train,positive
should i register the product with the marque to avail the warranty benefits on it? Thanks.,What should I do if I don't get the OTP or verification code?,0,58,107,train,random
should i register the product with the marque to avail the warranty benefits on it? Thanks.,Is it necessary to register with PhonePe to use it on Flipkart?,0,58,192,train,hard
Help needed: should register the product with the marque avail the warranty benefits on it?,Should I register the product with the brand to avail the warranty benefits on it?,1,58,58,train,positive
Help needed: should register the product with the marque avail the warranty benefits on it?,How can I order for large quantities of the product as part of a corporate order?,0,58,397,train,random
Help needed: should register the product with the marque avail the warranty benefits on it?,Is it necessary to register with PhonePe to use it on Flipkart?,0,58,192,train,hard
should register product with the marque to avail the warranty benefits on it? Thanks.,Should I register the product with the brand to avail the warranty benefits on it?,1,58,58,dev,positive
should register product with the marque to avail the warranty benefits on it? Thanks.,I see the 'Cancel' button but I can't click on it. Why?,0,58,160,dev,random
should register product with the marque to avail the warranty benefits on it? Thanks.,Is it necessary to register with PhonePe to use it on Flipkart?,0,58,192,dev,hard
will i bring early admittance to sale as i m a flipkart plus client? Any idea?,Will I get early access to sale as I'm a Flipkart Plus customer?,1,59,59,train,positive
will i bring early admittance to sale as i m a flipkart plus client? Any idea?,Is PhonePe wallet available on Flipkart's Windows and iOS apps too?,0,59,421,train,random
will i bring early admittance to sale as i m a flipkart plus client? Any idea?,Is Flipkart Advantage the same as 'Plus'?,0,59,176,train,hard
Help needed: will come early admittance to sale i m a flipkart plus client?,Will I get early access to sale as I'm a Flipkart Plus customer?,1,59,59,train,positive
Help needed: will come early admittance to sale i m a flipkart plus client?,How do I find the offers in SuperCoin Zone?,0,59,432,train,random
Help needed: will come early admittance to sale i m a flipkart plus client?,Do I need to be a Flipkart Plus member to avail the 'SuperCoins Price'?,0,59,187,train,hard
will i make early admittance to sale as i m flipkart plus client? Thanks.,Will I get early access to sale as I'm a Flipkart Plus customer?,1,59,59,dev,positive
will i make early admittance to sale as i m flipkart plus client? Thanks.,Can I club my orders from different sellers to be delivered together?,0,59,12,dev,random
will i make early admittance to sale as i m flipkart plus client? Thanks.,Is Flipkart Advantage the same as 'Plus'?,0,59,176,dev,hard
"Hi, my bundle indicate as delivered but i ca not see what should i do?","My package shows as delivered but I can't find it, what should I do?",1,60,60,train,positive
"Hi, my bundle indicate as delivered but i ca not see what should i do?",What does 'Permanently Discontinued' or 'Out of Print' mean?,0,60,116,train,random
"Hi, my bundle indicate as delivered but i ca not see what should i do?",I see the 'Cancel' button but I can't click on it. Why?,0,60,160,train,hard
Quick question: my bundle indicate delivered but ca not see it what i?,"My package shows as delivered but I can't find it, what should I do?",1,60,60,train,positive
Quick question: my bundle indicate delivered but ca not see it what i?,Can I buy more than one Bounce vehicle in my name/same Flipkart account?,0,60,35,train,random
Quick question: my bundle indicate delivered but ca not see it what i?,I see the 'Cancel' button but I can't click on it. Why?,0,60,160,train,hard
my bundle indicate as delivered but i ca not determine it what i?,"My package shows as delivered but I can't find it, what should I do?",1,60,60,dev,positive
my bundle indicate as delivered but i ca not determine it what i?,"The address while ordering Ather 2-wheeler on Flipkart is different from the one on my address proof (Aadhaar Card), what should I do now?",0,60,265,dev,random
my bundle indicate as delivered but i ca not determine it what i?,I see the 'Cancel' button but I can't click on it. Why?,0,60,160,dev,hard
how can i implement for flipkart axis bank credit card i eligible for the card?,How can I apply for Flipkart Axis Bank Credit Card? Am I eligible for the card?,1,61,61,train,positive
how can i implement for flipkart axis bank credit card i eligible for the card?,Can I cancel my EMI after I've placed the order using the Bajaj Finserv payment option?,0,61,104,train,random
how can i implement for flipkart axis bank credit card i eligible for the card?,"I have an Axis Bank Buzz Credit Card, can I still apply for the Flipkart Axis Bank Credit Card?",0,61,241,train,hard
Could you tell me how can i implement for flipkart axis bank credit card am i eligible for the card?,How can I apply for Flipkart Axis Bank Credit Card? Am I eligible for the card?,1,61,61,train,positive
Could you tell me how can i implement for flipkart axis bank credit card am i eligible for the card?,Is the price for Ampere Magnus EX inclusive of subsidy?,0,61,242,train,random
Could you tell me how can i implement for flipkart axis bank credit card am i eligible for the card?,"I have an Axis Bank Buzz Credit Card, can I still apply for the Flipkart Axis Bank Credit Card?",0,61,241,train,hard
Quick question: how can i implement flipkart axis bank credit card am i eligible for the card?,How can I apply for Flipkart Axis Bank Credit Card? Am I eligible for the card?,1,61,61,dev,positive
Quick question: how can i implement flipkart axis bank credit card am i eligible for the card?,Do I get a spare tyre with Ampere Magnus EX?,0,61,496,dev,random
Quick question: how can i implement flipkart axis bank credit card am i eligible for the card?,What is Flipkart Axis Bank Credit Card?,0,61,400,dev,hard
Could you tell me what charging alternative are useable with ather 2 wheelers is a distinct cost relate with?,What charging options are available with Ather 2-wheelers. Is there a separate cost associated with it?,1,62,62,train,positive
Could you tell me what charging alternative are useable with ather 2 wheelers is a distinct cost relate with?,Are there certain things on Flipkart which I cannot buy through Gift Cards?,0,62,143,train,random
Could you tell me what charging alternative are useable with ather 2 wheelers is a distinct cost relate with?,What charging options are available with BGauss 2-wheelers?,0,62,410,train,hard
Quick question: what charging alternative useable with ather 2 wheelers a split cost relate with it?,What charging options are available with Ather 2-wheelers. Is there a separate cost associated with it?,1,62,62,train,positive
Quick question: what charging alternative useable with ather 2 wheelers a split cost relate with it?,How is 'SuperCoins Price' calculated?,0,62,426,train,random
Quick question: what charging alternative useable with ather 2 wheelers a split cost relate with it?,What charging options are available with BGauss 2-wheelers?,0,62,410,train,hard
Quick question: what charging alternative accessible with ather 2 wheelers is unconnected cost relate with it?,What charging options are available with Ather 2-wheelers. Is there a separate cost associated with it?,1,62,62,dev,positive
Quick question: what charging alternative accessible with ather 2 wheelers is unconnected cost relate with it?,Do I get a spare tyre with a Hero MotoCorp 2-wheeler?,0,62,468,dev,random
Quick question: what charging alternative accessible with ather 2 wheelers is unconnected cost relate with it?,What charging options are available with BGauss 2-wheelers?,0,62,410,dev,hard
"Hi, on what products i make the alternative of supercoins price?",On what products will I get the option of 'SuperCoins Price'?,1,63,63,train,positive
"Hi, on what products i make the alternative of supercoins price?",How will my order be delivered?,0,63,219,train,random
"Hi, on what products i make the alternative of supercoins price?",What is 'SuperCoins Price'?,0,63,417,train,hard
Could you tell me on what products will i bring alternative supercoins price?,On what products will I get the option of 'SuperCoins Price'?,1,63,63,train,positive
Could you tell me on what products will i bring alternative supercoins price?,Do I need to make a down payment to buy an item using the 'Credit Card No Cost EMI' payment mode?,0,63,463,train,random
Could you tell me on what products will i bring alternative supercoins price?,What is 'SuperCoins Price'?,0,63,417,train,hard
on what products i make the alternative of supercoins price?,On what products will I get the option of 'SuperCoins Price'?,1,63,63,dev,positive
on what products i make the alternative of supercoins price?,What subsidies are being offered by Ather and how to claim them?,0,63,23,dev,random
on what products i make the alternative of supercoins price?,What is 'SuperCoins Price'?,0,63,417,dev,hard
Could you tell me can i alter address the selection up of item s in my edict?,Can I change the address for the pick-up the of item(s) in my order?,1,64,64,train,positive
Could you tell me can i alter address the selection up of item s in my edict?,How can I check the details of 'SuperCoins Rewards' I have used already?,0,64,229,train,random
Could you tell me can i alter address the selection up of item s in my edict?,How can I use a new email address to log in to my Flipkart account?,0,64,75,train,hard
Quick question: can i alteration the address for choice up the of item s my edict?,Can I change the address for the pick-up the of item(s) in my order?,1,64,64,train,positive
Quick question: can i alteration the address for choice up the of item s my edict?,How much electricity is required to charge the battery of Ampere Magnus EX?,0,64,419,train,random
Quick question: can i alteration the address for choice up the of item s my edict?,Can I change the delivery address after I have placed a Flipkart Quick order?,0,64,217,train,hard
can i modification address for choice up the item s in edict? Any idea?,Can I change the address for the pick-up the of item(s) in my order?,1,64,64,dev,positive
can i modification address for choice up the item s in edict? Any idea?,How can I return or exchange an item?,0,64,223,dev,random
can i modification address for choice up the item s in edict? Any idea?,Can I get the refund for the item to any other mode if I have paid using the Bajaj Finserv payment option?,0,64,311,dev,hard
Could you tell me can person else collect an order on my behalf pluck depot?,Can someone else collect an order on my behalf from a pick-up store?,1,65,65,train,positive
Could you tell me can person else collect an order on my behalf pluck depot?,How is the Return Fee determined?,0,65,317,train,random
Could you tell me can person else collect an order on my behalf pluck depot?,How can I collect my shipment from the pick-up store?,0,65,264,train,hard
can person else collect an order on my behalf from pluck depot?,Can someone else collect an order on my behalf from a pick-up store?,1,65,65,train,positive
can person else collect an order on my behalf from pluck depot?,Can I use the Cash on Delivery payment option for every product I buy on Flipkart?,0,65,9,train,random
can person else collect an order on my behalf from pluck depot?,How can I collect my shipment from the pick-up store?,0,65,264,train,hard
"Hi, can person else collect an order on behalf from a pluck up depot?",Can someone else collect an order on my behalf from a pick-up store?,1,65,65,dev,positive
"Hi, can person else collect an order on behalf from a pluck up depot?",What are the documents required for the entire process of buying an Ather 2-wheeler on Flipkart?,0,65,285,dev,random
"Hi, can person else collect an order on behalf from a pluck up depot?",How can I collect my shipment from the pick-up store?,0,65,264,dev,hard
Quick question: how do i claim warranty services for refurbished products?,How do I claim warranty services for refurbished products?,1,66,66,train,positive
Quick question: how do i claim warranty services for refurbished products?,"Some of my SuperCoins are expiring, how can I redeem them?",0,66,71,train,random
Quick question: how do i claim warranty services for refurbished products?,How will I claim warranty for refurbished products?,0,66,74,train,hard
Could you tell me how do i claim warranty services for refurbished products?,How do I claim warranty services for refurbished products?,1,66,66,train,positive
Could you tell me how do i claim warranty services for refurbished products?,How can I know the status of my refund?,0,66,144,train,random
Could you tell me how do i claim warranty services for refurbished products?,How will I claim warranty for refurbished products?,0,66,74,train,hard
Help needed: how claim warranty services refurbished products?,How do I claim warranty services for refurbished products?,1,66,66,dev,positive
Help needed: how claim warranty services refurbished products?,How quickly does the battery for Ampere Magnus EX charge again?,0,66,476,dev,random
Help needed: how claim warranty services refurbished products?,How will I claim warranty for refurbished products?,0,66,74,dev,hard
"Hi, what are the benefits of purchase an item with a plus badge?",What are the benefits of buying an item with a Plus badge?,1,67,67,train,positive
"Hi, what are the benefits of purchase an item with a plus badge?",On what products will I get the option of 'SuperCoins Price'?,0,67,63,train,random
"Hi, what are the benefits of purchase an item with a plus badge?",Why do I see a shipping charge for an item with the Plus badge?,0,67,25,train,hard
Quick question: what are benefits purchase an item with a plus badge?,What are the benefits of buying an item with a Plus badge?,1,67,67,train,positive
Quick question: what are benefits purchase an item with a plus badge?,How can I track my Flipkart Quick order?,0,67,240,train,random
Quick question: what are benefits purchase an item with a plus badge?,Why do I see a shipping charge for an item with the Plus badge?,0,67,25,train,hard
what are benefits of purchase an item with a plus badge? Thanks.,What are the benefits of buying an item with a Plus badge?,1,67,67,dev,positive
what are benefits of purchase an item with a plus badge? Thanks.,Do I have to manually unlock a scratch card as part of SuperCoin Pay?,0,67,127,dev,random
what are benefits of purchase an item with a plus badge? Thanks.,Why do I see a shipping charge for an item with the Plus badge?,0,67,25,dev,hard
can i order a product is out of stock or temporarily unavailable? Any idea?,Can I order a product that is 'Out of Stock' or 'Temporarily Unavailable'?,1,68,68,train,positive
can i order a product is out of stock or temporarily unavailable? Any idea?,How can I pay for my order using the 'Credit Card No Cost EMI' payment mode?,0,68,45,train,random
can i order a product is out of stock or temporarily unavailable? Any idea?,What does 'Out of Stock' mean?,0,68,177,train,hard
"Hi, can order product that is out of stock or temporarily unavailable?",Can I order a product that is 'Out of Stock' or 'Temporarily Unavailable'?,1,68,68,train,positive
"Hi, can order product that is out of stock or temporarily unavailable?","I have an Axis Bank Buzz Credit Card, can I still apply for the Flipkart Axis Bank Credit Card?",0,68,241,train,random
"Hi, can order product that is out of stock or temporarily unavailable?",What does 'Out of Stock' mean?,0,68,177,train,hard
Could you tell me can i order a product out stock temporarily unavailable?,Can I order a product that is 'Out of Stock' or 'Temporarily Unavailable'?,1,68,68,dev,positive
Could you tell me can i order a product out stock temporarily unavailable?,I see that the warranty terms for my product have changed on Flipkart from when I bought the product. Will this affect my warranty?,0,68,154,dev,random
Could you tell me can i order a product out stock temporarily unavailable?,What does 'Out of Stock' mean?,0,68,177,dev,hard
Could you tell me what can do the balance in my pocketbook is not sufficient to wage order?,What can I do if the balance in my wallet is not enough to pay for my order?,1,69,69,train,positive
Could you tell me what can do the balance in my pocketbook is not sufficient to wage order?,How can I track my order for the BGauss 2-wheeler after completing my payment on Flipkart?,0,69,141,train,random
Could you tell me what can do the balance in my pocketbook is not sufficient to wage order?,What happens to the unused balance in my Gift Card after it expires?,0,69,357,train,hard
what can i do if the balance in my pocketbook not decent give for my order? Thanks.,What can I do if the balance in my wallet is not enough to pay for my order?,1,69,69,train,positive
what can i do if the balance in my pocketbook not decent give for my order? Thanks.,Will I get the available bank offers on Flipkart platform if I choose to redeem SuperCoins through SuperCoin Pay?,0,69,166,train,random
what can i do if the balance in my pocketbook not decent give for my order? Thanks.,What should I do if I don't get the invoice for my order?,0,69,2,train,hard
what can do if the balance in my pocketbook not decent to salary for order?,What can I do if the balance in my wallet is not enough to pay for my order?,1,69,69,dev,positive
what can do if the balance in my pocketbook not decent to salary for order?,Can I use any Debit Card to pay for my order?,0,69,382,dev,random
what can do if the balance in my pocketbook not decent to salary for order?,What should I do if I don't get the invoice for my order?,0,69,2,dev,hard
what advantage of purchase a bgauss 2 wheeler vehicle through flipkart? Any idea?,What is the advantage of buying a BGauss 2-wheeler vehicle through Flipkart?,1,70,70,train,positive
what advantage of purchase a bgauss 2 wheeler vehicle through flipkart? Any idea?,How can I become a seller and start selling products on Flipkart?,0,70,461,train,random
what advantage of purchase a bgauss 2 wheeler vehicle through flipkart? Any idea?,What is the advantage of buying an Ather 2-wheeler vehicle through Flipkart?,0,70,78,train,hard
what is advantage purchasing bgauss 2 wheeler vehicle through flipkart? Any idea?,What is the advantage of buying a BGauss 2-wheeler vehicle through Flipkart?,1,70,70,train,positive
what is advantage purchasing bgauss 2 wheeler vehicle through flipkart? Any idea?,How can I understand the grade of a refurbished product?,0,70,337,train,random
what is advantage purchasing bgauss 2 wheeler vehicle through flipkart? Any idea?,What is the advantage of buying an Ather 2-wheeler vehicle through Flipkart?,0,70,78,train,hard
what the advantage purchase a bgauss 2 wheeler vehicle through flipkart? Any idea?,What is the advantage of buying a BGauss 2-wheeler vehicle through Flipkart?,1,70,70,dev,positive
what the advantage purchase a bgauss 2 wheeler vehicle through flipkart? Any idea?,Why is the option to buy a BGauss 2-wheeler not available at my pincode?,0,70,221,dev,random
what the advantage purchase a bgauss 2 wheeler vehicle through flipkart? Any idea?,What is the advantage of buying an Ather 2-wheeler vehicle through Flipkart?,0,70,78,dev,hard
Help needed: some of my supercoins expiring how can i redeem them?,"Some of my SuperCoins are expiring, how can I redeem them?",1,71,71,train,positive
Help needed: some of my supercoins expiring how can i redeem them?,How do I know if a third-party partner store accepts SuperCoin Pay if there is no QR code scanner available?,0,71,286,train,random
Help needed: some of my supercoins expiring how can i redeem them?,I have earned some SuperCoins from last transactions. How can I redeem them?,0,71,354,train,hard
"Hi, some of my supercoins are expiring can i redeem them?","Some of my SuperCoins are expiring, how can I redeem them?",1,71,71,train,positive
"Hi, some of my supercoins are expiring can i redeem them?",What happens if I'm not able to pick up my shipment within 5 days from the pickup store for some reason?,0,71,276,train,random
"Hi, some of my supercoins are expiring can i redeem them?",I have earned some SuperCoins from last transactions. How can I redeem them?,0,71,354,train,hard
Could you tell me some of my supercoins are expiring how i redeem them?,"Some of my SuperCoins are expiring, how can I redeem them?",1,71,71,dev,positive
Could you tell me some of my supercoins are expiring how i redeem them?,What is the process after paying the ex-showroom price for a BGauss 2-wheeler on Flipkart?,0,71,14,dev,random
Could you tell me some of my supercoins are expiring how i redeem them?,I have earned some SuperCoins from last transactions. How can I redeem them?,0,71,354,dev,hard
how protracted will it get repay from flipkart my phonepe pocketbook? Any idea?,How long will it take for a refund from Flipkart to my PhonePe wallet?,1,72,72,train,positive
how protracted will it get repay from flipkart my phonepe pocketbook? Any idea?,Are there any other upcoming third-party offers that can be redeemed through Flipkart Plus program?,0,72,87,train,random
how protracted will it get repay from flipkart my phonepe pocketbook? Any idea?,My PhonePe Wallet is not activated. How do I get a refund credited to it?,0,72,136,train,hard
how lengthy it get a repay from flipkart my phonepe pocketbook? Any idea?,How long will it take for a refund from Flipkart to my PhonePe wallet?,1,72,72,train,positive
how lengthy it get a repay from flipkart my phonepe pocketbook? Any idea?,What are the documents required for the entire process of buying a Bounce 2-wheeler on Flipkart?,0,72,291,train,random
how lengthy it get a repay from flipkart my phonepe pocketbook? Any idea?,My PhonePe Wallet is not activated. How do I get a refund credited to it?,0,72,136,train,hard
how protracted it bring for repay from flipkart phonepe pocketbook? Thanks.,How long will it take for a refund from Flipkart to my PhonePe wallet?,1,72,72,dev,positive
how protracted it bring for repay from flipkart phonepe pocketbook? Thanks.,What is Cash on Delivery?,0,72,294,dev,random
how protracted it bring for repay from flipkart phonepe pocketbook? Thanks.,Is it necessary to register with PhonePe to use it on Flipkart?,0,72,192,dev,hard
Help needed: how to fuck if my region has ego selection up service?,How to know if my area has self pick-up service?,1,73,73,train,positive
Help needed: how to fuck if my region has ego selection up service?,How long will it take for a refund from Flipkart to my PhonePe wallet?,0,73,72,train,random
Help needed: how to fuck if my region has ego selection up service?,How will I know that my shipment has reached the pick-up store?,0,73,81,train,hard
how to fuck if region has ego pluck service? Any idea?,How to know if my area has self pick-up service?,1,73,73,train,positive
how to fuck if region has ego pluck service? Any idea?,Is 'Credit Card No Cost EMI' payment mode available on Flipkart's website and mobile app?,0,73,278,train,random
how to fuck if region has ego pluck service? Any idea?,What should I do if a service centre denied my request to repair the product?,0,73,132,train,hard
Help needed: how love if my region ego selection up service?,How to know if my area has self pick-up service?,1,73,73,dev,positive
Help needed: how love if my region ego selection up service?,I typed an incorrect card number by mistake when adding my card. How do I correct it?,0,73,213,dev,random
Help needed: how love if my region ego selection up service?,How do I pay for my Cash-on-Delivery order if I choose to pick up the product from the pick-up store?,0,73,318,dev,hard
"Hi, how will i claim warranty for refurbished products?",How will I claim warranty for refurbished products?,1,74,74,train,positive
"Hi, how will i claim warranty for refurbished products?",Can I buy Flipkart Plus membership?,0,74,239,train,random
"Hi, how will i claim warranty for refurbished products?",How do I claim warranty services for refurbished products?,0,74,66,train,hard
Help needed: how claim warranty for refurbished products?,How will I claim warranty for refurbished products?,1,74,74,train,positive
Help needed: how claim warranty for refurbished products?,Is there a minimum purchase amount for Flipkart Quick orders?,0,74,205,train,random
Help needed: how claim warranty for refurbished products?,How do I claim warranty services for refurbished products?,0,74,66,train,hard
Help needed: how will claim warranty for refurbished products?,How will I claim warranty for refurbished products?,1,74,74,dev,positive
Help needed: how will claim warranty for refurbished products?,How can I use a Gift Card?,0,74,326,dev,random
Help needed: how will claim warranty for refurbished products?,How do I claim warranty services for refurbished products?,0,74,66,dev,hard
Could you tell me how can i apply new email address log in to flipkart account?,How can I use a new email address to log in to my Flipkart account?,1,75,75,train,positive
Could you tell me how can i apply new email address log in to flipkart account?,What is the 'Save Card' feature?,0,75,467,train,random
Could you tell me how can i apply new email address log in to flipkart account?,How can I add a new delivery address to my Flipkart account?,0,75,49,train,hard
Help needed: how can utilization a new email address to log in to my flipkart account?,How can I use a new email address to log in to my Flipkart account?,1,75,75,train,positive
Help needed: how can utilization a new email address to log in to my flipkart account?,What is the advantage of buying a Bounce 2-wheeler on Flipkart?,0,75,134,train,random
Help needed: how can utilization a new email address to log in to my flipkart account?,How can I add a new delivery address to my Flipkart account?,0,75,49,train,hard
Help needed: how i utilization a new email address to log in to my flipkart account?,How can I use a new email address to log in to my Flipkart account?,1,75,75,dev,positive
Help needed: how i utilization a new email address to log in to my flipkart account?,What is the process after paying the ex-showroom price for a BGauss 2-wheeler on Flipkart?,0,75,14,dev,random
Help needed: how i utilization a new email address to log in to my flipkart account?,How can I add a new delivery address to my Flipkart account?,0,75,49,dev,hard
Help needed: how do acknowledge my edict has been official?,How do I know my order has been confirmed?,1,76,76,train,positive
Help needed: how do acknowledge my edict has been official?,Is the price for a Bounce 2-wheeler inclusive of subsidy?,0,76,255,train,random
Help needed: how do acknowledge my edict has been official?,What should I do if my order is approved but hasn't been shipped yet?,0,76,28,train,hard
"Hi, how do i acknowledge decree has official?",How do I know my order has been confirmed?,1,76,76,train,positive
"Hi, how do i acknowledge decree has official?",Is it necessary for me to be registered with the same contact number at the third-party partner store for me to use SuperCoin Pay feature?,0,76,456,train,random
"Hi, how do i acknowledge decree has official?",How can I know if the store I am at has the option of using SuperCoin Pay feature?,0,76,274,train,hard
"Hi, how do recognize my edict has been official?",How do I know my order has been confirmed?,1,76,76,dev,positive
"Hi, how do recognize my edict has been official?","While transacting on Flipkart platform, as part of SuperCoin Pay, can I redeem SuperCoins along with a prepaid payment mode provided by any bank?",0,76,487,dev,random
"Hi, how do recognize my edict has been official?",What should I do if my order is approved but hasn't been shipped yet?,0,76,28,dev,hard
how i track order for bounce 2 wheeler after finish payment on flipkart? Any idea?,How can I track my order for the Bounce 2-wheeler after completing my payment on Flipkart?,1,77,77,train,positive
how i track order for bounce 2 wheeler after finish payment on flipkart? Any idea?,How much electricity is required to charge the battery of an Ather vehicle?,0,77,158,train,random
how i track order for bounce 2 wheeler after finish payment on flipkart? Any idea?,How can I track my order for the Hero MotoCorp 2-wheeler after completing my payment on Flipkart?,0,77,178,train,hard
Help needed: how i track my order for the bounce 2 wheeler after finish payment on flipkart?,How can I track my order for the Bounce 2-wheeler after completing my payment on Flipkart?,1,77,77,train,positive
Help needed: how i track my order for the bounce 2 wheeler after finish payment on flipkart?,What is SuperCoin Pay feature?,0,77,447,train,random
Help needed: how i track my order for the bounce 2 wheeler after finish payment on flipkart?,How can I track my order for the Hero MotoCorp 2-wheeler after completing my payment on Flipkart?,0,77,178,train,hard
Could you tell me how can i track my order for bounce 2 wheeler after finish my payment on flipkart?,How can I track my order for the Bounce 2-wheeler after completing my payment on Flipkart?,1,77,77,dev,positive
Could you tell me how can i track my order for bounce 2 wheeler after finish my payment on flipkart?,Can I buy more than one Hero MotoCorp in my name/through Flipkart account?,0,77,169,dev,random
Could you tell me how can i track my order for bounce 2 wheeler after finish my payment on flipkart?,How can I track my order for the Hero MotoCorp 2-wheeler after completing my payment on Flipkart?,0,77,178,dev,hard
Quick question: what is advantage of purchase an ather 2 wheeler vehicle through flipkart?,What is the advantage of buying an Ather 2-wheeler vehicle through Flipkart?,1,78,78,train,positive
Quick question: what is advantage of purchase an ather 2 wheeler vehicle through flipkart?,Can I buy more than one Bounce vehicle in my name/same Flipkart account?,0,78,35,train,random
Quick question: what is advantage of purchase an ather 2 wheeler vehicle through flipkart?,What is the advantage of buying a BGauss 2-wheeler vehicle through Flipkart?,0,78,70,train,hard
Could you tell me what is the advantage purchase an ather 2 wheeler vehicle through flipkart?,What is the advantage of buying an Ather 2-wheeler vehicle through Flipkart?,1,78,78,train,positive
Could you tell me what is the advantage purchase an ather 2 wheeler vehicle through flipkart?,"I've lost my Gift Card PIN, what can I do?",0,78,304,train,random
Could you tell me what is the advantage purchase an ather 2 wheeler vehicle through flipkart?,What is the advantage of buying a BGauss 2-wheeler vehicle through Flipkart?,0,78,70,train,hard
Help needed: what is the advantage of purchasing an ather 2 wheeler vehicle through flipkart?,What is the advantage of buying an Ather 2-wheeler vehicle through Flipkart?,1,78,78,dev,positive
Help needed: what is the advantage of purchasing an ather 2 wheeler vehicle through flipkart?,How can I pay with a saved Credit/Debit Card?,0,78,149,dev,random
Help needed: what is the advantage of purchasing an ather 2 wheeler vehicle through flipkart?,What is the advantage of buying a BGauss 2-wheeler vehicle through Flipkart?,0,78,70,dev,hard
which third party collaborator shop can utilize supercoin pay boast? Thanks.,Which are the third-party partner stores where I can use SuperCoin Pay feature?,1,79,79,train,positive
which third party collaborator shop can utilize supercoin pay boast? Thanks.,Why do I see different prices for the same product?,0,79,184,train,random
which third party collaborator shop can utilize supercoin pay boast? Thanks.,Can SuperCoin Pay feature be used to shop online?,0,79,408,train,hard
Quick question: which are the third party collaborator shop where i can usage supercoin pay boast?,Which are the third-party partner stores where I can use SuperCoin Pay feature?,1,79,79,train,positive
Quick question: which are the third party collaborator shop where i can usage supercoin pay boast?,Can items be returned after the time period mentioned in the seller's Returns Policy?,0,79,152,train,random
Quick question: which are the third party collaborator shop where i can usage supercoin pay boast?,What are the cities/states that have third-party partner stores to redeem the SuperCoin Pay feature?,0,79,316,train,hard
which are the third party collaborator shop i utilize supercoin pay boast? Any idea?,Which are the third-party partner stores where I can use SuperCoin Pay feature?,1,79,79,dev,positive
which are the third party collaborator shop i utilize supercoin pay boast? Any idea?,Why has the Flipkart Plus membership criteria changed from 300 to 200 SuperCoins?,0,79,119,dev,random
which are the third party collaborator shop i utilize supercoin pay boast? Any idea?,What are the cities/states that have third-party partner stores to redeem the SuperCoin Pay feature?,0,79,316,dev,hard
Quick question: what should i do if i determine the bundle wide or tampered on delivery?,What should I do if I find the package open or tampered on delivery?,1,80,80,train,positive
Quick question: what should i do if i determine the bundle wide or tampered on delivery?,"Will my product be installed by the brand or Flipkart? If it is installed by Flipkart, will it affect the warranty of the product?",0,80,138,train,random
Quick question: what should i do if i determine the bundle wide or tampered on delivery?,What should I do if I don't get the OTP or verification code?,0,80,107,train,hard
what should i if get bundle wide or tampered on delivery?,What should I do if I find the package open or tampered on delivery?,1,80,80,train,positive
what should i if get bundle wide or tampered on delivery?,From when is the warranty for my product applicable?,0,80,90,train,random
what should i if get bundle wide or tampered on delivery?,What should I do if I don't get the OTP or verification code?,0,80,107,train,hard
Quick question: what should i do get the bundle wide tampered on delivery?,What should I do if I find the package open or tampered on delivery?,1,80,80,dev,positive
Quick question: what should i do get the bundle wide tampered on delivery?,What are the benefits of buying an item with a Plus badge?,0,80,67,dev,random
Quick question: what should i do get the bundle wide tampered on delivery?,The delivery of my order is delayed. What should I do?,0,80,121,dev,hard
Quick question: how i acknowledge that freight has hit pick up depot?,How will I know that my shipment has reached the pick-up store?,1,81,81,train,positive
Quick question: how i acknowledge that freight has hit pick up depot?,What is the process after paying the ex-showroom price for a BGauss 2-wheeler on Flipkart?,0,81,14,train,random
Quick question: how i acknowledge that freight has hit pick up depot?,How long do I have to pick up my shipment from the pick-up store?,0,81,33,train,hard
Quick question: how will i acknowledge that my freight has hit the pick up depot?,How will I know that my shipment has reached the pick-up store?,1,81,81,train,positive
Quick question: how will i acknowledge that my freight has hit the pick up depot?,Can I choose a preferred time slot for the delivery of Flipkart Quick orders?,0,81,189,train,random
Quick question: how will i acknowledge that my freight has hit the pick up depot?,How long do I have to pick up my shipment from the pick-up store?,0,81,33,train,hard
Help needed: how will i recognize that my loading has hit the pick up depot?,How will I know that my shipment has reached the pick-up store?,1,81,81,dev,positive
Help needed: how will i recognize that my loading has hit the pick up depot?,Are there certain things on Flipkart which I cannot buy through Gift Cards?,0,81,143,dev,random
Help needed: how will i recognize that my loading has hit the pick up depot?,How long do I have to pick up my shipment from the pick-up store?,0,81,33,dev,hard
what date does the warranty service implement for refurbished product buy flipkart?,What date does the warranty service apply for my refurbished product purchased on Flipkart?,1,82,82,train,positive
what date does the warranty service implement for refurbished product buy flipkart?,When do SuperCoins expire?,0,82,390,train,random
what date does the warranty service implement for refurbished product buy flipkart?,What are the charges applicable for warranty claim in case of a refurbished product?,0,82,34,train,hard
Help needed: what date does warranty service utilize for my refurbished product buy on flipkart?,What date does the warranty service apply for my refurbished product purchased on Flipkart?,1,82,82,train,positive
Help needed: what date does warranty service utilize for my refurbished product buy on flipkart?,Why can't I track my order even though it has been shipped?,0,82,124,train,random
Help needed: what date does warranty service utilize for my refurbished product buy on flipkart?,What is a refurbished product and how do I identify it on Flipkart?,0,82,179,train,hard
Could you tell me what date does warranty service implement for my refurbished product buy on flipkart?,What date does the warranty service apply for my refurbished product purchased on Flipkart?,1,82,82,dev,positive
Could you tell me what date does warranty service implement for my refurbished product buy on flipkart?,What charging options are available with Ather 2-wheelers. Is there a separate cost associated with it?,0,82,62,dev,random
Could you tell me what date does warranty service implement for my refurbished product buy on flipkart?,Why is the refurbished category not visible for me on my Flipkart app?,0,82,193,dev,hard
"Hi, where can interpret more detailed terms and weather of the flipkart plus curriculum?",Where can I read more detailed terms and conditions of the Flipkart Plus program?,1,83,83,train,positive
"Hi, where can interpret more detailed terms and weather of the flipkart plus curriculum?",Can I change the delivery address after I have placed a Flipkart Quick order?,0,83,217,train,random
"Hi, where can interpret more detailed terms and weather of the flipkart plus curriculum?",Where can I check the expiry related details of my Flipkart Plus membership?,0,83,11,train,hard
Could you tell me where can i interpret more detailed terms circumstance of the flipkart plus curriculum?,Where can I read more detailed terms and conditions of the Flipkart Plus program?,1,83,83,train,positive
Could you tell me where can i interpret more detailed terms circumstance of the flipkart plus curriculum?,What is the average cost of one service for a BGauss 2-wheeler?,0,83,86,train,random
Could you tell me where can i interpret more detailed terms circumstance of the flipkart plus curriculum?,Where can I check the expiry related details of my Flipkart Plus membership?,0,83,11,train,hard
where can i interpret more detailed terms circumstance of the flipkart plus plan?,Where can I read more detailed terms and conditions of the Flipkart Plus program?,1,83,83,dev,positive
where can i interpret more detailed terms circumstance of the flipkart plus plan?,There is a mismatch in warranty terms between Flipkart and the brand's website. What will happen to the warranty on my product now?,0,83,122,dev,random
where can i interpret more detailed terms circumstance of the flipkart plus plan?,Where can I check the expiry related details of my Flipkart Plus membership?,0,83,11,dev,hard
Quick question: who are all entitled this gstin boast?,Who are all eligible for this GSTIN feature?,1,84,84,train,positive
Quick question: who are all entitled this gstin boast?,"The address while ordering BGauss 2-wheeler on Flipkart is different from the one on my address proof (Aadhaar Card), what should I do now?",0,84,253,train,random
Quick question: who are all entitled this gstin boast?,Who all can avail Cash and Coins for Rewards?,0,84,396,train,hard
Could you tell me who are entitled for this gstin boast?,Who are all eligible for this GSTIN feature?,1,84,84,train,positive
Could you tell me who are entitled for this gstin boast?,Can I buy all the listed rewards using prepaid mode of payment and by redeeming SuperCoins as part Cash and Coins for Rewards?,0,84,483,train,random
Could you tell me who are entitled for this gstin boast?,What is GSTIN Invoicing feature?,0,84,170,train,hard
who are all entitled gstin boast? Thanks.,Who are all eligible for this GSTIN feature?,1,84,84,dev,positive
who are all entitled gstin boast? Thanks.,How many cards can I save on Flipkart?,0,84,475,dev,random
who are all entitled gstin boast? Thanks.,Who all can avail Cash and Coins for Rewards?,0,84,396,dev,hard
Quick question: can i apply my preserved cards fashioning a payment on flipkart s mobile website app?,Can I use my saved cards for making a payment on Flipkart's mobile site/app?,1,85,85,train,positive
Quick question: can i apply my preserved cards fashioning a payment on flipkart s mobile website app?,Will I get the option to test drive a BGauss 2-wheeler? How many times will I be allowed to take a test drive in the same order?,0,85,289,train,random
Quick question: can i apply my preserved cards fashioning a payment on flipkart s mobile website app?,Is 'Credit Card No Cost EMI' payment mode available on Flipkart's website and mobile app?,0,85,278,train,hard
"Hi, can usage preserved cards for make a payment flipkart s mobile website app?",Can I use my saved cards for making a payment on Flipkart's mobile site/app?,1,85,85,train,positive
"Hi, can usage preserved cards for make a payment flipkart s mobile website app?",How long does the battery last for BGauss 2-wheelers?,0,85,297,train,random
"Hi, can usage preserved cards for make a payment flipkart s mobile website app?",Is 'Credit Card No Cost EMI' payment mode available on Flipkart's website and mobile app?,0,85,278,train,hard
Quick question: can i utilization my preserved cards make payment on flipkart s mobile website app?,Can I use my saved cards for making a payment on Flipkart's mobile site/app?,1,85,85,dev,positive
Quick question: can i utilization my preserved cards make payment on flipkart s mobile website app?,How can I get the 3D Secure password for my Credit/Debit Card?,0,85,361,dev,random
Quick question: can i utilization my preserved cards make payment on flipkart s mobile website app?,Is 'Credit Card No Cost EMI' payment mode available on Flipkart's website and mobile app?,0,85,278,dev,hard
Help needed: what is average price of one service for bgauss 2 wheeler?,What is the average cost of one service for a BGauss 2-wheeler?,1,86,86,train,positive
Help needed: what is average price of one service for bgauss 2 wheeler?,When and how many times does a BGauss vehicle require servicing?,0,86,486,train,random
Help needed: what is average price of one service for bgauss 2 wheeler?,What is the average cost of one service for an Ather 2-wheeler?,0,86,142,train,hard
what is average price of one service for a bgauss 2 wheeler? Any idea?,What is the average cost of one service for a BGauss 2-wheeler?,1,86,86,train,positive
what is average price of one service for a bgauss 2 wheeler? Any idea?,How is the Return Fee determined?,0,86,317,train,random
what is average price of one service for a bgauss 2 wheeler? Any idea?,What is the average cost of one service for an Ather 2-wheeler?,0,86,142,train,hard
what is the average price of one service for a bgauss 2 wheeler? Any idea?,What is the average cost of one service for a BGauss 2-wheeler?,1,86,86,dev,positive
what is the average price of one service for a bgauss 2 wheeler? Any idea?,What is the warranty being offered by BGauss?,0,86,334,dev,random
what is the average price of one service for a bgauss 2 wheeler? Any idea?,What is the average cost of one service for an Ather 2-wheeler?,0,86,142,dev,hard
are other future third party provide that can be redeemed through flipkart plus plan?,Are there any other upcoming third-party offers that can be redeemed through Flipkart Plus program?,1,87,87,train,positive
are other future third party provide that can be redeemed through flipkart plus plan?,How can I change the email ID linked with my Flipkart account?,0,87,51,train,random
are other future third party provide that can be redeemed through flipkart plus plan?,What are the cities/states that have third-party partner stores to redeem the SuperCoin Pay feature?,0,87,316,train,hard
"Hi, are there any other forthcoming third party provide that can be redeemed through flipkart plus plan?",Are there any other upcoming third-party offers that can be redeemed through Flipkart Plus program?,1,87,87,train,positive
"Hi, are there any other forthcoming third party provide that can be redeemed through flipkart plus plan?",Is 'Credit Card No Cost EMI' payment mode available on Flipkart's Windows and iOS apps?,0,87,328,train,random
"Hi, are there any other forthcoming third party provide that can be redeemed through flipkart plus plan?",What are the cities/states that have third-party partner stores to redeem the SuperCoin Pay feature?,0,87,316,train,hard
Help needed: are any other future third party provide can redeemed through flipkart plus plan?,Are there any other upcoming third-party offers that can be redeemed through Flipkart Plus program?,1,87,87,dev,positive
Help needed: are any other future third party provide can redeemed through flipkart plus plan?,Will my shipment be safe at the pickup store?,0,87,306,dev,random
Help needed: are any other future third party provide can redeemed through flipkart plus plan?,Which are the third-party partner stores where I can use SuperCoin Pay feature?,0,87,79,dev,hard
Help needed: i requested a substitute when will take it?,"I have requested a replacement, when will I get it?",1,88,88,train,positive
Help needed: i requested a substitute when will take it?,Can I use an item that has been given to me as a gift from a state sponsored or an NGO-funded freebie distribution programme to get discounts through exchange offers?,0,88,462,train,random
Help needed: i requested a substitute when will take it?,I have requested for a return for my item. When will it happen?,0,88,7,train,hard
i have requested a substitute will i make it? Thanks.,"I have requested a replacement, when will I get it?",1,88,88,train,positive
i have requested a substitute will i make it? Thanks.,How can I get the 3D Secure password for my Credit/Debit Card?,0,88,361,train,random
i have requested a substitute will i make it? Thanks.,I have requested for a return for my item. When will it happen?,0,88,7,train,hard
i requested a substitute will i take it? Any idea?,"I have requested a replacement, when will I get it?",1,88,88,dev,positive
i requested a substitute will i take it? Any idea?,What subsidies are being offered by Ather and how to claim them?,0,88,23,dev,random
i requested a substitute will i take it? Any idea?,I have requested for a return for my item. When will it happen?,0,88,7,dev,hard
what are benefits prefer selection up depot alternative for delivery? Any idea?,What are the benefits of choosing the pick-up store option for delivery?,1,89,89,train,positive
what are benefits prefer selection up depot alternative for delivery? Any idea?,Can I filter my search for refurbished products in terms of product grades?,0,89,349,train,random
what are benefits prefer selection up depot alternative for delivery? Any idea?,What are the benefits of the Bajaj Finserv payment mode?,0,89,109,train,hard
what are the benefits of opt choice up depot alternative for delivery? Any idea?,What are the benefits of choosing the pick-up store option for delivery?,1,89,89,train,positive
what are the benefits of opt choice up depot alternative for delivery? Any idea?,How do I know if a third-party partner store accepts SuperCoin Pay if there is no QR code scanner available?,0,89,286,train,random
what are the benefits of opt choice up depot alternative for delivery? Any idea?,What are the benefits of the Bajaj Finserv payment mode?,0,89,109,train,hard
Could you tell me what are the benefits of prefer selection up depot alternative delivery?,What are the benefits of choosing the pick-up store option for delivery?,1,89,89,dev,positive
Could you tell me what are the benefits of prefer selection up depot alternative delivery?,I have earned some SuperCoins from last transactions. How can I redeem them?,0,89,354,dev,random
Could you tell me what are the benefits of prefer selection up depot alternative delivery?,What are the benefits of the Bajaj Finserv payment mode?,0,89,109,dev,hard
Help needed: from when warranty for my product relevant?,From when is the warranty for my product applicable?,1,90,90,train,positive
Help needed: from when warranty for my product relevant?,How long does it take to cancel an order?,0,90,112,train,random
Help needed: from when warranty for my product relevant?,I see that the warranty terms for my product have changed on Flipkart from when I bought the product. Will this affect my warranty?,0,90,154,train,hard
from is the warranty for my product relevant? Any idea?,From when is the warranty for my product applicable?,1,90,90,train,positive
from is the warranty for my product relevant? Any idea?,How do I sign up for an extended warranty for my product?,0,90,106,train,random
from is the warranty for my product relevant? Any idea?,How can I claim warranty for my product?,0,90,130,train,hard
Quick question: from when is the warranty for product relevant?,From when is the warranty for my product applicable?,1,90,90,dev,positive
Quick question: from when is the warranty for product relevant?,Why didn't my order qualify for free delivery?,0,90,270,dev,random
Quick question: from when is the warranty for product relevant?,I see that the warranty terms for my product have changed on Flipkart from when I bought the product. Will this affect my warranty?,0,90,154,dev,hard
Could you tell me is requisite an account patronize on flipkart?,Is it necessary to have an account to shop on Flipkart?,1,91,91,train,positive
Could you tell me is requisite an account patronize on flipkart?,What are the benefits of buying an item with a Plus badge?,0,91,67,train,random
Could you tell me is requisite an account patronize on flipkart?,Why is the refurbished category not visible for me on my Flipkart app?,0,91,193,train,hard
is required to have an account patronize on flipkart? Thanks.,Is it necessary to have an account to shop on Flipkart?,1,91,91,train,positive
is required to have an account patronize on flipkart? Thanks.,Who are all eligible for this GSTIN feature?,0,91,84,train,random
is required to have an account patronize on flipkart? Thanks.,Will I have to use the same contact number to create a PhonePe account as the one linked to my Flipkart account?,0,91,491,train,hard
"Hi, is it essential to have account to patronize on flipkart?",Is it necessary to have an account to shop on Flipkart?,1,91,91,dev,positive
"Hi, is it essential to have account to patronize on flipkart?",How much electricity is required to charge the battery of Ampere Magnus EX?,0,91,419,dev,random
"Hi, is it essential to have account to patronize on flipkart?",Is it necessary to register with PhonePe to use it on Flipkart?,0,91,192,dev,hard
will i come a wall mount my telly in the corner? Thanks.,Will I get a wall mount for my television in the box?,1,92,92,train,positive
will i come a wall mount my telly in the corner? Thanks.,I chose the wrong EMI plan while making the payment using Bajaj Finserv No Cost EMI option. Can I change it now?,0,92,290,train,random
will i come a wall mount my telly in the corner? Thanks.,Will I get the option to test drive a BGauss 2-wheeler? How many times will I be allowed to take a test drive in the same order?,0,92,289,train,hard
will i find a wall mount for telly the corner? Thanks.,Will I get a wall mount for my television in the box?,1,92,92,train,positive
will i find a wall mount for telly the corner? Thanks.,How can I delete my saved card?,0,92,355,train,random
will i find a wall mount for telly the corner? Thanks.,Where will I find a scratch card after using SuperCoin Pay feature for an order?,0,92,280,train,hard
Could you tell me will i take wall mount for telly the corner?,Will I get a wall mount for my television in the box?,1,92,92,dev,positive
Could you tell me will i take wall mount for telly the corner?,How much time does it take for the shipment to reach a pickup store?,0,92,105,dev,random
Could you tell me will i take wall mount for telly the corner?,Is it necessary for me to be registered with the same contact number at the third-party partner store for me to use SuperCoin Pay feature?,0,92,456,dev,hard
what are the benefits of the credit card no cost emi payment mode? Thanks.,What are the benefits of the 'Credit Card No Cost EMI' payment mode?,1,93,93,train,positive
what are the benefits of the credit card no cost emi payment mode? Thanks.,What accessories will be part of Ather 2-wheelers. Do I have to pay separately for accessories?,0,93,207,train,random
what are the benefits of the credit card no cost emi payment mode? Thanks.,What are the EMI plans available if I pay using the 'Credit Card No Cost EMI' payment mode?,0,93,385,train,hard
Quick question: what benefits the credit card no cost emi payment mode?,What are the benefits of the 'Credit Card No Cost EMI' payment mode?,1,93,93,train,positive
Quick question: what benefits the credit card no cost emi payment mode?,How will I claim warranty for refurbished products?,0,93,74,train,random
Quick question: what benefits the credit card no cost emi payment mode?,How is 'Credit Card No Cost EMI' different from 'Credit Card EMI' payment mode?,0,93,3,train,hard
Quick question: what are benefits the credit card no cost emi payment mode?,What are the benefits of the 'Credit Card No Cost EMI' payment mode?,1,93,93,dev,positive
Quick question: what are benefits the credit card no cost emi payment mode?,When and how many times does a BGauss vehicle require servicing?,0,93,486,dev,random
Quick question: what are benefits the credit card no cost emi payment mode?,How is 'Credit Card No Cost EMI' different from 'Credit Card EMI' payment mode?,0,93,3,dev,hard
Could you tell me there have been past reports batteries spotting flame how do i love that bgauss 2 wheelers are dependable?,There have been recent reports of batteries catching fire. How do I know that BGauss 2-wheelers are safe?,1,94,94,train,positive
Could you tell me there have been past reports batteries spotting flame how do i love that bgauss 2 wheelers are dependable?,Can I use the Cash on Delivery payment option for every product I buy on Flipkart?,0,94,9,train,random
Could you tell me there have been past reports batteries spotting flame how do i love that bgauss 2 wheelers are dependable?,What charging options are available with BGauss 2-wheelers?,0,94,410,train,hard
Quick question: there been past reports of batteries spotting firing how do i acknowledge that bgauss 2 wheelers are dependable?,There have been recent reports of batteries catching fire. How do I know that BGauss 2-wheelers are safe?,1,94,94,train,positive
Quick question: there been past reports of batteries spotting firing how do i acknowledge that bgauss 2 wheelers are dependable?,For how long is a payment code as a part of SuperCoin Pay valid once it is generated?,0,94,442,train,random
Quick question: there been past reports of batteries spotting firing how do i acknowledge that bgauss 2 wheelers are dependable?,What charging options are available with BGauss 2-wheelers?,0,94,410,train,hard
there have been past reports of batteries spotting flame how i acknowledge bgauss 2 wheelers are dependable? Thanks.,There have been recent reports of batteries catching fire. How do I know that BGauss 2-wheelers are safe?,1,94,94,dev,positive
there have been past reports of batteries spotting flame how i acknowledge bgauss 2 wheelers are dependable? Thanks.,What are the modes of refund available after cancellation?,0,94,174,dev,random
there have been past reports of batteries spotting flame how i acknowledge bgauss 2 wheelers are dependable? Thanks.,What charging options are available with BGauss 2-wheelers?,0,94,410,dev,hard
Could you tell me i am able to watch some supercoins rewards am i not able to steal them?,"I am able to see some 'SuperCoins Rewards', but why am I not able to buy them?",1,95,95,train,positive
Could you tell me i am able to watch some supercoins rewards am i not able to steal them?,Will I get SuperCoins for using Cash and Coins for Rewards?,0,95,346,train,random
Could you tell me i am able to watch some supercoins rewards am i not able to steal them?,Why am I not able to see the option to buy a Bounce 2-wheeler for my pincode?,0,95,345,train,hard
Help needed: i able to watch supercoins rewards but why i not able to bargain them?,"I am able to see some 'SuperCoins Rewards', but why am I not able to buy them?",1,95,95,train,positive
Help needed: i able to watch supercoins rewards but why i not able to bargain them?,Why do I see a 'delivery charge'?,0,95,182,train,random
Help needed: i able to watch supercoins rewards but why i not able to bargain them?,Why am I not able to see the option to buy a Bounce 2-wheeler for my pincode?,0,95,345,train,hard
Help needed: i able watch some supercoins rewards but why i not able steal them?,"I am able to see some 'SuperCoins Rewards', but why am I not able to buy them?",1,95,95,dev,positive
Help needed: i able watch some supercoins rewards but why i not able steal them?,How many cards can I save on Flipkart?,0,95,475,dev,random
Help needed: i able watch some supercoins rewards but why i not able steal them?,Why am I not able to see the option to buy a Bounce 2-wheeler for my pincode?,0,95,345,dev,hard
Could you tell me can i invalidate a component of my flipkart quick order after have put?,Can I cancel a part of my Flipkart Quick order after I have placed it?,1,96,96,train,positive
Could you tell me can i invalidate a component of my flipkart quick order after have put?,Why is the refurbished category not visible for me on my Flipkart app?,0,96,193,train,random
Could you tell me can i invalidate a component of my flipkart quick order after have put?,Can I change the delivery address after I have placed a Flipkart Quick order?,0,96,217,train,hard
can invalidate a portion my flipkart quick order after i have put it? Any idea?,Can I cancel a part of my Flipkart Quick order after I have placed it?,1,96,96,train,positive
can invalidate a portion my flipkart quick order after i have put it? Any idea?,What will happen to the cashback if I return a product?,0,96,120,train,random
can invalidate a portion my flipkart quick order after i have put it? Any idea?,Can I change the delivery address after I have placed a Flipkart Quick order?,0,96,217,train,hard
can invalidate a component of my flipkart quick order after have put it? Any idea?,Can I cancel a part of my Flipkart Quick order after I have placed it?,1,96,96,dev,positive
can invalidate a component of my flipkart quick order after have put it? Any idea?,What is a 'card label'?,0,96,394,dev,random
can invalidate a component of my flipkart quick order after have put it? Any idea?,Can I change the delivery address after I have placed a Flipkart Quick order?,0,96,217,dev,hard
Help needed: my freight is weakened at the ego pickup depot what do i?,"My shipment is damaged at the self pickup store, what do I do?",1,97,97,train,positive
Help needed: my freight is weakened at the ego pickup depot what do i?,When do SuperCoins expire?,0,97,390,train,random
Help needed: my freight is weakened at the ego pickup depot what do i?,What is the pickup process?,0,97,305,train,hard
Help needed: my freight is broken at ego pickup depot what do i do?,"My shipment is damaged at the self pickup store, what do I do?",1,97,97,train,positive
Help needed: my freight is broken at ego pickup depot what do i do?,Can I redeem SuperCoins to avail discount for Flipkart Gift Card?,0,97,384,train,random
Help needed: my freight is broken at ego pickup depot what do i do?,What is the pickup process?,0,97,305,train,hard
Help needed: my consignment broken at the ego pickup depot what do i do?,"My shipment is damaged at the self pickup store, what do I do?",1,97,97,dev,positive
Help needed: my consignment broken at the ego pickup depot what do i do?,What is the average cost of one service for an Ather 2-wheeler?,0,97,142,dev,random
Help needed: my consignment broken at the ego pickup depot what do i do?,What is the pickup process?,0,97,305,dev,hard
i forfeited my warranty scorecard how can i find warranty? Any idea?,I lost my warranty card. How can I get warranty?,1,98,98,train,positive
i forfeited my warranty scorecard how can i find warranty? Any idea?,"My package shows as delivered but I can't find it, what should I do?",0,98,60,train,random
i forfeited my warranty scorecard how can i find warranty? Any idea?,I didn't get a warranty card with my product. How can I get the warranty?,0,98,42,train,hard
Quick question: i forfeited warranty scorecard how i bring warranty?,I lost my warranty card. How can I get warranty?,1,98,98,train,positive
Quick question: i forfeited warranty scorecard how i bring warranty?,How will I get my refund for returning an item I paid for with Cash on Delivery?,0,98,181,train,random
Quick question: i forfeited warranty scorecard how i bring warranty?,I didn't get a warranty card with my product. How can I get the warranty?,0,98,42,train,hard
i lose warranty scorecard how can i come warranty? Any idea?,I lost my warranty card. How can I get warranty?,1,98,98,dev,positive
i lose warranty scorecard how can i come warranty? Any idea?,Where can I read more detailed terms and conditions of the Flipkart Plus program?,0,98,83,dev,random
i lose warranty scorecard how can i come warranty? Any idea?,I didn't get a warranty card with my product. How can I get the warranty?,0,98,42,dev,hard
how i shift the password for my flipkart account? Thanks.,How can I change the password for my Flipkart account?,1,99,99,train,positive
how i shift the password for my flipkart account? Thanks.,How can I apply for Flipkart Axis Bank Credit Card? Am I eligible for the card?,0,99,61,train,random
how i shift the password for my flipkart account? Thanks.,How can I get the 3D Secure password for my Credit/Debit Card?,0,99,361,train,hard
how can alteration password for my flipkart account? Any idea?,How can I change the password for my Flipkart account?,1,99,99,train,positive
how can alteration password for my flipkart account? Any idea?,How can I track my Flipkart Quick order?,0,99,240,train,random
how can alteration password for my flipkart account? Any idea?,How can I get the 3D Secure password for my Credit/Debit Card?,0,99,361,train,hard
how can alter password flipkart account? Thanks.,How can I change the password for my Flipkart account?,1,99,99,dev,positive
how can alter password flipkart account? Thanks.,Do I need to have a driving license to drive a Bounce 2-wheeler?,0,99,186,dev,random
how can alter password flipkart account? Thanks.,How can I deactivate my account?,0,99,211,dev,hard
"Hi, can assume the loading after opening and checking the contents inside?",Can I take the shipment after opening and checking the contents inside?,1,100,100,train,positive
"Hi, can assume the loading after opening and checking the contents inside?",Can I transfer SuperCoins to different Flipkart account?,0,100,381,train,random
"Hi, can assume the loading after opening and checking the contents inside?",Will the card number and CVV remain the same for both the physical and the virtual card?,0,100,448,train,hard
can get the cargo opening and checking contents inside? Any idea?,Can I take the shipment after opening and checking the contents inside?,1,100,100,train,positive
can get the cargo opening and checking contents inside? Any idea?,Can I make the payment using prepaid mode of payment and Gift Card as part of the Cash and Coins for Rewards?,0,100,348,train,random
can get the cargo opening and checking contents inside? Any idea?,Can I pay with any Credit card?,0,100,473,train,hard
can i bring the loading after opening and checking the contents inside?,Can I take the shipment after opening and checking the contents inside?,1,100,100,dev,positive
can i bring the loading after opening and checking the contents inside?,How can I collect my shipment from the pick-up store?,0,100,264,dev,random
can i bring the loading after opening and checking the contents inside?,Will the card number and CVV remain the same for both the physical and the virtual card?,0,100,448,dev,hard
why ca not find bajaj finserv as a payment mode some items? Any idea?,Why can't I see Bajaj Finserv as a payment mode for some items?,1,101,101,train,positive
why ca not find bajaj finserv as a payment mode some items? Any idea?,Can I change the delivery address after I have placed a Flipkart Quick order?,0,101,217,train,random
why ca not find bajaj finserv as a payment mode some items? Any idea?,Why can't I see 'Credit Card No Cost EMI' as a payment mode for some items?,0,101,308,train,hard
why ca not i watch bajaj finserv as a payment mode some items? Thanks.,Why can't I see Bajaj Finserv as a payment mode for some items?,1,101,101,train,positive
why ca not i watch bajaj finserv as a payment mode some items? Thanks.,How do I pay using Flipkart's credit card EMI option?,0,101,418,train,random
why ca not i watch bajaj finserv as a payment mode some items? Thanks.,Why can't I see 'Credit Card No Cost EMI' as a payment mode for some items?,0,101,308,train,hard
why ca not i find bajaj finserv as a payment mode for some items? Thanks.,Why can't I see Bajaj Finserv as a payment mode for some items?,1,101,101,dev,positive
why ca not i find bajaj finserv as a payment mode for some items? Thanks.,What after-sales services are being provided by Flipkart for Ampere 2-wheelers?,0,101,150,dev,random
why ca not i find bajaj finserv as a payment mode for some items? Thanks.,Why can't I see 'Credit Card No Cost EMI' as a payment mode for some items?,0,101,308,dev,hard
Could you tell me i buy a bgauss 2 wheeler but need have a different model what i?,I have bought a BGauss 2-wheeler but I want to have a different model. What should I do?,1,102,102,train,positive
Could you tell me i buy a bgauss 2 wheeler but need have a different model what i?,Can I buy more than one Ather 2-wheeler through the same Flipkart account?,0,102,43,train,random
Could you tell me i buy a bgauss 2 wheeler but need have a different model what i?,Do I need to have a driving license to ride a BGauss 2-wheeler?,0,102,228,train,hard
i purchase a bgauss 2 wheeler but i wish to have a different model what should i do? Thanks.,I have bought a BGauss 2-wheeler but I want to have a different model. What should I do?,1,102,102,train,positive
i purchase a bgauss 2 wheeler but i wish to have a different model what should i do? Thanks.,What is 'SuperCoins Price'?,0,102,417,train,random
i purchase a bgauss 2 wheeler but i wish to have a different model what should i do? Thanks.,Do I need to have a driving license to ride a BGauss 2-wheeler?,0,102,228,train,hard
Could you tell me i have buy a bgauss 2 wheeler but i wish to have a different model i?,I have bought a BGauss 2-wheeler but I want to have a different model. What should I do?,1,102,102,dev,positive
Could you tell me i have buy a bgauss 2 wheeler but i wish to have a different model i?,Can I get the refund for the item to any other mode if I have paid using the Bajaj Finserv payment option?,0,102,311,dev,random
Could you tell me i have buy a bgauss 2 wheeler but i wish to have a different model i?,Do I need to have a driving license to ride a BGauss 2-wheeler?,0,102,228,dev,hard
will flipkart plus membership be car revived if i have attained 200 supercoins in the previous year? Thanks.,Will my Flipkart Plus membership be auto-renewed if I have earned 200 SuperCoins in the previous year?,1,103,103,train,positive
will flipkart plus membership be car revived if i have attained 200 supercoins in the previous year? Thanks.,What is a 3D Secure password?,0,103,471,train,random
will flipkart plus membership be car revived if i have attained 200 supercoins in the previous year? Thanks.,Can I buy Flipkart Plus membership?,0,103,239,train,hard
"Hi, will my flipkart plus membership car revived if i attained 200 supercoins the previous year?",Will my Flipkart Plus membership be auto-renewed if I have earned 200 SuperCoins in the previous year?,1,103,103,train,positive
"Hi, will my flipkart plus membership car revived if i attained 200 supercoins the previous year?",I want to check my warranty details for the product but I don't have the warranty card. What should I do?,0,103,146,train,random
"Hi, will my flipkart plus membership car revived if i attained 200 supercoins the previous year?",Can I buy Flipkart Plus membership?,0,103,239,train,hard
Could you tell me will my flipkart plus membership be car revived if i have attained 200 supercoins the previous year?,Will my Flipkart Plus membership be auto-renewed if I have earned 200 SuperCoins in the previous year?,1,103,103,dev,positive
Could you tell me will my flipkart plus membership be car revived if i have attained 200 supercoins the previous year?,Why can't I see 'Credit Card No Cost EMI' as a payment mode for some items?,0,103,308,dev,random
Could you tell me will my flipkart plus membership be car revived if i have attained 200 supercoins the previous year?,Can I buy Flipkart Plus membership?,0,103,239,dev,hard
Help needed: can i invalidate emi after i ve put order use bajaj finserv payment alternative?,Can I cancel my EMI after I've placed the order using the Bajaj Finserv payment option?,1,104,104,train,positive
Help needed: can i invalidate emi after i ve put order use bajaj finserv payment alternative?,How can I add a card label to my saved card?,0,104,37,train,random
Help needed: can i invalidate emi after i ve put order use bajaj finserv payment alternative?,How can I get a Bajaj Finserv EMI card?,0,104,424,train,hard
Quick question: can invalidate my emi i ve put order utilize bajaj finserv payment alternative?,Can I cancel my EMI after I've placed the order using the Bajaj Finserv payment option?,1,104,104,train,positive
Quick question: can invalidate my emi i ve put order utilize bajaj finserv payment alternative?,What does it mean if a store displays a SuperCoin Pay QR code?,0,104,6,train,random
Quick question: can invalidate my emi i ve put order utilize bajaj finserv payment alternative?,How can I pay for my order using the Bajaj Finserv payment mode?,0,104,21,train,hard
Could you tell me can i invalidate my emi i ve put the order use bajaj finserv payment alternative?,Can I cancel my EMI after I've placed the order using the Bajaj Finserv payment option?,1,104,104,dev,positive
Could you tell me can i invalidate my emi i ve put the order use bajaj finserv payment alternative?,What can I purchase using Flipkart Axis Bank Credit Card?,0,104,427,dev,random
Could you tell me can i invalidate my emi i ve put the order use bajaj finserv payment alternative?,How can I pay for my order using the Bajaj Finserv payment mode?,0,104,21,dev,hard
how much time does it get for the freight to accomplish a pickup depot?,How much time does it take for the shipment to reach a pickup store?,1,105,105,train,positive
how much time does it get for the freight to accomplish a pickup depot?,What if I do not want my cards to be imported?,0,105,199,train,random
how much time does it get for the freight to accomplish a pickup depot?,Is there a charge for pickup of products from a 'Pickup Store'?,0,105,245,train,hard
Could you tell me how much time does it carry for the cargo to accomplish a pickup depot?,How much time does it take for the shipment to reach a pickup store?,1,105,105,train,positive
Could you tell me how much time does it carry for the cargo to accomplish a pickup depot?,"Why am I unable to order products like television, air-conditioner, refrigerator, washing machine, furniture, microwave, treadmill, etc. at my location?",0,105,129,train,random
Could you tell me how much time does it carry for the cargo to accomplish a pickup depot?,Is there a charge for pickup of products from a 'Pickup Store'?,0,105,245,train,hard
how much time does it get for the freight to achieve a pickup depot? Any idea?,How much time does it take for the shipment to reach a pickup store?,1,105,105,dev,positive
how much time does it get for the freight to achieve a pickup depot? Any idea?,Should I register the product with the brand to avail the warranty benefits on it?,0,105,58,dev,random
how much time does it get for the freight to achieve a pickup depot? Any idea?,Is there a charge for pickup of products from a 'Pickup Store'?,0,105,245,dev,hard
how do sign up for an lengthened warranty for my product? Thanks.,How do I sign up for an extended warranty for my product?,1,106,106,train,positive
how do sign up for an lengthened warranty for my product? Thanks.,What is the difference between the Supercoins Price option available on the product page and SuperCoin Pay on Flipkart platform?,0,106,423,train,random
how do sign up for an lengthened warranty for my product? Thanks.,How can I claim warranty for my product?,0,106,130,train,hard
Help needed: how do i sign up for an prolong warranty for product?,How do I sign up for an extended warranty for my product?,1,106,106,train,positive
Help needed: how do i sign up for an prolong warranty for product?,"If I have paid for my order using the Bajaj Finserv No Cost EMI payment option, will I get a complete refund if the item is cancelled or returned?",0,106,339,train,random
Help needed: how do i sign up for an prolong warranty for product?,How can I claim warranty for my product?,0,106,130,train,hard
how i sign up an lengthened warranty my product? Any idea?,How do I sign up for an extended warranty for my product?,1,106,106,dev,positive
how i sign up an lengthened warranty my product? Any idea?,How can I track my Flipkart Quick order?,0,106,240,dev,random
how i sign up an lengthened warranty my product? Any idea?,Can I use an international number to sign up?,0,106,197,dev,hard
"Hi, what i do if i not make the otp or verification code?",What should I do if I don't get the OTP or verification code?,1,107,107,train,positive
"Hi, what i do if i not make the otp or verification code?",Is there a minimum purchase amount for Flipkart Quick orders?,0,107,205,train,random
"Hi, what i do if i not make the otp or verification code?",What is an OTP or verification code?,0,107,131,train,hard
Quick question: what i do if not take the otp or verification code?,What should I do if I don't get the OTP or verification code?,1,107,107,train,positive
Quick question: what i do if not take the otp or verification code?,"I have requested a replacement, when will I get it?",0,107,88,train,random
Quick question: what i do if not take the otp or verification code?,What is an OTP or verification code?,0,107,131,train,hard
what should i do if do not come the otp verification code? Any idea?,What should I do if I don't get the OTP or verification code?,1,107,107,dev,positive
what should i do if do not come the otp verification code? Any idea?,Can I modify my chosen time slot for the delivery of Flipkart Quick orders?,0,107,196,dev,random
what should i do if do not come the otp verification code? Any idea?,What is an OTP or verification code?,0,107,131,dev,hard
Help needed: how is a business day different regular day?,How is a 'business day' different from a regular day?,1,108,108,train,positive
Help needed: how is a business day different regular day?,How long do I have to pick up my shipment from the pick-up store?,0,108,33,train,random
Help needed: how is a business day different regular day?,Are faster delivery options like Same Day & In-a-Day available on return requests?,0,108,128,train,hard
Help needed: how is a business day different a regular day?,How is a 'business day' different from a regular day?,1,108,108,train,positive
Help needed: how is a business day different a regular day?,How can I change the email ID linked with my Flipkart account?,0,108,51,train,random
Help needed: how is a business day different a regular day?,Are faster delivery options like Same Day & In-a-Day available on return requests?,0,108,128,train,hard
Could you tell me how is a business day different from a regular day?,How is a 'business day' different from a regular day?,1,108,108,dev,positive
Could you tell me how is a business day different from a regular day?,What is a 3D Secure password?,0,108,471,dev,random
Could you tell me how is a business day different from a regular day?,Are faster delivery options like Same Day & In-a-Day available on return requests?,0,108,128,dev,hard
"Hi, what are the benefits of bajaj finserv payment mode?",What are the benefits of the Bajaj Finserv payment mode?,1,109,109,train,positive
"Hi, what are the benefits of bajaj finserv payment mode?",My PhonePe Wallet is not activated. How do I get a refund credited to it?,0,109,136,train,random
"Hi, what are the benefits of bajaj finserv payment mode?",What is Bajaj Finserv payment mode?,0,109,340,train,hard
Quick question: what are benefits of bajaj finserv payment mode?,What are the benefits of the Bajaj Finserv payment mode?,1,109,109,train,positive
Quick question: what are benefits of bajaj finserv payment mode?,What all brands are part of the SuperCoin Pay program?,0,109,321,train,random
Quick question: what are benefits of bajaj finserv payment mode?,What is Bajaj Finserv payment mode?,0,109,340,train,hard
what are the benefits of bajaj finserv payment mode? Any idea?,What are the benefits of the Bajaj Finserv payment mode?,1,109,109,dev,positive
what are the benefits of bajaj finserv payment mode? Any idea?,What is GSTIN Invoicing feature?,0,109,170,dev,random
what are the benefits of bajaj finserv payment mode? Any idea?,What is Bajaj Finserv payment mode?,0,109,340,dev,hard
i have buy an ather 2 wheeler wish to have a different model what should i do? Thanks.,I have bought an Ather 2-wheeler but I want to have a different model. What should I do?,1,110,110,train,positive
i have buy an ather 2 wheeler wish to have a different model what should i do? Thanks.,How can I add a new delivery address to my Flipkart account?,0,110,49,train,random
i have buy an ather 2 wheeler wish to have a different model what should i do? Thanks.,Do I need to have a driving license to drive an Ather 2-wheeler?,0,110,416,train,hard
i have buy an ather 2 wheeler i need have a different model what i do? Any idea?,I have bought an Ather 2-wheeler but I want to have a different model. What should I do?,1,110,110,train,positive
i have buy an ather 2 wheeler i need have a different model what i do? Any idea?,Can I club my orders from different sellers to be delivered together?,0,110,12,train,random
i have buy an ather 2 wheeler i need have a different model what i do? Any idea?,Do I need to have a driving license to drive an Ather 2-wheeler?,0,110,416,train,hard
Quick question: i have buy an ather 2 wheeler but i need to a different model what do?,I have bought an Ather 2-wheeler but I want to have a different model. What should I do?,1,110,110,dev,positive
Quick question: i have buy an ather 2 wheeler but i need to a different model what do?,"If my refund amount exceeds ₹20,000, will I get the option for PhonePe UPI linked account and other registered account for NEFT or IMPS?",0,110,322,dev,random
Quick question: i have buy an ather 2 wheeler but i need to a different model what do?,Do I need to have a driving license to drive an Ather 2-wheeler?,0,110,416,dev,hard
Help needed: can i redeem all of accessible supercoins while utilize the supercoin pay boast?,Can I redeem all of my available SuperCoins while using the SuperCoin Pay feature?,1,111,111,train,positive
Help needed: can i redeem all of accessible supercoins while utilize the supercoin pay boast?,Why do I see a 'delivery charge'?,0,111,182,train,random
Help needed: can i redeem all of accessible supercoins while utilize the supercoin pay boast?,How can I redeem 'SuperCoins Rewards'?,0,111,438,train,hard
"Hi, can redeem all my accessible supercoins while use the supercoin pay boast?",Can I redeem all of my available SuperCoins while using the SuperCoin Pay feature?,1,111,111,train,positive
"Hi, can redeem all my accessible supercoins while use the supercoin pay boast?","The address while ordering Ather 2-wheeler on Flipkart is different from the one on my address proof (Aadhaar Card), what should I do now?",0,111,265,train,random
"Hi, can redeem all my accessible supercoins while use the supercoin pay boast?",How can I redeem 'SuperCoins Rewards'?,0,111,438,train,hard
Could you tell me can i redeem all of my accessible supercoins while use the supercoin pay boast?,Can I redeem all of my available SuperCoins while using the SuperCoin Pay feature?,1,111,111,dev,positive
Could you tell me can i redeem all of my accessible supercoins while use the supercoin pay boast?,How does Supercoin Pay feature work on Flipkart platform?,0,111,342,dev,random
Could you tell me can i redeem all of my accessible supercoins while use the supercoin pay boast?,How can I redeem 'SuperCoins Rewards'?,0,111,438,dev,hard
Could you tell me how protracted does it carry to invalidate an edict?,How long does it take to cancel an order?,1,112,112,train,positive
Could you tell me how protracted does it carry to invalidate an edict?,What charging options are available with Bounce 2-wheelers?,0,112,480,train,random
Could you tell me how protracted does it carry to invalidate an edict?,Is it necessary for me to be registered with the same contact number at the third-party partner store for me to use SuperCoin Pay feature?,0,112,456,train,hard
Could you tell me how prolonged it carry invalidate decree?,How long does it take to cancel an order?,1,112,112,train,positive
Could you tell me how prolonged it carry invalidate decree?,How can I foreclose my EMI for an item I bought using the 'Credit Card No Cost EMI'?,0,112,433,train,random
Could you tell me how prolonged it carry invalidate decree?,Is it necessary for me to be registered with the same contact number at the third-party partner store for me to use SuperCoin Pay feature?,0,112,456,train,hard
Quick question: how lasting does it hold to invalidate an edict?,How long does it take to cancel an order?,1,112,112,dev,positive
Quick question: how lasting does it hold to invalidate an edict?,On what products will I get the option of 'SuperCoins Price'?,0,112,63,dev,random
Quick question: how lasting does it hold to invalidate an edict?,How can I track my Flipkart Quick order?,0,112,240,dev,hard
Quick question: my order has hit the nearest delivery hub but why is not away for delivery still?,"My order has reached the nearest delivery hub, but why isn't it out for delivery yet?",1,113,113,train,positive
Quick question: my order has hit the nearest delivery hub but why is not away for delivery still?,What after-sales services are being provided by Flipkart for BGauss 2-wheelers?,0,113,261,train,random
Quick question: my order has hit the nearest delivery hub but why is not away for delivery still?,Why didn't my order qualify for free delivery?,0,113,270,train,hard
Could you tell me my order has hit nearest delivery hub but why is not it away delivery still?,"My order has reached the nearest delivery hub, but why isn't it out for delivery yet?",1,113,113,train,positive
Could you tell me my order has hit nearest delivery hub but why is not it away delivery still?,Can I scan any QR code in the store to initiate the payment for an order using SuperCoin Pay feature?,0,113,403,train,random
Could you tell me my order has hit nearest delivery hub but why is not it away delivery still?,Why didn't my order qualify for free delivery?,0,113,270,train,hard
my order hit the nearest delivery hub but why is not it away for delivery even? Any idea?,"My order has reached the nearest delivery hub, but why isn't it out for delivery yet?",1,113,113,dev,positive
my order hit the nearest delivery hub but why is not it away for delivery even? Any idea?,Can I scan any QR code in the store to initiate the payment for an order using SuperCoin Pay feature?,0,113,403,dev,random
my order hit the nearest delivery hub but why is not it away for delivery even? Any idea?,Why can't I track my order even though it has been shipped?,0,113,124,dev,hard
what do if there is a divergence in the warranty refer flipkart physical warranty scorecard i come?,What should I do if there is a difference in the warranty mentioned on Flipkart & the physical warranty card I got?,1,114,114,train,positive
what do if there is a divergence in the warranty refer flipkart physical warranty scorecard i come?,Can I get the refund for the item through any other mode if I have paid using the 'Credit Card No Cost EMI' payment option?,0,114,343,train,random
what do if there is a divergence in the warranty refer flipkart physical warranty scorecard i come?,There is no seal on the warranty card I got. How will I claim warranty?,0,114,18,train,hard
what should i do if there is a divergence in warranty refer on flipkart the physical warranty scorecard come?,What should I do if there is a difference in the warranty mentioned on Flipkart & the physical warranty card I got?,1,114,114,train,positive
what should i do if there is a divergence in warranty refer on flipkart the physical warranty scorecard come?,How long does the Ampere Magnus EX's battery last?,0,114,428,train,random
what should i do if there is a divergence in warranty refer on flipkart the physical warranty scorecard come?,There is no seal on the warranty card I got. How will I claim warranty?,0,114,18,train,hard
"Hi, what should i there is a divergence the warranty refer on flipkart the physical warranty scorecard i have?",What should I do if there is a difference in the warranty mentioned on Flipkart & the physical warranty card I got?,1,114,114,dev,positive
"Hi, what should i there is a divergence the warranty refer on flipkart the physical warranty scorecard i have?",What are the accessories that will be part of a Bounce 2-wheeler?,0,114,383,dev,random
"Hi, what should i there is a divergence the warranty refer on flipkart the physical warranty scorecard i have?",There is no seal on the warranty card I got. How will I claim warranty?,0,114,18,dev,hard
Help needed: why i want to verify my mobile number or email address log into my flipkart account?,Why do I need to verify my mobile number or email address to log into my Flipkart account?,1,115,115,train,positive
Help needed: why i want to verify my mobile number or email address log into my flipkart account?,Why do I see a shipping charge for an item with the Plus badge?,0,115,25,train,random
Help needed: why i want to verify my mobile number or email address log into my flipkart account?,Do I need to verify my mobile number or email address every time I log in?,0,115,155,train,hard
Quick question: why do i want to verify my mobile number or email address log into my flipkart account?,Why do I need to verify my mobile number or email address to log into my Flipkart account?,1,115,115,train,positive
Quick question: why do i want to verify my mobile number or email address log into my flipkart account?,Will I get a wall mount for my television in the box?,0,115,92,train,random
Quick question: why do i want to verify my mobile number or email address log into my flipkart account?,Do I need to verify my mobile number or email address every time I log in?,0,115,155,train,hard
why do want to verify my mobile number or email address log flipkart account?,Why do I need to verify my mobile number or email address to log into my Flipkart account?,1,115,115,dev,positive
why do want to verify my mobile number or email address log flipkart account?,Will BGauss cross-sell/upsell when I visit the brand authorised dealer?,0,115,359,dev,random
why do want to verify my mobile number or email address log flipkart account?,Do I need to verify my mobile number or email address every time I log in?,0,115,155,dev,hard
what does permanently discontinued or out print imply? Thanks.,What does 'Permanently Discontinued' or 'Out of Print' mean?,1,116,116,train,positive
what does permanently discontinued or out print imply? Thanks.,Where will I find a scratch card after using SuperCoin Pay feature for an order?,0,116,280,train,random
what does permanently discontinued or out print imply? Thanks.,What does 'Out of Stock' mean?,0,116,177,train,hard
Help needed: what does permanently discontinued or out of print think?,What does 'Permanently Discontinued' or 'Out of Print' mean?,1,116,116,train,positive
Help needed: what does permanently discontinued or out of print think?,Do I have to pay anything extra to buy or use a Gift Card?,0,116,298,train,random
Help needed: what does permanently discontinued or out of print think?,What does 'Out of Stock' mean?,0,116,177,train,hard
Could you tell me what does permanently discontinued or out of print imply?,What does 'Permanently Discontinued' or 'Out of Print' mean?,1,116,116,dev,positive
Could you tell me what does permanently discontinued or out of print imply?,Do I need to make a down payment to buy an item using the Bajaj Finserv EMI payment mode?,0,116,436,dev,random
Could you tell me what does permanently discontinued or out of print imply?,What does 'Out of Stock' mean?,0,116,177,dev,hard
how can i track order for ampere magnus ex finish my payment on flipkart? Any idea?,How can I track my order for Ampere Magnus EX after completing my payment on Flipkart?,1,117,117,train,positive
how can i track order for ampere magnus ex finish my payment on flipkart? Any idea?,Can SuperCoin Pay feature be used to shop online?,0,117,408,train,random
how can i track order for ampere magnus ex finish my payment on flipkart? Any idea?,How can I track my Flipkart Quick order?,0,117,240,train,hard
how can i track my order ampere magnus ex finish my payment on flipkart?,How can I track my order for Ampere Magnus EX after completing my payment on Flipkart?,1,117,117,train,positive
how can i track my order ampere magnus ex finish my payment on flipkart?,What is the process after paying the ex-showroom price for Ampere Magnus EX on Flipkart?,0,117,5,train,random
how can i track my order ampere magnus ex finish my payment on flipkart?,How can I track my Flipkart Quick order?,0,117,240,train,hard
Help needed: how can track order for ampere magnus ex after finish payment on flipkart?,How can I track my order for Ampere Magnus EX after completing my payment on Flipkart?,1,117,117,dev,positive
Help needed: how can track order for ampere magnus ex after finish payment on flipkart?,What if I do not want my cards to be imported?,0,117,199,dev,random
Help needed: how can track order for ampere magnus ex after finish payment on flipkart?,How can I track my order for the Ather 2-wheeler after completing my payment on Flipkart?,0,117,125,dev,hard
Could you tell me i have buy bounce 2 wheeler but i need to have a different model what should do?,I have bought the Bounce 2-wheeler but I want to have a different model. What should I do?,1,118,118,train,positive
Could you tell me i have buy bounce 2 wheeler but i need to have a different model what should do?,How can I pay the outstanding bill?,0,118,477,train,random
Could you tell me i have buy bounce 2 wheeler but i need to have a different model what should do?,Do I need to have a driving license to drive a Bounce 2-wheeler?,0,118,186,train,hard
i have purchase bounce 2 wheeler but i need to have a different model should i? Any idea?,I have bought the Bounce 2-wheeler but I want to have a different model. What should I do?,1,118,118,train,positive
i have purchase bounce 2 wheeler but i need to have a different model should i? Any idea?,"My package shows as delivered but I can't find it, what should I do?",0,118,60,train,random
i have purchase bounce 2 wheeler but i need to have a different model should i? Any idea?,Do I need to have a driving license to drive a Bounce 2-wheeler?,0,118,186,train,hard
i have buy the bounce 2 wheeler but wish have a different model what i? Any idea?,I have bought the Bounce 2-wheeler but I want to have a different model. What should I do?,1,118,118,dev,positive
i have buy the bounce 2 wheeler but wish have a different model what i? Any idea?,Why are faster delivery options not available at my location?,0,118,231,dev,random
i have buy the bounce 2 wheeler but wish have a different model what i? Any idea?,Can I choose a different model of the Bounce 2-wheeler at the brand authorised dealer after doing the test drive?,0,118,273,dev,hard
why has the flipkart plus membership standard alter 300 to 200 supercoins? Thanks.,Why has the Flipkart Plus membership criteria changed from 300 to 200 SuperCoins?,1,119,119,train,positive
why has the flipkart plus membership standard alter 300 to 200 supercoins? Thanks.,Will Hero MotoCorp cross-sell/up sell when I visit the brand authorised dealer?,0,119,267,train,random
why has the flipkart plus membership standard alter 300 to 200 supercoins? Thanks.,Can I buy Flipkart Plus membership?,0,119,239,train,hard
why has the flipkart plus membership standard shift from 300 to 200 supercoins? Thanks.,Why has the Flipkart Plus membership criteria changed from 300 to 200 SuperCoins?,1,119,119,train,positive
why has the flipkart plus membership standard shift from 300 to 200 supercoins? Thanks.,What do the different order statuses in 'My Orders' mean?,0,119,283,train,random
why has the flipkart plus membership standard shift from 300 to 200 supercoins? Thanks.,Can I buy Flipkart Plus membership?,0,119,239,train,hard
Quick question: why has the flipkart plus membership standard alter from 300 200 supercoins?,Why has the Flipkart Plus membership criteria changed from 300 to 200 SuperCoins?,1,119,119,dev,positive
Quick question: why has the flipkart plus membership standard alter from 300 200 supercoins?,How is Bajaj Finserv payment mode different from the credit card EMI payment mode?,0,119,29,dev,random
Quick question: why has the flipkart plus membership standard alter from 300 200 supercoins?,Can I buy Flipkart Plus membership?,0,119,239,dev,hard
Could you tell me what befall to cashback i rejoin product?,What will happen to the cashback if I return a product?,1,120,120,train,positive
Could you tell me what befall to cashback i rejoin product?,Can I reject the Flipkart Quick order at the time of delivery?,0,120,161,train,random
Could you tell me what befall to cashback i rejoin product?,How does 'Instant Cashback' work?,0,120,198,train,hard
what will materialize cashback if i revert a product? Thanks.,What will happen to the cashback if I return a product?,1,120,120,train,positive
what will materialize cashback if i revert a product? Thanks.,Will I get the available bank offers on Flipkart platform if I choose to redeem SuperCoins through SuperCoin Pay?,0,120,166,train,random
what will materialize cashback if i revert a product? Thanks.,Will I earn cashback if I have used someone else's Flipkart Axis Bank Credit Card?,0,120,344,train,hard
"Hi, what will occur to cashback if rejoin a product?",What will happen to the cashback if I return a product?,1,120,120,dev,positive
"Hi, what will occur to cashback if rejoin a product?",How can I track my order for the Hero MotoCorp 2-wheeler after completing my payment on Flipkart?,0,120,178,dev,random
"Hi, what will occur to cashback if rejoin a product?",Will I earn cashback if I have used someone else's Flipkart Axis Bank Credit Card?,0,120,344,dev,hard
"Hi, the delivery of my order delayed what should i do?",The delivery of my order is delayed. What should I do?,1,121,121,train,positive
"Hi, the delivery of my order delayed what should i do?",On what products will I get the option of 'SuperCoins Price'?,0,121,63,train,random
"Hi, the delivery of my order delayed what should i do?",I missed the delivery of my order today. What should I do?,0,121,57,train,hard
the delivery of my order delayed what should do? Any idea?,The delivery of my order is delayed. What should I do?,1,121,121,train,positive
the delivery of my order delayed what should do? Any idea?,How quickly can I get my order delivered?,0,121,226,train,random
the delivery of my order delayed what should do? Any idea?,I missed the delivery of my order today. What should I do?,0,121,57,train,hard
Help needed: the delivery of my order is delayed what should i do?,The delivery of my order is delayed. What should I do?,1,121,121,dev,positive
Help needed: the delivery of my order is delayed what should i do?,What is the credit limit on the Bajaj Finserv card for shopping on Flipkart?,0,121,53,dev,random
Help needed: the delivery of my order is delayed what should i do?,I missed the delivery of my order today. What should I do?,0,121,57,dev,hard
there is a mismatch in warranty terms between flipkart and marque s site what will materialize to the warranty on my product today?,There is a mismatch in warranty terms between Flipkart and the brand's website. What will happen to the warranty on my product now?,1,122,122,train,positive
there is a mismatch in warranty terms between flipkart and marque s site what will materialize to the warranty on my product today?,What is the process after paying the ex-showroom price for Ampere Magnus EX on Flipkart?,0,122,5,train,random
there is a mismatch in warranty terms between flipkart and marque s site what will materialize to the warranty on my product today?,I see that the warranty terms for my product have changed on Flipkart from when I bought the product. Will this affect my warranty?,0,122,154,train,hard
Help needed: there is a mismatch in warranty terms between flipkart and the marque s site what will befall to the warranty on my product today?,There is a mismatch in warranty terms between Flipkart and the brand's website. What will happen to the warranty on my product now?,1,122,122,train,positive
Help needed: there is a mismatch in warranty terms between flipkart and the marque s site what will befall to the warranty on my product today?,Is there a gift wrap option available for Flipkart Quick orders?,0,122,212,train,random
Help needed: there is a mismatch in warranty terms between flipkart and the marque s site what will befall to the warranty on my product today?,I see that the warranty terms for my product have changed on Flipkart from when I bought the product. Will this affect my warranty?,0,122,154,train,hard
there is a mismatch in warranty terms between flipkart and the marque s site what will occur to the warranty on my product today? Thanks.,There is a mismatch in warranty terms between Flipkart and the brand's website. What will happen to the warranty on my product now?,1,122,122,dev,positive
there is a mismatch in warranty terms between flipkart and the marque s site what will occur to the warranty on my product today? Thanks.,What is the warranty being offered by Ather?,0,122,330,dev,random
there is a mismatch in warranty terms between flipkart and the marque s site what will occur to the warranty on my product today? Thanks.,I see that the warranty terms for my product have changed on Flipkart from when I bought the product. Will this affect my warranty?,0,122,154,dev,hard
Quick question: my flipkart plus membership is expiring shortly how can i a portion of plan again?,"My Flipkart Plus membership is expiring soon, how can I be a part of the program again?",1,123,123,train,positive
Quick question: my flipkart plus membership is expiring shortly how can i a portion of plan again?,"I've lost my Gift Card PIN, what can I do?",0,123,304,train,random
Quick question: my flipkart plus membership is expiring shortly how can i a portion of plan again?,Can I buy Flipkart Plus membership?,0,123,239,train,hard
Could you tell me my flipkart plus membership is expiring shortly can i be portion plan again?,"My Flipkart Plus membership is expiring soon, how can I be a part of the program again?",1,123,123,train,positive
Could you tell me my flipkart plus membership is expiring shortly can i be portion plan again?,Where can I check the expiry related details of my Flipkart Plus membership?,0,123,11,train,random
Could you tell me my flipkart plus membership is expiring shortly can i be portion plan again?,Can I buy Flipkart Plus membership?,0,123,239,train,hard
my flipkart plus membership is expiring shortly how can i be a component of the plan again? Thanks.,"My Flipkart Plus membership is expiring soon, how can I be a part of the program again?",1,123,123,dev,positive
my flipkart plus membership is expiring shortly how can i be a component of the plan again? Thanks.,Is there a battery subscription model for Ampere Magnus EX?,0,123,490,dev,random
my flipkart plus membership is expiring shortly how can i be a component of the plan again? Thanks.,Can I buy Flipkart Plus membership?,0,123,239,dev,hard
Help needed: why ca not track my edict still though it has been shipped?,Why can't I track my order even though it has been shipped?,1,124,124,train,positive
Help needed: why ca not track my edict still though it has been shipped?,What happens to the unused balance in my Gift Card after it expires?,0,124,357,train,random
Help needed: why ca not track my edict still though it has been shipped?,Why can't I get some items shipped to my location?,0,124,137,train,hard
Quick question: why ca not track my edict yet though been shipped?,Why can't I track my order even though it has been shipped?,1,124,124,train,positive
Quick question: why ca not track my edict yet though been shipped?,How long does the Ampere Magnus EX's battery last?,0,124,428,train,random
Quick question: why ca not track my edict yet though been shipped?,What should I do if my order is approved but hasn't been shipped yet?,0,124,28,train,hard
Could you tell me why ca not i track my edict yet though it has been shipped?,Why can't I track my order even though it has been shipped?,1,124,124,dev,positive
Could you tell me why ca not i track my edict yet though it has been shipped?,I see the 'Cancel' button but I can't click on it. Why?,0,124,160,dev,random
Could you tell me why ca not i track my edict yet though it has been shipped?,What should I do if my order is approved but hasn't been shipped yet?,0,124,28,dev,hard
how can i track my order the ather 2 wheeler after finish my payment on flipkart?,How can I track my order for the Ather 2-wheeler after completing my payment on Flipkart?,1,125,125,train,positive
how can i track my order the ather 2 wheeler after finish my payment on flipkart?,What accessories will be provided with Magnus EX?,0,125,434,train,random
how can i track my order the ather 2 wheeler after finish my payment on flipkart?,How can I track my order for the Hero MotoCorp 2-wheeler after completing my payment on Flipkart?,0,125,178,train,hard
how can i track my order the ather 2 wheeler after finish my payment on flipkart? Any idea?,How can I track my order for the Ather 2-wheeler after completing my payment on Flipkart?,1,125,125,train,positive
how can i track my order the ather 2 wheeler after finish my payment on flipkart? Any idea?,How can I apply for Flipkart Axis Bank Credit Card? Am I eligible for the card?,0,125,61,train,random
how can i track my order the ather 2 wheeler after finish my payment on flipkart? Any idea?,How can I track my order for the Hero MotoCorp 2-wheeler after completing my payment on Flipkart?,0,125,178,train,hard
how can i track my order for the ather 2 wheeler after finish my payment flipkart?,How can I track my order for the Ather 2-wheeler after completing my payment on Flipkart?,1,125,125,dev,positive
how can i track my order for the ather 2 wheeler after finish my payment flipkart?,How can I know the status of my refund?,0,125,144,dev,random
how can i track my order for the ather 2 wheeler after finish my payment flipkart?,How can I track my order for the Hero MotoCorp 2-wheeler after completing my payment on Flipkart?,0,125,178,dev,hard
what is advantage purchasing ampere magnus ex through flipkart? Thanks.,What is the advantage of buying Ampere Magnus EX through Flipkart?,1,126,126,train,positive
what is advantage purchasing ampere magnus ex through flipkart? Thanks.,What is an OTP or verification code?,0,126,131,train,random
what is advantage purchasing ampere magnus ex through flipkart? Thanks.,Is the warranty being offered by Flipkart for Ampere Magnus EX?,0,126,414,train,hard
"Hi, what the advantage purchasing ampere magnus ex through flipkart?",What is the advantage of buying Ampere Magnus EX through Flipkart?,1,126,126,train,positive
"Hi, what the advantage purchasing ampere magnus ex through flipkart?",Can I use my Gift Card to buy items from different sellers in the same order?,0,126,256,train,random
"Hi, what the advantage purchasing ampere magnus ex through flipkart?",What is the process after paying the ex-showroom price for Ampere Magnus EX on Flipkart?,0,126,5,train,hard
Quick question: what is the advantage of purchasing ampere magnus ex through flipkart?,What is the advantage of buying Ampere Magnus EX through Flipkart?,1,126,126,dev,positive
Quick question: what is the advantage of purchasing ampere magnus ex through flipkart?,What should I do if my order is approved but hasn't been shipped yet?,0,126,28,dev,random
Quick question: what is the advantage of purchasing ampere magnus ex through flipkart?,What is the advantage of buying a BGauss 2-wheeler vehicle through Flipkart?,0,126,70,dev,hard
Help needed: do i have to manually unlock a scratch card as component of supercoin pay?,Do I have to manually unlock a scratch card as part of SuperCoin Pay?,1,127,127,train,positive
Help needed: do i have to manually unlock a scratch card as component of supercoin pay?,What is the 'Save Card' feature?,0,127,467,train,random
Help needed: do i have to manually unlock a scratch card as component of supercoin pay?,What is the purpose of the scratch card in SuperCoin Pay?,0,127,201,train,hard
do to manually unlock scratch card as component supercoin pay?,Do I have to manually unlock a scratch card as part of SuperCoin Pay?,1,127,127,train,positive
do to manually unlock scratch card as component supercoin pay?,How can I deactivate my account?,0,127,211,train,random
do to manually unlock scratch card as component supercoin pay?,What is the purpose of the scratch card in SuperCoin Pay?,0,127,201,train,hard
Quick question: do i have manually unlock a scratch card component supercoin pay?,Do I have to manually unlock a scratch card as part of SuperCoin Pay?,1,127,127,dev,positive
Quick question: do i have manually unlock a scratch card component supercoin pay?,What all card information does Flipkart store?,0,127,376,dev,random
Quick question: do i have manually unlock a scratch card component supercoin pay?,What is the purpose of the scratch card in SuperCoin Pay?,0,127,201,dev,hard
are accelerated delivery alternative wish same day in a day usable on rejoin asking?,Are faster delivery options like Same Day & In-a-Day available on return requests?,1,128,128,train,positive
are accelerated delivery alternative wish same day in a day usable on rejoin asking?,What subsidies are being offered by Bounce and how to claim them?,0,128,55,train,random
are accelerated delivery alternative wish same day in a day usable on rejoin asking?,How is a 'business day' different from a regular day?,0,128,108,train,hard
are accelerated delivery alternative wish same day in a day useable on revert asking? Thanks.,Are faster delivery options like Same Day & In-a-Day available on return requests?,1,128,128,train,positive
are accelerated delivery alternative wish same day in a day useable on revert asking? Thanks.,Can SuperCoin Pay feature be used to shop online?,0,128,408,train,random
are accelerated delivery alternative wish same day in a day useable on revert asking? Thanks.,How is a 'business day' different from a regular day?,0,128,108,train,hard
Could you tell me are accelerated delivery choice wish same day in a day usable on rejoin asking?,Are faster delivery options like Same Day & In-a-Day available on return requests?,1,128,128,dev,positive
Could you tell me are accelerated delivery choice wish same day in a day usable on rejoin asking?,Why is the 'Cash on Delivery' payment mode not available at my location?,0,128,17,dev,random
Could you tell me are accelerated delivery choice wish same day in a day usable on rejoin asking?,How is a 'business day' different from a regular day?,0,128,108,dev,hard
Quick question: why am i unable to order products wish telly air conditioner refrigerator laundry machine furniture microwave treadmill etc at my location?,"Why am I unable to order products like television, air-conditioner, refrigerator, washing machine, furniture, microwave, treadmill, etc. at my location?",1,129,129,train,positive
Quick question: why am i unable to order products wish telly air conditioner refrigerator laundry machine furniture microwave treadmill etc at my location?,Where can I check the expiry related details of my Flipkart Plus membership?,0,129,11,train,random
Quick question: why am i unable to order products wish telly air conditioner refrigerator laundry machine furniture microwave treadmill etc at my location?,Why is the 'Cash on Delivery' payment mode not available at my location?,0,129,17,train,hard
Quick question: why i unable to order products wish video air conditioner refrigerator rinse machine furniture microwave treadmill etc at my location?,"Why am I unable to order products like television, air-conditioner, refrigerator, washing machine, furniture, microwave, treadmill, etc. at my location?",1,129,129,train,positive
Quick question: why i unable to order products wish video air conditioner refrigerator rinse machine furniture microwave treadmill etc at my location?,How can I place an order?,0,129,156,train,random
Quick question: why i unable to order products wish video air conditioner refrigerator rinse machine furniture microwave treadmill etc at my location?,Why is the 'Cash on Delivery' payment mode not available at my location?,0,129,17,train,hard
Quick question: why i unable order products wish video air conditioner refrigerator rinse machine furniture microwave treadmill etc at location?,"Why am I unable to order products like television, air-conditioner, refrigerator, washing machine, furniture, microwave, treadmill, etc. at my location?",1,129,129,dev,positive
Quick question: why i unable order products wish video air conditioner refrigerator rinse machine furniture microwave treadmill etc at location?,How quickly does the battery for Ampere Magnus EX charge again?,0,129,476,dev,random
Quick question: why i unable order products wish video air conditioner refrigerator rinse machine furniture microwave treadmill etc at location?,Why is the 'Cash on Delivery' payment mode not available at my location?,0,129,17,dev,hard
how i claim warranty for product?,How can I claim warranty for my product?,1,130,130,train,positive
how i claim warranty for product?,What are the documents required for the entire process of buying a BGauss 2-wheeler on Flipkart?,0,130,214,train,random
how i claim warranty for product?,How will I claim warranty for refurbished products?,0,130,74,train,hard
Could you tell me how can i claim warranty my product?,How can I claim warranty for my product?,1,130,130,train,positive
Could you tell me how can i claim warranty my product?,What charging options are available with Ather 2-wheelers. Is there a separate cost associated with it?,0,130,62,train,random
Could you tell me how can i claim warranty my product?,How will I claim warranty for refurbished products?,0,130,74,train,hard
how claim warranty for my product? Any idea?,How can I claim warranty for my product?,1,130,130,dev,positive
how claim warranty for my product? Any idea?,What charging options are available with Bounce 2-wheelers?,0,130,480,dev,random
how claim warranty for my product? Any idea?,How will I claim warranty for refurbished products?,0,130,74,dev,hard
Help needed: what is otp or verification code?,What is an OTP or verification code?,1,131,131,train,positive
Help needed: what is otp or verification code?,What is express delivery?,0,131,258,train,random
Help needed: what is otp or verification code?,What should I do if I don't get the OTP or verification code?,0,131,107,train,hard
Help needed: what an otp or verification code?,What is an OTP or verification code?,1,131,131,train,positive
Help needed: what an otp or verification code?,Can I order a product that is 'Out of Stock' or 'Temporarily Unavailable'?,0,131,68,train,random
Help needed: what an otp or verification code?,What should I do if I don't get the OTP or verification code?,0,131,107,train,hard
what is an otp verification code? Any idea?,What is an OTP or verification code?,1,131,131,dev,positive
what is an otp verification code? Any idea?,For how long is a payment code as a part of SuperCoin Pay valid once it is generated?,0,131,442,dev,random
what is an otp verification code? Any idea?,What should I do if I don't get the OTP or verification code?,0,131,107,dev,hard
Quick question: what should i do if a service centre deny my asking to renovate the product?,What should I do if a service centre denied my request to repair the product?,1,132,132,train,positive
Quick question: what should i do if a service centre deny my asking to renovate the product?,"My payment using the 'Credit Card No Cost EMI' payment mode did not go through, but the amount has been blocked on my card. What should I do?",0,132,481,train,random
Quick question: what should i do if a service centre deny my asking to renovate the product?,What should I do if I don't get the invoice for my order?,0,132,2,train,hard
what should i do if a service centre deny my asking to fix the product? Any idea?,What should I do if a service centre denied my request to repair the product?,1,132,132,train,positive
what should i do if a service centre deny my asking to fix the product? Any idea?,Why do I see different prices for the same product?,0,132,184,train,random
what should i do if a service centre deny my asking to fix the product? Any idea?,What should I do if I don't get the invoice for my order?,0,132,2,train,hard
what i do a service centre deny my asking to fix the product? Thanks.,What should I do if a service centre denied my request to repair the product?,1,132,132,dev,positive
what i do a service centre deny my asking to fix the product? Thanks.,Where will I find a scratch card after using SuperCoin Pay feature for an order?,0,132,280,dev,random
what i do a service centre deny my asking to fix the product? Thanks.,What date does the warranty service apply for my refurbished product purchased on Flipkart?,0,132,82,dev,hard
i prefer to save my card at the time payment but my card was not saved why?,I had opted to save my card at the time of payment but my card was not saved. Why?,1,133,133,train,positive
i prefer to save my card at the time payment but my card was not saved why?,What after-sales services are being provided by Bounce for 2-wheelers?,0,133,368,train,random
i prefer to save my card at the time payment but my card was not saved why?,Why is my card being saved on Flipkart?,0,133,220,train,hard
Quick question: i had choose to save my card at the time of payment card was not saved why?,I had opted to save my card at the time of payment but my card was not saved. Why?,1,133,133,train,positive
Quick question: i had choose to save my card at the time of payment card was not saved why?,For how long is a payment code as a part of SuperCoin Pay valid once it is generated?,0,133,442,train,random
Quick question: i had choose to save my card at the time of payment card was not saved why?,Can I choose to not accept a few items from my Flipkart Quick order at the time of delivery?,0,133,168,train,hard
"Hi, i prefer save my card at the time of payment but my card was not saved why?",I had opted to save my card at the time of payment but my card was not saved. Why?,1,133,133,dev,positive
"Hi, i prefer save my card at the time of payment but my card was not saved why?",What should I do if there is a difference in the warranty mentioned on Flipkart & the physical warranty card I got?,0,133,114,dev,random
"Hi, i prefer save my card at the time of payment but my card was not saved why?",Why is my card being saved on Flipkart?,0,133,220,dev,hard
what is the advantage of purchase a bounce 2 wheeler on flipkart?,What is the advantage of buying a Bounce 2-wheeler on Flipkart?,1,134,134,train,positive
what is the advantage of purchase a bounce 2 wheeler on flipkart?,What will happen if the Ampere authorised dealer who will contact me is very far from my location?,0,134,446,train,random
what is the advantage of purchase a bounce 2 wheeler on flipkart?,What is the advantage of buying a BGauss 2-wheeler vehicle through Flipkart?,0,134,70,train,hard
Could you tell me what the advantage of purchase bounce 2 wheeler flipkart?,What is the advantage of buying a Bounce 2-wheeler on Flipkart?,1,134,134,train,positive
Could you tell me what the advantage of purchase bounce 2 wheeler flipkart?,Is the price for a Bounce 2-wheeler inclusive of subsidy?,0,134,255,train,random
Could you tell me what the advantage of purchase bounce 2 wheeler flipkart?,What is the advantage of buying a BGauss 2-wheeler vehicle through Flipkart?,0,134,70,train,hard
Help needed: what is advantage of purchase a bounce 2 wheeler on flipkart?,What is the advantage of buying a Bounce 2-wheeler on Flipkart?,1,134,134,dev,positive
Help needed: what is advantage of purchase a bounce 2 wheeler on flipkart?,Which Credit cards are eligible for EMI?,0,134,391,dev,random
Help needed: what is advantage of purchase a bounce 2 wheeler on flipkart?,What is the advantage of buying a BGauss 2-wheeler vehicle through Flipkart?,0,134,70,dev,hard
can i transfer partially utilized gift card person?,Can I transfer partially used Gift Card to someone?,1,135,135,train,positive
can i transfer partially utilized gift card person?,Do I get a spare tyre with an Ather 2-wheeler?,0,135,498,train,random
can i transfer partially utilized gift card person?,What does 'Transfer' Gift Card in my Wallet do?,0,135,157,train,hard
can transfer partially utilized gift card to person? Any idea?,Can I transfer partially used Gift Card to someone?,1,135,135,train,positive
can transfer partially utilized gift card to person? Any idea?,How can I understand the grade of a refurbished product?,0,135,337,train,random
can transfer partially utilized gift card to person? Any idea?,What does 'Transfer' Gift Card in my Wallet do?,0,135,157,train,hard
can i transfer partially utilize gift card to person? Thanks.,Can I transfer partially used Gift Card to someone?,1,135,135,dev,positive
can i transfer partially utilize gift card to person? Thanks.,The delivery time mentioned for a BGauss 2-wheeler is too long. Is there anyway to get the 2-wheeler faster?,0,135,238,dev,random
can i transfer partially utilize gift card to person? Thanks.,What does 'Transfer' Gift Card in my Wallet do?,0,135,157,dev,hard
"Hi, my phonepe wallet is not activated do bring a repay credited to it?",My PhonePe Wallet is not activated. How do I get a refund credited to it?,1,136,136,train,positive
"Hi, my phonepe wallet is not activated do bring a repay credited to it?",How can I claim warranty for my product?,0,136,130,train,random
"Hi, my phonepe wallet is not activated do bring a repay credited to it?",How long will it take for a refund from Flipkart to my PhonePe wallet?,0,136,72,train,hard
Quick question: my phonepe wallet is not activated how do i find repay credited to?,My PhonePe Wallet is not activated. How do I get a refund credited to it?,1,136,136,train,positive
Quick question: my phonepe wallet is not activated how do i find repay credited to?,The delivery time mentioned for a BGauss 2-wheeler is too long. Is there anyway to get the 2-wheeler faster?,0,136,238,train,random
Quick question: my phonepe wallet is not activated how do i find repay credited to?,Do I need to install the PhonePe app to use the wallet option on my Flipkart account?,0,136,234,train,hard
Quick question: my phonepe wallet is not activated how do i make repay credited to?,My PhonePe Wallet is not activated. How do I get a refund credited to it?,1,136,136,dev,positive
Quick question: my phonepe wallet is not activated how do i make repay credited to?,When will I get the physical card?,0,136,454,dev,random
Quick question: my phonepe wallet is not activated how do i make repay credited to?,Do I need to install the PhonePe app to use the wallet option on my Flipkart account?,0,136,234,dev,hard
why ca not i bring some items shipped to my location? Any idea?,Why can't I get some items shipped to my location?,1,137,137,train,positive
why ca not i bring some items shipped to my location? Any idea?,Can I redeem SuperCoins to avail discount for Flipkart Gift Card?,0,137,384,train,random
why ca not i bring some items shipped to my location? Any idea?,Why can't I see Bajaj Finserv as a payment mode for some items?,0,137,101,train,hard
why ca not i take some items shipped to location? Thanks.,Why can't I get some items shipped to my location?,1,137,137,train,positive
why ca not i take some items shipped to location? Thanks.,Can I buy more than one Ampere vehicle in my name/same Flipkart account?,0,137,19,train,random
why ca not i take some items shipped to location? Thanks.,Why can't I see Bajaj Finserv as a payment mode for some items?,0,137,101,train,hard
Help needed: why ca not i find items shipped to my location?,Why can't I get some items shipped to my location?,1,137,137,dev,positive
Help needed: why ca not i find items shipped to my location?,How long do I have to pick up my shipment from the pick-up store?,0,137,33,dev,random
Help needed: why ca not i find items shipped to my location?,Why can't I track my order even though it has been shipped?,0,137,124,dev,hard
"Hi, will my product be installed the brand or flipkart if it is installed by flipkart will involve the warranty the product?","Will my product be installed by the brand or Flipkart? If it is installed by Flipkart, will it affect the warranty of the product?",1,138,138,train,positive
"Hi, will my product be installed the brand or flipkart if it is installed by flipkart will involve the warranty the product?",Why is the refurbished category not visible for me on my Flipkart app?,0,138,193,train,random
"Hi, will my product be installed the brand or flipkart if it is installed by flipkart will involve the warranty the product?",Should I register the product with the brand to avail the warranty benefits on it?,0,138,58,train,hard
Quick question: will my product be installed the brand flipkart if is installed by flipkart will impact the warranty the product?,"Will my product be installed by the brand or Flipkart? If it is installed by Flipkart, will it affect the warranty of the product?",1,138,138,train,positive
Quick question: will my product be installed the brand flipkart if is installed by flipkart will impact the warranty the product?,"My payment from the 'Bajaj Finserv No Cost EMI' payment mode did not go through, but the amount has been blocked on my card. What should I do?",0,138,499,train,random
Quick question: will my product be installed the brand flipkart if is installed by flipkart will impact the warranty the product?,I see that the warranty terms for my product have changed on Flipkart from when I bought the product. Will this affect my warranty?,0,138,154,train,hard
"Hi, will my product installed the brand or flipkart if it installed by flipkart will it impact the warranty of product?","Will my product be installed by the brand or Flipkart? If it is installed by Flipkart, will it affect the warranty of the product?",1,138,138,dev,positive
"Hi, will my product installed the brand or flipkart if it installed by flipkart will it impact the warranty of product?",Can I redeem my 'on the way' SuperCoins to avail discounts on product?,0,138,180,dev,random
"Hi, will my product installed the brand or flipkart if it installed by flipkart will it impact the warranty of product?",Should I register the product with the brand to avail the warranty benefits on it?,0,138,58,dev,hard
can i employ a corporate email id to sign up?,Can I use a corporate email ID to sign up?,1,139,139,train,positive
can i employ a corporate email id to sign up?,How can I track my order for the Hero MotoCorp 2-wheeler after completing my payment on Flipkart?,0,139,178,train,random
can i employ a corporate email id to sign up?,How can I change the email ID linked with my Flipkart account?,0,139,51,train,hard
Help needed: can utilize corporate email id to sign?,Can I use a corporate email ID to sign up?,1,139,139,train,positive
Help needed: can utilize corporate email id to sign?,How can I track my Flipkart Quick order?,0,139,240,train,random
Help needed: can utilize corporate email id to sign?,How can I change the email ID linked with my Flipkart account?,0,139,51,train,hard
can i apply a corporate email id sign? Thanks.,Can I use a corporate email ID to sign up?,1,139,139,dev,positive
can i apply a corporate email id sign? Thanks.,I missed the delivery of my order today. What should I do?,0,139,57,dev,random
can i apply a corporate email id sign? Thanks.,How can I change the email ID linked with my Flipkart account?,0,139,51,dev,hard
Quick question: what flipkart buyer protection?,What is Flipkart Buyer Protection?,1,140,140,train,positive
Quick question: what flipkart buyer protection?,Can I buy another Gift Card with the Gift Card I have?,0,140,378,train,random
Quick question: what flipkart buyer protection?,What is the Buyer Protection policy?,0,140,237,train,hard
"Hi, what flipkart buyer protection?",What is Flipkart Buyer Protection?,1,140,140,train,positive
"Hi, what flipkart buyer protection?",What all card information does Flipkart store?,0,140,376,train,random
"Hi, what flipkart buyer protection?",What is the Buyer Protection policy?,0,140,237,train,hard
what flipkart buyer protection? Thanks.,What is Flipkart Buyer Protection?,1,140,140,dev,positive
what flipkart buyer protection? Thanks.,Will I get the available bank offers on Flipkart platform if I choose to redeem SuperCoins through SuperCoin Pay?,0,140,166,dev,random
what flipkart buyer protection? Thanks.,What is the Buyer Protection policy?,0,140,237,dev,hard
how can i track my order the bgauss 2 wheeler after finish my payment on flipkart?,How can I track my order for the BGauss 2-wheeler after completing my payment on Flipkart?,1,141,141,train,positive
how can i track my order the bgauss 2 wheeler after finish my payment on flipkart?,Is the warranty for BGauss 2-wheelers being offered by Flipkart?,0,141,441,train,random
how can i track my order the bgauss 2 wheeler after finish my payment on flipkart?,How can I track my order for the Hero MotoCorp 2-wheeler after completing my payment on Flipkart?,0,141,178,train,hard
how can i track my order for bgauss 2 wheeler finish my payment flipkart?,How can I track my order for the BGauss 2-wheeler after completing my payment on Flipkart?,1,141,141,train,positive
how can i track my order for bgauss 2 wheeler finish my payment flipkart?,What is Flipkart Plus program?,0,141,183,train,random
how can i track my order for bgauss 2 wheeler finish my payment flipkart?,How can I track my order for the Hero MotoCorp 2-wheeler after completing my payment on Flipkart?,0,141,178,train,hard
"Hi, how can track order the bgauss 2 wheeler finish my payment on flipkart?",How can I track my order for the BGauss 2-wheeler after completing my payment on Flipkart?,1,141,141,dev,positive
"Hi, how can track order the bgauss 2 wheeler finish my payment on flipkart?",The delivery time mentioned for a BGauss 2-wheeler is too long. Is there anyway to get the 2-wheeler faster?,0,141,238,dev,random
"Hi, how can track order the bgauss 2 wheeler finish my payment on flipkart?",How can I track my order for the Hero MotoCorp 2-wheeler after completing my payment on Flipkart?,0,141,178,dev,hard
Could you tell me what is the average price of one service for an ather 2 wheeler?,What is the average cost of one service for an Ather 2-wheeler?,1,142,142,train,positive
Could you tell me what is the average price of one service for an ather 2 wheeler?,"While transacting on Flipkart platform, as part of SuperCoin Pay, can I redeem SuperCoins along with a prepaid payment mode provided by any bank?",0,142,487,train,random
Could you tell me what is the average price of one service for an ather 2 wheeler?,What is the average cost of one service for a BGauss 2-wheeler?,0,142,86,train,hard
Quick question: what is the average price of one service for an ather 2 wheeler?,What is the average cost of one service for an Ather 2-wheeler?,1,142,142,train,positive
Quick question: what is the average price of one service for an ather 2 wheeler?,How will my order be delivered?,0,142,219,train,random
Quick question: what is the average price of one service for an ather 2 wheeler?,What is the average cost of one service for a BGauss 2-wheeler?,0,142,86,train,hard
"Hi, what is the average price of one service for an ather 2 wheeler?",What is the average cost of one service for an Ather 2-wheeler?,1,142,142,dev,positive
"Hi, what is the average price of one service for an ather 2 wheeler?",What cards can I save on Flipkart?,0,142,469,dev,random
"Hi, what is the average price of one service for an ather 2 wheeler?",What is the average cost of one service for a BGauss 2-wheeler?,0,142,86,dev,hard
"Hi, are there certain things on flipkart i can not bargain through gift cards?",Are there certain things on Flipkart which I cannot buy through Gift Cards?,1,143,143,train,positive
"Hi, are there certain things on flipkart i can not bargain through gift cards?",Is my shipment safe at the pick-up store?,0,143,323,train,random
"Hi, are there certain things on flipkart i can not bargain through gift cards?",What cards can I save on Flipkart?,0,143,469,train,hard
Help needed: are certain things on flipkart which can not bargain through gift cards?,Are there certain things on Flipkart which I cannot buy through Gift Cards?,1,143,143,train,positive
Help needed: are certain things on flipkart which can not bargain through gift cards?,Why is the 'Cash on Delivery' payment mode not available at my location?,0,143,17,train,random
Help needed: are certain things on flipkart which can not bargain through gift cards?,Which Credit cards are eligible for EMI?,0,143,391,train,hard
are there certain things on flipkart which i not bargain through gift cards? Any idea?,Are there certain things on Flipkart which I cannot buy through Gift Cards?,1,143,143,dev,positive
are there certain things on flipkart which i not bargain through gift cards? Any idea?,Can I transfer ownership of my Flipkart Axis Bank Credit Card?,0,143,430,dev,random
are there certain things on flipkart which i not bargain through gift cards? Any idea?,Which Credit cards are eligible for EMI?,0,143,391,dev,hard
Could you tell me how i acknowledge position of my repayment?,How can I know the status of my refund?,1,144,144,train,positive
Could you tell me how i acknowledge position of my repayment?,Can refurbished products be searched by their product name?,0,144,401,train,random
Could you tell me how i acknowledge position of my repayment?,My Gift Card has expired. Can you extend its validity?,0,144,366,train,hard
how can i acknowledge the position my repay?,How can I know the status of my refund?,1,144,144,train,positive
how can i acknowledge the position my repay?,How does warranty work on replacement products?,0,144,263,train,random
how can i acknowledge the position my repay?,How can I pay for my order?,0,144,302,train,hard
Could you tell me how can recognize the position repay?,How can I know the status of my refund?,1,144,144,dev,positive
Could you tell me how can recognize the position repay?,How can I track my order for the Ather 2-wheeler after completing my payment on Flipkart?,0,144,125,dev,random
Could you tell me how can recognize the position repay?,My Gift Card has expired. Can you extend its validity?,0,144,366,dev,hard
"Hi, what i do if consignment is not at the selection up depot?",What should I do if my shipment is not at the pick-up store?,1,145,145,train,positive
"Hi, what i do if consignment is not at the selection up depot?",How does the pick-up store option on Flipkart work?,0,145,153,train,random
"Hi, what i do if consignment is not at the selection up depot?",What should I do if I don't get the invoice for my order?,0,145,2,train,hard
what should i do my loading is not at selection up depot? Thanks.,What should I do if my shipment is not at the pick-up store?,1,145,145,train,positive
what should i do my loading is not at selection up depot? Thanks.,What are in-app offers for SuperCoin Pay?,0,145,222,train,random
what should i do my loading is not at selection up depot? Thanks.,The option to buy a Hero MotoCorp 2-wheeler is not available at my pincode. What should I do?,0,145,425,train,hard
Help needed: what my consignment is not the selection up depot?,What should I do if my shipment is not at the pick-up store?,1,145,145,dev,positive
Help needed: what my consignment is not the selection up depot?,Is PhonePe wallet available on Flipkart's Windows and iOS apps too?,0,145,421,dev,random
Help needed: what my consignment is not the selection up depot?,What is a pick-up store?,0,145,288,dev,hard
i wish check warranty details the product but not the warranty scorecard should do?,I want to check my warranty details for the product but I don't have the warranty card. What should I do?,1,146,146,train,positive
i wish check warranty details the product but not the warranty scorecard should do?,Can I make the payment through cash or UPI payment mode to avail benefits as part of SuperCoin Pay at a third-party partner store?,0,146,406,train,random
i wish check warranty details the product but not the warranty scorecard should do?,I don't remember the warranty details for my product. Where can I find it?,0,146,26,train,hard
Help needed: i wish to check my warranty details for the product but not have the warranty scorecard what should i do?,I want to check my warranty details for the product but I don't have the warranty card. What should I do?,1,146,146,train,positive
Help needed: i wish to check my warranty details for the product but not have the warranty scorecard what should i do?,What are the benefits of choosing the pick-up store option for delivery?,0,146,89,train,random
Help needed: i wish to check my warranty details for the product but not have the warranty scorecard what should i do?,I don't remember the warranty details for my product. Where can I find it?,0,146,26,train,hard
i wishing to check my warranty details for product but not have the warranty scorecard what should i?,I want to check my warranty details for the product but I don't have the warranty card. What should I do?,1,146,146,dev,positive
i wishing to check my warranty details for product but not have the warranty scorecard what should i?,How can I use the earnings?,0,146,445,dev,random
i wishing to check my warranty details for product but not have the warranty scorecard what should i?,I don't remember the warranty details for my product. Where can I find it?,0,146,26,dev,hard
Could you tell me what does badge plus signify?,What does the badge Plus mean?,1,147,147,train,positive
Could you tell me what does badge plus signify?,How can I apply for Flipkart Axis Bank Credit Card? Am I eligible for the card?,0,147,61,train,random
Could you tell me what does badge plus signify?,What are the benefits of buying an item with a Plus badge?,0,147,67,train,hard
Help needed: what does the badge plus entail?,What does the badge Plus mean?,1,147,147,train,positive
Help needed: what does the badge plus entail?,Will Flipkart deliver the BGauss 2-wheeler to my home?,0,147,484,train,random
Help needed: what does the badge plus entail?,What are the benefits of buying an item with a Plus badge?,0,147,67,train,hard
what badge plus signify?,What does the badge Plus mean?,1,147,147,dev,positive
what badge plus signify?,I chose the wrong EMI plan while making the payment using Bajaj Finserv No Cost EMI option. Can I change it now?,0,147,290,dev,random
what badge plus signify?,What are the benefits of buying an item with a Plus badge?,0,147,67,dev,hard
what does the label imported beside a product signify? Any idea?,What does the tag 'Imported' beside a product mean?,1,148,148,train,positive
what does the label imported beside a product signify? Any idea?,What are the documents required to complete this application?,0,148,367,train,random
what does the label imported beside a product signify? Any idea?,What is a 'card label'?,0,148,394,train,hard
what does the label imported beside a product imply? Thanks.,What does the tag 'Imported' beside a product mean?,1,148,148,train,positive
what does the label imported beside a product imply? Thanks.,"In case I do not need a few items from the Flipkart Quick order, how do I cancel it?",0,148,216,train,random
what does the label imported beside a product imply? Thanks.,What is a 'card label'?,0,148,394,train,hard
Help needed: what does label imported beside a product entail?,What does the tag 'Imported' beside a product mean?,1,148,148,dev,positive
Help needed: what does label imported beside a product entail?,What are the documents required for the entire process of buying an Ampere Magnus EX on Flipkart?,0,148,329,dev,random
Help needed: what does label imported beside a product entail?,What is a 'card label'?,0,148,394,dev,hard
Could you tell me how can i pay with a saved credit debit card?,How can I pay with a saved Credit/Debit Card?,1,149,149,train,positive
Could you tell me how can i pay with a saved credit debit card?,Is a pick-up store option better than having the shipment sent directly to me?,0,149,41,train,random
Could you tell me how can i pay with a saved credit debit card?,How do I pay using a credit or debit card?,0,149,164,train,hard
Help needed: how can i pay with a saved credit debit card?,How can I pay with a saved Credit/Debit Card?,1,149,149,train,positive
Help needed: how can i pay with a saved credit debit card?,What are the cities/states that have third-party partner stores to redeem the SuperCoin Pay feature?,0,149,316,train,random
Help needed: how can i pay with a saved credit debit card?,How do I pay using a credit or debit card?,0,149,164,train,hard
Help needed: how can pay with saved credit debit card?,How can I pay with a saved Credit/Debit Card?,1,149,149,dev,positive
Help needed: how can pay with saved credit debit card?,"I always login using my phone number, but I recently lost my phone. I have also forgotten the password to my Flipkart account. How do I access it?",0,149,246,dev,random
Help needed: how can pay with saved credit debit card?,How do I pay using a credit or debit card?,0,149,164,dev,hard
Quick question: what after sales services being furnish flipkart for ampere 2 wheelers?,What after-sales services are being provided by Flipkart for Ampere 2-wheelers?,1,150,150,train,positive
Quick question: what after sales services being furnish flipkart for ampere 2 wheelers?,Can I get the refund for the item to any other mode if I have paid using the Bajaj Finserv payment option?,0,150,311,train,random
Quick question: what after sales services being furnish flipkart for ampere 2 wheelers?,What after-sales services are being provided by Flipkart for Hero MotoCorp 2-wheelers?,0,150,200,train,hard
what after sales services are being offer by flipkart for ampere 2 wheelers? Thanks.,What after-sales services are being provided by Flipkart for Ampere 2-wheelers?,1,150,150,train,positive
what after sales services are being offer by flipkart for ampere 2 wheelers? Thanks.,How can I claim warranty for my product?,0,150,130,train,random
what after sales services are being offer by flipkart for ampere 2 wheelers? Thanks.,What after-sales services are being provided by Flipkart for Hero MotoCorp 2-wheelers?,0,150,200,train,hard
what after sales services are being furnish by flipkart for ampere 2 wheelers?,What after-sales services are being provided by Flipkart for Ampere 2-wheelers?,1,150,150,dev,positive
what after sales services are being furnish by flipkart for ampere 2 wheelers?,Do I need to make a down payment to buy an item using the Bajaj Finserv EMI payment mode?,0,150,436,dev,random
what after sales services are being furnish by flipkart for ampere 2 wheelers?,What after-sales services are being provided by Flipkart for Hero MotoCorp 2-wheelers?,0,150,200,dev,hard
how will the supercoins gain estimate if i opt to buy a product utilize supercoins price? Any idea?,How will the SuperCoins earned be calculated if I choose to buy a product using 'SuperCoins Price'?,1,151,151,train,positive
how will the supercoins gain estimate if i opt to buy a product utilize supercoins price? Any idea?,I have not received the reimbursement of my courier charges. What should I do?,0,151,287,train,random
how will the supercoins gain estimate if i opt to buy a product utilize supercoins price? Any idea?,What is 'SuperCoins Price'?,0,151,417,train,hard
how will the supercoins gain be estimate if i opt to buy a product use supercoins price?,How will the SuperCoins earned be calculated if I choose to buy a product using 'SuperCoins Price'?,1,151,151,train,positive
how will the supercoins gain be estimate if i opt to buy a product use supercoins price?,Is there any annual fee?,0,151,465,train,random
how will the supercoins gain be estimate if i opt to buy a product use supercoins price?,Can I use more/less SuperCoins than what is mentioned as part of the 'SuperCoins Price' to buy a product?,0,151,215,train,hard
"Hi, how will the supercoins gain estimate if opt to buy product use supercoins price?",How will the SuperCoins earned be calculated if I choose to buy a product using 'SuperCoins Price'?,1,151,151,dev,positive
"Hi, how will the supercoins gain estimate if opt to buy product use supercoins price?",What after sales services are being provided by Flipkart for Ather 2-wheelers?,0,151,54,dev,random
"Hi, how will the supercoins gain estimate if opt to buy product use supercoins price?",Can I use more/less SuperCoins than what is mentioned as part of the 'SuperCoins Price' to buy a product?,0,151,215,dev,hard
can items returned time period cite in the seller s returns policy?,Can items be returned after the time period mentioned in the seller's Returns Policy?,1,152,152,train,positive
can items returned time period cite in the seller s returns policy?,What can I purchase using Flipkart Axis Bank Credit Card?,0,152,427,train,random
can items returned time period cite in the seller s returns policy?,Where can I find the seller's returns policy?,0,152,335,train,hard
can items be returned the time period cite in the seller s returns policy?,Can items be returned after the time period mentioned in the seller's Returns Policy?,1,152,152,train,positive
can items be returned the time period cite in the seller s returns policy?,Why do I see a shipping charge for an item with the Plus badge?,0,152,25,train,random
can items be returned the time period cite in the seller s returns policy?,Where can I find the seller's returns policy?,0,152,335,train,hard
can items be returned after the time period refer in the seller s returns policy? Thanks.,Can items be returned after the time period mentioned in the seller's Returns Policy?,1,152,152,dev,positive
can items be returned after the time period refer in the seller s returns policy? Thanks.,"My Flipkart Plus membership is expiring soon, how can I be a part of the program again?",0,152,123,dev,random
can items be returned after the time period refer in the seller s returns policy? Thanks.,Where can I find the seller's returns policy?,0,152,335,dev,hard
"Hi, how does the choice depot alternative on flipkart operate?",How does the pick-up store option on Flipkart work?,1,153,153,train,positive
"Hi, how does the choice depot alternative on flipkart operate?",What is the process after paying the ex-showroom price for Ampere Magnus EX on Flipkart?,0,153,5,train,random
"Hi, how does the choice depot alternative on flipkart operate?",How does Supercoin Pay feature work on Flipkart platform?,0,153,342,train,hard
how does the choice depot alternative on flipkart operate? Any idea?,How does the pick-up store option on Flipkart work?,1,153,153,train,positive
how does the choice depot alternative on flipkart operate? Any idea?,What is Flipkart's credit card EMI payment option?,0,153,497,train,random
how does the choice depot alternative on flipkart operate? Any idea?,How does Supercoin Pay feature work on Flipkart platform?,0,153,342,train,hard
how the choice up depot alternative flipkart operate? Any idea?,How does the pick-up store option on Flipkart work?,1,153,153,dev,positive
how the choice up depot alternative flipkart operate? Any idea?,How are refurbished products categorised on Flipkart?,0,153,431,dev,random
how the choice up depot alternative flipkart operate? Any idea?,Can I pay with any Credit card?,0,153,473,dev,hard
i realize that the warranty terms for product transformed on flipkart from when i purchase the product will involve my warranty?,I see that the warranty terms for my product have changed on Flipkart from when I bought the product. Will this affect my warranty?,1,154,154,train,positive
i realize that the warranty terms for product transformed on flipkart from when i purchase the product will involve my warranty?,What are the documents required for the entire process of buying an Ampere Magnus EX on Flipkart?,0,154,329,train,random
i realize that the warranty terms for product transformed on flipkart from when i purchase the product will involve my warranty?,From when is the warranty for my product applicable?,0,154,90,train,hard
Could you tell me i hear that the warranty terms my product have transformed on flipkart when i purchase the product will this impact my warranty?,I see that the warranty terms for my product have changed on Flipkart from when I bought the product. Will this affect my warranty?,1,154,154,train,positive
Could you tell me i hear that the warranty terms my product have transformed on flipkart when i purchase the product will this impact my warranty?,How can I change the email ID linked with my Flipkart account?,0,154,51,train,random
Could you tell me i hear that the warranty terms my product have transformed on flipkart when i purchase the product will this impact my warranty?,From when is the warranty for my product applicable?,0,154,90,train,hard
"Hi, i find the warranty terms for my product have shift on flipkart from when i buy the product will this involve my warranty?",I see that the warranty terms for my product have changed on Flipkart from when I bought the product. Will this affect my warranty?,1,154,154,dev,positive
"Hi, i find the warranty terms for my product have shift on flipkart from when i buy the product will this involve my warranty?",Is 'Credit Card No Cost EMI' payment mode available on Flipkart's Windows and iOS apps?,0,154,328,dev,random
"Hi, i find the warranty terms for my product have shift on flipkart from when i buy the product will this involve my warranty?",From when is the warranty for my product applicable?,0,154,90,dev,hard
Help needed: do want to verify my mobile number email address every time i log in?,Do I need to verify my mobile number or email address every time I log in?,1,155,155,train,positive
Help needed: do want to verify my mobile number email address every time i log in?,What all brands are part of the SuperCoin Pay program?,0,155,321,train,random
Help needed: do want to verify my mobile number email address every time i log in?,Why do I need to verify my mobile number or email address to log into my Flipkart account?,0,155,115,train,hard
"Hi, do ask verify my mobile number or email address every time i log in?",Do I need to verify my mobile number or email address every time I log in?,1,155,155,train,positive
"Hi, do ask verify my mobile number or email address every time i log in?",Should I register the product with the brand to avail the warranty benefits on it?,0,155,58,train,random
"Hi, do ask verify my mobile number or email address every time i log in?",Why do I need to verify my mobile number or email address to log into my Flipkart account?,0,155,115,train,hard
do i want verify mobile number or email address every time i log in? Any idea?,Do I need to verify my mobile number or email address every time I log in?,1,155,155,dev,positive
do i want verify mobile number or email address every time i log in? Any idea?,How is a 'business day' different from a regular day?,0,155,108,dev,random
do i want verify mobile number or email address every time i log in? Any idea?,Why do I need to verify my mobile number or email address to log into my Flipkart account?,0,155,115,dev,hard
how can i position an order? Any idea?,How can I place an order?,1,156,156,train,positive
how can i position an order? Any idea?,How does Supercoin Pay feature work on Flipkart platform?,0,156,342,train,random
how can i position an order? Any idea?,Can I use any Debit Card to pay for my order?,0,156,382,train,hard
how can i spot order? Thanks.,How can I place an order?,1,156,156,train,positive
how can i spot order? Thanks.,What is the purpose of the scratch card in SuperCoin Pay?,0,156,201,train,random
how can i spot order? Thanks.,How can I pay for my order?,0,156,302,train,hard
how can i spot order? Any idea?,How can I place an order?,1,156,156,dev,positive
how can i spot order? Any idea?,Where can I find the seller's returns policy?,0,156,335,dev,random
how can i spot order? Any idea?,Can I use any Debit Card to pay for my order?,0,156,382,dev,hard
Quick question: what does transfer gift card in my wallet do?,What does 'Transfer' Gift Card in my Wallet do?,1,157,157,train,positive
Quick question: what does transfer gift card in my wallet do?,Will Ampere cross-sell/upsell when I visit the brand authorised dealer?,0,157,356,train,random
Quick question: what does transfer gift card in my wallet do?,Does a Gift Card expire?,0,157,453,train,hard
what does transfer gift card in wallet do? Any idea?,What does 'Transfer' Gift Card in my Wallet do?,1,157,157,train,positive
what does transfer gift card in wallet do? Any idea?,How can I track my order for Ampere Magnus EX after completing my payment on Flipkart?,0,157,117,train,random
what does transfer gift card in wallet do? Any idea?,Does a Gift Card expire?,0,157,453,train,hard
Help needed: what does transfer gift card my wallet do?,What does 'Transfer' Gift Card in my Wallet do?,1,157,157,dev,positive
Help needed: what does transfer gift card my wallet do?,What is the process after paying the ex-showroom price for Ampere Magnus EX on Flipkart?,0,157,5,dev,random
Help needed: what does transfer gift card my wallet do?,Does a Gift Card expire?,0,157,453,dev,hard
Could you tell me how much electricity is mandatory charge battery of an ather vehicle?,How much electricity is required to charge the battery of an Ather vehicle?,1,158,158,train,positive
Could you tell me how much electricity is mandatory charge battery of an ather vehicle?,Is the warranty for BGauss 2-wheelers being offered by Flipkart?,0,158,441,train,random
Could you tell me how much electricity is mandatory charge battery of an ather vehicle?,How much electricity is required to charge the battery of Ampere Magnus EX?,0,158,419,train,hard
how much electricity necessitate to charge the battery of an ather vehicle? Thanks.,How much electricity is required to charge the battery of an Ather vehicle?,1,158,158,train,positive
how much electricity necessitate to charge the battery of an ather vehicle? Thanks.,Why are faster delivery options not available at my location?,0,158,231,train,random
how much electricity necessitate to charge the battery of an ather vehicle? Thanks.,How much electricity is required to charge the battery of Ampere Magnus EX?,0,158,419,train,hard
Quick question: how much electricity is necessary charge the battery of an ather vehicle?,How much electricity is required to charge the battery of an Ather vehicle?,1,158,158,dev,positive
Quick question: how much electricity is necessary charge the battery of an ather vehicle?,How do I claim warranty services for refurbished products?,0,158,66,dev,random
Quick question: how much electricity is necessary charge the battery of an ather vehicle?,How much electricity is required to charge the battery of Ampere Magnus EX?,0,158,419,dev,hard
Quick question: if i prefer supercoins price alternative will yet be eligible to avail bank provide other provide?,"If I choose 'SuperCoins Price' option, will I still be eligible to avail bank offers/other offers?",1,159,159,train,positive
Quick question: if i prefer supercoins price alternative will yet be eligible to avail bank provide other provide?,How can I claim warranty for my product?,0,159,130,train,random
Quick question: if i prefer supercoins price alternative will yet be eligible to avail bank provide other provide?,Do I need to be a Flipkart Plus member to avail the 'SuperCoins Price'?,0,159,187,train,hard
Could you tell me if i opt supercoins price alternative i nonetheless be eligible to avail bank provide other provide?,"If I choose 'SuperCoins Price' option, will I still be eligible to avail bank offers/other offers?",1,159,159,train,positive
Could you tell me if i opt supercoins price alternative i nonetheless be eligible to avail bank provide other provide?,What after-sales services are being provided by Flipkart for Hero MotoCorp 2-wheelers?,0,159,200,train,random
Could you tell me if i opt supercoins price alternative i nonetheless be eligible to avail bank provide other provide?,Do I need to be a Flipkart Plus member to avail the 'SuperCoins Price'?,0,159,187,train,hard
"Hi, if i opt supercoins price alternative i yet be eligible to avail bank provide other provide?","If I choose 'SuperCoins Price' option, will I still be eligible to avail bank offers/other offers?",1,159,159,dev,positive
"Hi, if i opt supercoins price alternative i yet be eligible to avail bank provide other provide?",What are the benefits of the Bajaj Finserv payment mode?,0,159,109,dev,random
"Hi, if i opt supercoins price alternative i yet be eligible to avail bank provide other provide?",Do I need to be a Flipkart Plus member to avail the 'SuperCoins Price'?,0,159,187,dev,hard
Could you tell me i hear the cancel button but ca not click on why?,I see the 'Cancel' button but I can't click on it. Why?,1,160,160,train,positive
Could you tell me i hear the cancel button but ca not click on why?,The option to buy a Hero MotoCorp 2-wheeler is not available at my pincode. What should I do?,0,160,425,train,random
Could you tell me i hear the cancel button but ca not click on why?,Why is the refurbished category not visible for me on my Flipkart app?,0,160,193,train,hard
Could you tell me i find cancel button but i ca not click on it?,I see the 'Cancel' button but I can't click on it. Why?,1,160,160,train,positive
Could you tell me i find cancel button but i ca not click on it?,Can I submit my documents online for a BGauss 2-wheeler and not visit the brand authorised dealer?,0,160,377,train,random
Could you tell me i find cancel button but i ca not click on it?,"My package shows as delivered but I can't find it, what should I do?",0,160,60,train,hard
Quick question: i hear the cancel button i ca not click on it why?,I see the 'Cancel' button but I can't click on it. Why?,1,160,160,dev,positive
Quick question: i hear the cancel button i ca not click on it why?,Why do I see a Return fee applicable to the order?,0,160,188,dev,random
Quick question: i hear the cancel button i ca not click on it why?,Can I cancel a part of my Flipkart Quick order after I have placed it?,0,160,96,dev,hard
can i resist the flipkart quick order the time of delivery? Any idea?,Can I reject the Flipkart Quick order at the time of delivery?,1,161,161,train,positive
can i resist the flipkart quick order the time of delivery? Any idea?,What are the EMI plans available if I pay using the Bajaj Finserv payment mode?,0,161,206,train,random
can i resist the flipkart quick order the time of delivery? Any idea?,Can I choose a preferred time slot for the delivery of Flipkart Quick orders?,0,161,189,train,hard
Quick question: can refuse the flipkart quick order at the time delivery?,Can I reject the Flipkart Quick order at the time of delivery?,1,161,161,train,positive
Quick question: can refuse the flipkart quick order at the time delivery?,I didn't get a warranty card with my product. How can I get the warranty?,0,161,42,train,random
Quick question: can refuse the flipkart quick order at the time delivery?,Can I choose to not accept a few items from my Flipkart Quick order at the time of delivery?,0,161,168,train,hard
can i eliminate the flipkart quick order at the time of delivery? Thanks.,Can I reject the Flipkart Quick order at the time of delivery?,1,161,161,dev,positive
can i eliminate the flipkart quick order at the time of delivery? Thanks.,Is there a battery subscription model for Ampere Magnus EX?,0,161,490,dev,random
can i eliminate the flipkart quick order at the time of delivery? Thanks.,Can I choose to not accept a few items from my Flipkart Quick order at the time of delivery?,0,161,168,dev,hard
is there a filter accessible through only find items with a plus badge? Thanks.,Is there a filter available through which I can only see items with a Plus badge?,1,162,162,train,positive
is there a filter accessible through only find items with a plus badge? Thanks.,What if my order amount is lesser than the Gift Card value?,0,162,243,train,random
is there a filter accessible through only find items with a plus badge? Thanks.,Do I have to pay extra for items with the Plus badge?,0,162,190,train,hard
Quick question: is a filter useable through can only watch items with a plus badge?,Is there a filter available through which I can only see items with a Plus badge?,1,162,162,train,positive
Quick question: is a filter useable through can only watch items with a plus badge?,What is the process after paying the ex-showroom price for a Bounce 2-wheeler on Flipkart?,0,162,22,train,random
Quick question: is a filter useable through can only watch items with a plus badge?,Do I have to pay extra for items with the Plus badge?,0,162,190,train,hard
is there a filter accessible through which can only watch items with a plus badge?,Is there a filter available through which I can only see items with a Plus badge?,1,162,162,dev,positive
is there a filter accessible through which can only watch items with a plus badge?,Why can't I get some items shipped to my location?,0,162,137,dev,random
is there a filter accessible through which can only watch items with a plus badge?,Do I have to pay extra for items with the Plus badge?,0,162,190,dev,hard
can i bring more items after i have put a flipkart quick order? Any idea?,Can I add more items after I have placed a Flipkart Quick order?,1,163,163,train,positive
can i bring more items after i have put a flipkart quick order? Any idea?,On what products will I get the option of 'SuperCoins Price'?,0,163,63,train,random
can i bring more items after i have put a flipkart quick order? Any idea?,Can I cancel a part of my Flipkart Quick order after I have placed it?,0,163,96,train,hard
Quick question: can i bring more items i have put a flipkart quick order?,Can I add more items after I have placed a Flipkart Quick order?,1,163,163,train,positive
Quick question: can i bring more items i have put a flipkart quick order?,What should I do if my shipment is not at the pick-up store?,0,163,145,train,random
Quick question: can i bring more items i have put a flipkart quick order?,How can I track my Flipkart Quick order?,0,163,240,train,hard
Could you tell me can bring more items after i have put a flipkart quick order?,Can I add more items after I have placed a Flipkart Quick order?,1,163,163,dev,positive
Could you tell me can bring more items after i have put a flipkart quick order?,Can I reject the Flipkart Quick order at the time of delivery?,0,163,161,dev,random
Could you tell me can bring more items after i have put a flipkart quick order?,Can I cancel a part of my Flipkart Quick order after I have placed it?,0,163,96,dev,hard
"Hi, how do i give utilize a credit or debit card?",How do I pay using a credit or debit card?,1,164,164,train,positive
"Hi, how do i give utilize a credit or debit card?",I had opted to save my card at the time of payment but my card was not saved. Why?,0,164,133,train,random
"Hi, how do i give utilize a credit or debit card?",How can I pay with a saved Credit/Debit Card?,0,164,149,train,hard
how do i give utilize a credit or debit card? Thanks.,How do I pay using a credit or debit card?,1,164,164,train,positive
how do i give utilize a credit or debit card? Thanks.,Can I use the Cash on Delivery payment option for every product I buy on Flipkart?,0,164,9,train,random
how do i give utilize a credit or debit card? Thanks.,How can I pay with a saved Credit/Debit Card?,0,164,149,train,hard
Help needed: how do i give utilize credit or debit card?,How do I pay using a credit or debit card?,1,164,164,dev,positive
Help needed: how do i give utilize credit or debit card?,Can I purchase rewards using Cash and Coins option from desktop?,0,164,393,dev,random
Help needed: how do i give utilize credit or debit card?,How can I pay with a saved Credit/Debit Card?,0,164,149,dev,hard
what is the average price of one service bounce 2 wheelers? Any idea?,What is the average cost of one service for Bounce 2-wheelers?,1,165,165,train,positive
what is the average price of one service bounce 2 wheelers? Any idea?,Can I use my saved cards for making a payment on Flipkart's mobile site/app?,0,165,85,train,random
what is the average price of one service bounce 2 wheelers? Any idea?,What is the average cost of one service for a BGauss 2-wheeler?,0,165,86,train,hard
"Hi, what the average price one service for bounce 2 wheelers?",What is the average cost of one service for Bounce 2-wheelers?,1,165,165,train,positive
"Hi, what the average price one service for bounce 2 wheelers?",Can I choose to not accept a few items from my Flipkart Quick order at the time of delivery?,0,165,168,train,random
"Hi, what the average price one service for bounce 2 wheelers?",What is the average cost of one service for a BGauss 2-wheeler?,0,165,86,train,hard
what is the average price of one service for bounce 2 wheelers?,What is the average cost of one service for Bounce 2-wheelers?,1,165,165,dev,positive
what is the average price of one service for bounce 2 wheelers?,Is the warranty being offered by Flipkart for Ampere Magnus EX?,0,165,414,dev,random
what is the average price of one service for bounce 2 wheelers?,What is the average cost of one service for a BGauss 2-wheeler?,0,165,86,dev,hard
will i make the accessible bank provide on flipkart platform if i opt to redeem supercoins through supercoin pay? Any idea?,Will I get the available bank offers on Flipkart platform if I choose to redeem SuperCoins through SuperCoin Pay?,1,166,166,train,positive
will i make the accessible bank provide on flipkart platform if i opt to redeem supercoins through supercoin pay? Any idea?,Can I change the delivery address after I have placed a Flipkart Quick order?,0,166,217,train,random
will i make the accessible bank provide on flipkart platform if i opt to redeem supercoins through supercoin pay? Any idea?,"While transacting on Flipkart platform, as part of SuperCoin Pay, can I redeem SuperCoins along with a prepaid payment mode provided by any bank?",0,166,487,train,hard
will i bring the accessible bank provide on flipkart platform opt to redeem supercoins through supercoin pay? Thanks.,Will I get the available bank offers on Flipkart platform if I choose to redeem SuperCoins through SuperCoin Pay?,1,166,166,train,positive
will i bring the accessible bank provide on flipkart platform opt to redeem supercoins through supercoin pay? Thanks.,What are the different payment options available for Flipkart Quick?,0,166,415,train,random
will i bring the accessible bank provide on flipkart platform opt to redeem supercoins through supercoin pay? Thanks.,"While transacting on Flipkart platform, as part of SuperCoin Pay, can I redeem SuperCoins along with a prepaid payment mode provided by any bank?",0,166,487,train,hard
Quick question: will come the accessible bank provide flipkart platform if i opt to redeem supercoins through supercoin pay?,Will I get the available bank offers on Flipkart platform if I choose to redeem SuperCoins through SuperCoin Pay?,1,166,166,dev,positive
Quick question: will come the accessible bank provide flipkart platform if i opt to redeem supercoins through supercoin pay?,"I have requested a replacement, when will I get it?",0,166,88,dev,random
Quick question: will come the accessible bank provide flipkart platform if i opt to redeem supercoins through supercoin pay?,"While transacting on Flipkart platform, as part of SuperCoin Pay, can I redeem SuperCoins along with a prepaid payment mode provided by any bank?",0,166,487,dev,hard
what do if i have matter with my product after the reappearance period? Thanks.,What should I do if I have an issue with my product after the return period?,1,167,167,train,positive
what do if i have matter with my product after the reappearance period? Thanks.,"My payment from the 'Bajaj Finserv No Cost EMI' payment mode did not go through, but the amount has been blocked on my card. What should I do?",0,167,499,train,random
what do if i have matter with my product after the reappearance period? Thanks.,I want to check my warranty details for the product but I don't have the warranty card. What should I do?,0,167,146,train,hard
what should i do if i have an subject my product after the revert period?,What should I do if I have an issue with my product after the return period?,1,167,167,train,positive
what should i do if i have an subject my product after the revert period?,I have a query about the EMI charge. What should I do?,0,167,324,train,random
what should i do if i have an subject my product after the revert period?,What should I do if I don't get the invoice for my order?,0,167,2,train,hard
Quick question: what should i do if i an matter with my product after the revert period?,What should I do if I have an issue with my product after the return period?,1,167,167,dev,positive
Quick question: what should i do if i an matter with my product after the revert period?,"I am able to see some 'SuperCoins Rewards', but why am I not able to buy them?",0,167,95,dev,random
Quick question: what should i do if i an matter with my product after the revert period?,What should I do if I don't get the invoice for my order?,0,167,2,dev,hard
Quick question: can opt to not take few items my flipkart quick order the time of delivery?,Can I choose to not accept a few items from my Flipkart Quick order at the time of delivery?,1,168,168,train,positive
Quick question: can opt to not take few items my flipkart quick order the time of delivery?,The option to buy a Hero MotoCorp 2-wheeler is not available at my pincode. What should I do?,0,168,425,train,random
Quick question: can opt to not take few items my flipkart quick order the time of delivery?,Can I reject the Flipkart Quick order at the time of delivery?,0,168,161,train,hard
can i opt to not swallow a few items from my flipkart quick order at the time of delivery? Any idea?,Can I choose to not accept a few items from my Flipkart Quick order at the time of delivery?,1,168,168,train,positive
can i opt to not swallow a few items from my flipkart quick order at the time of delivery? Any idea?,What is SuperCoin Pay feature?,0,168,447,train,random
can i opt to not swallow a few items from my flipkart quick order at the time of delivery? Any idea?,Can I reject the Flipkart Quick order at the time of delivery?,0,168,161,train,hard
"Hi, can i prefer to not admit a few items flipkart quick order at the time of delivery?",Can I choose to not accept a few items from my Flipkart Quick order at the time of delivery?,1,168,168,dev,positive
"Hi, can i prefer to not admit a few items flipkart quick order at the time of delivery?",Is the price for a Bounce 2-wheeler inclusive of subsidy?,0,168,255,dev,random
"Hi, can i prefer to not admit a few items flipkart quick order at the time of delivery?",Can I reject the Flipkart Quick order at the time of delivery?,0,168,161,dev,hard
can bargain more than one hero motocorp in my name through flipkart account?,Can I buy more than one Hero MotoCorp in my name/through Flipkart account?,1,169,169,train,positive
can bargain more than one hero motocorp in my name through flipkart account?,"My shipment is damaged at the self pickup store, what do I do?",0,169,97,train,random
can bargain more than one hero motocorp in my name through flipkart account?,Can I buy more than one BGauss 2-wheeler in my name/same Flipkart account?,0,169,27,train,hard
can i bargain more than one hero motocorp in my name through flipkart account?,Can I buy more than one Hero MotoCorp in my name/through Flipkart account?,1,169,169,train,positive
can i bargain more than one hero motocorp in my name through flipkart account?,Can I get the refund for the item to any other mode if I have paid using the Bajaj Finserv payment option?,0,169,311,train,random
can i bargain more than one hero motocorp in my name through flipkart account?,Can I buy more than one BGauss 2-wheeler in my name/same Flipkart account?,0,169,27,train,hard
"Hi, can i steal more than one hero motocorp in name through flipkart account?",Can I buy more than one Hero MotoCorp in my name/through Flipkart account?,1,169,169,dev,positive
"Hi, can i steal more than one hero motocorp in name through flipkart account?","If I cancel or return an item from my order, what will happen to my 'On the way' SuperCoins?",0,169,195,dev,random
"Hi, can i steal more than one hero motocorp in name through flipkart account?",Can I buy more than one BGauss 2-wheeler in my name/same Flipkart account?,0,169,27,dev,hard
Help needed: what is gstin invoicing boast?,What is GSTIN Invoicing feature?,1,170,170,train,positive
Help needed: what is gstin invoicing boast?,Do I have to pay extra for items with the Plus badge?,0,170,190,train,random
Help needed: what is gstin invoicing boast?,Who are all eligible for this GSTIN feature?,0,170,84,train,hard
"Hi, what is gstin invoicing boast?",What is GSTIN Invoicing feature?,1,170,170,train,positive
"Hi, what is gstin invoicing boast?","I have requested a replacement, when will I get it?",0,170,88,train,random
"Hi, what is gstin invoicing boast?",Who are all eligible for this GSTIN feature?,0,170,84,train,hard
what is gstin invoicing boast? Thanks.,What is GSTIN Invoicing feature?,1,170,170,dev,positive
what is gstin invoicing boast? Thanks.,Is PhonePe wallet available on Flipkart's Windows and iOS apps too?,0,170,421,dev,random
what is gstin invoicing boast? Thanks.,Who are all eligible for this GSTIN feature?,0,170,84,dev,hard
Quick question: how do i create payment utilize a preserved card?,How do I make a payment using a saved card?,1,171,171,train,positive
Quick question: how do i create payment utilize a preserved card?,"The address while ordering Ampere 2-wheeler on Flipkart is different from the one on my address proof (Aadhar Card), what should I do now?",0,171,247,train,random
Quick question: how do i create payment utilize a preserved card?,How can I track my Flipkart Quick order?,0,171,240,train,hard
Help needed: how do i get a payment use preserved card?,How do I make a payment using a saved card?,1,171,171,train,positive
Help needed: how do i get a payment use preserved card?,Why has the Flipkart Plus membership criteria changed from 300 to 200 SuperCoins?,0,171,119,train,random
Help needed: how do i get a payment use preserved card?,How can I use a Gift Card?,0,171,326,train,hard
Could you tell me how do i create payment use a preserved card?,How do I make a payment using a saved card?,1,171,171,dev,positive
Could you tell me how do i create payment use a preserved card?,When is a return of an item not possible?,0,171,209,dev,random
Could you tell me how do i create payment use a preserved card?,How can I use a Gift Card?,0,171,326,dev,hard
in city can purchase ampere magnus ex be make?,In which cities can the purchase of Ampere Magnus EX be made?,1,172,172,train,positive
in city can purchase ampere magnus ex be make?,How to know if my area has self pick-up service?,0,172,73,train,random
in city can purchase ampere magnus ex be make?,Will Flipkart deliver Ampere Magnus EX to my home?,0,172,470,train,hard
Quick question: in which metropolis can the purchase of ampere magnus ex be make?,In which cities can the purchase of Ampere Magnus EX be made?,1,172,172,train,positive
Quick question: in which metropolis can the purchase of ampere magnus ex be make?,Will my shipment be safe at the pickup store?,0,172,306,train,random
Quick question: in which metropolis can the purchase of ampere magnus ex be make?,In which all cities can the purchase of an Ather 2-wheeler be made?,0,172,235,train,hard
"Hi, in which city can the purchase of ampere magnus ex be make?",In which cities can the purchase of Ampere Magnus EX be made?,1,172,172,dev,positive
"Hi, in which city can the purchase of ampere magnus ex be make?",Can I cancel the order that I paced by redeeming SuperCoin through the SuperCoin Pay feature?,0,172,16,dev,random
"Hi, in which city can the purchase of ampere magnus ex be make?",In which all cities can the purchase of an Ather 2-wheeler be made?,0,172,235,dev,hard
Quick question: why is my favored store not demonstrate for supercoin pay on the flipkart app?,Why is my preferred store not showing up for SuperCoin Pay on the Flipkart app?,1,173,173,train,positive
Quick question: why is my favored store not demonstrate for supercoin pay on the flipkart app?,Is the warranty for BGauss 2-wheelers being offered by Flipkart?,0,173,441,train,random
Quick question: why is my favored store not demonstrate for supercoin pay on the flipkart app?,Why is the refurbished category not visible for me on my Flipkart app?,0,173,193,train,hard
Help needed: why is my choose store not indicate up for supercoin pay the flipkart app?,Why is my preferred store not showing up for SuperCoin Pay on the Flipkart app?,1,173,173,train,positive
Help needed: why is my choose store not indicate up for supercoin pay the flipkart app?,What does 'Permanently Discontinued' or 'Out of Print' mean?,0,173,116,train,random
Help needed: why is my choose store not indicate up for supercoin pay the flipkart app?,How do I pay for my Cash-on-Delivery order if I choose to pick up the product from the pick-up store?,0,173,318,train,hard
why is my favored store not display for supercoin pay on the flipkart app?,Why is my preferred store not showing up for SuperCoin Pay on the Flipkart app?,1,173,173,dev,positive
why is my favored store not display for supercoin pay on the flipkart app?,"If I merge my Flipkart accounts, will my SuperCoins also merge?",0,173,310,dev,random
why is my favored store not display for supercoin pay on the flipkart app?,Why is the refurbished category not visible for me on my Flipkart app?,0,173,193,dev,hard
what are modes repayment usable cancellation? Any idea?,What are the modes of refund available after cancellation?,1,174,174,train,positive
what are modes repayment usable cancellation? Any idea?,What is the warranty being offered by BGauss?,0,174,334,train,random
what are modes repayment usable cancellation? Any idea?,Can I pay with any Credit card?,0,174,473,train,hard
Help needed: what are the modes of repayment accessible after cancellation?,What are the modes of refund available after cancellation?,1,174,174,train,positive
Help needed: what are the modes of repayment accessible after cancellation?,When and how many times does a BGauss vehicle require servicing?,0,174,486,train,random
Help needed: what are the modes of repayment accessible after cancellation?,What are the benefits of the Bajaj Finserv payment mode?,0,174,109,train,hard
what are modes of repayment useable after cancellation?,What are the modes of refund available after cancellation?,1,174,174,dev,positive
what are modes of repayment useable after cancellation?,Can I cancel a part of my Flipkart Quick order after I have placed it?,0,174,96,dev,random
what are modes of repayment useable after cancellation?,What after sales services are being provided by Ather for 2-wheelers?,0,174,341,dev,hard
how do i liaison seller s partnered messenger service supplier?,How do I contact seller's partnered courier service providers?,1,175,175,train,positive
how do i liaison seller s partnered messenger service supplier?,Can I delete my saved cards?,0,175,489,train,random
how do i liaison seller s partnered messenger service supplier?,Where can I find the seller's returns policy?,0,175,335,train,hard
"Hi, how do i liaison seller s partnered messenger service supplier?",How do I contact seller's partnered courier service providers?,1,175,175,train,positive
"Hi, how do i liaison seller s partnered messenger service supplier?",Do I have to pay extra for items with the Plus badge?,0,175,190,train,random
"Hi, how do i liaison seller s partnered messenger service supplier?",Where can I find the seller's returns policy?,0,175,335,train,hard
how do liaison seller s partnered messenger service supplier? Thanks.,How do I contact seller's partnered courier service providers?,1,175,175,dev,positive
how do liaison seller s partnered messenger service supplier? Thanks.,What should I do if I find the package open or tampered on delivery?,0,175,80,dev,random
how do liaison seller s partnered messenger service supplier? Thanks.,Where can I find the seller's returns policy?,0,175,335,dev,hard
Quick question: is flipkart advantage the same as plus?,Is Flipkart Advantage the same as 'Plus'?,1,176,176,train,positive
Quick question: is flipkart advantage the same as plus?,How does warranty work on replacement products?,0,176,263,train,random
Quick question: is flipkart advantage the same as plus?,What is Flipkart Plus program?,0,176,183,train,hard
Quick question: is flipkart advantage the same plus?,Is Flipkart Advantage the same as 'Plus'?,1,176,176,train,positive
Quick question: is flipkart advantage the same plus?,Can I submit my documents online for a BGauss 2-wheeler and not visit the brand authorised dealer?,0,176,377,train,random
Quick question: is flipkart advantage the same plus?,What is Flipkart Plus program?,0,176,183,train,hard
is flipkart advantage same as plus? Any idea?,Is Flipkart Advantage the same as 'Plus'?,1,176,176,dev,positive
is flipkart advantage same as plus? Any idea?,What do the different order statuses in 'My Orders' mean?,0,176,283,dev,random
is flipkart advantage same as plus? Any idea?,What is Flipkart Plus program?,0,176,183,dev,hard
Help needed: what does out stock think?,What does 'Out of Stock' mean?,1,177,177,train,positive
Help needed: what does out stock think?,What is the process after paying the ex-showroom price for an Ather 2-wheeler on Flipkart?,0,177,30,train,random
Help needed: what does out stock think?,Can I order a product that is 'Out of Stock' or 'Temporarily Unavailable'?,0,177,68,train,hard
Could you tell me what does out of stock imply?,What does 'Out of Stock' mean?,1,177,177,train,positive
Could you tell me what does out of stock imply?,How can I pay if the order amount is more than the value of my Gift Card?,0,177,402,train,random
Could you tell me what does out of stock imply?,Can I order a product that is 'Out of Stock' or 'Temporarily Unavailable'?,0,177,68,train,hard
what does out of stock entail? Any idea?,What does 'Out of Stock' mean?,1,177,177,dev,positive
what does out of stock entail? Any idea?,Do I need to be a Flipkart Plus member to avail the 'SuperCoins Price'?,0,177,187,dev,random
what does out of stock entail? Any idea?,Can I order a product that is 'Out of Stock' or 'Temporarily Unavailable'?,0,177,68,dev,hard
Could you tell me how can i racetrack order for the hero motocorp 2 wheeler after finish my payment on flipkart?,How can I track my order for the Hero MotoCorp 2-wheeler after completing my payment on Flipkart?,1,178,178,train,positive
Could you tell me how can i racetrack order for the hero motocorp 2 wheeler after finish my payment on flipkart?,Can I submit my documents online for an Ather 2-wheeler and not visit the brand authorised dealer?,0,178,389,train,random
Could you tell me how can i racetrack order for the hero motocorp 2 wheeler after finish my payment on flipkart?,How can I track my order for the Ather 2-wheeler after completing my payment on Flipkart?,0,178,125,train,hard
Could you tell me how can i racetrack my order for the hero motocorp 2 wheeler after finish my payment on flipkart?,How can I track my order for the Hero MotoCorp 2-wheeler after completing my payment on Flipkart?,1,178,178,train,positive
Could you tell me how can i racetrack my order for the hero motocorp 2 wheeler after finish my payment on flipkart?,What is the warranty being offered by Hero MotoCorp?,0,178,369,train,random
Could you tell me how can i racetrack my order for the hero motocorp 2 wheeler after finish my payment on flipkart?,How can I track my order for the Ather 2-wheeler after completing my payment on Flipkart?,0,178,125,train,hard
how i racetrack order hero motocorp 2 wheeler after finish my payment flipkart? Any idea?,How can I track my order for the Hero MotoCorp 2-wheeler after completing my payment on Flipkart?,1,178,178,dev,positive
how i racetrack order hero motocorp 2 wheeler after finish my payment flipkart? Any idea?,What is the purpose of the scratch card in SuperCoin Pay?,0,178,201,dev,random
how i racetrack order hero motocorp 2 wheeler after finish my payment flipkart? Any idea?,Will Flipkart deliver the Hero MotoCorp 2-wheeler to my home?,0,178,464,dev,hard
"Hi, what is a renovate product how do i describe it on flipkart?",What is a refurbished product and how do I identify it on Flipkart?,1,179,179,train,positive
"Hi, what is a renovate product how do i describe it on flipkart?",Why can't I see 'Credit Card No Cost EMI' as a payment mode for some items?,0,179,308,train,random
"Hi, what is a renovate product how do i describe it on flipkart?",Is it necessary to register with PhonePe to use it on Flipkart?,0,179,192,train,hard
Help needed: what is a renovate product and how do i describe it on flipkart?,What is a refurbished product and how do I identify it on Flipkart?,1,179,179,train,positive
Help needed: what is a renovate product and how do i describe it on flipkart?,How quickly can I get my order delivered?,0,179,226,train,random
Help needed: what is a renovate product and how do i describe it on flipkart?,What is No Cost EMI and how can I avail it?,0,179,185,train,hard
Could you tell me what is a renovate product and do i describe it flipkart?,What is a refurbished product and how do I identify it on Flipkart?,1,179,179,dev,positive
Could you tell me what is a renovate product and do i describe it flipkart?,What is the process after paying the ex-showroom price for a BGauss 2-wheeler on Flipkart?,0,179,14,dev,random
Could you tell me what is a renovate product and do i describe it flipkart?,What is No Cost EMI and how can I avail it?,0,179,185,dev,hard
can redeem my on the path supercoins to avail rebate on product?,Can I redeem my 'on the way' SuperCoins to avail discounts on product?,1,180,180,train,positive
can redeem my on the path supercoins to avail rebate on product?,For how long is a payment code as a part of SuperCoin Pay valid once it is generated?,0,180,442,train,random
can redeem my on the path supercoins to avail rebate on product?,Can I redeem SuperCoins to avail discounts for products on Shopsy?,0,180,387,train,hard
can i redeem my on the path supercoins to avail rebate on product?,Can I redeem my 'on the way' SuperCoins to avail discounts on product?,1,180,180,train,positive
can i redeem my on the path supercoins to avail rebate on product?,Where can I read more detailed terms and conditions of the Flipkart Plus program?,0,180,83,train,random
can i redeem my on the path supercoins to avail rebate on product?,Can I redeem SuperCoins to avail discounts for products on Shopsy?,0,180,387,train,hard
"Hi, can i redeem on the path supercoins to avail rebate product?",Can I redeem my 'on the way' SuperCoins to avail discounts on product?,1,180,180,dev,positive
"Hi, can i redeem on the path supercoins to avail rebate product?",Do I need to make a down payment to buy an item using the Bajaj Finserv EMI payment mode?,0,180,436,dev,random
"Hi, can i redeem on the path supercoins to avail rebate product?",Can I redeem SuperCoins to avail discount for Flipkart Gift Card?,0,180,384,dev,hard
how will i find my repay for rejoin an item paid for with cash on delivery? Any idea?,How will I get my refund for returning an item I paid for with Cash on Delivery?,1,181,181,train,positive
how will i find my repay for rejoin an item paid for with cash on delivery? Any idea?,What is the amount I can shop for with Cash on Delivery payment option?,0,181,210,train,random
how will i find my repay for rejoin an item paid for with cash on delivery? Any idea?,Can I combine the balance on my Gift Cards with Cash on Delivery to pay for an order?,0,181,300,train,hard
how bring repay rejoin an item i paid for cash delivery? Any idea?,How will I get my refund for returning an item I paid for with Cash on Delivery?,1,181,181,train,positive
how bring repay rejoin an item i paid for cash delivery? Any idea?,Is the price for a Bounce 2-wheeler inclusive of subsidy?,0,181,255,train,random
how bring repay rejoin an item i paid for cash delivery? Any idea?,Can I get the refund for the item to any other mode if I have paid using the Bajaj Finserv payment option?,0,181,311,train,hard
Quick question: how come my repay for reverting an item i paid for cash delivery?,How will I get my refund for returning an item I paid for with Cash on Delivery?,1,181,181,dev,positive
Quick question: how come my repay for reverting an item i paid for cash delivery?,Can I transfer SuperCoins to different Flipkart account?,0,181,381,dev,random
Quick question: how come my repay for reverting an item i paid for cash delivery?,What is Cash on Delivery?,0,181,294,dev,hard
Could you tell me why do watch a delivery charge?,Why do I see a 'delivery charge'?,1,182,182,train,positive
Could you tell me why do watch a delivery charge?,Which Credit cards are eligible for EMI?,0,182,391,train,random
Could you tell me why do watch a delivery charge?,Why do I see a shipping charge for an item with the Plus badge?,0,182,25,train,hard
why do i realize a delivery charge?,Why do I see a 'delivery charge'?,1,182,182,train,positive
why do i realize a delivery charge?,How quickly does the battery for BGauss 2-wheelers charge again?,0,182,303,train,random
why do i realize a delivery charge?,Why do I see a shipping charge for an item with the Plus badge?,0,182,25,train,hard
Could you tell me why do i hear a delivery charge?,Why do I see a 'delivery charge'?,1,182,182,dev,positive
Could you tell me why do i hear a delivery charge?,How can I label my saved cards?,0,182,379,dev,random
Could you tell me why do i hear a delivery charge?,Why do I see a shipping charge for an item with the Plus badge?,0,182,25,dev,hard
Could you tell me what is flipkart plus curriculum?,What is Flipkart Plus program?,1,183,183,train,positive
Could you tell me what is flipkart plus curriculum?,Is the warranty for BGauss 2-wheelers being offered by Flipkart?,0,183,441,train,random
Could you tell me what is flipkart plus curriculum?,What is Plus Zone?,0,183,225,train,hard
what flipkart plus plan? Thanks.,What is Flipkart Plus program?,1,183,183,train,positive
what flipkart plus plan? Thanks.,What are the documents required to complete this application?,0,183,367,train,random
what flipkart plus plan? Thanks.,What is Plus Zone?,0,183,225,train,hard
what is flipkart plus curriculum? Any idea?,What is Flipkart Plus program?,1,183,183,dev,positive
what is flipkart plus curriculum? Any idea?,Is the price for an Ather 2-wheeler inclusive of subsidy?,0,183,279,dev,random
what is flipkart plus curriculum? Any idea?,What is Plus Zone?,0,183,225,dev,hard
Help needed: why do i find different cost for the same product?,Why do I see different prices for the same product?,1,184,184,train,positive
Help needed: why do i find different cost for the same product?,How is a 'business day' different from a regular day?,0,184,108,train,random
Help needed: why do i find different cost for the same product?,Why do I see different prices for books with the same title?,0,184,52,train,hard
Quick question: why i find different cost for the same product?,Why do I see different prices for the same product?,1,184,184,train,positive
Quick question: why i find different cost for the same product?,What should I do if I don't get the OTP or verification code?,0,184,107,train,random
Quick question: why i find different cost for the same product?,What are the different payment options available for Flipkart Quick?,0,184,415,train,hard
"Hi, why do i find different cost for the same product?",Why do I see different prices for the same product?,1,184,184,dev,positive
"Hi, why do i find different cost for the same product?",How can I pay for my order using the 'Credit Card No Cost EMI' payment mode?,0,184,45,dev,random
"Hi, why do i find different cost for the same product?",Why do I see different prices for books with the same title?,0,184,52,dev,hard
Could you tell me what is no cost emi and how i avail it?,What is No Cost EMI and how can I avail it?,1,185,185,train,positive
Could you tell me what is no cost emi and how i avail it?,What are the limits to buy Gift Cards?,0,185,292,train,random
Could you tell me what is no cost emi and how i avail it?,What is 'Credit Card No Cost EMI'?,0,185,266,train,hard
what no cost emi and how i avail it? Any idea?,What is No Cost EMI and how can I avail it?,1,185,185,train,positive
what no cost emi and how i avail it? Any idea?,"The address while ordering Bounce vehicle on Flipkart is different from the one on my address proof (Aadhar Card), what should I do now?",0,185,259,train,random
what no cost emi and how i avail it? Any idea?,What is 'Credit Card No Cost EMI'?,0,185,266,train,hard
"Hi, what no cost emi how avail?",What is No Cost EMI and how can I avail it?,1,185,185,dev,positive
"Hi, what no cost emi how avail?",What is the process after paying the ex-showroom price for an Ather 2-wheeler on Flipkart?,0,185,30,dev,random
"Hi, what no cost emi how avail?",What is 'Credit Card No Cost EMI'?,0,185,266,dev,hard
do i want to have a driving permission to drive a bounce 2 wheeler? Thanks.,Do I need to have a driving license to drive a Bounce 2-wheeler?,1,186,186,train,positive
do i want to have a driving permission to drive a bounce 2 wheeler? Thanks.,How is 'Credit Card No Cost EMI' different from 'Credit Card EMI' payment mode?,0,186,3,train,random
do i want to have a driving permission to drive a bounce 2 wheeler? Thanks.,Do I need to have a driving license to drive Hero MotoCorp 2-wheelers?,0,186,395,train,hard
do i ask to have a driving permission to drive a bounce 2 wheeler? Thanks.,Do I need to have a driving license to drive a Bounce 2-wheeler?,1,186,186,train,positive
do i ask to have a driving permission to drive a bounce 2 wheeler? Thanks.,"The address while ordering Ampere 2-wheeler on Flipkart is different from the one on my address proof (Aadhar Card), what should I do now?",0,186,247,train,random
do i ask to have a driving permission to drive a bounce 2 wheeler? Thanks.,Do I need to have a driving license to drive Hero MotoCorp 2-wheelers?,0,186,395,train,hard
Quick question: do want to driving permission to drive a bounce 2 wheeler?,Do I need to have a driving license to drive a Bounce 2-wheeler?,1,186,186,dev,positive
Quick question: do want to driving permission to drive a bounce 2 wheeler?,Do I get a spare tyre with an Ather 2-wheeler?,0,186,498,dev,random
Quick question: do want to driving permission to drive a bounce 2 wheeler?,Do I need to have a driving license to drive Hero MotoCorp 2-wheelers?,0,186,395,dev,hard
do want be flipkart plus member to avail supercoins price? Thanks.,Do I need to be a Flipkart Plus member to avail the 'SuperCoins Price'?,1,187,187,train,positive
do want be flipkart plus member to avail supercoins price? Thanks.,What subsidies are being offered by Ampere and how to claim them?,0,187,39,train,random
do want be flipkart plus member to avail supercoins price? Thanks.,What is 'SuperCoins Price'?,0,187,417,train,hard
do i want be a flipkart plus member to avail the supercoins price? Thanks.,Do I need to be a Flipkart Plus member to avail the 'SuperCoins Price'?,1,187,187,train,positive
do i want be a flipkart plus member to avail the supercoins price? Thanks.,Where can I read more detailed terms and conditions of the Flipkart Plus program?,0,187,83,train,random
do i want be a flipkart plus member to avail the supercoins price? Thanks.,What are the benefits that a Flipkart Plus member gets?,0,187,218,train,hard
Could you tell me do want to be a flipkart plus member avail the supercoins price?,Do I need to be a Flipkart Plus member to avail the 'SuperCoins Price'?,1,187,187,dev,positive
Could you tell me do want to be a flipkart plus member avail the supercoins price?,Are there certain things on Flipkart which I cannot buy through Gift Cards?,0,187,143,dev,random
Could you tell me do want to be a flipkart plus member avail the supercoins price?,What are the benefits that a Flipkart Plus member gets?,0,187,218,dev,hard
Help needed: why do i look return fee relevant to the decree?,Why do I see a Return fee applicable to the order?,1,188,188,train,positive
Help needed: why do i look return fee relevant to the decree?,Why have I been asked to ship the item?,0,188,293,train,random
Help needed: why do i look return fee relevant to the decree?,How is the Return Fee determined?,0,188,317,train,hard
Quick question: why do i look a return fee relevant the edict?,Why do I see a Return fee applicable to the order?,1,188,188,train,positive
Quick question: why do i look a return fee relevant the edict?,When are refunds given?,0,188,269,train,random
Quick question: why do i look a return fee relevant the edict?,How is the Return Fee determined?,0,188,317,train,hard
Quick question: why do i find return fee relevant the decree?,Why do I see a Return fee applicable to the order?,1,188,188,dev,positive
Quick question: why do i find return fee relevant the decree?,What will happen if the Bounce authorised dealer who will contact me is very far from my location?,0,188,449,dev,random
Quick question: why do i find return fee relevant the decree?,How is the Return Fee determined?,0,188,317,dev,hard
Quick question: can i prefer a desirable time slot the delivery of flipkart quick orders?,Can I choose a preferred time slot for the delivery of Flipkart Quick orders?,1,189,189,train,positive
Quick question: can i prefer a desirable time slot the delivery of flipkart quick orders?,Do I get a spare tyre with a Hero MotoCorp 2-wheeler?,0,189,468,train,random
Quick question: can i prefer a desirable time slot the delivery of flipkart quick orders?,Can I modify my chosen time slot for the delivery of Flipkart Quick orders?,0,189,196,train,hard
can i prefer opt time slot for the delivery of flipkart quick orders? Thanks.,Can I choose a preferred time slot for the delivery of Flipkart Quick orders?,1,189,189,train,positive
can i prefer opt time slot for the delivery of flipkart quick orders? Thanks.,How can I use my mobile number to login on the Flipkart mobile app?,0,189,1,train,random
can i prefer opt time slot for the delivery of flipkart quick orders? Thanks.,Can I modify my chosen time slot for the delivery of Flipkart Quick orders?,0,189,196,train,hard
Help needed: can opt a opt time slot the delivery flipkart quick orders?,Can I choose a preferred time slot for the delivery of Flipkart Quick orders?,1,189,189,dev,positive
Help needed: can opt a opt time slot the delivery flipkart quick orders?,Can I use an international number to sign up?,0,189,197,dev,random
Help needed: can opt a opt time slot the delivery flipkart quick orders?,Can I modify my chosen time slot for the delivery of Flipkart Quick orders?,0,189,196,dev,hard
do have give additional for items with the plus badge? Any idea?,Do I have to pay extra for items with the Plus badge?,1,190,190,train,positive
do have give additional for items with the plus badge? Any idea?,How is 'Credit Card No Cost EMI' different from 'Credit Card EMI' payment mode?,0,190,3,train,random
do have give additional for items with the plus badge? Any idea?,Why do I see a shipping charge for an item with the Plus badge?,0,190,25,train,hard
Help needed: do i have to give additional items with the plus badge?,Do I have to pay extra for items with the Plus badge?,1,190,190,train,positive
Help needed: do i have to give additional items with the plus badge?,Who are all eligible for this GSTIN feature?,0,190,84,train,random
Help needed: do i have to give additional items with the plus badge?,Is there a filter available through which I can only see items with a Plus badge?,0,190,162,train,hard
do i have to give additional for items with the plus badge?,Do I have to pay extra for items with the Plus badge?,1,190,190,dev,positive
do i have to give additional for items with the plus badge?,Is there a limit on how many Gift Cards I can use in a single order?,0,190,372,dev,random
do i have to give additional for items with the plus badge?,Why do I see a shipping charge for an item with the Plus badge?,0,190,25,dev,hard
Help needed: what does preorder forthcoming signify?,What does 'Preorder' or 'Forthcoming' mean?,1,191,191,train,positive
Help needed: what does preorder forthcoming signify?,What is Bajaj Finserv payment mode?,0,191,340,train,random
Help needed: what does preorder forthcoming signify?,What does the badge Plus mean?,0,191,147,train,hard
Quick question: what does preorder or forthcoming imply?,What does 'Preorder' or 'Forthcoming' mean?,1,191,191,train,positive
Quick question: what does preorder or forthcoming imply?,What is the advantage of buying an Ather 2-wheeler vehicle through Flipkart?,0,191,78,train,random
Quick question: what does preorder or forthcoming imply?,Is the delivery for Flipkart Quick free or chargeable?,0,191,224,train,hard
Quick question: what preorder forthcoming think?,What does 'Preorder' or 'Forthcoming' mean?,1,191,191,dev,positive
Quick question: what preorder forthcoming think?,How is 'Credit Card No Cost EMI' different from 'Credit Card EMI' payment mode?,0,191,3,dev,random
Quick question: what preorder forthcoming think?,How can I track my Flipkart Quick order?,0,191,240,dev,hard
Could you tell me is it needed to register phonepe to usage it on flipkart?,Is it necessary to register with PhonePe to use it on Flipkart?,1,192,192,train,positive
Could you tell me is it needed to register phonepe to usage it on flipkart?,How long does it take to cancel an order?,0,192,112,train,random
Could you tell me is it needed to register phonepe to usage it on flipkart?,Should I register the product with the brand to avail the warranty benefits on it?,0,192,58,train,hard
is it essential to register phonepe employ it on flipkart? Thanks.,Is it necessary to register with PhonePe to use it on Flipkart?,1,192,192,train,positive
is it essential to register phonepe employ it on flipkart? Thanks.,How can I apply for Flipkart Axis Bank Credit Card? Am I eligible for the card?,0,192,61,train,random
is it essential to register phonepe employ it on flipkart? Thanks.,Should I register the product with the brand to avail the warranty benefits on it?,0,192,58,train,hard
Quick question: is it requisite register with phonepe to apply it on flipkart?,Is it necessary to register with PhonePe to use it on Flipkart?,1,192,192,dev,positive
Quick question: is it requisite register with phonepe to apply it on flipkart?,"I've lost my Gift Card PIN, what can I do?",0,192,304,dev,random
Quick question: is it requisite register with phonepe to apply it on flipkart?,Should I register the product with the brand to avail the warranty benefits on it?,0,192,58,dev,hard
why is refurbished category not viewable for on flipkart app? Any idea?,Why is the refurbished category not visible for me on my Flipkart app?,1,193,193,train,positive
why is refurbished category not viewable for on flipkart app? Any idea?,Can I redeem all of my available SuperCoins while using the SuperCoin Pay feature?,0,193,111,train,random
why is refurbished category not viewable for on flipkart app? Any idea?,Why is my preferred store not showing up for SuperCoin Pay on the Flipkart app?,0,193,173,train,hard
Could you tell me why the refurbished category not viewable for me on my flipkart app?,Why is the refurbished category not visible for me on my Flipkart app?,1,193,193,train,positive
Could you tell me why the refurbished category not viewable for me on my flipkart app?,What does 'Transfer' Gift Card in my Wallet do?,0,193,157,train,random
Could you tell me why the refurbished category not viewable for me on my flipkart app?,Why is my preferred store not showing up for SuperCoin Pay on the Flipkart app?,0,193,173,train,hard
Quick question: why is the refurbished category not viewable me on flipkart app?,Why is the refurbished category not visible for me on my Flipkart app?,1,193,193,dev,positive
Quick question: why is the refurbished category not viewable me on flipkart app?,What are the benefits that a Flipkart Plus member gets?,0,193,218,dev,random
Quick question: why is the refurbished category not viewable me on flipkart app?,Why is my preferred store not showing up for SuperCoin Pay on the Flipkart app?,0,193,173,dev,hard
Help needed: what are the thorough terms and circumstance for supercoins rewards?,What are the complete terms and conditions for 'SuperCoins Rewards'?,1,194,194,train,positive
Help needed: what are the thorough terms and circumstance for supercoins rewards?,How can I use my mobile number to login on the Flipkart mobile app?,0,194,1,train,random
Help needed: what are the thorough terms and circumstance for supercoins rewards?,Will I get SuperCoins for using Cash and Coins for Rewards?,0,194,346,train,hard
what are the thorough terms and circumstance supercoins rewards? Any idea?,What are the complete terms and conditions for 'SuperCoins Rewards'?,1,194,194,train,positive
what are the thorough terms and circumstance supercoins rewards? Any idea?,How can I label my saved cards?,0,194,379,train,random
what are the thorough terms and circumstance supercoins rewards? Any idea?,What are 'SuperCoins Rewards' available on the SuperCoin Zone and how can I avail them?,0,194,405,train,hard
"Hi, what are the thorough terms and circumstance for supercoins rewards?",What are the complete terms and conditions for 'SuperCoins Rewards'?,1,194,194,dev,positive
"Hi, what are the thorough terms and circumstance for supercoins rewards?",Can I use my Gift Card to buy items from different sellers in the same order?,0,194,256,dev,random
"Hi, what are the thorough terms and circumstance for supercoins rewards?",Will I get SuperCoins for using Cash and Coins for Rewards?,0,194,346,dev,hard
Help needed: if i invalidate rejoin an item from my decree will materialize to my on the means supercoins?,"If I cancel or return an item from my order, what will happen to my 'On the way' SuperCoins?",1,195,195,train,positive
Help needed: if i invalidate rejoin an item from my decree will materialize to my on the means supercoins?,What happens to the unused balance in my Gift Card after it expires?,0,195,357,train,random
Help needed: if i invalidate rejoin an item from my decree will materialize to my on the means supercoins?,"If I cancel or return an item from my order, will the SuperCoins credited be deducted?",0,195,24,train,hard
"Hi, if i invalidate or revert an item from my edict what will materialize on the means supercoins?","If I cancel or return an item from my order, what will happen to my 'On the way' SuperCoins?",1,195,195,train,positive
"Hi, if i invalidate or revert an item from my edict what will materialize on the means supercoins?",Will Flipkart deliver the Bounce 2-wheeler at my home?,0,195,482,train,random
"Hi, if i invalidate or revert an item from my edict what will materialize on the means supercoins?","If I cancel or return an item from my order, will the SuperCoins credited be deducted?",0,195,24,train,hard
Quick question: if i invalidate revert an item from decree what will materialize my on the means supercoins?,"If I cancel or return an item from my order, what will happen to my 'On the way' SuperCoins?",1,195,195,dev,positive
Quick question: if i invalidate revert an item from decree what will materialize my on the means supercoins?,Why am I not able to see the option to buy an Ampere 2-wheeler for my pincode?,0,195,392,dev,random
Quick question: if i invalidate revert an item from decree what will materialize my on the means supercoins?,"If I cancel or return an item from my order, will the SuperCoins credited be deducted?",0,195,24,dev,hard
can i alter my select time slot for the delivery of flipkart quick orders? Any idea?,Can I modify my chosen time slot for the delivery of Flipkart Quick orders?,1,196,196,train,positive
can i alter my select time slot for the delivery of flipkart quick orders? Any idea?,How do I get invoices for my previous orders without having to check my e-mails?,0,196,44,train,random
can i alter my select time slot for the delivery of flipkart quick orders? Any idea?,Can I choose a preferred time slot for the delivery of Flipkart Quick orders?,0,196,189,train,hard
Quick question: can i alter choose time slot delivery of flipkart quick orders?,Can I modify my chosen time slot for the delivery of Flipkart Quick orders?,1,196,196,train,positive
Quick question: can i alter choose time slot delivery of flipkart quick orders?,I have a complaint about the courier executive who came to deliver my order.,0,196,203,train,random
Quick question: can i alter choose time slot delivery of flipkart quick orders?,Can I choose a preferred time slot for the delivery of Flipkart Quick orders?,0,196,189,train,hard
can i alter choose time slot for the delivery flipkart quick orders?,Can I modify my chosen time slot for the delivery of Flipkart Quick orders?,1,196,196,dev,positive
can i alter choose time slot for the delivery flipkart quick orders?,How can I buy using a Gift card?,0,196,350,dev,random
can i alter choose time slot for the delivery flipkart quick orders?,Can I choose a preferred time slot for the delivery of Flipkart Quick orders?,0,196,189,dev,hard
"Hi, can employ international number sign up?",Can I use an international number to sign up?,1,197,197,train,positive
"Hi, can employ international number sign up?","If I cancel or return an item from my order, will the SuperCoins credited be deducted?",0,197,24,train,random
"Hi, can employ international number sign up?",Can I use a corporate email ID to sign up?,0,197,139,train,hard
Could you tell me can i apply an international number to sign up?,Can I use an international number to sign up?,1,197,197,train,positive
Could you tell me can i apply an international number to sign up?,Will I get a complete refund if the item is cancelled or returned if I have paid for the order using the 'Credit Card No Cost EMI' payment option?,0,197,347,train,random
Could you tell me can i apply an international number to sign up?,How do I sign up for an extended warranty for my product?,0,197,106,train,hard
can i utilize international number sign up? Any idea?,Can I use an international number to sign up?,1,197,197,dev,positive
can i utilize international number sign up? Any idea?,What will happen if the brand authorised dealer who will contact me is very far from my location?,0,197,452,dev,random
can i utilize international number sign up? Any idea?,Can I use a corporate email ID to sign up?,0,197,139,dev,hard
Could you tell me how does instant cashback operate?,How does 'Instant Cashback' work?,1,198,198,train,positive
Could you tell me how does instant cashback operate?,What is the advantage of buying a BGauss 2-wheeler vehicle through Flipkart?,0,198,70,train,random
Could you tell me how does instant cashback operate?,What will happen to the cashback if I return a product?,0,198,120,train,hard
Help needed: how does instant cashback operate?,How does 'Instant Cashback' work?,1,198,198,train,positive
Help needed: how does instant cashback operate?,Can I add more items after I have placed a Flipkart Quick order?,0,198,163,train,random
Help needed: how does instant cashback operate?,What will happen to the cashback if I return a product?,0,198,120,train,hard
"Hi, how does instant cashback operate?",How does 'Instant Cashback' work?,1,198,198,dev,positive
"Hi, how does instant cashback operate?",Do I need to install the PhonePe app to use the wallet option on my Flipkart account?,0,198,234,dev,random
"Hi, how does instant cashback operate?",What will happen to the cashback if I return a product?,0,198,120,dev,hard
Help needed: what if i do not wish my cards to be imported?,What if I do not want my cards to be imported?,1,199,199,train,positive
Help needed: what if i do not wish my cards to be imported?,What are the EMI plans available if I pay using the Bajaj Finserv payment mode?,0,199,206,train,random
Help needed: what if i do not wish my cards to be imported?,What should I do if I don't get the invoice for my order?,0,199,2,train,hard
Help needed: what if do not need my cards to be imported?,What if I do not want my cards to be imported?,1,199,199,train,positive
Help needed: what if do not need my cards to be imported?,How can I use my mobile number to login on the Flipkart mobile app?,0,199,1,train,random
Help needed: what if do not need my cards to be imported?,Do I need to be a Flipkart Plus member to avail the 'SuperCoins Price'?,0,199,187,train,hard
what if i do not wishing my cards to imported?,What if I do not want my cards to be imported?,1,199,199,dev,positive
what if i do not wishing my cards to imported?,What all brands are part of the SuperCoin Pay program?,0,199,321,dev,random
what if i do not wishing my cards to imported?,What should I do if I don't get the invoice for my order?,0,199,2,dev,hard
Help needed: what after sales services are being offer by flipkart for hero motocorp 2 wheelers?,What after-sales services are being provided by Flipkart for Hero MotoCorp 2-wheelers?,1,200,200,train,positive
Help needed: what after sales services are being offer by flipkart for hero motocorp 2 wheelers?,In which cities can the purchase of Ampere Magnus EX be made?,0,200,172,train,random
Help needed: what after sales services are being offer by flipkart for hero motocorp 2 wheelers?,What after sales services are being provided by Flipkart for Ather 2-wheelers?,0,200,54,train,hard
Quick question: what after sales services being furnish by flipkart for hero motocorp 2 wheelers?,What after-sales services are being provided by Flipkart for Hero MotoCorp 2-wheelers?,1,200,200,train,positive
Quick question: what after sales services being furnish by flipkart for hero motocorp 2 wheelers?,How do I pay for my Cash-on-Delivery order if I choose to pick up the product from the pick-up store?,0,200,318,train,random
Quick question: what after sales services being furnish by flipkart for hero motocorp 2 wheelers?,What after sales services are being provided by Flipkart for Ather 2-wheelers?,0,200,54,train,hard
Help needed: what sales services are being offer by flipkart for hero motocorp 2 wheelers?,What after-sales services are being provided by Flipkart for Hero MotoCorp 2-wheelers?,1,200,200,dev,positive
Help needed: what sales services are being offer by flipkart for hero motocorp 2 wheelers?,I missed the delivery of my order today. What should I do?,0,200,57,dev,random
Help needed: what sales services are being offer by flipkart for hero motocorp 2 wheelers?,What after sales services are being provided by Flipkart for Ather 2-wheelers?,0,200,54,dev,hard
Could you tell me what is the intent of scratch scorecard supercoin pay?,What is the purpose of the scratch card in SuperCoin Pay?,1,201,201,train,positive
Could you tell me what is the intent of scratch scorecard supercoin pay?,Can I cancel an order placed using the 'Credit Card No Cost EMI' payment option?,0,201,56,train,random
Could you tell me what is the intent of scratch scorecard supercoin pay?,What is SuperCoin Pay feature?,0,201,447,train,hard
what is the aim of the scratch scorecard in supercoin pay?,What is the purpose of the scratch card in SuperCoin Pay?,1,201,201,train,positive
what is the aim of the scratch scorecard in supercoin pay?,"The address while ordering Ather 2-wheeler on Flipkart is different from the one on my address proof (Aadhaar Card), what should I do now?",0,201,265,train,random
what is the aim of the scratch scorecard in supercoin pay?,What is SuperCoin Pay feature?,0,201,447,train,hard
what intent the scratch scorecard in supercoin pay? Any idea?,What is the purpose of the scratch card in SuperCoin Pay?,1,201,201,dev,positive
what intent the scratch scorecard in supercoin pay? Any idea?,Why do I see a shipping charge for an item with the Plus badge?,0,201,25,dev,random
what intent the scratch scorecard in supercoin pay? Any idea?,Where will I find a scratch card after using SuperCoin Pay feature for an order?,0,201,280,dev,hard
Help needed: i ve even not obtain the repay in bank account?,I've still not received the refund in my bank account.,1,202,202,train,positive
Help needed: i ve even not obtain the repay in bank account?,I chose the wrong EMI plan while making the payment using Bajaj Finserv No Cost EMI option. Can I change it now?,0,202,290,train,random
Help needed: i ve even not obtain the repay in bank account?,Why can't I track my order even though it has been shipped?,0,202,124,train,hard
"Hi, i ve nonetheless not obtain the repayment in bank account?",I've still not received the refund in my bank account.,1,202,202,train,positive
"Hi, i ve nonetheless not obtain the repayment in bank account?",Can I get the refund for the item through any other mode if I have paid using the 'Credit Card No Cost EMI' payment option?,0,202,343,train,random
"Hi, i ve nonetheless not obtain the repayment in bank account?","I've lost my Gift Card PIN, what can I do?",0,202,304,train,hard
i ve even not obtain the repay in my bank account? Any idea?,I've still not received the refund in my bank account.,1,202,202,dev,positive
i ve even not obtain the repay in my bank account? Any idea?,Can I cancel my EMI after I've placed the order using the Bajaj Finserv payment option?,0,202,104,dev,random
i ve even not obtain the repay in my bank account? Any idea?,Why can't I track my order even though it has been shipped?,0,202,124,dev,hard
i complaint about the messenger administrator who get to render my edict? Thanks.,I have a complaint about the courier executive who came to deliver my order.,1,203,203,train,positive
i complaint about the messenger administrator who get to render my edict? Thanks.,Will the card number and CVV remain the same for both the physical and the virtual card?,0,203,448,train,random
i complaint about the messenger administrator who get to render my edict? Thanks.,I have a query about the EMI charge. What should I do?,0,203,324,train,hard
Could you tell me i have a complaint about the messenger administrator come to render my edict?,I have a complaint about the courier executive who came to deliver my order.,1,203,203,train,positive
Could you tell me i have a complaint about the messenger administrator come to render my edict?,Can I redeem SuperCoins to avail discount for Flipkart Gift Card?,0,203,384,train,random
Could you tell me i have a complaint about the messenger administrator come to render my edict?,I have a query about the EMI charge. What should I do?,0,203,324,train,hard
Could you tell me i complaint about messenger administrator who get to render my edict?,I have a complaint about the courier executive who came to deliver my order.,1,203,203,dev,positive
Could you tell me i complaint about messenger administrator who get to render my edict?,Is it necessary to register with PhonePe to use it on Flipkart?,0,203,192,dev,random
Could you tell me i complaint about messenger administrator who get to render my edict?,I have a query about the EMI charge. What should I do?,0,203,324,dev,hard
can reactivate my dormant flipkart account? Any idea?,Can I reactivate my inactive Flipkart account?,1,204,204,train,positive
can reactivate my dormant flipkart account? Any idea?,Can I use any Debit Card to pay for my order?,0,204,382,train,random
can reactivate my dormant flipkart account? Any idea?,Can I pay with any Credit card?,0,204,473,train,hard
"Hi, can i reactivate my dormant flipkart account?",Can I reactivate my inactive Flipkart account?,1,204,204,train,positive
"Hi, can i reactivate my dormant flipkart account?",Will the card number and CVV remain the same for both the physical and the virtual card?,0,204,448,train,random
"Hi, can i reactivate my dormant flipkart account?",How can I change the password for my Flipkart account?,0,204,99,train,hard
Help needed: can i reactivate my dormant flipkart account?,Can I reactivate my inactive Flipkart account?,1,204,204,dev,positive
Help needed: can i reactivate my dormant flipkart account?,Can I choose a different model of the Bounce 2-wheeler at the brand authorised dealer after doing the test drive?,0,204,273,dev,random
Help needed: can i reactivate my dormant flipkart account?,How can I change the password for my Flipkart account?,0,204,99,dev,hard
Quick question: is there a minimum purchase amount for flipkart quick decree?,Is there a minimum purchase amount for Flipkart Quick orders?,1,205,205,train,positive
Quick question: is there a minimum purchase amount for flipkart quick decree?,Can I use Credit/Debit Card to pay on Flipkart through the Flipkart app?,0,205,314,train,random
Quick question: is there a minimum purchase amount for flipkart quick decree?,Is there a gift wrap option available for Flipkart Quick orders?,0,205,212,train,hard
Could you tell me is a minimum purchase amount for flipkart quick decree?,Is there a minimum purchase amount for Flipkart Quick orders?,1,205,205,train,positive
Could you tell me is a minimum purchase amount for flipkart quick decree?,I see the 'Cancel' button but I can't click on it. Why?,0,205,160,train,random
Could you tell me is a minimum purchase amount for flipkart quick decree?,Is there a gift wrap option available for Flipkart Quick orders?,0,205,212,train,hard
is there minimum purchase amount for flipkart quick decree?,Is there a minimum purchase amount for Flipkart Quick orders?,1,205,205,dev,positive
is there minimum purchase amount for flipkart quick decree?,Do I need to verify my mobile number or email address every time I log in?,0,205,155,dev,random
is there minimum purchase amount for flipkart quick decree?,Is there a gift wrap option available for Flipkart Quick orders?,0,205,212,dev,hard
Help needed: what are emi plans useable i pay use the bajaj finserv payment mode?,What are the EMI plans available if I pay using the Bajaj Finserv payment mode?,1,206,206,train,positive
Help needed: what are emi plans useable i pay use the bajaj finserv payment mode?,Do I have to manually unlock a scratch card as part of SuperCoin Pay?,0,206,127,train,random
Help needed: what are emi plans useable i pay use the bajaj finserv payment mode?,What is Bajaj Finserv payment mode?,0,206,340,train,hard
what emi plans useable if i pay utilize the bajaj finserv payment mode? Thanks.,What are the EMI plans available if I pay using the Bajaj Finserv payment mode?,1,206,206,train,positive
what emi plans useable if i pay utilize the bajaj finserv payment mode? Thanks.,How can I track my order for Ampere Magnus EX after completing my payment on Flipkart?,0,206,117,train,random
what emi plans useable if i pay utilize the bajaj finserv payment mode? Thanks.,What is Bajaj Finserv payment mode?,0,206,340,train,hard
Help needed: what are the emi plans useable if i pay utilize the bajaj finserv payment mode?,What are the EMI plans available if I pay using the Bajaj Finserv payment mode?,1,206,206,dev,positive
Help needed: what are the emi plans useable if i pay utilize the bajaj finserv payment mode?,Can I submit my documents online for an Ather 2-wheeler and not visit the brand authorised dealer?,0,206,389,dev,random
Help needed: what are the emi plans useable if i pay utilize the bajaj finserv payment mode?,What are the EMI plans available if I pay using the 'Credit Card No Cost EMI' payment mode?,0,206,385,dev,hard
Could you tell me what accessories will be role ather 2 wheelers do i have to compensate individually for accessories?,What accessories will be part of Ather 2-wheelers. Do I have to pay separately for accessories?,1,207,207,train,positive
Could you tell me what accessories will be role ather 2 wheelers do i have to compensate individually for accessories?,What is the process after paying the ex-showroom price for an Ather 2-wheeler on Flipkart?,0,207,30,train,random
Could you tell me what accessories will be role ather 2 wheelers do i have to compensate individually for accessories?,What are the accessories that will be part of a Bounce 2-wheeler?,0,207,383,train,hard
Quick question: what accessories will be role of ather 2 wheelers do have to compensate individually for accessories?,What accessories will be part of Ather 2-wheelers. Do I have to pay separately for accessories?,1,207,207,train,positive
Quick question: what accessories will be role of ather 2 wheelers do have to compensate individually for accessories?,Can I get a new Gift Card for the remaining balance if my Gift Card has expired?,0,207,375,train,random
Quick question: what accessories will be role of ather 2 wheelers do have to compensate individually for accessories?,What are the accessories that will be part of a Bounce 2-wheeler?,0,207,383,train,hard
"Hi, what accessories be component of ather 2 wheelers do i have compensate individually for accessories?",What accessories will be part of Ather 2-wheelers. Do I have to pay separately for accessories?,1,207,207,dev,positive
"Hi, what accessories be component of ather 2 wheelers do i have compensate individually for accessories?",Will the card number and CVV remain the same for both the physical and the virtual card?,0,207,448,dev,random
"Hi, what accessories be component of ather 2 wheelers do i have compensate individually for accessories?",What are the accessories that will be part of a Bounce 2-wheeler?,0,207,383,dev,hard
Quick question: how do i renew my benefits as component of supercoin milestones?,How do I renew my benefits as part of SuperCoin Milestones?,1,208,208,train,positive
Quick question: how do i renew my benefits as component of supercoin milestones?,How can I track my application status from my Flipkart Account?,0,208,227,train,random
Quick question: how do i renew my benefits as component of supercoin milestones?,"When benefits are unlocked as part of SuperCoin Milestones, will there be deduction of SuperCoins?",0,208,360,train,hard
Could you tell me how do i renew my benefits as portion of supercoin milestones?,How do I renew my benefits as part of SuperCoin Milestones?,1,208,208,train,positive
Could you tell me how do i renew my benefits as portion of supercoin milestones?,Can I return a product and ask for a refund if I have purchased it by redeeming my SuperCoins to avail discount through SuperCoin Pay feature?,0,208,331,train,random
Could you tell me how do i renew my benefits as portion of supercoin milestones?,"When benefits are unlocked as part of SuperCoin Milestones, will there be deduction of SuperCoins?",0,208,360,train,hard
how do i renew my benefits as portion of supercoin milestones?,How do I renew my benefits as part of SuperCoin Milestones?,1,208,208,dev,positive
how do i renew my benefits as portion of supercoin milestones?,What do the different order statuses in 'My Orders' mean?,0,208,283,dev,random
how do i renew my benefits as portion of supercoin milestones?,"When benefits are unlocked as part of SuperCoin Milestones, will there be deduction of SuperCoins?",0,208,360,dev,hard
Could you tell me when is a reappearance an item not viable?,When is a return of an item not possible?,1,209,209,train,positive
Could you tell me when is a reappearance an item not viable?,What subsidies are being offered by Ampere and how to claim them?,0,209,39,train,random
Could you tell me when is a reappearance an item not viable?,I have requested for a return for my item. When will it happen?,0,209,7,train,hard
Help needed: when is a revert of an item not potential?,When is a return of an item not possible?,1,209,209,train,positive
Help needed: when is a revert of an item not potential?,I had opted to save my card at the time of payment but my card was not saved. Why?,0,209,133,train,random
Help needed: when is a revert of an item not potential?,What are the benefits of buying an item with a Plus badge?,0,209,67,train,hard
Help needed: when a revert an item not practicable?,When is a return of an item not possible?,1,209,209,dev,positive
Help needed: when a revert an item not practicable?,How do I know if a third-party partner store accepts SuperCoin Pay if there is no QR code scanner available?,0,209,286,dev,random
Help needed: when a revert an item not practicable?,I have requested for a return for my item. When will it happen?,0,209,7,dev,hard
Quick question: what the amount i can patronize cash on delivery payment alternative?,What is the amount I can shop for with Cash on Delivery payment option?,1,210,210,train,positive
Quick question: what the amount i can patronize cash on delivery payment alternative?,"My package shows as delivered but I can't find it, what should I do?",0,210,60,train,random
Quick question: what the amount i can patronize cash on delivery payment alternative?,What is Cash on Delivery?,0,210,294,train,hard
Could you tell me what is the amount can patronize for with cash delivery payment alternative?,What is the amount I can shop for with Cash on Delivery payment option?,1,210,210,train,positive
Could you tell me what is the amount can patronize for with cash delivery payment alternative?,Is there a minimum purchase amount for Flipkart Quick orders?,0,210,205,train,random
Could you tell me what is the amount can patronize for with cash delivery payment alternative?,What is Cash on Delivery?,0,210,294,train,hard
what is the amount can patronize with cash on delivery payment alternative?,What is the amount I can shop for with Cash on Delivery payment option?,1,210,210,dev,positive
what is the amount can patronize with cash on delivery payment alternative?,How can I change the email ID linked with my Flipkart account?,0,210,51,dev,random
what is the amount can patronize with cash on delivery payment alternative?,What is Cash on Delivery?,0,210,294,dev,hard
Could you tell me how can i deactivate my account?,How can I deactivate my account?,1,211,211,train,positive
Could you tell me how can i deactivate my account?,How can I add a new delivery address to my Flipkart account?,0,211,49,train,random
Could you tell me how can i deactivate my account?,How can I change the password for my Flipkart account?,0,211,99,train,hard
how i deactivate my account?,How can I deactivate my account?,1,211,211,train,positive
how i deactivate my account?,How can I foreclose my EMI for an item I bought using the 'Credit Card No Cost EMI'?,0,211,433,train,random
how i deactivate my account?,How can I change the password for my Flipkart account?,0,211,99,train,hard
how can i deactivate account?,How can I deactivate my account?,1,211,211,dev,positive
how can i deactivate account?,Will I get early access to sale as I'm a Flipkart Plus customer?,0,211,59,dev,random
how can i deactivate account?,How can I change the password for my Flipkart account?,0,211,99,dev,hard
is there a gift wrap option useable for flipkart quick orders?,Is there a gift wrap option available for Flipkart Quick orders?,1,212,212,train,positive
is there a gift wrap option useable for flipkart quick orders?,I have earned some SuperCoins from last transactions. How can I redeem them?,0,212,354,train,random
is there a gift wrap option useable for flipkart quick orders?,Is there a minimum purchase amount for Flipkart Quick orders?,0,212,205,train,hard
is a gift wrap option useable for flipkart quick orders? Any idea?,Is there a gift wrap option available for Flipkart Quick orders?,1,212,212,train,positive
is a gift wrap option useable for flipkart quick orders? Any idea?,What is a 'card label'?,0,212,394,train,random
is a gift wrap option useable for flipkart quick orders? Any idea?,Is there a minimum purchase amount for Flipkart Quick orders?,0,212,205,train,hard
is there gift wrap option useable for flipkart quick orders? Any idea?,Is there a gift wrap option available for Flipkart Quick orders?,1,212,212,dev,positive
is there gift wrap option useable for flipkart quick orders? Any idea?,What subsidies are being offered by BGauss and how to claim them?,0,212,47,dev,random
is there gift wrap option useable for flipkart quick orders? Any idea?,Is there a minimum purchase amount for Flipkart Quick orders?,0,212,205,dev,hard
i typed wrong scorecard number fault when adding scorecard how do i correct it?,I typed an incorrect card number by mistake when adding my card. How do I correct it?,1,213,213,train,positive
i typed wrong scorecard number fault when adding scorecard how do i correct it?,Can someone else collect an order on my behalf from a pick-up store?,0,213,65,train,random
i typed wrong scorecard number fault when adding scorecard how do i correct it?,I ordered a wrong item. Can I return it?,0,213,244,train,hard
"Hi, i typed an wrong scorecard number by fault when adding my scorecard how correct it?",I typed an incorrect card number by mistake when adding my card. How do I correct it?,1,213,213,train,positive
"Hi, i typed an wrong scorecard number by fault when adding my scorecard how correct it?","Why am I unable to order products like television, air-conditioner, refrigerator, washing machine, furniture, microwave, treadmill, etc. at my location?",0,213,129,train,random
"Hi, i typed an wrong scorecard number by fault when adding my scorecard how correct it?",I ordered a wrong item. Can I return it?,0,213,244,train,hard
i typed wrong scorecard number error when adding my scorecard how do correct it? Thanks.,I typed an incorrect card number by mistake when adding my card. How do I correct it?,1,213,213,dev,positive
i typed wrong scorecard number error when adding my scorecard how do correct it? Thanks.,How does 'Instant Cashback' work?,0,213,198,dev,random
i typed wrong scorecard number error when adding my scorecard how do correct it? Thanks.,I ordered a wrong item. Can I return it?,0,213,244,dev,hard
Could you tell me what are papers mandatory for the whole process of purchasing a bgauss 2 wheeler on flipkart?,What are the documents required for the entire process of buying a BGauss 2-wheeler on Flipkart?,1,214,214,train,positive
Could you tell me what are papers mandatory for the whole process of purchasing a bgauss 2 wheeler on flipkart?,Why can't I track my order even though it has been shipped?,0,214,124,train,random
Could you tell me what are papers mandatory for the whole process of purchasing a bgauss 2 wheeler on flipkart?,What is the process after paying the ex-showroom price for a BGauss 2-wheeler on Flipkart?,0,214,14,train,hard
"Hi, what are the papers mandatory for whole process purchase a bgauss 2 wheeler on flipkart?",What are the documents required for the entire process of buying a BGauss 2-wheeler on Flipkart?,1,214,214,train,positive
"Hi, what are the papers mandatory for whole process purchase a bgauss 2 wheeler on flipkart?",When and how many times does an Ather vehicle require servicing?,0,214,407,train,random
"Hi, what are the papers mandatory for whole process purchase a bgauss 2 wheeler on flipkart?",What is the process after paying the ex-showroom price for a BGauss 2-wheeler on Flipkart?,0,214,14,train,hard
"Hi, what the papers need the whole process of purchase a bgauss 2 wheeler on flipkart?",What are the documents required for the entire process of buying a BGauss 2-wheeler on Flipkart?,1,214,214,dev,positive
"Hi, what the papers need the whole process of purchase a bgauss 2 wheeler on flipkart?",Can I submit my documents online for a BGauss 2-wheeler and not visit the brand authorised dealer?,0,214,377,dev,random
"Hi, what the papers need the whole process of purchase a bgauss 2 wheeler on flipkart?",What is the process after paying the ex-showroom price for a BGauss 2-wheeler on Flipkart?,0,214,14,dev,hard
"Hi, can i usage more less supercoins what is cite portion of the supercoins price buy a product?",Can I use more/less SuperCoins than what is mentioned as part of the 'SuperCoins Price' to buy a product?,1,215,215,train,positive
"Hi, can i usage more less supercoins what is cite portion of the supercoins price buy a product?",How to know if my area has self pick-up service?,0,215,73,train,random
"Hi, can i usage more less supercoins what is cite portion of the supercoins price buy a product?",What is 'SuperCoins Price'?,0,215,417,train,hard
Could you tell me can i apply more less supercoins than is refer portion of the supercoins price to buy a product?,Can I use more/less SuperCoins than what is mentioned as part of the 'SuperCoins Price' to buy a product?,1,215,215,train,positive
Could you tell me can i apply more less supercoins than is refer portion of the supercoins price to buy a product?,Is there any annual fee?,0,215,465,train,random
Could you tell me can i apply more less supercoins than is refer portion of the supercoins price to buy a product?,What is 'SuperCoins Price'?,0,215,417,train,hard
Help needed: can i apply more less supercoins what is cite as component of the supercoins price to buy product?,Can I use more/less SuperCoins than what is mentioned as part of the 'SuperCoins Price' to buy a product?,1,215,215,dev,positive
Help needed: can i apply more less supercoins what is cite as component of the supercoins price to buy product?,What are the interest rates for the Credit card EMI plans?,0,215,260,dev,random
Help needed: can i apply more less supercoins what is cite as component of the supercoins price to buy product?,What is 'SuperCoins Price'?,0,215,417,dev,hard
Quick question: in case i do not want a few items from the flipkart quick order how i invalidate it?,"In case I do not need a few items from the Flipkart Quick order, how do I cancel it?",1,216,216,train,positive
Quick question: in case i do not want a few items from the flipkart quick order how i invalidate it?,I lost my warranty card. How can I get warranty?,0,216,98,train,random
Quick question: in case i do not want a few items from the flipkart quick order how i invalidate it?,Can I choose to not accept a few items from my Flipkart Quick order at the time of delivery?,0,216,168,train,hard
Could you tell me in case do not ask few items from the flipkart quick order how do invalidate?,"In case I do not need a few items from the Flipkart Quick order, how do I cancel it?",1,216,216,train,positive
Could you tell me in case do not ask few items from the flipkart quick order how do invalidate?,Will my Flipkart Plus membership be auto-renewed if I have earned 200 SuperCoins in the previous year?,0,216,103,train,random
Could you tell me in case do not ask few items from the flipkart quick order how do invalidate?,Can I choose to not accept a few items from my Flipkart Quick order at the time of delivery?,0,216,168,train,hard
Quick question: in case i not ask a few items from flipkart quick order how invalidate it?,"In case I do not need a few items from the Flipkart Quick order, how do I cancel it?",1,216,216,dev,positive
Quick question: in case i not ask a few items from flipkart quick order how invalidate it?,How can I buy using a Gift card?,0,216,350,dev,random
Quick question: in case i not ask a few items from flipkart quick order how invalidate it?,Can I choose to not accept a few items from my Flipkart Quick order at the time of delivery?,0,216,168,dev,hard
"Hi, can i alteration delivery address after i have put a flipkart quick order?",Can I change the delivery address after I have placed a Flipkart Quick order?,1,217,217,train,positive
"Hi, can i alteration delivery address after i have put a flipkart quick order?",What is the warranty being offered by Bounce?,0,217,338,train,random
"Hi, can i alteration delivery address after i have put a flipkart quick order?",Can I cancel a part of my Flipkart Quick order after I have placed it?,0,217,96,train,hard
can i modification the delivery address after i have put a flipkart quick order?,Can I change the delivery address after I have placed a Flipkart Quick order?,1,217,217,train,positive
can i modification the delivery address after i have put a flipkart quick order?,How does the 3D Secure password add security to my online transactions?,0,217,319,train,random
can i modification the delivery address after i have put a flipkart quick order?,Can I cancel a part of my Flipkart Quick order after I have placed it?,0,217,96,train,hard
Quick question: can shift the delivery address i have put flipkart quick order?,Can I change the delivery address after I have placed a Flipkart Quick order?,1,217,217,dev,positive
Quick question: can shift the delivery address i have put flipkart quick order?,How can I apply for Flipkart Axis Bank Credit Card? Am I eligible for the card?,0,217,61,dev,random
Quick question: can shift the delivery address i have put flipkart quick order?,How can I track my Flipkart Quick order?,0,217,240,dev,hard
what benefits that a flipkart plus member receive? Any idea?,What are the benefits that a Flipkart Plus member gets?,1,218,218,train,positive
what benefits that a flipkart plus member receive? Any idea?,What happens if I'm not able to pick up my shipment within 5 days from the pickup store for some reason?,0,218,276,train,random
what benefits that a flipkart plus member receive? Any idea?,Do I need to be a Flipkart Plus member to avail the 'SuperCoins Price'?,0,218,187,train,hard
what are the benefits a flipkart plus member receive? Thanks.,What are the benefits that a Flipkart Plus member gets?,1,218,218,train,positive
what are the benefits a flipkart plus member receive? Thanks.,Can I change the delivery address after I have placed a Flipkart Quick order?,0,218,217,train,random
what are the benefits a flipkart plus member receive? Thanks.,What are the benefits of buying an item with a Plus badge?,0,218,67,train,hard
Help needed: what are benefits that a flipkart plus member receive?,What are the benefits that a Flipkart Plus member gets?,1,218,218,dev,positive
Help needed: what are benefits that a flipkart plus member receive?,What are the accessories that will be part of a Bounce 2-wheeler?,0,218,383,dev,random
Help needed: what are benefits that a flipkart plus member receive?,Do I need to be a Flipkart Plus member to avail the 'SuperCoins Price'?,0,218,187,dev,hard
Quick question: how will my order be delivered?,How will my order be delivered?,1,219,219,train,positive
Quick question: how will my order be delivered?,What is an OTP or verification code?,0,219,131,train,random
Quick question: how will my order be delivered?,How quickly can I get my order delivered?,0,219,226,train,hard
how order delivered? Any idea?,How will my order be delivered?,1,219,219,train,positive
how order delivered? Any idea?,How does the pick-up store option on Flipkart work?,0,219,153,train,random
how order delivered? Any idea?,How quickly can I get my order delivered?,0,219,226,train,hard
how will order delivered?,How will my order be delivered?,1,219,219,dev,positive
how will order delivered?,What are the refund timelines if I cancel or return a product?,0,219,281,dev,random
how will order delivered?,How quickly can I get my order delivered?,0,219,226,dev,hard
why is my scorecard being preserved on flipkart? Any idea?,Why is my card being saved on Flipkart?,1,220,220,train,positive
why is my scorecard being preserved on flipkart? Any idea?,How can I know the status of my refund?,0,220,144,train,random
why is my scorecard being preserved on flipkart? Any idea?,Can I pay with any Credit card?,0,220,473,train,hard
Could you tell me why is my scorecard being rescued on flipkart?,Why is my card being saved on Flipkart?,1,220,220,train,positive
Could you tell me why is my scorecard being rescued on flipkart?,What is the average cost of one service for an Ather 2-wheeler?,0,220,142,train,random
Could you tell me why is my scorecard being rescued on flipkart?,Why is the refurbished category not visible for me on my Flipkart app?,0,220,193,train,hard
why is my scorecard being preserved on flipkart? Thanks.,Why is my card being saved on Flipkart?,1,220,220,dev,positive
why is my scorecard being preserved on flipkart? Thanks.,What accessories will be part of Ather 2-wheelers. Do I have to pay separately for accessories?,0,220,207,dev,random
why is my scorecard being preserved on flipkart? Thanks.,Why is the refurbished category not visible for me on my Flipkart app?,0,220,193,dev,hard
why is the alternative to bargain a bgauss 2 wheeler not accessible at my pincode? Thanks.,Why is the option to buy a BGauss 2-wheeler not available at my pincode?,1,221,221,train,positive
why is the alternative to bargain a bgauss 2 wheeler not accessible at my pincode? Thanks.,I ordered a wrong item. Can I return it?,0,221,244,train,random
why is the alternative to bargain a bgauss 2 wheeler not accessible at my pincode? Thanks.,The option to buy an Ather 2-wheeler is not available at my pincode.,0,221,398,train,hard
Could you tell me why is the alternative to bargain a bgauss 2 wheeler not accessible at my pincode?,Why is the option to buy a BGauss 2-wheeler not available at my pincode?,1,221,221,train,positive
Could you tell me why is the alternative to bargain a bgauss 2 wheeler not accessible at my pincode?,Do I need to install the PhonePe app to use the wallet option on my Flipkart account?,0,221,234,train,random
Could you tell me why is the alternative to bargain a bgauss 2 wheeler not accessible at my pincode?,The option to buy an Ather 2-wheeler is not available at my pincode.,0,221,398,train,hard
Could you tell me why the alternative to bargain a bgauss 2 wheeler not useable at my pincode?,Why is the option to buy a BGauss 2-wheeler not available at my pincode?,1,221,221,dev,positive
Could you tell me why the alternative to bargain a bgauss 2 wheeler not useable at my pincode?,Can I resume an incomplete application?,0,221,332,dev,random
Could you tell me why the alternative to bargain a bgauss 2 wheeler not useable at my pincode?,The option to buy an Ather 2-wheeler is not available at my pincode.,0,221,398,dev,hard
what in app provide for supercoin pay? Any idea?,What are in-app offers for SuperCoin Pay?,1,222,222,train,positive
what in app provide for supercoin pay? Any idea?,Can I use a corporate email ID to sign up?,0,222,139,train,random
what in app provide for supercoin pay? Any idea?,What is SuperCoin Pay feature?,0,222,447,train,hard
Quick question: what are in app provide for supercoin pay?,What are in-app offers for SuperCoin Pay?,1,222,222,train,positive
Quick question: what are in app provide for supercoin pay?,Is it necessary to register on Twid (INNOTARGET FASHALOT RETAIL PRIVATE LIMITED) or at the third-party partner store to use SuperCoin Pay feature?,0,222,444,train,random
Quick question: what are in app provide for supercoin pay?,What is SuperCoin Pay feature?,0,222,447,train,hard
what are in app provide for supercoin pay?,What are in-app offers for SuperCoin Pay?,1,222,222,dev,positive
what are in app provide for supercoin pay?,How can I track my application status from my Flipkart Account?,0,222,227,dev,random
what are in app provide for supercoin pay?,What is SuperCoin Pay feature?,0,222,447,dev,hard
how can i revert or exchange an item? Any idea?,How can I return or exchange an item?,1,223,223,train,positive
how can i revert or exchange an item? Any idea?,What are the EMI plans available if I pay using the 'Credit Card No Cost EMI' payment mode?,0,223,385,train,random
how can i revert or exchange an item? Any idea?,Can I use an item that has been given to me as a gift from a state sponsored or an NGO-funded freebie distribution programme to get discounts through exchange offers?,0,223,462,train,hard
how i revert or exchange an item? Thanks.,How can I return or exchange an item?,1,223,223,train,positive
how i revert or exchange an item? Thanks.,In which cities can the purchase of Ampere Magnus EX be made?,0,223,172,train,random
how i revert or exchange an item? Thanks.,Can I use an item that has been given to me as a gift from a state sponsored or an NGO-funded freebie distribution programme to get discounts through exchange offers?,0,223,462,train,hard
Help needed: how can i revert or exchange an item?,How can I return or exchange an item?,1,223,223,dev,positive
Help needed: how can i revert or exchange an item?,When and how many times does an Ather vehicle require servicing?,0,223,407,dev,random
Help needed: how can i revert or exchange an item?,Can I use an item that has been given to me as a gift from a state sponsored or an NGO-funded freebie distribution programme to get discounts through exchange offers?,0,223,462,dev,hard
is the delivery flipkart quick free or chargeable?,Is the delivery for Flipkart Quick free or chargeable?,1,224,224,train,positive
is the delivery flipkart quick free or chargeable?,Do I get a spare tyre with an Ather 2-wheeler?,0,224,498,train,random
is the delivery flipkart quick free or chargeable?,Why didn't my order qualify for free delivery?,0,224,270,train,hard
Could you tell me is delivery for flipkart quick free or chargeable?,Is the delivery for Flipkart Quick free or chargeable?,1,224,224,train,positive
Could you tell me is delivery for flipkart quick free or chargeable?,I've still not received the refund in my bank account.,0,224,202,train,random
Could you tell me is delivery for flipkart quick free or chargeable?,Why didn't my order qualify for free delivery?,0,224,270,train,hard
Could you tell me is the delivery for flipkart quick free or chargeable?,Is the delivery for Flipkart Quick free or chargeable?,1,224,224,dev,positive
Could you tell me is the delivery for flipkart quick free or chargeable?,What are the documents required for the entire process of buying an Ampere Magnus EX on Flipkart?,0,224,329,dev,random
Could you tell me is the delivery for flipkart quick free or chargeable?,Why didn't my order qualify for free delivery?,0,224,270,dev,hard
what plus zone? Thanks.,What is Plus Zone?,1,225,225,train,positive
what plus zone? Thanks.,Is the price for a Bounce 2-wheeler inclusive of subsidy?,0,225,255,train,random
what plus zone? Thanks.,What is SuperCoin Zone?,0,225,450,train,hard
what is plus zone? Thanks.,What is Plus Zone?,1,225,225,train,positive
what is plus zone? Thanks.,How long does the Ampere Magnus EX's battery last?,0,225,428,train,random
what is plus zone? Thanks.,What is SuperCoin Zone?,0,225,450,train,hard
Help needed: what is plus zone?,What is Plus Zone?,1,225,225,dev,positive
Help needed: what is plus zone?,What does it mean if a store displays a SuperCoin Pay QR code?,0,225,6,dev,random
Help needed: what is plus zone?,What is SuperCoin Zone?,0,225,450,dev,hard
how promptly i make my order delivered? Thanks.,How quickly can I get my order delivered?,1,226,226,train,positive
how promptly i make my order delivered? Thanks.,Will I get the available bank offers on Flipkart platform if I choose to redeem SuperCoins through SuperCoin Pay?,0,226,166,train,random
how promptly i make my order delivered? Thanks.,How will my order be delivered?,0,226,219,train,hard
Quick question: how promptly can i come my order delivered?,How quickly can I get my order delivered?,1,226,226,train,positive
Quick question: how promptly can i come my order delivered?,How can I return or exchange an item?,0,226,223,train,random
Quick question: how promptly can i come my order delivered?,How will my order be delivered?,0,226,219,train,hard
how speedily can i find my order delivered? Thanks.,How quickly can I get my order delivered?,1,226,226,dev,positive
how speedily can i find my order delivered? Thanks.,What is the process after paying the ex-showroom price for a Bounce 2-wheeler on Flipkart?,0,226,22,dev,random
how speedily can i find my order delivered? Thanks.,How will my order be delivered?,0,226,219,dev,hard
how can i track application position from my flipkart account? Thanks.,How can I track my application status from my Flipkart Account?,1,227,227,train,positive
how can i track application position from my flipkart account? Thanks.,What should I do if my order is approved but hasn't been shipped yet?,0,227,28,train,random
how can i track application position from my flipkart account? Thanks.,How can I track my Flipkart Quick order?,0,227,240,train,hard
Could you tell me how can track my application position from my flipkart account?,How can I track my application status from my Flipkart Account?,1,227,227,train,positive
Could you tell me how can track my application position from my flipkart account?,Do I get a spare tyre with a BGauss 2-wheeler?,0,227,488,train,random
Could you tell me how can track my application position from my flipkart account?,How can I track my Flipkart Quick order?,0,227,240,train,hard
Could you tell me how i track my application position from my flipkart account?,How can I track my application status from my Flipkart Account?,1,227,227,dev,positive
Could you tell me how i track my application position from my flipkart account?,Is 'Credit Card No Cost EMI' payment mode available on Flipkart's Windows and iOS apps?,0,227,328,dev,random
Could you tell me how i track my application position from my flipkart account?,How can I track my Flipkart Quick order?,0,227,240,dev,hard
do i want have driving permit drive a bgauss 2 wheeler? Any idea?,Do I need to have a driving license to ride a BGauss 2-wheeler?,1,228,228,train,positive
do i want have driving permit drive a bgauss 2 wheeler? Any idea?,Can I use any Debit Card to pay for my order?,0,228,382,train,random
do i want have driving permit drive a bgauss 2 wheeler? Any idea?,Do I need to have a driving license to drive a Bounce 2-wheeler?,0,228,186,train,hard
do i ask to a driving permit drive a bgauss 2 wheeler? Any idea?,Do I need to have a driving license to ride a BGauss 2-wheeler?,1,228,228,train,positive
do i ask to a driving permit drive a bgauss 2 wheeler? Any idea?,Can I transfer partially used Gift Card to someone?,0,228,135,train,random
do i ask to a driving permit drive a bgauss 2 wheeler? Any idea?,Do I need to have a driving license to drive a Bounce 2-wheeler?,0,228,186,train,hard
Could you tell me do want to have a driving permit to drive a bgauss 2 wheeler?,Do I need to have a driving license to ride a BGauss 2-wheeler?,1,228,228,dev,positive
Could you tell me do want to have a driving permit to drive a bgauss 2 wheeler?,What does 'Permanently Discontinued' or 'Out of Print' mean?,0,228,116,dev,random
Could you tell me do want to have a driving permit to drive a bgauss 2 wheeler?,Do I need to have a driving license to drive a Bounce 2-wheeler?,0,228,186,dev,hard
Quick question: how can i check the details of supercoins rewards i have utilize already?,How can I check the details of 'SuperCoins Rewards' I have used already?,1,229,229,train,positive
Quick question: how can i check the details of supercoins rewards i have utilize already?,"Why am I unable to order products like television, air-conditioner, refrigerator, washing machine, furniture, microwave, treadmill, etc. at my location?",0,229,129,train,random
Quick question: how can i check the details of supercoins rewards i have utilize already?,Where can I check the details of my SuperCoins?,0,229,268,train,hard
"Hi, how check details of supercoins rewards i utilized already?",How can I check the details of 'SuperCoins Rewards' I have used already?,1,229,229,train,positive
"Hi, how check details of supercoins rewards i utilized already?",Can I pay with any Credit card?,0,229,473,train,random
"Hi, how check details of supercoins rewards i utilized already?",Where can I check the details of my SuperCoins?,0,229,268,train,hard
how can check details of supercoins rewards i have utilized already? Thanks.,How can I check the details of 'SuperCoins Rewards' I have used already?,1,229,229,dev,positive
how can check details of supercoins rewards i have utilized already? Thanks.,Are there certain things on Flipkart which I cannot buy through Gift Cards?,0,229,143,dev,random
how can check details of supercoins rewards i have utilized already? Thanks.,Where can I check the details of my SuperCoins?,0,229,268,dev,hard
do i have to revert the freebie when i reappearance product? Thanks.,Do I have to return the freebie when I return a product?,1,230,230,train,positive
do i have to revert the freebie when i reappearance product? Thanks.,Can I cancel a part of my Flipkart Quick order after I have placed it?,0,230,96,train,random
do i have to revert the freebie when i reappearance product? Thanks.,I want to check my warranty details for the product but I don't have the warranty card. What should I do?,0,230,146,train,hard
Quick question: do i have to reappearance freebie when i reappearance a product?,Do I have to return the freebie when I return a product?,1,230,230,train,positive
Quick question: do i have to reappearance freebie when i reappearance a product?,I did not get an OTP while paying through the 'Credit Card No Cost EMI' payment mode. What should I do?,0,230,485,train,random
Quick question: do i have to reappearance freebie when i reappearance a product?,I have bought a BGauss 2-wheeler but I want to have a different model. What should I do?,0,230,102,train,hard
Could you tell me do i have rejoin the freebie i revert a product?,Do I have to return the freebie when I return a product?,1,230,230,dev,positive
Could you tell me do i have rejoin the freebie i revert a product?,When and how many times does Ampere Magnus EX require servicing?,0,230,458,dev,random
Could you tell me do i have rejoin the freebie i revert a product?,I want to check my warranty details for the product but I don't have the warranty card. What should I do?,0,230,146,dev,hard
"Hi, why are quicker delivery alternative not usable at my location?",Why are faster delivery options not available at my location?,1,231,231,train,positive
"Hi, why are quicker delivery alternative not usable at my location?",What is 'SuperCoins Price'?,0,231,417,train,random
"Hi, why are quicker delivery alternative not usable at my location?",Why is the 'Cash on Delivery' payment mode not available at my location?,0,231,17,train,hard
why quicker delivery alternative not useable my location?,Why are faster delivery options not available at my location?,1,231,231,train,positive
why quicker delivery alternative not useable my location?,What will happen if Ather brand authorised dealer who will contact me is very far from my location?,0,231,440,train,random
why quicker delivery alternative not useable my location?,Why is the 'Cash on Delivery' payment mode not available at my location?,0,231,17,train,hard
why accelerated delivery choice not accessible at location? Any idea?,Why are faster delivery options not available at my location?,1,231,231,dev,positive
why accelerated delivery choice not accessible at location? Any idea?,Can I get the refund for the item through any other mode if I have paid using the 'Credit Card No Cost EMI' payment option?,0,231,343,dev,random
why accelerated delivery choice not accessible at location? Any idea?,Why is the 'Cash on Delivery' payment mode not available at my location?,0,231,17,dev,hard
Quick question: i m come an mistake message that tell you ve surpass maximum number of effort to enroll exact confirmation code can i log in to my flipkart account now?,"I'm getting an error message that says, 'You've exceeded the maximum number of attempts to enter correct verification code'. How can I log in to my Flipkart account now?",1,232,232,train,positive
Quick question: i m come an mistake message that tell you ve surpass maximum number of effort to enroll exact confirmation code can i log in to my flipkart account now?,What are the documents required for the entire process of buying a Hero MotoCorp 2-wheeler on Flipkart?,0,232,325,train,random
Quick question: i m come an mistake message that tell you ve surpass maximum number of effort to enroll exact confirmation code can i log in to my flipkart account now?,How can I use a new email address to log in to my Flipkart account?,0,232,75,train,hard
i m come an mistake message tell you ve outstrip the maximum number of effort to enroll proper confirmation code how i log in to my flipkart account now? Any idea?,"I'm getting an error message that says, 'You've exceeded the maximum number of attempts to enter correct verification code'. How can I log in to my Flipkart account now?",1,232,232,train,positive
i m come an mistake message tell you ve outstrip the maximum number of effort to enroll proper confirmation code how i log in to my flipkart account now? Any idea?,How long does the battery last for Bounce 2-wheelers?,0,232,333,train,random
i m come an mistake message tell you ve outstrip the maximum number of effort to enroll proper confirmation code how i log in to my flipkart account now? Any idea?,How can I use a new email address to log in to my Flipkart account?,0,232,75,train,hard
Help needed: i m come an fault message that tell you ve surpass the maximum number effort enroll proper confirmation code can log to flipkart account now?,"I'm getting an error message that says, 'You've exceeded the maximum number of attempts to enter correct verification code'. How can I log in to my Flipkart account now?",1,232,232,dev,positive
Help needed: i m come an fault message that tell you ve surpass the maximum number effort enroll proper confirmation code can log to flipkart account now?,The option to buy a Hero MotoCorp 2-wheeler is not available at my pincode. What should I do?,0,232,425,dev,random
Help needed: i m come an fault message that tell you ve surpass the maximum number effort enroll proper confirmation code can log to flipkart account now?,How can I use a new email address to log in to my Flipkart account?,0,232,75,dev,hard
can i make my order delivered quicker?,Can I get my order delivered faster?,1,233,233,train,positive
can i make my order delivered quicker?,Can I redeem all of my available SuperCoins while using the SuperCoin Pay feature?,0,233,111,train,random
can i make my order delivered quicker?,How will my order be delivered?,0,233,219,train,hard
can i come order delivered quicker?,Can I get my order delivered faster?,1,233,233,train,positive
can i come order delivered quicker?,How can I pay with a saved Credit/Debit Card?,0,233,149,train,random
can i come order delivered quicker?,How quickly can I get my order delivered?,0,233,226,train,hard
Quick question: can i make my order delivered quicker?,Can I get my order delivered faster?,1,233,233,dev,positive
Quick question: can i make my order delivered quicker?,Can I return a product and ask for a refund if I have purchased it by redeeming my SuperCoins to avail discount through SuperCoin Pay feature?,0,233,331,dev,random
Quick question: can i make my order delivered quicker?,How will my order be delivered?,0,233,219,dev,hard
do i want to install the phonepe app to apply the wallet alternative my flipkart account?,Do I need to install the PhonePe app to use the wallet option on my Flipkart account?,1,234,234,train,positive
do i want to install the phonepe app to apply the wallet alternative my flipkart account?,What is the average cost of one service for an Ather 2-wheeler?,0,234,142,train,random
do i want to install the phonepe app to apply the wallet alternative my flipkart account?,Will I have to use the same contact number to create a PhonePe account as the one linked to my Flipkart account?,0,234,491,train,hard
Could you tell me do ask to install phonepe app to apply the wallet alternative my flipkart account?,Do I need to install the PhonePe app to use the wallet option on my Flipkart account?,1,234,234,train,positive
Could you tell me do ask to install phonepe app to apply the wallet alternative my flipkart account?,Can I redeem all of my available SuperCoins while using the SuperCoin Pay feature?,0,234,111,train,random
Could you tell me do ask to install phonepe app to apply the wallet alternative my flipkart account?,Will I have to use the same contact number to create a PhonePe account as the one linked to my Flipkart account?,0,234,491,train,hard
do ask install the phonepe app to usage wallet alternative my flipkart account?,Do I need to install the PhonePe app to use the wallet option on my Flipkart account?,1,234,234,dev,positive
do ask install the phonepe app to usage wallet alternative my flipkart account?,How can I track my order for the BGauss 2-wheeler after completing my payment on Flipkart?,0,234,141,dev,random
do ask install the phonepe app to usage wallet alternative my flipkart account?,How long will it take for a refund from Flipkart to my PhonePe wallet?,0,234,72,dev,hard
in which all city can the purchase an ather 2 wheeler be make? Thanks.,In which all cities can the purchase of an Ather 2-wheeler be made?,1,235,235,train,positive
in which all city can the purchase an ather 2 wheeler be make? Thanks.,What is the warranty being offered by Hero MotoCorp?,0,235,369,train,random
in which all city can the purchase an ather 2 wheeler be make? Thanks.,In which all cities can I purchase a Bounce 2-wheeler?,0,235,371,train,hard
in which all metropolis can the purchase of an ather 2 wheeler be make?,In which all cities can the purchase of an Ather 2-wheeler be made?,1,235,235,train,positive
in which all metropolis can the purchase of an ather 2 wheeler be make?,How can I track my Flipkart Quick order?,0,235,240,train,random
in which all metropolis can the purchase of an ather 2 wheeler be make?,In which all cities can I purchase a Bounce 2-wheeler?,0,235,371,train,hard
Quick question: in which all city can purchase of an ather 2 wheeler make?,In which all cities can the purchase of an Ather 2-wheeler be made?,1,235,235,dev,positive
Quick question: in which all city can purchase of an ather 2 wheeler make?,How quickly does the battery for a Bounce 2-wheeler charge?,0,235,500,dev,random
Quick question: in which all city can purchase of an ather 2 wheeler make?,In which all cities can I purchase a Bounce 2-wheeler?,0,235,371,dev,hard
"Hi, i have gain 200 supercoins already last year but even did not receive membership notification do do?",I have earned 200 SuperCoins already last year but still did not receive any membership notification. What do I do?,1,236,236,train,positive
"Hi, i have gain 200 supercoins already last year but even did not receive membership notification do do?",What should I do if I don't get the OTP or verification code?,0,236,107,train,random
"Hi, i have gain 200 supercoins already last year but even did not receive membership notification do do?",Will my Flipkart Plus membership be auto-renewed if I have earned 200 SuperCoins in the previous year?,0,236,103,train,hard
Quick question: i have attained 200 supercoins already last year but even did not receive membership notification do i do?,I have earned 200 SuperCoins already last year but still did not receive any membership notification. What do I do?,1,236,236,train,positive
Quick question: i have attained 200 supercoins already last year but even did not receive membership notification do i do?,Will Flipkart deliver the Bounce 2-wheeler at my home?,0,236,482,train,random
Quick question: i have attained 200 supercoins already last year but even did not receive membership notification do i do?,Will my Flipkart Plus membership be auto-renewed if I have earned 200 SuperCoins in the previous year?,0,236,103,train,hard
"Hi, i have gain 200 supercoins already last year yet did not receive membership notification do i do?",I have earned 200 SuperCoins already last year but still did not receive any membership notification. What do I do?,1,236,236,dev,positive
"Hi, i have gain 200 supercoins already last year yet did not receive membership notification do i do?",What should I do if I don't get the OTP or verification code?,0,236,107,dev,random
"Hi, i have gain 200 supercoins already last year yet did not receive membership notification do i do?",Will my Flipkart Plus membership be auto-renewed if I have earned 200 SuperCoins in the previous year?,0,236,103,dev,hard
Could you tell me what is the buyer protection policy?,What is the Buyer Protection policy?,1,237,237,train,positive
Could you tell me what is the buyer protection policy?,Will I get the option to test ride for Ampere Magnus EX? How many times will I be allowed to take test rides as part of an order?,0,237,313,train,random
Could you tell me what is the buyer protection policy?,What is Flipkart Buyer Protection?,0,237,140,train,hard
what is the buyer protection policy? Thanks.,What is the Buyer Protection policy?,1,237,237,train,positive
what is the buyer protection policy? Thanks.,What is the average cost of one service for Bounce 2-wheelers?,0,237,165,train,random
what is the buyer protection policy? Thanks.,What is Flipkart Buyer Protection?,0,237,140,train,hard
what is the buyer protection policy? Any idea?,What is the Buyer Protection policy?,1,237,237,dev,positive
what is the buyer protection policy? Any idea?,How quickly does the battery for BGauss 2-wheelers charge again?,0,237,303,dev,random
what is the buyer protection policy? Any idea?,What is Flipkart Buyer Protection?,0,237,140,dev,hard
Quick question: the delivery time cite for a bgauss 2 wheeler is too long is there anyway to make the 2 wheeler accelerated?,The delivery time mentioned for a BGauss 2-wheeler is too long. Is there anyway to get the 2-wheeler faster?,1,238,238,train,positive
Quick question: the delivery time cite for a bgauss 2 wheeler is too long is there anyway to make the 2 wheeler accelerated?,Why is the 'Cash on Delivery' payment mode not available at my location?,0,238,17,train,random
Quick question: the delivery time cite for a bgauss 2 wheeler is too long is there anyway to make the 2 wheeler accelerated?,Is the price for a BGauss 2-wheeler inclusive of subsidy?,0,238,249,train,hard
Could you tell me the delivery time refer for a bgauss 2 wheeler too long is there anyway to come the 2 wheeler accelerated?,The delivery time mentioned for a BGauss 2-wheeler is too long. Is there anyway to get the 2-wheeler faster?,1,238,238,train,positive
Could you tell me the delivery time refer for a bgauss 2 wheeler too long is there anyway to come the 2 wheeler accelerated?,How do I pay for my Cash-on-Delivery order if I choose to pick up the product from the pick-up store?,0,238,318,train,random
Could you tell me the delivery time refer for a bgauss 2 wheeler too long is there anyway to come the 2 wheeler accelerated?,Is the price for a BGauss 2-wheeler inclusive of subsidy?,0,238,249,train,hard
Quick question: the delivery time cite for a bgauss 2 wheeler too long there anyway to come 2 wheeler accelerated?,The delivery time mentioned for a BGauss 2-wheeler is too long. Is there anyway to get the 2-wheeler faster?,1,238,238,dev,positive
Quick question: the delivery time cite for a bgauss 2 wheeler too long there anyway to come 2 wheeler accelerated?,Is 'Credit Card No Cost EMI' payment mode available on Flipkart's website and mobile app?,0,238,278,dev,random
Quick question: the delivery time cite for a bgauss 2 wheeler too long there anyway to come 2 wheeler accelerated?,Will Flipkart deliver the BGauss 2-wheeler to my home?,0,238,484,dev,hard
Could you tell me can bargain flipkart plus membership?,Can I buy Flipkart Plus membership?,1,239,239,train,positive
Could you tell me can bargain flipkart plus membership?,I want to check my warranty details for the product but I don't have the warranty card. What should I do?,0,239,146,train,random
Could you tell me can bargain flipkart plus membership?,Where can I check the expiry related details of my Flipkart Plus membership?,0,239,11,train,hard
Could you tell me can i bargain flipkart plus membership?,Can I buy Flipkart Plus membership?,1,239,239,train,positive
Could you tell me can i bargain flipkart plus membership?,What is the process after paying the ex-showroom price for a BGauss 2-wheeler on Flipkart?,0,239,14,train,random
Could you tell me can i bargain flipkart plus membership?,Where can I check the expiry related details of my Flipkart Plus membership?,0,239,11,train,hard
"Hi, can i bargain flipkart plus membership?",Can I buy Flipkart Plus membership?,1,239,239,dev,positive
"Hi, can i bargain flipkart plus membership?",Is it necessary to register with PhonePe to use it on Flipkart?,0,239,192,dev,random
"Hi, can i bargain flipkart plus membership?",Where can I check the expiry related details of my Flipkart Plus membership?,0,239,11,dev,hard
Help needed: how i track flipkart quick order?,How can I track my Flipkart Quick order?,1,240,240,train,positive
Help needed: how i track flipkart quick order?,Can I cancel or return a reward as part of the Cash and Coins for Rewards for program?,0,240,299,train,random
Help needed: how i track flipkart quick order?,How can I track my order for the Ather 2-wheeler after completing my payment on Flipkart?,0,240,125,train,hard
how can i track flipkart quick order? Any idea?,How can I track my Flipkart Quick order?,1,240,240,train,positive
how can i track flipkart quick order? Any idea?,What should I do if my order is approved but hasn't been shipped yet?,0,240,28,train,random
how can i track flipkart quick order? Any idea?,How can I track my order for the Ather 2-wheeler after completing my payment on Flipkart?,0,240,125,train,hard
Help needed: how i track my flipkart quick order?,How can I track my Flipkart Quick order?,1,240,240,dev,positive
Help needed: how i track my flipkart quick order?,What are the complete terms and conditions for 'SuperCoins Rewards'?,0,240,194,dev,random
Help needed: how i track my flipkart quick order?,How can I track my order for the Ather 2-wheeler after completing my payment on Flipkart?,0,240,125,dev,hard
"Hi, i have an axis bank buzz credit card can i yet use for the flipkart axis bank credit card?","I have an Axis Bank Buzz Credit Card, can I still apply for the Flipkart Axis Bank Credit Card?",1,241,241,train,positive
"Hi, i have an axis bank buzz credit card can i yet use for the flipkart axis bank credit card?",What is the process after paying the ex-showroom price for a Bounce 2-wheeler on Flipkart?,0,241,22,train,random
"Hi, i have an axis bank buzz credit card can i yet use for the flipkart axis bank credit card?",What will happen to my Axis Bank Buzz Credit Card if I apply for the Flipkart Axis Bank Credit Card?,0,241,479,train,hard
i have an axis bank buzz credit card can i yet utilize for the flipkart axis bank credit card? Any idea?,"I have an Axis Bank Buzz Credit Card, can I still apply for the Flipkart Axis Bank Credit Card?",1,241,241,train,positive
i have an axis bank buzz credit card can i yet utilize for the flipkart axis bank credit card? Any idea?,What charging options are available with Bounce 2-wheelers?,0,241,480,train,random
i have an axis bank buzz credit card can i yet utilize for the flipkart axis bank credit card? Any idea?,What will happen to my Axis Bank Buzz Credit Card if I apply for the Flipkart Axis Bank Credit Card?,0,241,479,train,hard
i have axis bank buzz credit card i nonetheless employ the flipkart axis bank credit card? Any idea?,"I have an Axis Bank Buzz Credit Card, can I still apply for the Flipkart Axis Bank Credit Card?",1,241,241,dev,positive
i have axis bank buzz credit card i nonetheless employ the flipkart axis bank credit card? Any idea?,Can I redeem SuperCoins to avail discounts for products on Shopsy?,0,241,387,dev,random
i have axis bank buzz credit card i nonetheless employ the flipkart axis bank credit card? Any idea?,What will happen to my Axis Bank Buzz Credit Card if I apply for the Flipkart Axis Bank Credit Card?,0,241,479,dev,hard
Could you tell me is the cost for ampere magnus ex inclusive of subsidy?,Is the price for Ampere Magnus EX inclusive of subsidy?,1,242,242,train,positive
Could you tell me is the cost for ampere magnus ex inclusive of subsidy?,I chose the wrong EMI plan while making the payment using 'Credit Card No Cost EMI' option. Can I change it now?,0,242,336,train,random
Could you tell me is the cost for ampere magnus ex inclusive of subsidy?,Is the price for a BGauss 2-wheeler inclusive of subsidy?,0,242,249,train,hard
is the cost for ampere magnus ex inclusive of subsidy? Any idea?,Is the price for Ampere Magnus EX inclusive of subsidy?,1,242,242,train,positive
is the cost for ampere magnus ex inclusive of subsidy? Any idea?,How can I foreclose my EMI with Bajaj Finserv?,0,242,439,train,random
is the cost for ampere magnus ex inclusive of subsidy? Any idea?,Is the price for a BGauss 2-wheeler inclusive of subsidy?,0,242,249,train,hard
"Hi, is the cost for ampere magnus ex inclusive subsidy?",Is the price for Ampere Magnus EX inclusive of subsidy?,1,242,242,dev,positive
"Hi, is the cost for ampere magnus ex inclusive subsidy?",What are the charges applicable for warranty claim in case of a refurbished product?,0,242,34,dev,random
"Hi, is the cost for ampere magnus ex inclusive subsidy?",Is the price for a BGauss 2-wheeler inclusive of subsidy?,0,242,249,dev,hard
what order amount lesser than the gift card value? Any idea?,What if my order amount is lesser than the Gift Card value?,1,243,243,train,positive
what order amount lesser than the gift card value? Any idea?,How can I know if the store I am at has the option of using SuperCoin Pay feature?,0,243,274,train,random
what order amount lesser than the gift card value? Any idea?,How can I pay if the order amount is more than the value of my Gift Card?,0,243,402,train,hard
Quick question: what if order amount is lesser than the gift card value?,What if my order amount is lesser than the Gift Card value?,1,243,243,train,positive
Quick question: what if order amount is lesser than the gift card value?,Is there a gift wrap option available for Flipkart Quick orders?,0,243,212,train,random
Quick question: what if order amount is lesser than the gift card value?,How can I pay if the order amount is more than the value of my Gift Card?,0,243,402,train,hard
what if my order amount is lesser than gift card value? Any idea?,What if my order amount is lesser than the Gift Card value?,1,243,243,dev,positive
what if my order amount is lesser than gift card value? Any idea?,How can I add a new delivery address to my Flipkart account?,0,243,49,dev,random
what if my order amount is lesser than gift card value? Any idea?,How can I pay if the order amount is more than the value of my Gift Card?,0,243,402,dev,hard
Help needed: i arranged a amiss item can i reappearance it?,I ordered a wrong item. Can I return it?,1,244,244,train,positive
Help needed: i arranged a amiss item can i reappearance it?,Why can't I see Bajaj Finserv as a payment mode for some items?,0,244,101,train,random
Help needed: i arranged a amiss item can i reappearance it?,I have requested for a return for my item. When will it happen?,0,244,7,train,hard
Help needed: i arranged a awry item can i rejoin it?,I ordered a wrong item. Can I return it?,1,244,244,train,positive
Help needed: i arranged a awry item can i rejoin it?,How can I know if the store I am at has the option of using SuperCoin Pay feature?,0,244,274,train,random
Help needed: i arranged a awry item can i rejoin it?,I have requested for a return for my item. When will it happen?,0,244,7,train,hard
Could you tell me i arranged erroneous item can i reappearance it?,I ordered a wrong item. Can I return it?,1,244,244,dev,positive
Could you tell me i arranged erroneous item can i reappearance it?,Do I get a spare tyre with a BGauss 2-wheeler?,0,244,488,dev,random
Could you tell me i arranged erroneous item can i reappearance it?,Is it necessary for me to be registered with the same contact number at the third-party partner store for me to use SuperCoin Pay feature?,0,244,456,dev,hard
Quick question: is a accusation for pickup of products from a pickup store?,Is there a charge for pickup of products from a 'Pickup Store'?,1,245,245,train,positive
Quick question: is a accusation for pickup of products from a pickup store?,What is 'Credit Card No Cost EMI'?,0,245,266,train,random
Quick question: is a accusation for pickup of products from a pickup store?,What is the pickup process?,0,245,305,train,hard
is there a accusation pickup of products from a pickup store?,Is there a charge for pickup of products from a 'Pickup Store'?,1,245,245,train,positive
is there a accusation pickup of products from a pickup store?,"I have an Axis Bank Buzz Credit Card, can I still apply for the Flipkart Axis Bank Credit Card?",0,245,241,train,random
is there a accusation pickup of products from a pickup store?,What is the pickup process?,0,245,305,train,hard
is there a accusation for pickup of products from pickup store? Thanks.,Is there a charge for pickup of products from a 'Pickup Store'?,1,245,245,dev,positive
is there a accusation for pickup of products from pickup store? Thanks.,Is the price for an Ather 2-wheeler inclusive of subsidy?,0,245,279,dev,random
is there a accusation for pickup of products from pickup store? Thanks.,What is the pickup process?,0,245,305,dev,hard
Quick question: i always login utilize my telephone number but lately squandered my call have disregarded the password to flipkart account how i access it?,"I always login using my phone number, but I recently lost my phone. I have also forgotten the password to my Flipkart account. How do I access it?",1,246,246,train,positive
Quick question: i always login utilize my telephone number but lately squandered my call have disregarded the password to flipkart account how i access it?,When do SuperCoins expire?,0,246,390,train,random
Quick question: i always login utilize my telephone number but lately squandered my call have disregarded the password to flipkart account how i access it?,How can I change the password for my Flipkart account?,0,246,99,train,hard
i always login utilize my telephone number but i lately lose call i have also disregarded password my flipkart account do i access it? Any idea?,"I always login using my phone number, but I recently lost my phone. I have also forgotten the password to my Flipkart account. How do I access it?",1,246,246,train,positive
i always login utilize my telephone number but i lately lose call i have also disregarded password my flipkart account do i access it? Any idea?,What does 'Permanently Discontinued' or 'Out of Print' mean?,0,246,116,train,random
i always login utilize my telephone number but i lately lose call i have also disregarded password my flipkart account do i access it? Any idea?,How can I change the password for my Flipkart account?,0,246,99,train,hard
i always login utilize telephone number but i lately missed my telephone i have also disregarded the password my flipkart account how i access it? Any idea?,"I always login using my phone number, but I recently lost my phone. I have also forgotten the password to my Flipkart account. How do I access it?",1,246,246,dev,positive
i always login utilize telephone number but i lately missed my telephone i have also disregarded the password my flipkart account how i access it? Any idea?,How much time does it take for the shipment to reach a pickup store?,0,246,105,dev,random
i always login utilize telephone number but i lately missed my telephone i have also disregarded the password my flipkart account how i access it? Any idea?,How can I change the password for my Flipkart account?,0,246,99,dev,hard
Quick question: the address while ordering ampere 2 wheeler on flipkart is different the one my address validation aadhar card should i do today?,"The address while ordering Ampere 2-wheeler on Flipkart is different from the one on my address proof (Aadhar Card), what should I do now?",1,247,247,train,positive
Quick question: the address while ordering ampere 2 wheeler on flipkart is different the one my address validation aadhar card should i do today?,"I have requested a replacement, when will I get it?",0,247,88,train,random
Quick question: the address while ordering ampere 2 wheeler on flipkart is different the one my address validation aadhar card should i do today?,"The address while ordering Ather 2-wheeler on Flipkart is different from the one on my address proof (Aadhaar Card), what should I do now?",0,247,265,train,hard
"Hi, the address while ordering ampere 2 wheeler on flipkart is different from the one on my address validation aadhar card what should do today?","The address while ordering Ampere 2-wheeler on Flipkart is different from the one on my address proof (Aadhar Card), what should I do now?",1,247,247,train,positive
"Hi, the address while ordering ampere 2 wheeler on flipkart is different from the one on my address validation aadhar card what should do today?",What is GSTIN Invoicing feature?,0,247,170,train,random
"Hi, the address while ordering ampere 2 wheeler on flipkart is different from the one on my address validation aadhar card what should do today?","The address while ordering Ather 2-wheeler on Flipkart is different from the one on my address proof (Aadhaar Card), what should I do now?",0,247,265,train,hard
the address while ordering ampere 2 wheeler on flipkart different the one on my address validation aadhar card what should today? Any idea?,"The address while ordering Ampere 2-wheeler on Flipkart is different from the one on my address proof (Aadhar Card), what should I do now?",1,247,247,dev,positive
the address while ordering ampere 2 wheeler on flipkart different the one on my address validation aadhar card what should today? Any idea?,Can I buy Flipkart Plus membership?,0,247,239,dev,random
the address while ordering ampere 2 wheeler on flipkart different the one on my address validation aadhar card what should today? Any idea?,"The address while ordering Ather 2-wheeler on Flipkart is different from the one on my address proof (Aadhaar Card), what should I do now?",0,247,265,dev,hard
Could you tell me can i bargain products on flipkart by redeeming supercoins?,Can I buy products on Flipkart by redeeming SuperCoins?,1,248,248,train,positive
Could you tell me can i bargain products on flipkart by redeeming supercoins?,What are the pre-requisites for using the saved card feature?,0,248,358,train,random
Could you tell me can i bargain products on flipkart by redeeming supercoins?,On what products will I get the option of 'SuperCoins Price'?,0,248,63,train,hard
Quick question: can bargain products on flipkart by redeeming supercoins?,Can I buy products on Flipkart by redeeming SuperCoins?,1,248,248,train,positive
Quick question: can bargain products on flipkart by redeeming supercoins?,What is the credit limit on the 'Credit Card No Cost EMI' card for shopping on Flipkart?,0,248,370,train,random
Quick question: can bargain products on flipkart by redeeming supercoins?,On what products will I get the option of 'SuperCoins Price'?,0,248,63,train,hard
Quick question: can i bargain products on flipkart by redeeming supercoins?,Can I buy products on Flipkart by redeeming SuperCoins?,1,248,248,dev,positive
Quick question: can i bargain products on flipkart by redeeming supercoins?,How do I contact seller's partnered courier service providers?,0,248,175,dev,random
Quick question: can i bargain products on flipkart by redeeming supercoins?,On what products will I get the option of 'SuperCoins Price'?,0,248,63,dev,hard
is cost for a bgauss 2 wheeler inclusive of subsidy?,Is the price for a BGauss 2-wheeler inclusive of subsidy?,1,249,249,train,positive
is cost for a bgauss 2 wheeler inclusive of subsidy?,How can I track my order for Ampere Magnus EX after completing my payment on Flipkart?,0,249,117,train,random
is cost for a bgauss 2 wheeler inclusive of subsidy?,Is the price for an Ather 2-wheeler inclusive of subsidy?,0,249,279,train,hard
is the cost for a bgauss 2 wheeler inclusive of subsidy? Any idea?,Is the price for a BGauss 2-wheeler inclusive of subsidy?,1,249,249,train,positive
is the cost for a bgauss 2 wheeler inclusive of subsidy? Any idea?,What does 'Transfer' Gift Card in my Wallet do?,0,249,157,train,random
is the cost for a bgauss 2 wheeler inclusive of subsidy? Any idea?,Is the price for an Ather 2-wheeler inclusive of subsidy?,0,249,279,train,hard
is the cost for bgauss 2 wheeler inclusive of subsidy? Any idea?,Is the price for a BGauss 2-wheeler inclusive of subsidy?,1,249,249,dev,positive
is the cost for bgauss 2 wheeler inclusive of subsidy? Any idea?,Do I need to be a Flipkart Plus member to avail the 'SuperCoins Price'?,0,249,187,dev,random
is the cost for bgauss 2 wheeler inclusive of subsidy? Any idea?,Is the price for an Ather 2-wheeler inclusive of subsidy?,0,249,279,dev,hard
Quick question: what is the warranty being provide ampere?,What is the warranty being offered by Ampere?,1,250,250,train,positive
Quick question: what is the warranty being provide ampere?,Can I submit my documents online for a Bounce 2-wheeler and not visit the brand authorised dealer?,0,250,380,train,random
Quick question: what is the warranty being provide ampere?,Is the warranty being offered by Flipkart for Ampere Magnus EX?,0,250,414,train,hard
what is warranty being provide ampere? Any idea?,What is the warranty being offered by Ampere?,1,250,250,train,positive
what is warranty being provide ampere? Any idea?,Is there a battery subscription model for Ampere Magnus EX?,0,250,490,train,random
what is warranty being provide ampere? Any idea?,Is the warranty being offered by Flipkart for Ampere Magnus EX?,0,250,414,train,hard
Help needed: what warranty being provide ampere?,What is the warranty being offered by Ampere?,1,250,250,dev,positive
Help needed: what warranty being provide ampere?,"The address while ordering Ather 2-wheeler on Flipkart is different from the one on my address proof (Aadhaar Card), what should I do now?",0,250,265,dev,random
Help needed: what warranty being provide ampere?,Is the warranty being offered by Flipkart for Ampere Magnus EX?,0,250,414,dev,hard
Help needed: how bring my repayment rejoin an item paid for use cash on delivery mode?,How will I get my refund for returning an item I paid for using 'Cash on Delivery' mode?,1,251,251,train,positive
Help needed: how bring my repayment rejoin an item paid for use cash on delivery mode?,I chose the wrong EMI plan while making the payment using 'Credit Card No Cost EMI' option. Can I change it now?,0,251,336,train,random
Help needed: how bring my repayment rejoin an item paid for use cash on delivery mode?,What is Cash on Delivery?,0,251,294,train,hard
how will i find my repayment for reverting an item paid utilize cash on delivery mode? Any idea?,How will I get my refund for returning an item I paid for using 'Cash on Delivery' mode?,1,251,251,train,positive
how will i find my repayment for reverting an item paid utilize cash on delivery mode? Any idea?,Will Flipkart deliver the Hero MotoCorp 2-wheeler to my home?,0,251,464,train,random
how will i find my repayment for reverting an item paid utilize cash on delivery mode? Any idea?,What is Cash on Delivery?,0,251,294,train,hard
Help needed: how i come my repay reverting an item i paid for utilize cash on delivery mode?,How will I get my refund for returning an item I paid for using 'Cash on Delivery' mode?,1,251,251,dev,positive
Help needed: how i come my repay reverting an item i paid for utilize cash on delivery mode?,I ordered a wrong item. Can I return it?,0,251,244,dev,random
Help needed: how i come my repay reverting an item i paid for utilize cash on delivery mode?,What is Cash on Delivery?,0,251,294,dev,hard
Help needed: will delivery be try again if i m not able compile my order the first time?,Will the delivery be tried again if I'm not able to collect my order the first time?,1,252,252,train,positive
Help needed: will delivery be try again if i m not able compile my order the first time?,Can I buy more than one BGauss 2-wheeler in my name/same Flipkart account?,0,252,27,train,random
Help needed: will delivery be try again if i m not able compile my order the first time?,How will my order be delivered?,0,252,219,train,hard
Quick question: will the delivery be try again i m not able to gather order the first time?,Will the delivery be tried again if I'm not able to collect my order the first time?,1,252,252,train,positive
Quick question: will the delivery be try again i m not able to gather order the first time?,How long do I have to pick up my shipment from the pick-up store?,0,252,33,train,random
Quick question: will the delivery be try again i m not able to gather order the first time?,Can I reject the Flipkart Quick order at the time of delivery?,0,252,161,train,hard
Could you tell me will the delivery try again i m not able to compile my order the first time?,Will the delivery be tried again if I'm not able to collect my order the first time?,1,252,252,dev,positive
Could you tell me will the delivery try again i m not able to compile my order the first time?,Can I cancel the order that I paced by redeeming SuperCoin through the SuperCoin Pay feature?,0,252,16,dev,random
Could you tell me will the delivery try again i m not able to compile my order the first time?,Can I reject the Flipkart Quick order at the time of delivery?,0,252,161,dev,hard
the address while ordering bgauss 2 wheeler on flipkart is different the one on address validation aadhaar card what should today? Thanks.,"The address while ordering BGauss 2-wheeler on Flipkart is different from the one on my address proof (Aadhaar Card), what should I do now?",1,253,253,train,positive
the address while ordering bgauss 2 wheeler on flipkart is different the one on address validation aadhaar card what should today? Thanks.,What accessories will be part of Ather 2-wheelers. Do I have to pay separately for accessories?,0,253,207,train,random
the address while ordering bgauss 2 wheeler on flipkart is different the one on address validation aadhaar card what should today? Thanks.,"The address while ordering Ampere 2-wheeler on Flipkart is different from the one on my address proof (Aadhar Card), what should I do now?",0,253,247,train,hard
"Hi, the address while ordering bgauss 2 wheeler flipkart is different from the one on my address validation aadhaar card what should i do today?","The address while ordering BGauss 2-wheeler on Flipkart is different from the one on my address proof (Aadhaar Card), what should I do now?",1,253,253,train,positive
"Hi, the address while ordering bgauss 2 wheeler flipkart is different from the one on my address validation aadhaar card what should i do today?","My shipment is damaged at the self pickup store, what do I do?",0,253,97,train,random
"Hi, the address while ordering bgauss 2 wheeler flipkart is different from the one on my address validation aadhaar card what should i do today?","The address while ordering Ampere 2-wheeler on Flipkart is different from the one on my address proof (Aadhar Card), what should I do now?",0,253,247,train,hard
the address while ordering bgauss 2 wheeler flipkart different from the one on address validation aadhaar card should i do today? Thanks.,"The address while ordering BGauss 2-wheeler on Flipkart is different from the one on my address proof (Aadhaar Card), what should I do now?",1,253,253,dev,positive
the address while ordering bgauss 2 wheeler flipkart different from the one on address validation aadhaar card should i do today? Thanks.,What will happen to my Axis Bank Buzz Credit Card if I apply for the Flipkart Axis Bank Credit Card?,0,253,479,dev,random
the address while ordering bgauss 2 wheeler flipkart different from the one on address validation aadhaar card should i do today? Thanks.,"The address while ordering Ampere 2-wheeler on Flipkart is different from the one on my address proof (Aadhar Card), what should I do now?",0,253,247,dev,hard
Could you tell me i wish know the cvv number on scorecard?,I want to know the CVV number on the card?,1,254,254,train,positive
Could you tell me i wish know the cvv number on scorecard?,How can I pay with a saved Credit/Debit Card?,0,254,149,train,random
Could you tell me i wish know the cvv number on scorecard?,Will the card number and CVV remain the same for both the physical and the virtual card?,0,254,448,train,hard
Quick question: i need to know the cvv number on the scorecard?,I want to know the CVV number on the card?,1,254,254,train,positive
Quick question: i need to know the cvv number on the scorecard?,"Will my product be installed by the brand or Flipkart? If it is installed by Flipkart, will it affect the warranty of the product?",0,254,138,train,random
Quick question: i need to know the cvv number on the scorecard?,Will the card number and CVV remain the same for both the physical and the virtual card?,0,254,448,train,hard
Could you tell me i wish to know the cvv number the scorecard?,I want to know the CVV number on the card?,1,254,254,dev,positive
Could you tell me i wish to know the cvv number the scorecard?,What is Flipkart Plus program?,0,254,183,dev,random
Could you tell me i wish to know the cvv number the scorecard?,Will the card number and CVV remain the same for both the physical and the virtual card?,0,254,448,dev,hard
is the cost bounce 2 wheeler inclusive subsidy?,Is the price for a Bounce 2-wheeler inclusive of subsidy?,1,255,255,train,positive
is the cost bounce 2 wheeler inclusive subsidy?,Can I use a saved card to make an EMI payment?,0,255,352,train,random
is the cost bounce 2 wheeler inclusive subsidy?,Is the price for an Ather 2-wheeler inclusive of subsidy?,0,255,279,train,hard
Could you tell me is the cost bounce 2 wheeler inclusive subsidy?,Is the price for a Bounce 2-wheeler inclusive of subsidy?,1,255,255,train,positive
Could you tell me is the cost bounce 2 wheeler inclusive subsidy?,What should I do if I don't get the OTP or verification code?,0,255,107,train,random
Could you tell me is the cost bounce 2 wheeler inclusive subsidy?,Is the price for an Ather 2-wheeler inclusive of subsidy?,0,255,279,train,hard
is the cost a bounce 2 wheeler inclusive subsidy? Thanks.,Is the price for a Bounce 2-wheeler inclusive of subsidy?,1,255,255,dev,positive
is the cost a bounce 2 wheeler inclusive subsidy? Thanks.,Will I get the option to test drive a Bounce 2-wheeler? How many times will I be allowed to take a test drive in the same order?,0,255,295,dev,random
is the cost a bounce 2 wheeler inclusive subsidy? Thanks.,Is the price for an Ather 2-wheeler inclusive of subsidy?,0,255,279,dev,hard
"Hi, can apply my gift card to bargain items from different sellers in the same order?",Can I use my Gift Card to buy items from different sellers in the same order?,1,256,256,train,positive
"Hi, can apply my gift card to bargain items from different sellers in the same order?",I didn't get a warranty card with my product. How can I get the warranty?,0,256,42,train,random
"Hi, can apply my gift card to bargain items from different sellers in the same order?",Can I club my orders from different sellers to be delivered together?,0,256,12,train,hard
"Hi, can i utilize my gift card bargain items from different sellers in the same order?",Can I use my Gift Card to buy items from different sellers in the same order?,1,256,256,train,positive
"Hi, can i utilize my gift card bargain items from different sellers in the same order?",What is the average cost of one service for a BGauss 2-wheeler?,0,256,86,train,random
"Hi, can i utilize my gift card bargain items from different sellers in the same order?",Can I club my orders from different sellers to be delivered together?,0,256,12,train,hard
can i apply my gift card bargain items from different sellers in same order? Any idea?,Can I use my Gift Card to buy items from different sellers in the same order?,1,256,256,dev,positive
can i apply my gift card bargain items from different sellers in same order? Any idea?,What can I write in product reviews?,0,256,8,dev,random
can i apply my gift card bargain items from different sellers in same order? Any idea?,Can I club my orders from different sellers to be delivered together?,0,256,12,dev,hard
can supercoins rewards be cancelled or rejoin? Thanks.,Can 'SuperCoins Rewards' be cancelled or returned?,1,257,257,train,positive
can supercoins rewards be cancelled or rejoin? Thanks.,Will Hero MotoCorp cross-sell/up sell when I visit the brand authorised dealer?,0,257,267,train,random
can supercoins rewards be cancelled or rejoin? Thanks.,How can I redeem 'SuperCoins Rewards'?,0,257,438,train,hard
Could you tell me can supercoins rewards be cancelled or rejoin?,Can 'SuperCoins Rewards' be cancelled or returned?,1,257,257,train,positive
Could you tell me can supercoins rewards be cancelled or rejoin?,Can I take the shipment after opening and checking the contents inside?,0,257,100,train,random
Could you tell me can supercoins rewards be cancelled or rejoin?,How can I redeem 'SuperCoins Rewards'?,0,257,438,train,hard
can supercoins rewards be cancelled or rejoin?,Can 'SuperCoins Rewards' be cancelled or returned?,1,257,257,dev,positive
can supercoins rewards be cancelled or rejoin?,Can I redeem my 'on the way' SuperCoins to avail discounts on product?,0,257,180,dev,random
can supercoins rewards be cancelled or rejoin?,How can I redeem 'SuperCoins Rewards'?,0,257,438,dev,hard
what is convey delivery? Any idea?,What is express delivery?,1,258,258,train,positive
what is convey delivery? Any idea?,What are SuperCoin Milestones?,0,258,459,train,random
what is convey delivery? Any idea?,What is Cash on Delivery?,0,258,294,train,hard
what is convey delivery? Thanks.,What is express delivery?,1,258,258,train,positive
what is convey delivery? Thanks.,What are the cities/states that have third-party partner stores to redeem the SuperCoin Pay feature?,0,258,316,train,random
what is convey delivery? Thanks.,What is Cash on Delivery?,0,258,294,train,hard
what convey delivery?,What is express delivery?,1,258,258,dev,positive
what convey delivery?,How can I track my application status from my Flipkart Account?,0,258,227,dev,random
what convey delivery?,What is Cash on Delivery?,0,258,294,dev,hard
the address while ordering bounce vehicle on flipkart is different from the one on my address validation aadhar card what should do today?,"The address while ordering Bounce vehicle on Flipkart is different from the one on my address proof (Aadhar Card), what should I do now?",1,259,259,train,positive
the address while ordering bounce vehicle on flipkart is different from the one on my address validation aadhar card what should do today?,What is 'Credit Card No Cost EMI'?,0,259,266,train,random
the address while ordering bounce vehicle on flipkart is different from the one on my address validation aadhar card what should do today?,"The address while ordering Ather 2-wheeler on Flipkart is different from the one on my address proof (Aadhaar Card), what should I do now?",0,259,265,train,hard
the address while ordering bounce vehicle on flipkart is different the one my address validation aadhar card what should i do today?,"The address while ordering Bounce vehicle on Flipkart is different from the one on my address proof (Aadhar Card), what should I do now?",1,259,259,train,positive
the address while ordering bounce vehicle on flipkart is different the one my address validation aadhar card what should i do today?,How do returns work?,0,259,351,train,random
the address while ordering bounce vehicle on flipkart is different the one my address validation aadhar card what should i do today?,"The address while ordering Ather 2-wheeler on Flipkart is different from the one on my address proof (Aadhaar Card), what should I do now?",0,259,265,train,hard
Could you tell me the address while ordering bounce vehicle on flipkart different the one on address validation aadhar card should i do today?,"The address while ordering Bounce vehicle on Flipkart is different from the one on my address proof (Aadhar Card), what should I do now?",1,259,259,dev,positive
Could you tell me the address while ordering bounce vehicle on flipkart different the one on address validation aadhar card should i do today?,How long will the benefit be unlocked as part of my SuperCoin Milestones?,0,259,31,dev,random
Could you tell me the address while ordering bounce vehicle on flipkart different the one on address validation aadhar card should i do today?,"The address while ordering Ather 2-wheeler on Flipkart is different from the one on my address proof (Aadhaar Card), what should I do now?",0,259,265,dev,hard
Could you tell me what the interest rates for credit scorecard emi plans?,What are the interest rates for the Credit card EMI plans?,1,260,260,train,positive
Could you tell me what the interest rates for credit scorecard emi plans?,How does the pick-up store option on Flipkart work?,0,260,153,train,random
Could you tell me what the interest rates for credit scorecard emi plans?,What are the EMI plans available if I pay using the 'Credit Card No Cost EMI' payment mode?,0,260,385,train,hard
what are the interest rates for the credit scorecard emi plans? Any idea?,What are the interest rates for the Credit card EMI plans?,1,260,260,train,positive
what are the interest rates for the credit scorecard emi plans? Any idea?,I have earned 200 SuperCoins already last year but still did not receive any membership notification. What do I do?,0,260,236,train,random
what are the interest rates for the credit scorecard emi plans? Any idea?,What are the EMI plans available if I pay using the 'Credit Card No Cost EMI' payment mode?,0,260,385,train,hard
what interest rates for the credit scorecard emi plans? Any idea?,What are the interest rates for the Credit card EMI plans?,1,260,260,dev,positive
what interest rates for the credit scorecard emi plans? Any idea?,From when is the warranty for my product applicable?,0,260,90,dev,random
what interest rates for the credit scorecard emi plans? Any idea?,What are the EMI plans available if I pay using the 'Credit Card No Cost EMI' payment mode?,0,260,385,dev,hard
what after sales services are being offer by flipkart for bgauss 2 wheelers? Any idea?,What after-sales services are being provided by Flipkart for BGauss 2-wheelers?,1,261,261,train,positive
what after sales services are being offer by flipkart for bgauss 2 wheelers? Any idea?,When and how many times do Bounce vehicles require servicing?,0,261,474,train,random
what after sales services are being offer by flipkart for bgauss 2 wheelers? Any idea?,What after-sales services are being provided by Flipkart for Hero MotoCorp 2-wheelers?,0,261,200,train,hard
Help needed: what after sales services are being offer by flipkart for bgauss 2 wheelers?,What after-sales services are being provided by Flipkart for BGauss 2-wheelers?,1,261,261,train,positive
Help needed: what after sales services are being offer by flipkart for bgauss 2 wheelers?,Can I get my order delivered faster?,0,261,233,train,random
Help needed: what after sales services are being offer by flipkart for bgauss 2 wheelers?,What after-sales services are being provided by Flipkart for Hero MotoCorp 2-wheelers?,0,261,200,train,hard
what sales services are being offer flipkart bgauss 2 wheelers?,What after-sales services are being provided by Flipkart for BGauss 2-wheelers?,1,261,261,dev,positive
what sales services are being offer flipkart bgauss 2 wheelers?,How long will it take for a refund from Flipkart to my PhonePe wallet?,0,261,72,dev,random
what sales services are being offer flipkart bgauss 2 wheelers?,What after-sales services are being provided by Flipkart for Hero MotoCorp 2-wheelers?,0,261,200,dev,hard
Could you tell me what cash and coins for rewards curriculum?,What is Cash and Coins for Rewards program?,1,262,262,train,positive
Could you tell me what cash and coins for rewards curriculum?,What should I do if I don't get the OTP or verification code?,0,262,107,train,random
Could you tell me what cash and coins for rewards curriculum?,Will I get SuperCoins for using Cash and Coins for Rewards?,0,262,346,train,hard
what is cash and coins for rewards curriculum? Thanks.,What is Cash and Coins for Rewards program?,1,262,262,train,positive
what is cash and coins for rewards curriculum? Thanks.,I didn't get a warranty card with my product. How can I get the warranty?,0,262,42,train,random
what is cash and coins for rewards curriculum? Thanks.,Will I get SuperCoins for using Cash and Coins for Rewards?,0,262,346,train,hard
Help needed: what is cash and coins for rewards curriculum?,What is Cash and Coins for Rewards program?,1,262,262,dev,positive
Help needed: what is cash and coins for rewards curriculum?,I did not get an OTP while paying through the 'Credit Card No Cost EMI' payment mode. What should I do?,0,262,485,dev,random
Help needed: what is cash and coins for rewards curriculum?,Will I get SuperCoins for using Cash and Coins for Rewards?,0,262,346,dev,hard
Quick question: how does warranty operate on replacement products?,How does warranty work on replacement products?,1,263,263,train,positive
Quick question: how does warranty operate on replacement products?,What should I do if a service centre denied my request to repair the product?,0,263,132,train,random
Quick question: how does warranty operate on replacement products?,How will I claim warranty for refurbished products?,0,263,74,train,hard
how does warranty operate on replacement products? Thanks.,How does warranty work on replacement products?,1,263,263,train,positive
how does warranty operate on replacement products? Thanks.,What is SuperCoin Zone?,0,263,450,train,random
how does warranty operate on replacement products? Thanks.,How will I claim warranty for refurbished products?,0,263,74,train,hard
Could you tell me how does warranty operate on replacement products?,How does warranty work on replacement products?,1,263,263,dev,positive
Could you tell me how does warranty operate on replacement products?,What subsidies are being offered by BGauss and how to claim them?,0,263,47,dev,random
Could you tell me how does warranty operate on replacement products?,How will I claim warranty for refurbished products?,0,263,74,dev,hard
Help needed: how can i collect my loading from the pick up depot?,How can I collect my shipment from the pick-up store?,1,264,264,train,positive
Help needed: how can i collect my loading from the pick up depot?,Do I need to have a driving license to drive an Ather 2-wheeler?,0,264,416,train,random
Help needed: how can i collect my loading from the pick up depot?,How long do I have to pick up my shipment from the pick-up store?,0,264,33,train,hard
"Hi, how i collect my cargo from the pick up depot?",How can I collect my shipment from the pick-up store?,1,264,264,train,positive
"Hi, how i collect my cargo from the pick up depot?",What are the benefits that a Flipkart Plus member gets?,0,264,218,train,random
"Hi, how i collect my cargo from the pick up depot?",How long do I have to pick up my shipment from the pick-up store?,0,264,33,train,hard
how i collect cargo from the pick depot? Thanks.,How can I collect my shipment from the pick-up store?,1,264,264,dev,positive
how i collect cargo from the pick depot? Thanks.,"If I have paid for my order using the Bajaj Finserv No Cost EMI payment option, will I get a complete refund if the item is cancelled or returned?",0,264,339,dev,random
how i collect cargo from the pick depot? Thanks.,Can someone else collect an order on my behalf from a pick-up store?,0,264,65,dev,hard
Help needed: the address while ordering ather 2 wheeler on flipkart is different from one on my address validation aadhaar card what today?,"The address while ordering Ather 2-wheeler on Flipkart is different from the one on my address proof (Aadhaar Card), what should I do now?",1,265,265,train,positive
Help needed: the address while ordering ather 2 wheeler on flipkart is different from one on my address validation aadhaar card what today?,Can I transfer SuperCoins to different Flipkart account?,0,265,381,train,random
Help needed: the address while ordering ather 2 wheeler on flipkart is different from one on my address validation aadhaar card what today?,"The address while ordering Ampere 2-wheeler on Flipkart is different from the one on my address proof (Aadhar Card), what should I do now?",0,265,247,train,hard
the address while ordering ather 2 wheeler on flipkart is different from the one on my address validation aadhaar card what should i today?,"The address while ordering Ather 2-wheeler on Flipkart is different from the one on my address proof (Aadhaar Card), what should I do now?",1,265,265,train,positive
the address while ordering ather 2 wheeler on flipkart is different from the one on my address validation aadhaar card what should i today?,Can I use an item that has been given to me as a gift from a state sponsored or an NGO-funded freebie distribution programme to get discounts through exchange offers?,0,265,462,train,random
the address while ordering ather 2 wheeler on flipkart is different from the one on my address validation aadhaar card what should i today?,"The address while ordering Ampere 2-wheeler on Flipkart is different from the one on my address proof (Aadhar Card), what should I do now?",0,265,247,train,hard
Help needed: the address while ordering ather 2 wheeler on flipkart is different one on address validation aadhaar card what should do today?,"The address while ordering Ather 2-wheeler on Flipkart is different from the one on my address proof (Aadhaar Card), what should I do now?",1,265,265,dev,positive
Help needed: the address while ordering ather 2 wheeler on flipkart is different one on address validation aadhaar card what should do today?,How will I get the PIN for the card?,0,265,457,dev,random
Help needed: the address while ordering ather 2 wheeler on flipkart is different one on address validation aadhaar card what should do today?,"The address while ordering Ampere 2-wheeler on Flipkart is different from the one on my address proof (Aadhar Card), what should I do now?",0,265,247,dev,hard
what is credit card no cost emi? Thanks.,What is 'Credit Card No Cost EMI'?,1,266,266,train,positive
what is credit card no cost emi? Thanks.,Can I filter my search for refurbished products in terms of product grades?,0,266,349,train,random
what is credit card no cost emi? Thanks.,How is 'Credit Card No Cost EMI' different from 'Credit Card EMI' payment mode?,0,266,3,train,hard
what is credit card no cost emi? Any idea?,What is 'Credit Card No Cost EMI'?,1,266,266,train,positive
what is credit card no cost emi? Any idea?,How do I sign up for an extended warranty for my product?,0,266,106,train,random
what is credit card no cost emi? Any idea?,How is 'Credit Card No Cost EMI' different from 'Credit Card EMI' payment mode?,0,266,3,train,hard
Quick question: what credit card no cost emi?,What is 'Credit Card No Cost EMI'?,1,266,266,dev,positive
Quick question: what credit card no cost emi?,What does the badge Plus mean?,0,266,147,dev,random
Quick question: what credit card no cost emi?,How is 'Credit Card No Cost EMI' different from 'Credit Card EMI' payment mode?,0,266,3,dev,hard
Quick question: will hero motocorp traverse sell up sell i call the marque accredited dealer?,Will Hero MotoCorp cross-sell/up sell when I visit the brand authorised dealer?,1,267,267,train,positive
Quick question: will hero motocorp traverse sell up sell i call the marque accredited dealer?,What is the average cost of one service for an Ather 2-wheeler?,0,267,142,train,random
Quick question: will hero motocorp traverse sell up sell i call the marque accredited dealer?,Will BGauss cross-sell/upsell when I visit the brand authorised dealer?,0,267,359,train,hard
will hero motocorp traverse sell up sell when sojourn marque accredited dealer?,Will Hero MotoCorp cross-sell/up sell when I visit the brand authorised dealer?,1,267,267,train,positive
will hero motocorp traverse sell up sell when sojourn marque accredited dealer?,How will I get my refund for returning an item I paid for with Cash on Delivery?,0,267,181,train,random
will hero motocorp traverse sell up sell when sojourn marque accredited dealer?,Will BGauss cross-sell/upsell when I visit the brand authorised dealer?,0,267,359,train,hard
will hero motocorp traverse sell up sell when i sojourn the marque accredited dealer? Thanks.,Will Hero MotoCorp cross-sell/up sell when I visit the brand authorised dealer?,1,267,267,dev,positive
will hero motocorp traverse sell up sell when i sojourn the marque accredited dealer? Thanks.,How can I track my Flipkart Quick order?,0,267,240,dev,random
will hero motocorp traverse sell up sell when i sojourn the marque accredited dealer? Thanks.,Will BGauss cross-sell/upsell when I visit the brand authorised dealer?,0,267,359,dev,hard
Could you tell me where can i check details my supercoins?,Where can I check the details of my SuperCoins?,1,268,268,train,positive
Could you tell me where can i check details my supercoins?,I have requested for a return for my item. When will it happen?,0,268,7,train,random
Could you tell me where can i check details my supercoins?,Where can I check the expiry related details of my Flipkart Plus membership?,0,268,11,train,hard
Quick question: where can i check details supercoins?,Where can I check the details of my SuperCoins?,1,268,268,train,positive
Quick question: where can i check details supercoins?,How will I claim warranty for refurbished products?,0,268,74,train,random
Quick question: where can i check details supercoins?,Where can I check the expiry related details of my Flipkart Plus membership?,0,268,11,train,hard
where can i check the details of my supercoins? Any idea?,Where can I check the details of my SuperCoins?,1,268,268,dev,positive
where can i check the details of my supercoins? Any idea?,On what products will I get the option of 'SuperCoins Price'?,0,268,63,dev,random
where can i check the details of my supercoins? Any idea?,Where can I check the expiry related details of my Flipkart Plus membership?,0,268,11,dev,hard
Help needed: when repayment granted?,When are refunds given?,1,269,269,train,positive
Help needed: when repayment granted?,How much time does it take for the shipment to reach a pickup store?,0,269,105,train,random
Help needed: when repayment granted?,When do SuperCoins expire?,0,269,390,train,hard
when are repayment present?,When are refunds given?,1,269,269,train,positive
when are repayment present?,Why is the refurbished category not visible for me on my Flipkart app?,0,269,193,train,random
when are repayment present?,When do SuperCoins expire?,0,269,390,train,hard
when are repayment granted? Thanks.,When are refunds given?,1,269,269,dev,positive
when are repayment granted? Thanks.,What is Cash and Coins for Rewards program?,0,269,262,dev,random
when are repayment granted? Thanks.,When do SuperCoins expire?,0,269,390,dev,hard
"Hi, why did not my order stipulate free delivery?",Why didn't my order qualify for free delivery?,1,270,270,train,positive
"Hi, why did not my order stipulate free delivery?",What is 'SuperCoins Price'?,0,270,417,train,random
"Hi, why did not my order stipulate free delivery?",Is the delivery for Flipkart Quick free or chargeable?,0,270,224,train,hard
Could you tell me why did not my order stipulate for free delivery?,Why didn't my order qualify for free delivery?,1,270,270,train,positive
Could you tell me why did not my order stipulate for free delivery?,Can I use an item that has been given to me as a gift from a state sponsored or an NGO-funded freebie distribution programme to get discounts through exchange offers?,0,270,462,train,random
Could you tell me why did not my order stipulate for free delivery?,Is the delivery for Flipkart Quick free or chargeable?,0,270,224,train,hard
Quick question: why did not my order stipulate for free delivery?,Why didn't my order qualify for free delivery?,1,270,270,dev,positive
Quick question: why did not my order stipulate for free delivery?,What is the average cost of one service for a BGauss 2-wheeler?,0,270,86,dev,random
Quick question: why did not my order stipulate for free delivery?,Is the delivery for Flipkart Quick free or chargeable?,0,270,224,dev,hard
Could you tell me do sellers flipkart ship internationally?,Do sellers on Flipkart ship internationally?,1,271,271,train,positive
Could you tell me do sellers flipkart ship internationally?,"Why am I unable to order products like television, air-conditioner, refrigerator, washing machine, furniture, microwave, treadmill, etc. at my location?",0,271,129,train,random
Could you tell me do sellers flipkart ship internationally?,Why have I been asked to ship the item?,0,271,293,train,hard
"Hi, do sellers on flipkart ship internationally?",Do sellers on Flipkart ship internationally?,1,271,271,train,positive
"Hi, do sellers on flipkart ship internationally?",How can I check the details of 'SuperCoins Rewards' I have used already?,0,271,229,train,random
"Hi, do sellers on flipkart ship internationally?",Why have I been asked to ship the item?,0,271,293,train,hard
do sellers flipkart ship internationally?,Do sellers on Flipkart ship internationally?,1,271,271,dev,positive
do sellers flipkart ship internationally?,Will I earn cashback if I have used someone else's Flipkart Axis Bank Credit Card?,0,271,344,dev,random
do sellers flipkart ship internationally?,Why have I been asked to ship the item?,0,271,293,dev,hard
"Hi, how do i salvage scorecard s on flipkart?",How do I save my card(s) on Flipkart?,1,272,272,train,positive
"Hi, how do i salvage scorecard s on flipkart?",Where can I check the details of my SuperCoins?,0,272,268,train,random
"Hi, how do i salvage scorecard s on flipkart?",How do I pay using Flipkart's credit card EMI option?,0,272,418,train,hard
how do i salvage my scorecard s on flipkart?,How do I save my card(s) on Flipkart?,1,272,272,train,positive
how do i salvage my scorecard s on flipkart?,What is a refurbished product and how do I identify it on Flipkart?,0,272,179,train,random
how do i salvage my scorecard s on flipkart?,How do I pay using Flipkart's credit card EMI option?,0,272,418,train,hard
"Hi, how i spare my scorecard s on flipkart?",How do I save my card(s) on Flipkart?,1,272,272,dev,positive
"Hi, how i spare my scorecard s on flipkart?",Why are faster delivery options not available at my location?,0,272,231,dev,random
"Hi, how i spare my scorecard s on flipkart?",How do I pay using Flipkart's credit card EMI option?,0,272,418,dev,hard
Help needed: can i opt a different model the bounce 2 wheeler marque accredited dealer perform quiz ride?,Can I choose a different model of the Bounce 2-wheeler at the brand authorised dealer after doing the test drive?,1,273,273,train,positive
Help needed: can i opt a different model the bounce 2 wheeler marque accredited dealer perform quiz ride?,I chose the wrong EMI plan while making the payment using 'Credit Card No Cost EMI' option. Can I change it now?,0,273,336,train,random
Help needed: can i opt a different model the bounce 2 wheeler marque accredited dealer perform quiz ride?,I have bought the Bounce 2-wheeler but I want to have a different model. What should I do?,0,273,118,train,hard
can i opt a different model of bounce 2 wheeler at the marque accredited dealer after perform the quiz push? Thanks.,Can I choose a different model of the Bounce 2-wheeler at the brand authorised dealer after doing the test drive?,1,273,273,train,positive
can i opt a different model of bounce 2 wheeler at the marque accredited dealer after perform the quiz push? Thanks.,How are refurbished products categorised on Flipkart?,0,273,431,train,random
can i opt a different model of bounce 2 wheeler at the marque accredited dealer after perform the quiz push? Thanks.,I have bought the Bounce 2-wheeler but I want to have a different model. What should I do?,0,273,118,train,hard
can i prefer a different model of the bounce 2 wheeler at the marque accredited dealer after perform the quiz ride? Thanks.,Can I choose a different model of the Bounce 2-wheeler at the brand authorised dealer after doing the test drive?,1,273,273,dev,positive
can i prefer a different model of the bounce 2 wheeler at the marque accredited dealer after perform the quiz ride? Thanks.,"I have requested a replacement, when will I get it?",0,273,88,dev,random
can i prefer a different model of the bounce 2 wheeler at the marque accredited dealer after perform the quiz ride? Thanks.,I have bought the Bounce 2-wheeler but I want to have a different model. What should I do?,0,273,118,dev,hard
Quick question: how can love if depot i at has the alternative of utilize supercoin pay boast?,How can I know if the store I am at has the option of using SuperCoin Pay feature?,1,274,274,train,positive
Quick question: how can love if depot i at has the alternative of utilize supercoin pay boast?,How does 'Instant Cashback' work?,0,274,198,train,random
Quick question: how can love if depot i at has the alternative of utilize supercoin pay boast?,Can I reject the Flipkart Quick order at the time of delivery?,0,274,161,train,hard
how i love if depot i at has the alternative use supercoin pay boast? Thanks.,How can I know if the store I am at has the option of using SuperCoin Pay feature?,1,274,274,train,positive
how i love if depot i at has the alternative use supercoin pay boast? Thanks.,I lost my warranty card. How can I get warranty?,0,274,98,train,random
how i love if depot i at has the alternative use supercoin pay boast? Thanks.,How can I use a Gift Card?,0,274,326,train,hard
"Hi, how i recognize if the depot i am the alternative of use supercoin pay boast?",How can I know if the store I am at has the option of using SuperCoin Pay feature?,1,274,274,dev,positive
"Hi, how i recognize if the depot i am the alternative of use supercoin pay boast?",How do I pay using Flipkart's credit card EMI option?,0,274,418,dev,random
"Hi, how i recognize if the depot i am the alternative of use supercoin pay boast?",How can I use the earnings?,0,274,445,dev,hard
can prefer phonepe pocketbook a repay alternative? Thanks.,Can I choose PhonePe wallet as a refund option?,1,275,275,train,positive
can prefer phonepe pocketbook a repay alternative? Thanks.,Can I use more/less SuperCoins than what is mentioned as part of the 'SuperCoins Price' to buy a product?,0,275,215,train,random
can prefer phonepe pocketbook a repay alternative? Thanks.,How long will it take for a refund from Flipkart to my PhonePe wallet?,0,275,72,train,hard
"Hi, can i prefer phonepe pocketbook a repay alternative?",Can I choose PhonePe wallet as a refund option?,1,275,275,train,positive
"Hi, can i prefer phonepe pocketbook a repay alternative?",Can I cancel an order placed using the 'Credit Card No Cost EMI' payment option?,0,275,56,train,random
"Hi, can i prefer phonepe pocketbook a repay alternative?",How long will it take for a refund from Flipkart to my PhonePe wallet?,0,275,72,train,hard
Could you tell me can i prefer phonepe pocketbook a repay alternative?,Can I choose PhonePe wallet as a refund option?,1,275,275,dev,positive
Could you tell me can i prefer phonepe pocketbook a repay alternative?,"The address while ordering Ampere 2-wheeler on Flipkart is different from the one on my address proof (Aadhar Card), what should I do now?",0,275,247,dev,random
Could you tell me can i prefer phonepe pocketbook a repay alternative?,My Gift Card has expired. Can you extend its validity?,0,275,366,dev,hard
what occur if i m not able to choice up my consignment inside 5 days from the pickup depot for reason? Thanks.,What happens if I'm not able to pick up my shipment within 5 days from the pickup store for some reason?,1,276,276,train,positive
what occur if i m not able to choice up my consignment inside 5 days from the pickup depot for reason? Thanks.,How do I pay for my Cash-on-Delivery order if I choose to pick up the product from the pick-up store?,0,276,318,train,random
what occur if i m not able to choice up my consignment inside 5 days from the pickup depot for reason? Thanks.,Will the delivery be tried again if I'm not able to collect my order the first time?,0,276,252,train,hard
Help needed: what occur if m not able to choice up my freight inside 5 days the pickup depot for some reason?,What happens if I'm not able to pick up my shipment within 5 days from the pickup store for some reason?,1,276,276,train,positive
Help needed: what occur if m not able to choice up my freight inside 5 days the pickup depot for some reason?,I had opted to save my card at the time of payment but my card was not saved. Why?,0,276,133,train,random
Help needed: what occur if m not able to choice up my freight inside 5 days the pickup depot for some reason?,Will the delivery be tried again if I'm not able to collect my order the first time?,0,276,252,train,hard
Help needed: what occur i m not able to choice up my freight inside 5 days from pickup depot for some reason?,What happens if I'm not able to pick up my shipment within 5 days from the pickup store for some reason?,1,276,276,dev,positive
Help needed: what occur i m not able to choice up my freight inside 5 days from pickup depot for some reason?,How can I use a new email address to log in to my Flipkart account?,0,276,75,dev,random
Help needed: what occur i m not able to choice up my freight inside 5 days from pickup depot for some reason?,"I am able to see some 'SuperCoins Rewards', but why am I not able to buy them?",0,276,95,dev,hard
the address while ordering the hero motocorp 2 wheeler flipkart is different from the one on address validation aadhaar card should i do today?,"The address while ordering the Hero MotoCorp 2-wheeler on Flipkart is different from the one on my address proof (Aadhaar Card), what should I do now?",1,277,277,train,positive
the address while ordering the hero motocorp 2 wheeler flipkart is different from the one on address validation aadhaar card should i do today?,How can I change the email ID linked with my Flipkart account?,0,277,51,train,random
the address while ordering the hero motocorp 2 wheeler flipkart is different from the one on address validation aadhaar card should i do today?,"The address while ordering Ampere 2-wheeler on Flipkart is different from the one on my address proof (Aadhar Card), what should I do now?",0,277,247,train,hard
"Hi, the address while ordering the hero motocorp 2 wheeler on flipkart is different the one my address validation aadhaar card what should i today?","The address while ordering the Hero MotoCorp 2-wheeler on Flipkart is different from the one on my address proof (Aadhaar Card), what should I do now?",1,277,277,train,positive
"Hi, the address while ordering the hero motocorp 2 wheeler on flipkart is different the one my address validation aadhaar card what should i today?",Is it necessary to register on Twid (INNOTARGET FASHALOT RETAIL PRIVATE LIMITED) or at the third-party partner store to use SuperCoin Pay feature?,0,277,444,train,random
"Hi, the address while ordering the hero motocorp 2 wheeler on flipkart is different the one my address validation aadhaar card what should i today?","The address while ordering Ampere 2-wheeler on Flipkart is different from the one on my address proof (Aadhar Card), what should I do now?",0,277,247,train,hard
the address while ordering the hero motocorp 2 wheeler flipkart is different from one address validation aadhaar card what i do today? Thanks.,"The address while ordering the Hero MotoCorp 2-wheeler on Flipkart is different from the one on my address proof (Aadhaar Card), what should I do now?",1,277,277,dev,positive
the address while ordering the hero motocorp 2 wheeler flipkart is different from one address validation aadhaar card what i do today? Thanks.,How much time does it take for the shipment to reach a pickup store?,0,277,105,dev,random
the address while ordering the hero motocorp 2 wheeler flipkart is different from one address validation aadhaar card what i do today? Thanks.,"The address while ordering Ampere 2-wheeler on Flipkart is different from the one on my address proof (Aadhar Card), what should I do now?",0,277,247,dev,hard
Could you tell me is credit card no cost emi payment mode accessible on flipkart s site and mobile app?,Is 'Credit Card No Cost EMI' payment mode available on Flipkart's website and mobile app?,1,278,278,train,positive
Could you tell me is credit card no cost emi payment mode accessible on flipkart s site and mobile app?,How are refurbished products categorised on Flipkart?,0,278,431,train,random
Could you tell me is credit card no cost emi payment mode accessible on flipkart s site and mobile app?,Can I use my saved cards for making a payment on Flipkart's mobile site/app?,0,278,85,train,hard
Could you tell me is credit card no cost emi payment mode useable on flipkart s site mobile app?,Is 'Credit Card No Cost EMI' payment mode available on Flipkart's website and mobile app?,1,278,278,train,positive
Could you tell me is credit card no cost emi payment mode useable on flipkart s site mobile app?,Can I cancel an order placed using the 'Credit Card No Cost EMI' payment option?,0,278,56,train,random
Could you tell me is credit card no cost emi payment mode useable on flipkart s site mobile app?,Can I use my saved cards for making a payment on Flipkart's mobile site/app?,0,278,85,train,hard
Could you tell me is credit card no cost emi payment mode usable on flipkart s site and mobile app?,Is 'Credit Card No Cost EMI' payment mode available on Flipkart's website and mobile app?,1,278,278,dev,positive
Could you tell me is credit card no cost emi payment mode usable on flipkart s site and mobile app?,Do I have to pay extra for items with the Plus badge?,0,278,190,dev,random
Could you tell me is credit card no cost emi payment mode usable on flipkart s site and mobile app?,Can I use my saved cards for making a payment on Flipkart's mobile site/app?,0,278,85,dev,hard
is the cost an ather 2 wheeler inclusive of subsidy?,Is the price for an Ather 2-wheeler inclusive of subsidy?,1,279,279,train,positive
is the cost an ather 2 wheeler inclusive of subsidy?,How can I track my order for Ampere Magnus EX after completing my payment on Flipkart?,0,279,117,train,random
is the cost an ather 2 wheeler inclusive of subsidy?,Is the price for a BGauss 2-wheeler inclusive of subsidy?,0,279,249,train,hard
is the cost for ather 2 wheeler inclusive of subsidy?,Is the price for an Ather 2-wheeler inclusive of subsidy?,1,279,279,train,positive
is the cost for ather 2 wheeler inclusive of subsidy?,Can I modify my chosen time slot for the delivery of Flipkart Quick orders?,0,279,196,train,random
is the cost for ather 2 wheeler inclusive of subsidy?,Is the price for a BGauss 2-wheeler inclusive of subsidy?,0,279,249,train,hard
is the cost for an ather 2 wheeler inclusive of subsidy?,Is the price for an Ather 2-wheeler inclusive of subsidy?,1,279,279,dev,positive
is the cost for an ather 2 wheeler inclusive of subsidy?,How do I save my card(s) on Flipkart?,0,279,272,dev,random
is the cost for an ather 2 wheeler inclusive of subsidy?,Is the price for a BGauss 2-wheeler inclusive of subsidy?,0,279,249,dev,hard
where i see a scratch scorecard after utilize supercoin pay boast for an order? Thanks.,Where will I find a scratch card after using SuperCoin Pay feature for an order?,1,280,280,train,positive
where i see a scratch scorecard after utilize supercoin pay boast for an order? Thanks.,"My shipment is damaged at the self pickup store, what do I do?",0,280,97,train,random
where i see a scratch scorecard after utilize supercoin pay boast for an order? Thanks.,What is the purpose of the scratch card in SuperCoin Pay?,0,280,201,train,hard
where will i obtain a scratch scorecard after use supercoin pay boast for an order? Thanks.,Where will I find a scratch card after using SuperCoin Pay feature for an order?,1,280,280,train,positive
where will i obtain a scratch scorecard after use supercoin pay boast for an order? Thanks.,How can I add a card label to my saved card?,0,280,37,train,random
where will i obtain a scratch scorecard after use supercoin pay boast for an order? Thanks.,What is the purpose of the scratch card in SuperCoin Pay?,0,280,201,train,hard
where will discover a scratch scorecard after utilize supercoin pay boast for an order? Any idea?,Where will I find a scratch card after using SuperCoin Pay feature for an order?,1,280,280,dev,positive
where will discover a scratch scorecard after utilize supercoin pay boast for an order? Any idea?,Where can I find the code for the rewards claimed as part of the Cash and Coins for Rewards?,0,280,420,dev,random
where will discover a scratch scorecard after utilize supercoin pay boast for an order? Any idea?,What is the purpose of the scratch card in SuperCoin Pay?,0,280,201,dev,hard
what are the repayment timelines if i cancel or rejoin a product?,What are the refund timelines if I cancel or return a product?,1,281,281,train,positive
what are the repayment timelines if i cancel or rejoin a product?,Can I buy rewards using only prepaid mode of payment and redemption of SuperCoins as part of Cash and Coins for Rewards program?,0,281,460,train,random
what are the repayment timelines if i cancel or rejoin a product?,"If I cancel or return an item from my order, what will happen to my 'On the way' SuperCoins?",0,281,195,train,hard
"Hi, what are the repayment timelines if cancel or revert a product?",What are the refund timelines if I cancel or return a product?,1,281,281,train,positive
"Hi, what are the repayment timelines if cancel or revert a product?",Will I get SuperCoins for using Cash and Coins for Rewards?,0,281,346,train,random
"Hi, what are the repayment timelines if cancel or revert a product?","If I cancel or return an item from my order, what will happen to my 'On the way' SuperCoins?",0,281,195,train,hard
what are repayment timelines if i cancel revert a product? Any idea?,What are the refund timelines if I cancel or return a product?,1,281,281,dev,positive
what are repayment timelines if i cancel revert a product? Any idea?,How do I renew my benefits as part of SuperCoin Milestones?,0,281,208,dev,random
what are repayment timelines if i cancel revert a product? Any idea?,What will happen to the cashback if I return a product?,0,281,120,dev,hard
"Hi, my order position indicate out for delivery but i have not let it even when will i get?","My order status shows 'Out for Delivery', but I haven't got it yet. When will I get it?",1,282,282,train,positive
"Hi, my order position indicate out for delivery but i have not let it even when will i get?",Do I need to install the PhonePe app to use the wallet option on my Flipkart account?,0,282,234,train,random
"Hi, my order position indicate out for delivery but i have not let it even when will i get?","My order has reached the nearest delivery hub, but why isn't it out for delivery yet?",0,282,113,train,hard
my order position demonstrate out delivery but i have not get it even when will i get it? Thanks.,"My order status shows 'Out for Delivery', but I haven't got it yet. When will I get it?",1,282,282,train,positive
my order position demonstrate out delivery but i have not get it even when will i get it? Thanks.,How quickly does the battery for Ampere Magnus EX charge again?,0,282,476,train,random
my order position demonstrate out delivery but i have not get it even when will i get it? Thanks.,"I have requested a replacement, when will I get it?",0,282,88,train,hard
my order position indicate out for delivery but i have not get still when will i get it?,"My order status shows 'Out for Delivery', but I haven't got it yet. When will I get it?",1,282,282,dev,positive
my order position indicate out for delivery but i have not get still when will i get it?,Can I buy Flipkart Plus membership?,0,282,239,dev,random
my order position indicate out for delivery but i have not get still when will i get it?,"I have requested a replacement, when will I get it?",0,282,88,dev,hard
what do the different decree statuses in my orders signify? Thanks.,What do the different order statuses in 'My Orders' mean?,1,283,283,train,positive
what do the different decree statuses in my orders signify? Thanks.,How do I get invoices for my previous orders without having to check my e-mails?,0,283,44,train,random
what do the different decree statuses in my orders signify? Thanks.,Can I club my orders from different sellers to be delivered together?,0,283,12,train,hard
what do different decree statuses in my orders imply?,What do the different order statuses in 'My Orders' mean?,1,283,283,train,positive
what do different decree statuses in my orders imply?,What subsidies are being offered by Ather and how to claim them?,0,283,23,train,random
what do different decree statuses in my orders imply?,Can I club my orders from different sellers to be delivered together?,0,283,12,train,hard
Help needed: what the different decree statuses in my orders signify?,What do the different order statuses in 'My Orders' mean?,1,283,283,dev,positive
Help needed: what the different decree statuses in my orders signify?,Is there any annual fee?,0,283,465,dev,random
Help needed: what the different decree statuses in my orders signify?,Can I club my orders from different sellers to be delivered together?,0,283,12,dev,hard
"Hi, can foreclose emis for products buy utilize credit card no cost emi payment mode?",Can I foreclose my EMIs for products purchased using the 'Credit Card No Cost EMI' payment mode?,1,284,284,train,positive
"Hi, can foreclose emis for products buy utilize credit card no cost emi payment mode?",Do I have to manually unlock a scratch card as part of SuperCoin Pay?,0,284,127,train,random
"Hi, can foreclose emis for products buy utilize credit card no cost emi payment mode?",How can I pay for my order using the 'Credit Card No Cost EMI' payment mode?,0,284,45,train,hard
can i foreclose emis products buy use the credit card no cost emi payment mode? Thanks.,Can I foreclose my EMIs for products purchased using the 'Credit Card No Cost EMI' payment mode?,1,284,284,train,positive
can i foreclose emis products buy use the credit card no cost emi payment mode? Thanks.,Do sellers on Flipkart ship internationally?,0,284,271,train,random
can i foreclose emis products buy use the credit card no cost emi payment mode? Thanks.,How can I pay for my order using the 'Credit Card No Cost EMI' payment mode?,0,284,45,train,hard
can i foreclose emis for products buy use the credit card no cost emi payment mode? Any idea?,Can I foreclose my EMIs for products purchased using the 'Credit Card No Cost EMI' payment mode?,1,284,284,dev,positive
can i foreclose emis for products buy use the credit card no cost emi payment mode? Any idea?,I have not received the reimbursement of my courier charges. What should I do?,0,284,287,dev,random
can i foreclose emis for products buy use the credit card no cost emi payment mode? Any idea?,How can I pay for my order using the 'Credit Card No Cost EMI' payment mode?,0,284,45,dev,hard
Quick question: what are the papers need for the whole process purchase an ather 2 wheeler on flipkart?,What are the documents required for the entire process of buying an Ather 2-wheeler on Flipkart?,1,285,285,train,positive
Quick question: what are the papers need for the whole process purchase an ather 2 wheeler on flipkart?,What are the different payment options available for Flipkart Quick?,0,285,415,train,random
Quick question: what are the papers need for the whole process purchase an ather 2 wheeler on flipkart?,What is the process after paying the ex-showroom price for an Ather 2-wheeler on Flipkart?,0,285,30,train,hard
Could you tell me what papers needed the whole process purchase ather 2 wheeler on flipkart?,What are the documents required for the entire process of buying an Ather 2-wheeler on Flipkart?,1,285,285,train,positive
Could you tell me what papers needed the whole process purchase ather 2 wheeler on flipkart?,What can I purchase using Flipkart Axis Bank Credit Card?,0,285,427,train,random
Could you tell me what papers needed the whole process purchase ather 2 wheeler on flipkart?,What is the process after paying the ex-showroom price for an Ather 2-wheeler on Flipkart?,0,285,30,train,hard
what are papers needed for whole process of purchase ather 2 wheeler on flipkart? Thanks.,What are the documents required for the entire process of buying an Ather 2-wheeler on Flipkart?,1,285,285,dev,positive
what are papers needed for whole process of purchase ather 2 wheeler on flipkart? Thanks.,Can I choose the number of SuperCoins that can be redeemed for a purchase as part of Cash and Coins for Rewards program?,0,285,399,dev,random
what are papers needed for whole process of purchase ather 2 wheeler on flipkart? Thanks.,What is the process after paying the ex-showroom price for an Ather 2-wheeler on Flipkart?,0,285,30,dev,hard
Help needed: how recognize a third party collaborator depot accepts supercoin pay if there is no qr code scanner accessible?,How do I know if a third-party partner store accepts SuperCoin Pay if there is no QR code scanner available?,1,286,286,train,positive
Help needed: how recognize a third party collaborator depot accepts supercoin pay if there is no qr code scanner accessible?,What is the Buyer Protection policy?,0,286,237,train,random
Help needed: how recognize a third party collaborator depot accepts supercoin pay if there is no qr code scanner accessible?,What does it mean if a store displays a SuperCoin Pay QR code?,0,286,6,train,hard
how do i recognize third party collaborator depot accepts supercoin pay there is no qr code scanner usable? Any idea?,How do I know if a third-party partner store accepts SuperCoin Pay if there is no QR code scanner available?,1,286,286,train,positive
how do i recognize third party collaborator depot accepts supercoin pay there is no qr code scanner usable? Any idea?,What is GSTIN Invoicing feature?,0,286,170,train,random
how do i recognize third party collaborator depot accepts supercoin pay there is no qr code scanner usable? Any idea?,Can I scan any QR code in the store to initiate the payment for an order using SuperCoin Pay feature?,0,286,403,train,hard
"Hi, how do i fuck if a third party collaborator depot accepts supercoin pay if is no qr code scanner useable?",How do I know if a third-party partner store accepts SuperCoin Pay if there is no QR code scanner available?,1,286,286,dev,positive
"Hi, how do i fuck if a third party collaborator depot accepts supercoin pay if is no qr code scanner useable?",Can I use an item that has been given to me as a gift from a state sponsored or an NGO-funded freebie distribution programme to get discounts through exchange offers?,0,286,462,dev,random
"Hi, how do i fuck if a third party collaborator depot accepts supercoin pay if is no qr code scanner useable?",What does it mean if a store displays a SuperCoin Pay QR code?,0,286,6,dev,hard
i have not obtain the reimbursement of my messenger complaint what should? Any idea?,I have not received the reimbursement of my courier charges. What should I do?,1,287,287,train,positive
i have not obtain the reimbursement of my messenger complaint what should? Any idea?,When are refunds given?,0,287,269,train,random
i have not obtain the reimbursement of my messenger complaint what should? Any idea?,I have a complaint about the courier executive who came to deliver my order.,0,287,203,train,hard
i not obtain the reimbursement of my messenger complaint what should i do? Thanks.,I have not received the reimbursement of my courier charges. What should I do?,1,287,287,train,positive
i not obtain the reimbursement of my messenger complaint what should i do? Thanks.,There is no seal on the warranty card I got. How will I claim warranty?,0,287,18,train,random
i not obtain the reimbursement of my messenger complaint what should i do? Thanks.,What should I do if I don't get the invoice for my order?,0,287,2,train,hard
Quick question: i not obtain the reimbursement of my messenger complaint what should i?,I have not received the reimbursement of my courier charges. What should I do?,1,287,287,dev,positive
Quick question: i not obtain the reimbursement of my messenger complaint what should i?,Where will I find a scratch card after using SuperCoin Pay feature for an order?,0,287,280,dev,random
Quick question: i not obtain the reimbursement of my messenger complaint what should i?,What should I do if I don't get the invoice for my order?,0,287,2,dev,hard
Help needed: what is a pluck depot?,What is a pick-up store?,1,288,288,train,positive
Help needed: what is a pluck depot?,Will Flipkart deliver Ampere Magnus EX to my home?,0,288,470,train,random
Help needed: what is a pluck depot?,What is a 'card label'?,0,288,394,train,hard
"Hi, what is choice depot?",What is a pick-up store?,1,288,288,train,positive
"Hi, what is choice depot?",Can I use more/less SuperCoins than what is mentioned as part of the 'SuperCoins Price' to buy a product?,0,288,215,train,random
"Hi, what is choice depot?",What is 'SuperCoins Price'?,0,288,417,train,hard
what a pluck up depot? Thanks.,What is a pick-up store?,1,288,288,dev,positive
what a pluck up depot? Thanks.,How many cards can I save on Flipkart?,0,288,475,dev,random
what a pluck up depot? Thanks.,How long do I have to pick up my shipment from the pick-up store?,0,288,33,dev,hard
will take the alternative to test push a bgauss 2 wheeler how many times be permit to get a test push in same order? Any idea?,Will I get the option to test drive a BGauss 2-wheeler? How many times will I be allowed to take a test drive in the same order?,1,289,289,train,positive
will take the alternative to test push a bgauss 2 wheeler how many times be permit to get a test push in same order? Any idea?,How will I get my refund for returning an item I paid for using 'Cash on Delivery' mode?,0,289,251,train,random
will take the alternative to test push a bgauss 2 wheeler how many times be permit to get a test push in same order? Any idea?,Will I get the option to test ride for Ampere Magnus EX? How many times will I be allowed to take test rides as part of an order?,0,289,313,train,hard
will i come the alternative to test ride bgauss 2 wheeler how many times i be let to hold a test push the same order? Thanks.,Will I get the option to test drive a BGauss 2-wheeler? How many times will I be allowed to take a test drive in the same order?,1,289,289,train,positive
will i come the alternative to test ride bgauss 2 wheeler how many times i be let to hold a test push the same order? Thanks.,Is 'Credit Card No Cost EMI' payment mode available on Flipkart's Windows and iOS apps?,0,289,328,train,random
will i come the alternative to test ride bgauss 2 wheeler how many times i be let to hold a test push the same order? Thanks.,Will I get the option to test ride for Ampere Magnus EX? How many times will I be allowed to take test rides as part of an order?,0,289,313,train,hard
will i come the alternative to test push a bgauss 2 wheeler many times be let to carry test push in the same order? Thanks.,Will I get the option to test drive a BGauss 2-wheeler? How many times will I be allowed to take a test drive in the same order?,1,289,289,dev,positive
will i come the alternative to test push a bgauss 2 wheeler many times be let to carry test push in the same order? Thanks.,Can I use an international number to sign up?,0,289,197,dev,random
will i come the alternative to test push a bgauss 2 wheeler many times be let to carry test push in the same order? Thanks.,Will I get the option to test ride for Ampere Magnus EX? How many times will I be allowed to take test rides as part of an order?,0,289,313,dev,hard
i choose the incorrect emi project while make payment use bajaj finserv no cost emi alternative can i shift now? Any idea?,I chose the wrong EMI plan while making the payment using Bajaj Finserv No Cost EMI option. Can I change it now?,1,290,290,train,positive
i choose the incorrect emi project while make payment use bajaj finserv no cost emi alternative can i shift now? Any idea?,How will I know that my shipment has reached the pick-up store?,0,290,81,train,random
i choose the incorrect emi project while make payment use bajaj finserv no cost emi alternative can i shift now? Any idea?,Can I use a saved card to make an EMI payment?,0,290,352,train,hard
i prefer the misguided emi project while make the payment use bajaj finserv no cost emi alternative i modification it now? Thanks.,I chose the wrong EMI plan while making the payment using Bajaj Finserv No Cost EMI option. Can I change it now?,1,290,290,train,positive
i prefer the misguided emi project while make the payment use bajaj finserv no cost emi alternative i modification it now? Thanks.,The option to buy a Hero MotoCorp 2-wheeler is not available at my pincode. What should I do?,0,290,425,train,random
i prefer the misguided emi project while make the payment use bajaj finserv no cost emi alternative i modification it now? Thanks.,I did not get the OTP while I was paying through the 'Bajaj Finserv No Cost EMI' payment mode. What should I do?,0,290,493,train,hard
i select the erroneous emi project while make the payment use bajaj finserv no cost emi alternative can i alter it now?,I chose the wrong EMI plan while making the payment using Bajaj Finserv No Cost EMI option. Can I change it now?,1,290,290,dev,positive
i select the erroneous emi project while make the payment use bajaj finserv no cost emi alternative can i alter it now?,How can I pay if the order amount is more than the value of my Gift Card?,0,290,402,dev,random
i select the erroneous emi project while make the payment use bajaj finserv no cost emi alternative can i alter it now?,I did not get the OTP while I was paying through the 'Bajaj Finserv No Cost EMI' payment mode. What should I do?,0,290,493,dev,hard
what are the papers mandatory for whole process of purchasing a bounce 2 wheeler on flipkart? Any idea?,What are the documents required for the entire process of buying a Bounce 2-wheeler on Flipkart?,1,291,291,train,positive
what are the papers mandatory for whole process of purchasing a bounce 2 wheeler on flipkart? Any idea?,What are the EMI plans available if I pay using the Bajaj Finserv payment mode?,0,291,206,train,random
what are the papers mandatory for whole process of purchasing a bounce 2 wheeler on flipkart? Any idea?,What is the process after paying the ex-showroom price for a Bounce 2-wheeler on Flipkart?,0,291,22,train,hard
"Hi, what are the papers necessary the whole process purchasing a bounce 2 wheeler on flipkart?",What are the documents required for the entire process of buying a Bounce 2-wheeler on Flipkart?,1,291,291,train,positive
"Hi, what are the papers necessary the whole process purchasing a bounce 2 wheeler on flipkart?",Why can't I get some items shipped to my location?,0,291,137,train,random
"Hi, what are the papers necessary the whole process purchasing a bounce 2 wheeler on flipkart?",What is the process after paying the ex-showroom price for a Bounce 2-wheeler on Flipkart?,0,291,22,train,hard
what are the papers needed for the whole process of purchase bounce 2 wheeler on flipkart? Thanks.,What are the documents required for the entire process of buying a Bounce 2-wheeler on Flipkart?,1,291,291,dev,positive
what are the papers needed for the whole process of purchase bounce 2 wheeler on flipkart? Thanks.,Can I cancel a part of my Flipkart Quick order after I have placed it?,0,291,96,dev,random
what are the papers needed for the whole process of purchase bounce 2 wheeler on flipkart? Thanks.,What is the process after paying the ex-showroom price for a Bounce 2-wheeler on Flipkart?,0,291,22,dev,hard
Help needed: what are the boundary bargain gift cards?,What are the limits to buy Gift Cards?,1,292,292,train,positive
Help needed: what are the boundary bargain gift cards?,What date does the warranty service apply for my refurbished product purchased on Flipkart?,0,292,82,train,random
Help needed: what are the boundary bargain gift cards?,Are there certain things on Flipkart which I cannot buy through Gift Cards?,0,292,143,train,hard
what are the restrict bargain gift cards?,What are the limits to buy Gift Cards?,1,292,292,train,positive
what are the restrict bargain gift cards?,What are the charges applicable for warranty claim in case of a refurbished product?,0,292,34,train,random
what are the restrict bargain gift cards?,Are there certain things on Flipkart which I cannot buy through Gift Cards?,0,292,143,train,hard
what are the boundary to bargain gift cards?,What are the limits to buy Gift Cards?,1,292,292,dev,positive
what are the boundary to bargain gift cards?,Can I use a saved card to make an EMI payment?,0,292,352,dev,random
what are the boundary to bargain gift cards?,Are there certain things on Flipkart which I cannot buy through Gift Cards?,0,292,143,dev,hard
Quick question: why been inquire to ship the item?,Why have I been asked to ship the item?,1,293,293,train,positive
Quick question: why been inquire to ship the item?,I see the 'Cancel' button but I can't click on it. Why?,0,293,160,train,random
Quick question: why been inquire to ship the item?,Do sellers on Flipkart ship internationally?,0,293,271,train,hard
Quick question: why have i been inquire ship the item?,Why have I been asked to ship the item?,1,293,293,train,positive
Quick question: why have i been inquire ship the item?,What if the Gift Card is transferred to someone when I am expecting a refund for an order placed using the same Gift Card?,0,293,327,train,random
Quick question: why have i been inquire ship the item?,Do sellers on Flipkart ship internationally?,0,293,271,train,hard
Could you tell me why have i been inquire to ship the item?,Why have I been asked to ship the item?,1,293,293,dev,positive
Could you tell me why have i been inquire to ship the item?,What is express delivery?,0,293,258,dev,random
Could you tell me why have i been inquire to ship the item?,Do sellers on Flipkart ship internationally?,0,293,271,dev,hard
"Hi, what is cash on delivery?",What is Cash on Delivery?,1,294,294,train,positive
"Hi, what is cash on delivery?",Do I get a spare tyre with a Hero MotoCorp 2-wheeler?,0,294,468,train,random
"Hi, what is cash on delivery?",What is the amount I can shop for with Cash on Delivery payment option?,0,294,210,train,hard
"Hi, what cash on delivery?",What is Cash on Delivery?,1,294,294,train,positive
"Hi, what cash on delivery?",What after sales services are being provided by Ather for 2-wheelers?,0,294,341,train,random
"Hi, what cash on delivery?",What is the amount I can shop for with Cash on Delivery payment option?,0,294,210,train,hard
what is cash on delivery? Thanks.,What is Cash on Delivery?,1,294,294,dev,positive
what is cash on delivery? Thanks.,"If I merge my Flipkart accounts, will my SuperCoins also merge?",0,294,310,dev,random
what is cash on delivery? Thanks.,What is the amount I can shop for with Cash on Delivery payment option?,0,294,210,dev,hard
"Hi, will i come the alternative to test ride a bounce 2 wheeler how many times i be let to hold test push in the same order?",Will I get the option to test drive a Bounce 2-wheeler? How many times will I be allowed to take a test drive in the same order?,1,295,295,train,positive
"Hi, will i come the alternative to test ride a bounce 2 wheeler how many times i be let to hold test push in the same order?",Will Flipkart deliver the Bounce 2-wheeler at my home?,0,295,482,train,random
"Hi, will i come the alternative to test ride a bounce 2 wheeler how many times i be let to hold test push in the same order?",Will I get the option to test ride for Ampere Magnus EX? How many times will I be allowed to take test rides as part of an order?,0,295,313,train,hard
"Hi, will i take the alternative to test ride a bounce 2 wheeler how many times will i be let to hold a test ride in the same order?",Will I get the option to test drive a Bounce 2-wheeler? How many times will I be allowed to take a test drive in the same order?,1,295,295,train,positive
"Hi, will i take the alternative to test ride a bounce 2 wheeler how many times will i be let to hold a test ride in the same order?",Why have I been asked to ship the item?,0,295,293,train,random
"Hi, will i take the alternative to test ride a bounce 2 wheeler how many times will i be let to hold a test ride in the same order?",Will I get the option to test ride for Ampere Magnus EX? How many times will I be allowed to take test rides as part of an order?,0,295,313,train,hard
Help needed: will i come the alternative to test ride a bounce 2 wheeler how many times be let get a test ride in same order?,Will I get the option to test drive a Bounce 2-wheeler? How many times will I be allowed to take a test drive in the same order?,1,295,295,dev,positive
Help needed: will i come the alternative to test ride a bounce 2 wheeler how many times be let get a test ride in same order?,What does it mean if a store displays a SuperCoin Pay QR code?,0,295,6,dev,random
Help needed: will i come the alternative to test ride a bounce 2 wheeler how many times be let get a test ride in same order?,Will I get the option to test ride for Ampere Magnus EX? How many times will I be allowed to take test rides as part of an order?,0,295,313,dev,hard
"Hi, how ensure is the payment through supercoin pay?",How secure is the payment through SuperCoin Pay?,1,296,296,train,positive
"Hi, how ensure is the payment through supercoin pay?",What should I do if a service centre denied my request to repair the product?,0,296,132,train,random
"Hi, how ensure is the payment through supercoin pay?",What is SuperCoin Pay feature?,0,296,447,train,hard
how assure is the payment through supercoin pay?,How secure is the payment through SuperCoin Pay?,1,296,296,train,positive
how assure is the payment through supercoin pay?,Can I return a product and ask for a refund if I have purchased it by redeeming my SuperCoins to avail discount through SuperCoin Pay feature?,0,296,331,train,random
how assure is the payment through supercoin pay?,What is SuperCoin Pay feature?,0,296,447,train,hard
how procure is payment through supercoin pay?,How secure is the payment through SuperCoin Pay?,1,296,296,dev,positive
how procure is payment through supercoin pay?,Can I purchase rewards using Cash and Coins option from desktop?,0,296,393,dev,random
how procure is payment through supercoin pay?,What is SuperCoin Pay feature?,0,296,447,dev,hard
Quick question: how protracted the battery last for bgauss 2 wheelers?,How long does the battery last for BGauss 2-wheelers?,1,297,297,train,positive
Quick question: how protracted the battery last for bgauss 2 wheelers?,Can I transfer ownership of my Flipkart Axis Bank Credit Card?,0,297,430,train,random
Quick question: how protracted the battery last for bgauss 2 wheelers?,How quickly does the battery for BGauss 2-wheelers charge again?,0,297,303,train,hard
"Hi, how protracted battery last for bgauss 2 wheelers?",How long does the battery last for BGauss 2-wheelers?,1,297,297,train,positive
"Hi, how protracted battery last for bgauss 2 wheelers?",Is the delivery for Flipkart Quick free or chargeable?,0,297,224,train,random
"Hi, how protracted battery last for bgauss 2 wheelers?",How quickly does the battery for BGauss 2-wheelers charge again?,0,297,303,train,hard
how prolonged does the battery last bgauss 2 wheelers? Any idea?,How long does the battery last for BGauss 2-wheelers?,1,297,297,dev,positive
how prolonged does the battery last bgauss 2 wheelers? Any idea?,How do I make a payment using a saved card?,0,297,171,dev,random
how prolonged does the battery last bgauss 2 wheelers? Any idea?,How quickly does the battery for BGauss 2-wheelers charge again?,0,297,303,dev,hard
Could you tell me do have to give anything spare to buy or apply a gift card?,Do I have to pay anything extra to buy or use a Gift Card?,1,298,298,train,positive
Could you tell me do have to give anything spare to buy or apply a gift card?,Why do I see a 'delivery charge'?,0,298,182,train,random
Could you tell me do have to give anything spare to buy or apply a gift card?,How can I buy using a Gift card?,0,298,350,train,hard
"Hi, do to give anything special to buy or apply a gift card?",Do I have to pay anything extra to buy or use a Gift Card?,1,298,298,train,positive
"Hi, do to give anything special to buy or apply a gift card?",Is the price for Ampere Magnus EX inclusive of subsidy?,0,298,242,train,random
"Hi, do to give anything special to buy or apply a gift card?",How can I buy using a Gift card?,0,298,350,train,hard
"Hi, do i have to give anything special to buy apply a gift card?",Do I have to pay anything extra to buy or use a Gift Card?,1,298,298,dev,positive
"Hi, do i have to give anything special to buy apply a gift card?",Who are all eligible for this GSTIN feature?,0,298,84,dev,random
"Hi, do i have to give anything special to buy apply a gift card?",Can I buy another Gift Card with the Gift Card I have?,0,298,378,dev,hard
can cancel or rejoin a payoff as component cash and coins for rewards plan?,Can I cancel or return a reward as part of the Cash and Coins for Rewards for program?,1,299,299,train,positive
can cancel or rejoin a payoff as component cash and coins for rewards plan?,I have requested for a return for my item. When will it happen?,0,299,7,train,random
can cancel or rejoin a payoff as component cash and coins for rewards plan?,What is Cash and Coins for Rewards program?,0,299,262,train,hard
"Hi, can i cancel or rejoin a payoff as component of the cash and coins rewards for plan?",Can I cancel or return a reward as part of the Cash and Coins for Rewards for program?,1,299,299,train,positive
"Hi, can i cancel or rejoin a payoff as component of the cash and coins rewards for plan?",How can I change the password for my Flipkart account?,0,299,99,train,random
"Hi, can i cancel or rejoin a payoff as component of the cash and coins rewards for plan?",Where can I find the code for the rewards claimed as part of the Cash and Coins for Rewards?,0,299,420,train,hard
Could you tell me can i cancel or rejoin payoff component of the cash and coins for rewards plan?,Can I cancel or return a reward as part of the Cash and Coins for Rewards for program?,1,299,299,dev,positive
Could you tell me can i cancel or rejoin payoff component of the cash and coins for rewards plan?,Are faster delivery options like Same Day & In-a-Day available on return requests?,0,299,128,dev,random
Could you tell me can i cancel or rejoin payoff component of the cash and coins for rewards plan?,What is Cash and Coins for Rewards program?,0,299,262,dev,hard
can i meld the balance my gift cards with cash on delivery to give for order? Any idea?,Can I combine the balance on my Gift Cards with Cash on Delivery to pay for an order?,1,300,300,train,positive
can i meld the balance my gift cards with cash on delivery to give for order? Any idea?,Can I choose a preferred time slot for the delivery of Flipkart Quick orders?,0,300,189,train,random
can i meld the balance my gift cards with cash on delivery to give for order? Any idea?,What is Cash on Delivery?,0,300,294,train,hard
Help needed: can i unite balance my gift cards cash on delivery compensate for order?,Can I combine the balance on my Gift Cards with Cash on Delivery to pay for an order?,1,300,300,train,positive
Help needed: can i unite balance my gift cards cash on delivery compensate for order?,How can I unlink a Gift Card which is added to my wallet?,0,300,13,train,random
Help needed: can i unite balance my gift cards cash on delivery compensate for order?,What is Cash on Delivery?,0,300,294,train,hard
"Hi, can i merge the balance on gift cards cash on delivery to compensate for an order?",Can I combine the balance on my Gift Cards with Cash on Delivery to pay for an order?,1,300,300,dev,positive
"Hi, can i merge the balance on gift cards cash on delivery to compensate for an order?",Can I order a product that is 'Out of Stock' or 'Temporarily Unavailable'?,0,300,68,dev,random
"Hi, can i merge the balance on gift cards cash on delivery to compensate for an order?",What is Cash on Delivery?,0,300,294,dev,hard
will i come the alternative to test push an ather 2 wheeler how many times will i be permit to get a test push in same order? Any idea?,Will I get the option to test drive an Ather 2-wheeler? How many times will I be allowed to take a test drive in the same order?,1,301,301,train,positive
will i come the alternative to test push an ather 2 wheeler how many times will i be permit to get a test push in same order? Any idea?,Can I cancel my EMI after I've placed the order using the Bajaj Finserv payment option?,0,301,104,train,random
will i come the alternative to test push an ather 2 wheeler how many times will i be permit to get a test push in same order? Any idea?,Will I get the option to test ride for Ampere Magnus EX? How many times will I be allowed to take test rides as part of an order?,0,301,313,train,hard
will i take alternative test push an ather 2 wheeler how many times be let to bring a test ride the same order? Any idea?,Will I get the option to test drive an Ather 2-wheeler? How many times will I be allowed to take a test drive in the same order?,1,301,301,train,positive
will i take alternative test push an ather 2 wheeler how many times be let to bring a test ride the same order? Any idea?,Can I use an international number to sign up?,0,301,197,train,random
will i take alternative test push an ather 2 wheeler how many times be let to bring a test ride the same order? Any idea?,Will I get the option to test ride for Ampere Magnus EX? How many times will I be allowed to take test rides as part of an order?,0,301,313,train,hard
will i find alternative test ride an ather 2 wheeler how many times will i permit to carry test ride in the same order?,Will I get the option to test drive an Ather 2-wheeler? How many times will I be allowed to take a test drive in the same order?,1,301,301,dev,positive
will i find alternative test ride an ather 2 wheeler how many times will i permit to carry test ride in the same order?,"Why am I unable to order products like television, air-conditioner, refrigerator, washing machine, furniture, microwave, treadmill, etc. at my location?",0,301,129,dev,random
will i find alternative test ride an ather 2 wheeler how many times will i permit to carry test ride in the same order?,Will I get the option to test ride for Ampere Magnus EX? How many times will I be allowed to take test rides as part of an order?,0,301,313,dev,hard
how i wage my decree? Any idea?,How can I pay for my order?,1,302,302,train,positive
how i wage my decree? Any idea?,What are the pre-requisites for using the saved card feature?,0,302,358,train,random
how i wage my decree? Any idea?,Can I pay with any Credit card?,0,302,473,train,hard
Quick question: how i compensate my decree?,How can I pay for my order?,1,302,302,train,positive
Quick question: how i compensate my decree?,Can someone else collect an order on my behalf from a pick-up store?,0,302,65,train,random
Quick question: how i compensate my decree?,How can I track my Flipkart Quick order?,0,302,240,train,hard
Could you tell me how can i salary for my edict?,How can I pay for my order?,1,302,302,dev,positive
Could you tell me how can i salary for my edict?,Why do I need to verify my mobile number or email address to log into my Flipkart account?,0,302,115,dev,random
Could you tell me how can i salary for my edict?,My Gift Card has expired. Can you extend its validity?,0,302,366,dev,hard
how promptly does the battery bgauss 2 wheelers accusation again?,How quickly does the battery for BGauss 2-wheelers charge again?,1,303,303,train,positive
how promptly does the battery bgauss 2 wheelers accusation again?,Will I get the option to test drive an Ather 2-wheeler? How many times will I be allowed to take a test drive in the same order?,0,303,301,train,random
how promptly does the battery bgauss 2 wheelers accusation again?,How long does the battery last for BGauss 2-wheelers?,0,303,297,train,hard
how speedily battery bgauss 2 wheelers accusation again?,How quickly does the battery for BGauss 2-wheelers charge again?,1,303,303,train,positive
how speedily battery bgauss 2 wheelers accusation again?,Is 'Credit Card No Cost EMI' payment mode available on Flipkart's website and mobile app?,0,303,278,train,random
how speedily battery bgauss 2 wheelers accusation again?,How long does the battery last for BGauss 2-wheelers?,0,303,297,train,hard
Quick question: how promptly does the battery bgauss 2 wheelers accusation again?,How quickly does the battery for BGauss 2-wheelers charge again?,1,303,303,dev,positive
Quick question: how promptly does the battery bgauss 2 wheelers accusation again?,What can I purchase using Flipkart Axis Bank Credit Card?,0,303,427,dev,random
Quick question: how promptly does the battery bgauss 2 wheelers accusation again?,How long does the battery last for BGauss 2-wheelers?,0,303,297,dev,hard
Quick question: i ve forfeited gift card pin what can do?,"I've lost my Gift Card PIN, what can I do?",1,304,304,train,positive
Quick question: i ve forfeited gift card pin what can do?,What should I do if a service centre denied my request to repair the product?,0,304,132,train,random
Quick question: i ve forfeited gift card pin what can do?,How will I get the PIN for the card?,0,304,457,train,hard
Could you tell me i ve missed my gift card pin can do?,"I've lost my Gift Card PIN, what can I do?",1,304,304,train,positive
Could you tell me i ve missed my gift card pin can do?,What is the 'Save Card' feature?,0,304,467,train,random
Could you tell me i ve missed my gift card pin can do?,How will I get the PIN for the card?,0,304,457,train,hard
i ve forfeited gift card pin what can i? Thanks.,"I've lost my Gift Card PIN, what can I do?",1,304,304,dev,positive
i ve forfeited gift card pin what can i? Thanks.,What is the average cost of one service for a BGauss 2-wheeler?,0,304,86,dev,random
i ve forfeited gift card pin what can i? Thanks.,How will I get the PIN for the card?,0,304,457,dev,hard
what is the pickup process? Any idea?,What is the pickup process?,1,305,305,train,positive
what is the pickup process? Any idea?,Why is my preferred store not showing up for SuperCoin Pay on the Flipkart app?,0,305,173,train,random
what is the pickup process? Any idea?,Is there a charge for pickup of products from a 'Pickup Store'?,0,305,245,train,hard
what is pickup process? Thanks.,What is the pickup process?,1,305,305,train,positive
what is pickup process? Thanks.,What is No Cost EMI and how can I avail it?,0,305,185,train,random
what is pickup process? Thanks.,Is there a charge for pickup of products from a 'Pickup Store'?,0,305,245,train,hard
what the pickup process? Any idea?,What is the pickup process?,1,305,305,dev,positive
what the pickup process? Any idea?,Can I cancel a part of my Flipkart Quick order after I have placed it?,0,305,96,dev,random
what the pickup process? Any idea?,Is there a charge for pickup of products from a 'Pickup Store'?,0,305,245,dev,hard
will my freight be dependable at the pickup depot? Any idea?,Will my shipment be safe at the pickup store?,1,306,306,train,positive
will my freight be dependable at the pickup depot? Any idea?,How long will it take for a refund from Flipkart to my PhonePe wallet?,0,306,72,train,random
will my freight be dependable at the pickup depot? Any idea?,What is the pickup process?,0,306,305,train,hard
will my freight dependable at the pickup depot? Any idea?,Will my shipment be safe at the pickup store?,1,306,306,train,positive
will my freight dependable at the pickup depot? Any idea?,What after-sales services are being provided by Ampere for 2-wheelers?,0,306,404,train,random
will my freight dependable at the pickup depot? Any idea?,What is the pickup process?,0,306,305,train,hard
Help needed: will my cargo secure the pickup depot?,Will my shipment be safe at the pickup store?,1,306,306,dev,positive
Help needed: will my cargo secure the pickup depot?,Can I get a new Gift Card for the remaining balance if my Gift Card has expired?,0,306,375,dev,random
Help needed: will my cargo secure the pickup depot?,What is the pickup process?,0,306,305,dev,hard
Help needed: will i take alternative to test push hero motocorp 2 wheeler how many times will i be let to bring a test ride the same edict?,Will I get the option to test drive a Hero MotoCorp 2-wheeler? How many times will I be allowed to take a test drive in the same order?,1,307,307,train,positive
Help needed: will i take alternative to test push hero motocorp 2 wheeler how many times will i be let to bring a test ride the same edict?,What do the different order statuses in 'My Orders' mean?,0,307,283,train,random
Help needed: will i take alternative to test push hero motocorp 2 wheeler how many times will i be let to bring a test ride the same edict?,Will I get the option to test ride for Ampere Magnus EX? How many times will I be allowed to take test rides as part of an order?,0,307,313,train,hard
will i make the alternative to test push hero motocorp 2 wheeler how many times i be let to get a test push in same edict? Thanks.,Will I get the option to test drive a Hero MotoCorp 2-wheeler? How many times will I be allowed to take a test drive in the same order?,1,307,307,train,positive
will i make the alternative to test push hero motocorp 2 wheeler how many times i be let to get a test push in same edict? Thanks.,Can refurbished products be searched by their product name?,0,307,401,train,random
will i make the alternative to test push hero motocorp 2 wheeler how many times i be let to get a test push in same edict? Thanks.,Will I get the option to test ride for Ampere Magnus EX? How many times will I be allowed to take test rides as part of an order?,0,307,313,train,hard
will i come the alternative test ride hero motocorp 2 wheeler many times will i be let bring test push in the same edict?,Will I get the option to test drive a Hero MotoCorp 2-wheeler? How many times will I be allowed to take a test drive in the same order?,1,307,307,dev,positive
will i come the alternative test ride hero motocorp 2 wheeler many times will i be let bring test push in the same edict?,"I have an Axis Bank Buzz Credit Card, can I still apply for the Flipkart Axis Bank Credit Card?",0,307,241,dev,random
will i come the alternative test ride hero motocorp 2 wheeler many times will i be let bring test push in the same edict?,Will I get the option to test ride for Ampere Magnus EX? How many times will I be allowed to take test rides as part of an order?,0,307,313,dev,hard
why ca not i look credit card no cost emi as a payment mode for some items?,Why can't I see 'Credit Card No Cost EMI' as a payment mode for some items?,1,308,308,train,positive
why ca not i look credit card no cost emi as a payment mode for some items?,"My order has reached the nearest delivery hub, but why isn't it out for delivery yet?",0,308,113,train,random
why ca not i look credit card no cost emi as a payment mode for some items?,Why can't I see Bajaj Finserv as a payment mode for some items?,0,308,101,train,hard
Quick question: why ca not i find credit card no cost emi as a payment mode some items?,Why can't I see 'Credit Card No Cost EMI' as a payment mode for some items?,1,308,308,train,positive
Quick question: why ca not i find credit card no cost emi as a payment mode some items?,Is there a minimum purchase amount for Flipkart Quick orders?,0,308,205,train,random
Quick question: why ca not i find credit card no cost emi as a payment mode some items?,Why can't I see Bajaj Finserv as a payment mode for some items?,0,308,101,train,hard
Could you tell me why ca not look credit card no cost emi as a payment mode some items?,Why can't I see 'Credit Card No Cost EMI' as a payment mode for some items?,1,308,308,dev,positive
Could you tell me why ca not look credit card no cost emi as a payment mode some items?,What can I purchase using Flipkart Axis Bank Credit Card?,0,308,427,dev,random
Could you tell me why ca not look credit card no cost emi as a payment mode some items?,Why can't I see Bajaj Finserv as a payment mode for some items?,0,308,101,dev,hard
will ather traverse sell up sell i sojourn marque accredited dealer? Any idea?,Will Ather cross-sell/up sell when I visit the brand authorised dealer?,1,309,309,train,positive
will ather traverse sell up sell i sojourn marque accredited dealer? Any idea?,Can I transfer partially used Gift Card to someone?,0,309,135,train,random
will ather traverse sell up sell i sojourn marque accredited dealer? Any idea?,Will BGauss cross-sell/upsell when I visit the brand authorised dealer?,0,309,359,train,hard
Could you tell me will ather traverse sell up sell i sojourn the marque accredited dealer?,Will Ather cross-sell/up sell when I visit the brand authorised dealer?,1,309,309,train,positive
Could you tell me will ather traverse sell up sell i sojourn the marque accredited dealer?,Why do I see a 'delivery charge'?,0,309,182,train,random
Could you tell me will ather traverse sell up sell i sojourn the marque accredited dealer?,Will BGauss cross-sell/upsell when I visit the brand authorised dealer?,0,309,359,train,hard
Could you tell me will ather traverse sell up sell when i sojourn marque accredited dealer?,Will Ather cross-sell/up sell when I visit the brand authorised dealer?,1,309,309,dev,positive
Could you tell me will ather traverse sell up sell when i sojourn marque accredited dealer?,Can I submit my documents online for a BGauss 2-wheeler and not visit the brand authorised dealer?,0,309,377,dev,random
Could you tell me will ather traverse sell up sell when i sojourn marque accredited dealer?,Will BGauss cross-sell/upsell when I visit the brand authorised dealer?,0,309,359,dev,hard
Help needed: if i combine my flipkart accounts will my supercoins also meld?,"If I merge my Flipkart accounts, will my SuperCoins also merge?",1,310,310,train,positive
Help needed: if i combine my flipkart accounts will my supercoins also meld?,What if the Gift Card is transferred to someone when I am expecting a refund for an order placed using the same Gift Card?,0,310,327,train,random
Help needed: if i combine my flipkart accounts will my supercoins also meld?,Can I combine the balance on my Gift Cards with Cash on Delivery to pay for an order?,0,310,300,train,hard
if i unify my flipkart accounts my supercoins also meld? Any idea?,"If I merge my Flipkart accounts, will my SuperCoins also merge?",1,310,310,train,positive
if i unify my flipkart accounts my supercoins also meld? Any idea?,"Can I redeem SuperCoins for Gold and Silver Products (Jewellery, Bar, Coin)?",0,310,363,train,random
if i unify my flipkart accounts my supercoins also meld? Any idea?,Can I use any Debit Card to pay for my order?,0,310,382,train,hard
if meld my flipkart accounts will my supercoins combine? Any idea?,"If I merge my Flipkart accounts, will my SuperCoins also merge?",1,310,310,dev,positive
if meld my flipkart accounts will my supercoins combine? Any idea?,There have been recent reports of batteries catching fire. How do I know that BGauss 2-wheelers are safe?,0,310,94,dev,random
if meld my flipkart accounts will my supercoins combine? Any idea?,Can I combine the balance on my Gift Cards with Cash on Delivery to pay for an order?,0,310,300,dev,hard
can take the repayment for item any other mode if have paid utilize the bajaj finserv payment alternative? Thanks.,Can I get the refund for the item to any other mode if I have paid using the Bajaj Finserv payment option?,1,311,311,train,positive
can take the repayment for item any other mode if have paid utilize the bajaj finserv payment alternative? Thanks.,I ordered a wrong item. Can I return it?,0,311,244,train,random
can take the repayment for item any other mode if have paid utilize the bajaj finserv payment alternative? Thanks.,Can I get the refund for the item through any other mode if I have paid using the 'Credit Card No Cost EMI' payment option?,0,311,343,train,hard
can i make the repayment for item to any other mode if i have paid use bajaj finserv payment alternative? Any idea?,Can I get the refund for the item to any other mode if I have paid using the Bajaj Finserv payment option?,1,311,311,train,positive
can i make the repayment for item to any other mode if i have paid use bajaj finserv payment alternative? Any idea?,I lost my warranty card. How can I get warranty?,0,311,98,train,random
can i make the repayment for item to any other mode if i have paid use bajaj finserv payment alternative? Any idea?,Can I get the refund for the item through any other mode if I have paid using the 'Credit Card No Cost EMI' payment option?,0,311,343,train,hard
can i find the repayment for the item any other mode if have paid use bajaj finserv payment alternative? Thanks.,Can I get the refund for the item to any other mode if I have paid using the Bajaj Finserv payment option?,1,311,311,dev,positive
can i find the repayment for the item any other mode if have paid use bajaj finserv payment alternative? Thanks.,Is a pick-up store option better than having the shipment sent directly to me?,0,311,41,dev,random
can i find the repayment for the item any other mode if have paid use bajaj finserv payment alternative? Thanks.,Can I get the refund for the item through any other mode if I have paid using the 'Credit Card No Cost EMI' payment option?,0,311,343,dev,hard
Could you tell me what is the approximate delivery time?,What is the estimated delivery time?,1,312,312,train,positive
Could you tell me what is the approximate delivery time?,How is a 'business day' different from a regular day?,0,312,108,train,random
Could you tell me what is the approximate delivery time?,What is Cash on Delivery?,0,312,294,train,hard
what is the approximate delivery time? Any idea?,What is the estimated delivery time?,1,312,312,train,positive
what is the approximate delivery time? Any idea?,What do the different order statuses in 'My Orders' mean?,0,312,283,train,random
what is the approximate delivery time? Any idea?,What is Cash on Delivery?,0,312,294,train,hard
what is the approximate delivery time? Thanks.,What is the estimated delivery time?,1,312,312,dev,positive
what is the approximate delivery time? Thanks.,What is the warranty being offered by Ampere?,0,312,250,dev,random
what is the approximate delivery time? Thanks.,What is Cash on Delivery?,0,312,294,dev,hard
will i take alternative quiz drive ampere magnus ex how many times i be permit get quiz rides as component an edict?,Will I get the option to test ride for Ampere Magnus EX? How many times will I be allowed to take test rides as part of an order?,1,313,313,train,positive
will i take alternative quiz drive ampere magnus ex how many times i be permit get quiz rides as component an edict?,What if I do not want my cards to be imported?,0,313,199,train,random
will i take alternative quiz drive ampere magnus ex how many times i be permit get quiz rides as component an edict?,Will I get the option to test drive an Ather 2-wheeler? How many times will I be allowed to take a test drive in the same order?,0,313,301,train,hard
will i make alternative to quiz drive for ampere magnus ex how many times will i be permit to carry quiz rides as component of an edict? Any idea?,Will I get the option to test ride for Ampere Magnus EX? How many times will I be allowed to take test rides as part of an order?,1,313,313,train,positive
will i make alternative to quiz drive for ampere magnus ex how many times will i be permit to carry quiz rides as component of an edict? Any idea?,What is GSTIN Invoicing feature?,0,313,170,train,random
will i make alternative to quiz drive for ampere magnus ex how many times will i be permit to carry quiz rides as component of an edict? Any idea?,Will I get the option to test drive an Ather 2-wheeler? How many times will I be allowed to take a test drive in the same order?,0,313,301,train,hard
will i take the alternative to quiz drive ampere magnus ex how many times will i be permit bring quiz rides as component of an edict? Thanks.,Will I get the option to test ride for Ampere Magnus EX? How many times will I be allowed to take test rides as part of an order?,1,313,313,dev,positive
will i take the alternative to quiz drive ampere magnus ex how many times will i be permit bring quiz rides as component of an edict? Thanks.,Can I return my Ather 2-wheeler in case I receive a damaged vehicle?,0,313,40,dev,random
will i take the alternative to quiz drive ampere magnus ex how many times will i be permit bring quiz rides as component of an edict? Thanks.,Will I get the option to test drive an Ather 2-wheeler? How many times will I be allowed to take a test drive in the same order?,0,313,301,dev,hard
"Hi, can i utilization credit debit card to give on flipkart through flipkart app?",Can I use Credit/Debit Card to pay on Flipkart through the Flipkart app?,1,314,314,train,positive
"Hi, can i utilization credit debit card to give on flipkart through flipkart app?",How much electricity is required to charge the battery of Ampere Magnus EX?,0,314,419,train,random
"Hi, can i utilization credit debit card to give on flipkart through flipkart app?",How can I pay with a saved Credit/Debit Card?,0,314,149,train,hard
Help needed: can i employ credit debit card to give flipkart through flipkart app?,Can I use Credit/Debit Card to pay on Flipkart through the Flipkart app?,1,314,314,train,positive
Help needed: can i employ credit debit card to give flipkart through flipkart app?,Can I buy another Gift Card with the Gift Card I have?,0,314,378,train,random
Help needed: can i employ credit debit card to give flipkart through flipkart app?,How can I pay with a saved Credit/Debit Card?,0,314,149,train,hard
can i employ credit debit card to give on flipkart through the flipkart app? Thanks.,Can I use Credit/Debit Card to pay on Flipkart through the Flipkart app?,1,314,314,dev,positive
can i employ credit debit card to give on flipkart through the flipkart app? Thanks.,For how long is a payment code as a part of SuperCoin Pay valid once it is generated?,0,314,442,dev,random
can i employ credit debit card to give on flipkart through the flipkart app? Thanks.,How can I pay with a saved Credit/Debit Card?,0,314,149,dev,hard
"Hi, will bounce traverse sell up sell when i sojourn the marque accredited dealer?",Will Bounce cross-sell/up sell when I visit the brand authorised dealer?,1,315,315,train,positive
"Hi, will bounce traverse sell up sell when i sojourn the marque accredited dealer?",I chose the wrong EMI plan while making the payment using 'Credit Card No Cost EMI' option. Can I change it now?,0,315,336,train,random
"Hi, will bounce traverse sell up sell when i sojourn the marque accredited dealer?",Will BGauss cross-sell/upsell when I visit the brand authorised dealer?,0,315,359,train,hard
Quick question: will bounce traverse sell up sell call marque accredited dealer?,Will Bounce cross-sell/up sell when I visit the brand authorised dealer?,1,315,315,train,positive
Quick question: will bounce traverse sell up sell call marque accredited dealer?,What are 'SuperCoins Rewards' available on the SuperCoin Zone and how can I avail them?,0,315,405,train,random
Quick question: will bounce traverse sell up sell call marque accredited dealer?,Will BGauss cross-sell/upsell when I visit the brand authorised dealer?,0,315,359,train,hard
Help needed: will bounce traverse sell up sell i call the marque accredited dealer?,Will Bounce cross-sell/up sell when I visit the brand authorised dealer?,1,315,315,dev,positive
Help needed: will bounce traverse sell up sell i call the marque accredited dealer?,Where can I check the details of my SuperCoins?,0,315,268,dev,random
Help needed: will bounce traverse sell up sell i call the marque accredited dealer?,Will BGauss cross-sell/upsell when I visit the brand authorised dealer?,0,315,359,dev,hard
Help needed: what are the cities nation that have third party partner shop to redeem supercoin pay boast?,What are the cities/states that have third-party partner stores to redeem the SuperCoin Pay feature?,1,316,316,train,positive
Help needed: what are the cities nation that have third party partner shop to redeem supercoin pay boast?,Will I get the option to test ride for Ampere Magnus EX? How many times will I be allowed to take test rides as part of an order?,0,316,313,train,random
Help needed: what are the cities nation that have third party partner shop to redeem supercoin pay boast?,Which are the third-party partner stores where I can use SuperCoin Pay feature?,0,316,79,train,hard
Help needed: what are cities nation that third party partner shop to redeem the supercoin pay boast?,What are the cities/states that have third-party partner stores to redeem the SuperCoin Pay feature?,1,316,316,train,positive
Help needed: what are cities nation that third party partner shop to redeem the supercoin pay boast?,What is an OTP or verification code?,0,316,131,train,random
Help needed: what are cities nation that third party partner shop to redeem the supercoin pay boast?,Which are the third-party partner stores where I can use SuperCoin Pay feature?,0,316,79,train,hard
what are the cities nation third party partner shop to redeem the supercoin pay boast? Any idea?,What are the cities/states that have third-party partner stores to redeem the SuperCoin Pay feature?,1,316,316,dev,positive
what are the cities nation third party partner shop to redeem the supercoin pay boast? Any idea?,What are the pre-requisites for using the saved card feature?,0,316,358,dev,random
what are the cities nation third party partner shop to redeem the supercoin pay boast? Any idea?,Which are the third-party partner stores where I can use SuperCoin Pay feature?,0,316,79,dev,hard
Quick question: how is the return fee ascertain?,How is the Return Fee determined?,1,317,317,train,positive
Quick question: how is the return fee ascertain?,What are the limits to buy Gift Cards?,0,317,292,train,random
Quick question: how is the return fee ascertain?,Why do I see a Return fee applicable to the order?,0,317,188,train,hard
how the return fee dictated? Thanks.,How is the Return Fee determined?,1,317,317,train,positive
how the return fee dictated? Thanks.,Can items be returned after the time period mentioned in the seller's Returns Policy?,0,317,152,train,random
how the return fee dictated? Thanks.,Why do I see a Return fee applicable to the order?,0,317,188,train,hard
how is the return fee decide? Any idea?,How is the Return Fee determined?,1,317,317,dev,positive
how is the return fee decide? Any idea?,Will Flipkart deliver the BGauss 2-wheeler to my home?,0,317,484,dev,random
how is the return fee decide? Any idea?,Is there any annual fee?,0,317,465,dev,hard
Quick question: how i give for my cash on delivery order if i opt to choice up the product the choice up depot?,How do I pay for my Cash-on-Delivery order if I choose to pick up the product from the pick-up store?,1,318,318,train,positive
Quick question: how i give for my cash on delivery order if i opt to choice up the product the choice up depot?,Why do I see a shipping charge for an item with the Plus badge?,0,318,25,train,random
Quick question: how i give for my cash on delivery order if i opt to choice up the product the choice up depot?,Can I use the Cash on Delivery payment option for every product I buy on Flipkart?,0,318,9,train,hard
Quick question: how do i give for my cash on delivery order i opt to choice up product the selection up depot?,How do I pay for my Cash-on-Delivery order if I choose to pick up the product from the pick-up store?,1,318,318,train,positive
Quick question: how do i give for my cash on delivery order i opt to choice up product the selection up depot?,Why am I not able to see the option to buy a Bounce 2-wheeler for my pincode?,0,318,345,train,random
Quick question: how do i give for my cash on delivery order i opt to choice up product the selection up depot?,How long do I have to pick up my shipment from the pick-up store?,0,318,33,train,hard
Quick question: how do i give my cash on delivery order if i opt selection the product from the choice depot?,How do I pay for my Cash-on-Delivery order if I choose to pick up the product from the pick-up store?,1,318,318,dev,positive
Quick question: how do i give my cash on delivery order if i opt selection the product from the choice depot?,Is the price for a BGauss 2-wheeler inclusive of subsidy?,0,318,249,dev,random
Quick question: how do i give my cash on delivery order if i opt selection the product from the choice depot?,What is Cash on Delivery?,0,318,294,dev,hard
"Hi, how does the 3d secure password lend security to my online transactions?",How does the 3D Secure password add security to my online transactions?,1,319,319,train,positive
"Hi, how does the 3d secure password lend security to my online transactions?",Will Flipkart deliver Ampere Magnus EX to my home?,0,319,470,train,random
"Hi, how does the 3d secure password lend security to my online transactions?",What is a 3D Secure password?,0,319,471,train,hard
how does 3d secure password lend security online transactions?,How does the 3D Secure password add security to my online transactions?,1,319,319,train,positive
how does 3d secure password lend security online transactions?,Can I return my Ather 2-wheeler in case I receive a damaged vehicle?,0,319,40,train,random
how does 3d secure password lend security online transactions?,What is a 3D Secure password?,0,319,471,train,hard
how the 3d secure password lend security to my online transactions?,How does the 3D Secure password add security to my online transactions?,1,319,319,dev,positive
how the 3d secure password lend security to my online transactions?,How can I use a new email address to log in to my Flipkart account?,0,319,75,dev,random
how the 3d secure password lend security to my online transactions?,What is a 3D Secure password?,0,319,471,dev,hard
how much electricity is mandatory to charge the battery of a bgauss vehicle?,How much electricity is required to charge the battery of a BGauss vehicle?,1,320,320,train,positive
how much electricity is mandatory to charge the battery of a bgauss vehicle?,How does warranty work on replacement products?,0,320,263,train,random
how much electricity is mandatory to charge the battery of a bgauss vehicle?,How much electricity is required to charge the battery of Ampere Magnus EX?,0,320,419,train,hard
Help needed: how much electricity is needed to charge the battery of a bgauss vehicle?,How much electricity is required to charge the battery of a BGauss vehicle?,1,320,320,train,positive
Help needed: how much electricity is needed to charge the battery of a bgauss vehicle?,Why is the option to buy a BGauss 2-wheeler not available at my pincode?,0,320,221,train,random
Help needed: how much electricity is needed to charge the battery of a bgauss vehicle?,How much electricity is required to charge the battery of Ampere Magnus EX?,0,320,419,train,hard
Could you tell me how much electricity is needed charge the battery of a bgauss vehicle?,How much electricity is required to charge the battery of a BGauss vehicle?,1,320,320,dev,positive
Could you tell me how much electricity is needed charge the battery of a bgauss vehicle?,How can I use my mobile number to login on the Flipkart mobile app?,0,320,1,dev,random
Could you tell me how much electricity is needed charge the battery of a bgauss vehicle?,How much electricity is required to charge the battery of Ampere Magnus EX?,0,320,419,dev,hard
Quick question: what all marque are portion supercoin pay curriculum?,What all brands are part of the SuperCoin Pay program?,1,321,321,train,positive
Quick question: what all marque are portion supercoin pay curriculum?,How will I claim warranty for refurbished products?,0,321,74,train,random
Quick question: what all marque are portion supercoin pay curriculum?,What is SuperCoin Pay feature?,0,321,447,train,hard
"Hi, what all marque are component of the supercoin pay curriculum?",What all brands are part of the SuperCoin Pay program?,1,321,321,train,positive
"Hi, what all marque are component of the supercoin pay curriculum?","My order has reached the nearest delivery hub, but why isn't it out for delivery yet?",0,321,113,train,random
"Hi, what all marque are component of the supercoin pay curriculum?",Can I redeem all of my available SuperCoins while using the SuperCoin Pay feature?,0,321,111,train,hard
Help needed: what marque portion of the supercoin pay curriculum?,What all brands are part of the SuperCoin Pay program?,1,321,321,dev,positive
Help needed: what marque portion of the supercoin pay curriculum?,I have earned some SuperCoins from last transactions. How can I redeem them?,0,321,354,dev,random
Help needed: what marque portion of the supercoin pay curriculum?,What is SuperCoin Pay feature?,0,321,447,dev,hard
Could you tell me if repayment amount outstrip 20 000 i find the alternative for phonepe upi connected account and other recorded account neft or imps?,"If my refund amount exceeds ₹20,000, will I get the option for PhonePe UPI linked account and other registered account for NEFT or IMPS?",1,322,322,train,positive
Could you tell me if repayment amount outstrip 20 000 i find the alternative for phonepe upi connected account and other recorded account neft or imps?,Why are faster delivery options not available at my location?,0,322,231,train,random
Could you tell me if repayment amount outstrip 20 000 i find the alternative for phonepe upi connected account and other recorded account neft or imps?,Will I have to use the same contact number to create a PhonePe account as the one linked to my Flipkart account?,0,322,491,train,hard
Help needed: if repay amount surpass 20 000 will i make the alternative phonepe upi connected account and other recorded account for neft or imps?,"If my refund amount exceeds ₹20,000, will I get the option for PhonePe UPI linked account and other registered account for NEFT or IMPS?",1,322,322,train,positive
Help needed: if repay amount surpass 20 000 will i make the alternative phonepe upi connected account and other recorded account for neft or imps?,"While transacting on Flipkart platform, as part of SuperCoin Pay, can I redeem SuperCoins along with a prepaid payment mode provided by any bank?",0,322,487,train,random
Help needed: if repay amount surpass 20 000 will i make the alternative phonepe upi connected account and other recorded account for neft or imps?,Will I have to use the same contact number to create a PhonePe account as the one linked to my Flipkart account?,0,322,491,train,hard
if repayment amount outstrip 20 000 come the alternative for phonepe upi connected account other recorded account for neft or imps? Any idea?,"If my refund amount exceeds ₹20,000, will I get the option for PhonePe UPI linked account and other registered account for NEFT or IMPS?",1,322,322,dev,positive
if repayment amount outstrip 20 000 come the alternative for phonepe upi connected account other recorded account for neft or imps? Any idea?,Can I take the shipment after opening and checking the contents inside?,0,322,100,dev,random
if repayment amount outstrip 20 000 come the alternative for phonepe upi connected account other recorded account for neft or imps? Any idea?,Will I have to use the same contact number to create a PhonePe account as the one linked to my Flipkart account?,0,322,491,dev,hard
"Hi, is my freight secure at selection up depot?",Is my shipment safe at the pick-up store?,1,323,323,train,positive
"Hi, is my freight secure at selection up depot?",Can I buy another Gift Card with the Gift Card I have?,0,323,378,train,random
"Hi, is my freight secure at selection up depot?",How secure is the payment through SuperCoin Pay?,0,323,296,train,hard
is my cargo dependable the choice up depot?,Is my shipment safe at the pick-up store?,1,323,323,train,positive
is my cargo dependable the choice up depot?,Will BGauss cross-sell/upsell when I visit the brand authorised dealer?,0,323,359,train,random
is my cargo dependable the choice up depot?,What is a pick-up store?,0,323,288,train,hard
is my loading dependable at choice up depot? Thanks.,Is my shipment safe at the pick-up store?,1,323,323,dev,positive
is my loading dependable at choice up depot? Thanks.,What if my order amount is lesser than the Gift Card value?,0,323,243,dev,random
is my loading dependable at choice up depot? Thanks.,What should I do if my shipment is not at the pick-up store?,0,323,145,dev,hard
i a question the emi accusation what should i do? Any idea?,I have a query about the EMI charge. What should I do?,1,324,324,train,positive
i a question the emi accusation what should i do? Any idea?,What charging options are available with Ather 2-wheelers. Is there a separate cost associated with it?,0,324,62,train,random
i a question the emi accusation what should i do? Any idea?,What should I do if I don't get the invoice for my order?,0,324,2,train,hard
Could you tell me i have a question about the emi accusation what should i?,I have a query about the EMI charge. What should I do?,1,324,324,train,positive
Could you tell me i have a question about the emi accusation what should i?,What accessories will be provided with Magnus EX?,0,324,434,train,random
Could you tell me i have a question about the emi accusation what should i?,I have bought a BGauss 2-wheeler but I want to have a different model. What should I do?,0,324,102,train,hard
i have a question emi accusation what should do?,I have a query about the EMI charge. What should I do?,1,324,324,dev,positive
i have a question emi accusation what should do?,What are the EMI plans available if I pay using the Bajaj Finserv payment mode?,0,324,206,dev,random
i have a question emi accusation what should do?,I have bought a BGauss 2-wheeler but I want to have a different model. What should I do?,0,324,102,dev,hard
"Hi, what papers mandatory for the whole process of purchase a hero motocorp 2 wheeler on flipkart?",What are the documents required for the entire process of buying a Hero MotoCorp 2-wheeler on Flipkart?,1,325,325,train,positive
"Hi, what papers mandatory for the whole process of purchase a hero motocorp 2 wheeler on flipkart?",How can I pay with a saved Credit/Debit Card?,0,325,149,train,random
"Hi, what papers mandatory for the whole process of purchase a hero motocorp 2 wheeler on flipkart?",What is the process after paying the ex-showroom price for a Hero MotoCorp 2-wheeler on Flipkart?,0,325,46,train,hard
what are the papers necessary the whole process of purchasing a hero motocorp 2 wheeler on flipkart? Thanks.,What are the documents required for the entire process of buying a Hero MotoCorp 2-wheeler on Flipkart?,1,325,325,train,positive
what are the papers necessary the whole process of purchasing a hero motocorp 2 wheeler on flipkart? Thanks.,What are the benefits of buying an item with a Plus badge?,0,325,67,train,random
what are the papers necessary the whole process of purchasing a hero motocorp 2 wheeler on flipkart? Thanks.,What is the process after paying the ex-showroom price for a Hero MotoCorp 2-wheeler on Flipkart?,0,325,46,train,hard
Help needed: what are the papers mandatory the whole process of purchase hero motocorp 2 wheeler flipkart?,What are the documents required for the entire process of buying a Hero MotoCorp 2-wheeler on Flipkart?,1,325,325,dev,positive
Help needed: what are the papers mandatory the whole process of purchase hero motocorp 2 wheeler flipkart?,Is the price for Ampere Magnus EX inclusive of subsidy?,0,325,242,dev,random
Help needed: what are the papers mandatory the whole process of purchase hero motocorp 2 wheeler flipkart?,What is the process after paying the ex-showroom price for a Hero MotoCorp 2-wheeler on Flipkart?,0,325,46,dev,hard
how can i apply a gift card? Thanks.,How can I use a Gift Card?,1,326,326,train,positive
how can i apply a gift card? Thanks.,I chose the wrong EMI plan while making the payment using Bajaj Finserv No Cost EMI option. Can I change it now?,0,326,290,train,random
how can i apply a gift card? Thanks.,How can I buy using a Gift card?,0,326,350,train,hard
"Hi, how i usage a gift card?",How can I use a Gift Card?,1,326,326,train,positive
"Hi, how i usage a gift card?",What are 'SuperCoins Rewards' available on the SuperCoin Zone and how can I avail them?,0,326,405,train,random
"Hi, how i usage a gift card?",How can I buy using a Gift card?,0,326,350,train,hard
how i usage a gift card?,How can I use a Gift Card?,1,326,326,dev,positive
how i usage a gift card?,I see the 'Cancel' button but I can't click on it. Why?,0,326,160,dev,random
how i usage a gift card?,How can I buy using a Gift card?,0,326,350,dev,hard
Help needed: what if the gift card is transferred person when i am anticipate a refund for an order put use same gift card?,What if the Gift Card is transferred to someone when I am expecting a refund for an order placed using the same Gift Card?,1,327,327,train,positive
Help needed: what if the gift card is transferred person when i am anticipate a refund for an order put use same gift card?,What should I do if there is a difference in the warranty mentioned on Flipkart & the physical warranty card I got?,0,327,114,train,random
Help needed: what if the gift card is transferred person when i am anticipate a refund for an order put use same gift card?,How can I use a Gift Card?,0,327,326,train,hard
what if gift card transferred to person when i am anticipate a refund for an order put use the same gift card? Any idea?,What if the Gift Card is transferred to someone when I am expecting a refund for an order placed using the same Gift Card?,1,327,327,train,positive
what if gift card transferred to person when i am anticipate a refund for an order put use the same gift card? Any idea?,Can I change the delivery address after I have placed a Flipkart Quick order?,0,327,217,train,random
what if gift card transferred to person when i am anticipate a refund for an order put use the same gift card? Any idea?,How can I use a Gift Card?,0,327,326,train,hard
Help needed: what if the gift card transferred to person when anticipate a refund for an order put use the same gift card?,What if the Gift Card is transferred to someone when I am expecting a refund for an order placed using the same Gift Card?,1,327,327,dev,positive
Help needed: what if the gift card transferred to person when anticipate a refund for an order put use the same gift card?,"I always login using my phone number, but I recently lost my phone. I have also forgotten the password to my Flipkart account. How do I access it?",0,327,246,dev,random
Help needed: what if the gift card transferred to person when anticipate a refund for an order put use the same gift card?,How can I use a Gift Card?,0,327,326,dev,hard
is credit card no cost emi payment mode useable on flipkart s windows ios apps? Thanks.,Is 'Credit Card No Cost EMI' payment mode available on Flipkart's Windows and iOS apps?,1,328,328,train,positive
is credit card no cost emi payment mode useable on flipkart s windows ios apps? Thanks.,I did not get the correct cashback as per my transactions on Flipkart. What should I do?,0,328,388,train,random
is credit card no cost emi payment mode useable on flipkart s windows ios apps? Thanks.,Is PhonePe wallet available on Flipkart's Windows and iOS apps too?,0,328,421,train,hard
is credit card no cost emi payment mode accessible on flipkart s windows and ios apps?,Is 'Credit Card No Cost EMI' payment mode available on Flipkart's Windows and iOS apps?,1,328,328,train,positive
is credit card no cost emi payment mode accessible on flipkart s windows and ios apps?,Can I buy more than one Ampere vehicle in my name/same Flipkart account?,0,328,19,train,random
is credit card no cost emi payment mode accessible on flipkart s windows and ios apps?,Is PhonePe wallet available on Flipkart's Windows and iOS apps too?,0,328,421,train,hard
is credit card no cost emi payment mode accessible on flipkart s windows ios apps? Any idea?,Is 'Credit Card No Cost EMI' payment mode available on Flipkart's Windows and iOS apps?,1,328,328,dev,positive
is credit card no cost emi payment mode accessible on flipkart s windows ios apps? Any idea?,Can items be returned after the time period mentioned in the seller's Returns Policy?,0,328,152,dev,random
is credit card no cost emi payment mode accessible on flipkart s windows ios apps? Any idea?,Is PhonePe wallet available on Flipkart's Windows and iOS apps too?,0,328,421,dev,hard
Quick question: what the papers necessary the whole process of purchasing ampere magnus ex flipkart?,What are the documents required for the entire process of buying an Ampere Magnus EX on Flipkart?,1,329,329,train,positive
Quick question: what the papers necessary the whole process of purchasing ampere magnus ex flipkart?,What is the process after paying the ex-showroom price for an Ather 2-wheeler on Flipkart?,0,329,30,train,random
Quick question: what the papers necessary the whole process of purchasing ampere magnus ex flipkart?,What is the process after paying the ex-showroom price for Ampere Magnus EX on Flipkart?,0,329,5,train,hard
"Hi, what are the papers need whole process of purchase an ampere magnus ex on flipkart?",What are the documents required for the entire process of buying an Ampere Magnus EX on Flipkart?,1,329,329,train,positive
"Hi, what are the papers need whole process of purchase an ampere magnus ex on flipkart?",What is the advantage of buying a BGauss 2-wheeler vehicle through Flipkart?,0,329,70,train,random
"Hi, what are the papers need whole process of purchase an ampere magnus ex on flipkart?",What is the process after paying the ex-showroom price for Ampere Magnus EX on Flipkart?,0,329,5,train,hard
Help needed: what are papers need the whole process of purchase an ampere magnus ex on flipkart?,What are the documents required for the entire process of buying an Ampere Magnus EX on Flipkart?,1,329,329,dev,positive
Help needed: what are papers need the whole process of purchase an ampere magnus ex on flipkart?,Why do I need to verify my mobile number or email address to log into my Flipkart account?,0,329,115,dev,random
Help needed: what are papers need the whole process of purchase an ampere magnus ex on flipkart?,What is the process after paying the ex-showroom price for Ampere Magnus EX on Flipkart?,0,329,5,dev,hard
what is warranty being provide ather?,What is the warranty being offered by Ather?,1,330,330,train,positive
what is warranty being provide ather?,What are SuperCoin Milestones?,0,330,459,train,random
what is warranty being provide ather?,Is the warranty of Ather 2-wheelers being offered by Flipkart?,0,330,435,train,hard
"Hi, what is the warranty being provide by ather?",What is the warranty being offered by Ather?,1,330,330,train,positive
"Hi, what is the warranty being provide by ather?",How do I renew my benefits as part of SuperCoin Milestones?,0,330,208,train,random
"Hi, what is the warranty being provide by ather?",Is the warranty of Ather 2-wheelers being offered by Flipkart?,0,330,435,train,hard
what is the warranty being provide by ather? Any idea?,What is the warranty being offered by Ather?,1,330,330,dev,positive
what is the warranty being provide by ather? Any idea?,Can I modify my chosen time slot for the delivery of Flipkart Quick orders?,0,330,196,dev,random
what is the warranty being provide by ather? Any idea?,Is the warranty of Ather 2-wheelers being offered by Flipkart?,0,330,435,dev,hard
can revert a product and need for a repay i have buy it redeeming my supercoins to avail rebate through supercoin pay boast? Thanks.,Can I return a product and ask for a refund if I have purchased it by redeeming my SuperCoins to avail discount through SuperCoin Pay feature?,1,331,331,train,positive
can revert a product and need for a repay i have buy it redeeming my supercoins to avail rebate through supercoin pay boast? Thanks.,What is Cash and Coins for Rewards program?,0,331,262,train,random
can revert a product and need for a repay i have buy it redeeming my supercoins to avail rebate through supercoin pay boast? Thanks.,Can I buy products on Flipkart by redeeming SuperCoins?,0,331,248,train,hard
can revert a product and need for a repay if i have buy by redeeming supercoins to avail rebate through supercoin pay boast? Any idea?,Can I return a product and ask for a refund if I have purchased it by redeeming my SuperCoins to avail discount through SuperCoin Pay feature?,1,331,331,train,positive
can revert a product and need for a repay if i have buy by redeeming supercoins to avail rebate through supercoin pay boast? Any idea?,I see the 'Cancel' button but I can't click on it. Why?,0,331,160,train,random
can revert a product and need for a repay if i have buy by redeeming supercoins to avail rebate through supercoin pay boast? Any idea?,Can I buy products on Flipkart by redeeming SuperCoins?,0,331,248,train,hard
"Hi, can i revert a product and need for a repay if i have buy it redeeming my supercoins to avail rebate through supercoin pay boast?",Can I return a product and ask for a refund if I have purchased it by redeeming my SuperCoins to avail discount through SuperCoin Pay feature?,1,331,331,dev,positive
"Hi, can i revert a product and need for a repay if i have buy it redeeming my supercoins to avail rebate through supercoin pay boast?",In which cities can the purchase of Ampere Magnus EX be made?,0,331,172,dev,random
"Hi, can i revert a product and need for a repay if i have buy it redeeming my supercoins to avail rebate through supercoin pay boast?",Can I buy products on Flipkart by redeeming SuperCoins?,0,331,248,dev,hard
can i restart an unfinished application?,Can I resume an incomplete application?,1,332,332,train,positive
can i restart an unfinished application?,Will I get the option to test drive a Bounce 2-wheeler? How many times will I be allowed to take a test drive in the same order?,0,332,295,train,random
can i restart an unfinished application?,How can I track my application status from my Flipkart Account?,0,332,227,train,hard
can i restart unfinished application? Thanks.,Can I resume an incomplete application?,1,332,332,train,positive
can i restart unfinished application? Thanks.,Should I call Flipkart's Customer Care for installation once my product is delivered?,0,332,10,train,random
can i restart unfinished application? Thanks.,How can I track my application status from my Flipkart Account?,0,332,227,train,hard
can restart an unfinished application? Thanks.,Can I resume an incomplete application?,1,332,332,dev,positive
can restart an unfinished application? Thanks.,Can I take the shipment after opening and checking the contents inside?,0,332,100,dev,random
can restart an unfinished application? Thanks.,How can I track my application status from my Flipkart Account?,0,332,227,dev,hard
how protracted the battery last for bounce 2 wheelers? Thanks.,How long does the battery last for Bounce 2-wheelers?,1,333,333,train,positive
how protracted the battery last for bounce 2 wheelers? Thanks.,Can I buy more than one Hero MotoCorp in my name/through Flipkart account?,0,333,169,train,random
how protracted the battery last for bounce 2 wheelers? Thanks.,Is there a battery subscription model for Bounce 2-wheelers?,0,333,494,train,hard
how protracted does the battery last for bounce 2 wheelers? Thanks.,How long does the battery last for Bounce 2-wheelers?,1,333,333,train,positive
how protracted does the battery last for bounce 2 wheelers? Thanks.,Will Hero MotoCorp cross-sell/up sell when I visit the brand authorised dealer?,0,333,267,train,random
how protracted does the battery last for bounce 2 wheelers? Thanks.,How quickly does the battery for a Bounce 2-wheeler charge?,0,333,500,train,hard
Help needed: how lasting the battery last for bounce 2 wheelers?,How long does the battery last for Bounce 2-wheelers?,1,333,333,dev,positive
Help needed: how lasting the battery last for bounce 2 wheelers?,Can I return my Ather 2-wheeler in case I receive a damaged vehicle?,0,333,40,dev,random
Help needed: how lasting the battery last for bounce 2 wheelers?,Is there a battery subscription model for Bounce 2-wheelers?,0,333,494,dev,hard
Help needed: what warranty being provide bgauss?,What is the warranty being offered by BGauss?,1,334,334,train,positive
Help needed: what warranty being provide bgauss?,How is 'Credit Card No Cost EMI' different from 'Credit Card EMI' payment mode?,0,334,3,train,random
Help needed: what warranty being provide bgauss?,Is the warranty for BGauss 2-wheelers being offered by Flipkart?,0,334,441,train,hard
what is the warranty being provide by bgauss?,What is the warranty being offered by BGauss?,1,334,334,train,positive
what is the warranty being provide by bgauss?,What are the EMI plans available if I pay using the 'Credit Card No Cost EMI' payment mode?,0,334,385,train,random
what is the warranty being provide by bgauss?,Is the warranty for BGauss 2-wheelers being offered by Flipkart?,0,334,441,train,hard
Quick question: what the warranty being provide by bgauss?,What is the warranty being offered by BGauss?,1,334,334,dev,positive
Quick question: what the warranty being provide by bgauss?,"The address while ordering the Hero MotoCorp 2-wheeler on Flipkart is different from the one on my address proof (Aadhaar Card), what should I do now?",0,334,277,dev,random
Quick question: what the warranty being provide by bgauss?,Is the warranty for BGauss 2-wheelers being offered by Flipkart?,0,334,441,dev,hard
"Hi, where can i discover the seller s returns policy?",Where can I find the seller's returns policy?,1,335,335,train,positive
"Hi, where can i discover the seller s returns policy?",When will I get the physical card?,0,335,454,train,random
"Hi, where can i discover the seller s returns policy?",Can items be returned after the time period mentioned in the seller's Returns Policy?,0,335,152,train,hard
Could you tell me where can i determine the seller s returns policy?,Where can I find the seller's returns policy?,1,335,335,train,positive
Could you tell me where can i determine the seller s returns policy?,"If I request for a replacement, when will I get it?",0,335,32,train,random
Could you tell me where can i determine the seller s returns policy?,Can items be returned after the time period mentioned in the seller's Returns Policy?,0,335,152,train,hard
where can i obtain the seller s returns policy? Any idea?,Where can I find the seller's returns policy?,1,335,335,dev,positive
where can i obtain the seller s returns policy? Any idea?,What after-sales services are being provided by Bounce for 2-wheelers?,0,335,368,dev,random
where can i obtain the seller s returns policy? Any idea?,Can items be returned after the time period mentioned in the seller's Returns Policy?,0,335,152,dev,hard
"Hi, i prefer the misguided emi program while make the payment utilize credit card no cost emi alternative can i alter it now?",I chose the wrong EMI plan while making the payment using 'Credit Card No Cost EMI' option. Can I change it now?,1,336,336,train,positive
"Hi, i prefer the misguided emi program while make the payment utilize credit card no cost emi alternative can i alter it now?",Can I use any Debit Card to pay for my order?,0,336,382,train,random
"Hi, i prefer the misguided emi program while make the payment utilize credit card no cost emi alternative can i alter it now?",What is 'Credit Card No Cost EMI'?,0,336,266,train,hard
i prefer the misguided emi program while make the payment use credit card no cost emi alternative can shift it now?,I chose the wrong EMI plan while making the payment using 'Credit Card No Cost EMI' option. Can I change it now?,1,336,336,train,positive
i prefer the misguided emi program while make the payment use credit card no cost emi alternative can shift it now?,"My payment using the 'Credit Card No Cost EMI' payment mode did not go through, but the amount has been blocked on my card. What should I do?",0,336,481,train,random
i prefer the misguided emi program while make the payment use credit card no cost emi alternative can shift it now?,What is 'Credit Card No Cost EMI'?,0,336,266,train,hard
"Hi, i choose erroneous emi program while make payment utilize credit card no cost emi alternative can i alter it now?",I chose the wrong EMI plan while making the payment using 'Credit Card No Cost EMI' option. Can I change it now?,1,336,336,dev,positive
"Hi, i choose erroneous emi program while make payment utilize credit card no cost emi alternative can i alter it now?",How can I understand the grade of a refurbished product?,0,336,337,dev,random
"Hi, i choose erroneous emi program while make payment utilize credit card no cost emi alternative can i alter it now?",What is 'Credit Card No Cost EMI'?,0,336,266,dev,hard
Could you tell me how can realize tier of renovate product?,How can I understand the grade of a refurbished product?,1,337,337,train,positive
Could you tell me how can realize tier of renovate product?,What should I do if I find the package open or tampered on delivery?,0,337,80,train,random
Could you tell me how can realize tier of renovate product?,How can I claim warranty for my product?,0,337,130,train,hard
"Hi, how can interpret the tier of renovate product?",How can I understand the grade of a refurbished product?,1,337,337,train,positive
"Hi, how can interpret the tier of renovate product?",When are refunds given?,0,337,269,train,random
"Hi, how can interpret the tier of renovate product?",How can I claim warranty for my product?,0,337,130,train,hard
Could you tell me how can i infer the tier of a renovate product?,How can I understand the grade of a refurbished product?,1,337,337,dev,positive
Could you tell me how can i infer the tier of a renovate product?,When are refunds given?,0,337,269,dev,random
Could you tell me how can i infer the tier of a renovate product?,How can I order for large quantities of the product as part of a corporate order?,0,337,397,dev,hard
Help needed: what is warranty being provide by bounce?,What is the warranty being offered by Bounce?,1,338,338,train,positive
Help needed: what is warranty being provide by bounce?,"While transacting on Flipkart platform, as part of SuperCoin Pay, can I redeem SuperCoins along with a prepaid payment mode provided by any bank?",0,338,487,train,random
Help needed: what is warranty being provide by bounce?,Is the warranty being offered by Flipkart for Bounce 2-wheelers?,0,338,429,train,hard
what is warranty being provide by bounce? Any idea?,What is the warranty being offered by Bounce?,1,338,338,train,positive
what is warranty being provide by bounce? Any idea?,"When benefits are unlocked as part of SuperCoin Milestones, will there be deduction of SuperCoins?",0,338,360,train,random
what is warranty being provide by bounce? Any idea?,Is the warranty being offered by Flipkart for Bounce 2-wheelers?,0,338,429,train,hard
Could you tell me what is the warranty being provide by bounce?,What is the warranty being offered by Bounce?,1,338,338,dev,positive
Could you tell me what is the warranty being provide by bounce?,How quickly does the battery for Ather 2-wheelers charge again?,0,338,353,dev,random
Could you tell me what is the warranty being provide by bounce?,Is the warranty being offered by Flipkart for Bounce 2-wheelers?,0,338,429,dev,hard
Could you tell me if i have paid for my order use the bajaj finserv no cost emi payment alternative i bring a complete repayment if the item is cancelled rejoin?,"If I have paid for my order using the Bajaj Finserv No Cost EMI payment option, will I get a complete refund if the item is cancelled or returned?",1,339,339,train,positive
Could you tell me if i have paid for my order use the bajaj finserv no cost emi payment alternative i bring a complete repayment if the item is cancelled rejoin?,How does the pick-up store option on Flipkart work?,0,339,153,train,random
Could you tell me if i have paid for my order use the bajaj finserv no cost emi payment alternative i bring a complete repayment if the item is cancelled rejoin?,Can I get the refund for the item to any other mode if I have paid using the Bajaj Finserv payment option?,0,339,311,train,hard
Quick question: if have paid my order use bajaj finserv no cost emi payment alternative will find complete repay if the item is cancelled rejoin?,"If I have paid for my order using the Bajaj Finserv No Cost EMI payment option, will I get a complete refund if the item is cancelled or returned?",1,339,339,train,positive
Quick question: if have paid my order use bajaj finserv no cost emi payment alternative will find complete repay if the item is cancelled rejoin?,Where can I find the seller's returns policy?,0,339,335,train,random
Quick question: if have paid my order use bajaj finserv no cost emi payment alternative will find complete repay if the item is cancelled rejoin?,Can I get the refund for the item to any other mode if I have paid using the Bajaj Finserv payment option?,0,339,311,train,hard
Quick question: if i have paid for my order utilize bajaj finserv no cost emi payment alternative make a complete repay if the item is cancelled rejoin?,"If I have paid for my order using the Bajaj Finserv No Cost EMI payment option, will I get a complete refund if the item is cancelled or returned?",1,339,339,dev,positive
Quick question: if i have paid for my order utilize bajaj finserv no cost emi payment alternative make a complete repay if the item is cancelled rejoin?,What is the advantage of buying a BGauss 2-wheeler vehicle through Flipkart?,0,339,70,dev,random
Quick question: if i have paid for my order utilize bajaj finserv no cost emi payment alternative make a complete repay if the item is cancelled rejoin?,Can I get the refund for the item to any other mode if I have paid using the Bajaj Finserv payment option?,0,339,311,dev,hard
Help needed: what bajaj finserv payment mode?,What is Bajaj Finserv payment mode?,1,340,340,train,positive
Help needed: what bajaj finserv payment mode?,How can I pay with a saved Credit/Debit Card?,0,340,149,train,random
Help needed: what bajaj finserv payment mode?,What are the benefits of the Bajaj Finserv payment mode?,0,340,109,train,hard
"Hi, what is bajaj finserv payment mode?",What is Bajaj Finserv payment mode?,1,340,340,train,positive
"Hi, what is bajaj finserv payment mode?",How can I use a new email address to log in to my Flipkart account?,0,340,75,train,random
"Hi, what is bajaj finserv payment mode?",How is Bajaj Finserv payment mode different from the credit card EMI payment mode?,0,340,29,train,hard
what is bajaj finserv payment mode? Any idea?,What is Bajaj Finserv payment mode?,1,340,340,dev,positive
what is bajaj finserv payment mode? Any idea?,What does it mean if a store displays a SuperCoin Pay QR code?,0,340,6,dev,random
what is bajaj finserv payment mode? Any idea?,How is Bajaj Finserv payment mode different from the credit card EMI payment mode?,0,340,29,dev,hard
what after sales services being furnish ather for 2 wheelers?,What after sales services are being provided by Ather for 2-wheelers?,1,341,341,train,positive
what after sales services being furnish ather for 2 wheelers?,How quickly does the battery for BGauss 2-wheelers charge again?,0,341,303,train,random
what after sales services being furnish ather for 2 wheelers?,What after-sales services are being provided by Flipkart for Hero MotoCorp 2-wheelers?,0,341,200,train,hard
Help needed: what after sales services are being offer by ather 2 wheelers?,What after sales services are being provided by Ather for 2-wheelers?,1,341,341,train,positive
Help needed: what after sales services are being offer by ather 2 wheelers?,Can I take the shipment after opening and checking the contents inside?,0,341,100,train,random
Help needed: what after sales services are being offer by ather 2 wheelers?,What after-sales services are being provided by Flipkart for Hero MotoCorp 2-wheelers?,0,341,200,train,hard
what after sales services being offer by ather 2 wheelers?,What after sales services are being provided by Ather for 2-wheelers?,1,341,341,dev,positive
what after sales services being offer by ather 2 wheelers?,What subsidies are being offered by BGauss and how to claim them?,0,341,47,dev,random
what after sales services being offer by ather 2 wheelers?,What after-sales services are being provided by Flipkart for Hero MotoCorp 2-wheelers?,0,341,200,dev,hard
how does supercoin pay boast operate on flipkart platform? Any idea?,How does Supercoin Pay feature work on Flipkart platform?,1,342,342,train,positive
how does supercoin pay boast operate on flipkart platform? Any idea?,Can I use an international number to sign up?,0,342,197,train,random
how does supercoin pay boast operate on flipkart platform? Any idea?,"While transacting on Flipkart platform, as part of SuperCoin Pay, can I redeem SuperCoins along with a prepaid payment mode provided by any bank?",0,342,487,train,hard
how supercoin pay boast operate on flipkart platform? Thanks.,How does Supercoin Pay feature work on Flipkart platform?,1,342,342,train,positive
how supercoin pay boast operate on flipkart platform? Thanks.,Why do I see different prices for the same product?,0,342,184,train,random
how supercoin pay boast operate on flipkart platform? Thanks.,Will I get the available bank offers on Flipkart platform if I choose to redeem SuperCoins through SuperCoin Pay?,0,342,166,train,hard
how does supercoin pay boast operate on flipkart platform? Thanks.,How does Supercoin Pay feature work on Flipkart platform?,1,342,342,dev,positive
how does supercoin pay boast operate on flipkart platform? Thanks.,How can I know the status of my refund?,0,342,144,dev,random
how does supercoin pay boast operate on flipkart platform? Thanks.,Will I get the available bank offers on Flipkart platform if I choose to redeem SuperCoins through SuperCoin Pay?,0,342,166,dev,hard
can make repay for item through other mode if i have paid use the credit card no cost emi payment alternative? Thanks.,Can I get the refund for the item through any other mode if I have paid using the 'Credit Card No Cost EMI' payment option?,1,343,343,train,positive
can make repay for item through other mode if i have paid use the credit card no cost emi payment alternative? Thanks.,Do I get a spare tyre with a Hero MotoCorp 2-wheeler?,0,343,468,train,random
can make repay for item through other mode if i have paid use the credit card no cost emi payment alternative? Thanks.,Do I need to make a down payment to buy an item using the 'Credit Card No Cost EMI' payment mode?,0,343,463,train,hard
"Hi, can find the repay the item through any other mode if paid use the credit card no cost emi payment alternative?",Can I get the refund for the item through any other mode if I have paid using the 'Credit Card No Cost EMI' payment option?,1,343,343,train,positive
"Hi, can find the repay the item through any other mode if paid use the credit card no cost emi payment alternative?",How does Flipkart prevent card fraud?,0,343,412,train,random
"Hi, can find the repay the item through any other mode if paid use the credit card no cost emi payment alternative?",Can I get the refund for the item to any other mode if I have paid using the Bajaj Finserv payment option?,0,343,311,train,hard
Help needed: can i make the repay the item through any other mode i have paid utilize credit card no cost emi payment alternative?,Can I get the refund for the item through any other mode if I have paid using the 'Credit Card No Cost EMI' payment option?,1,343,343,dev,positive
Help needed: can i make the repay the item through any other mode i have paid utilize credit card no cost emi payment alternative?,When will I get the physical card?,0,343,454,dev,random
Help needed: can i make the repay the item through any other mode i have paid utilize credit card no cost emi payment alternative?,Can I get the refund for the item to any other mode if I have paid using the Bajaj Finserv payment option?,0,343,311,dev,hard
Help needed: will i gain cashback if i have utilize person else s flipkart axis bank credit card?,Will I earn cashback if I have used someone else's Flipkart Axis Bank Credit Card?,1,344,344,train,positive
Help needed: will i gain cashback if i have utilize person else s flipkart axis bank credit card?,Is the warranty being offered by Flipkart for Bounce 2-wheelers?,0,344,429,train,random
Help needed: will i gain cashback if i have utilize person else s flipkart axis bank credit card?,What will happen to my Axis Bank Buzz Credit Card if I apply for the Flipkart Axis Bank Credit Card?,0,344,479,train,hard
Help needed: will gain cashback if i have utilized person else s flipkart axis bank credit card?,Will I earn cashback if I have used someone else's Flipkart Axis Bank Credit Card?,1,344,344,train,positive
Help needed: will gain cashback if i have utilized person else s flipkart axis bank credit card?,"If I choose 'SuperCoins Price' option, will I still be eligible to avail bank offers/other offers?",0,344,159,train,random
Help needed: will gain cashback if i have utilized person else s flipkart axis bank credit card?,What will happen to my Axis Bank Buzz Credit Card if I apply for the Flipkart Axis Bank Credit Card?,0,344,479,train,hard
Could you tell me will i gain cashback if i utilized person else s flipkart axis bank credit card?,Will I earn cashback if I have used someone else's Flipkart Axis Bank Credit Card?,1,344,344,dev,positive
Could you tell me will i gain cashback if i utilized person else s flipkart axis bank credit card?,"I am able to see some 'SuperCoins Rewards', but why am I not able to buy them?",0,344,95,dev,random
Could you tell me will i gain cashback if i utilized person else s flipkart axis bank credit card?,What will happen to my Axis Bank Buzz Credit Card if I apply for the Flipkart Axis Bank Credit Card?,0,344,479,dev,hard
Could you tell me why am i not able to watch the alternative to steal a bounce 2 wheeler for my pincode?,Why am I not able to see the option to buy a Bounce 2-wheeler for my pincode?,1,345,345,train,positive
Could you tell me why am i not able to watch the alternative to steal a bounce 2 wheeler for my pincode?,There have been recent reports of batteries catching fire. How do I know that Ather products are safe?,0,345,437,train,random
Could you tell me why am i not able to watch the alternative to steal a bounce 2 wheeler for my pincode?,"I am able to see some 'SuperCoins Rewards', but why am I not able to buy them?",0,345,95,train,hard
Help needed: why am i not able look the alternative to steal a bounce 2 wheeler for my pincode?,Why am I not able to see the option to buy a Bounce 2-wheeler for my pincode?,1,345,345,train,positive
Help needed: why am i not able look the alternative to steal a bounce 2 wheeler for my pincode?,How can I place an order?,0,345,156,train,random
Help needed: why am i not able look the alternative to steal a bounce 2 wheeler for my pincode?,"I am able to see some 'SuperCoins Rewards', but why am I not able to buy them?",0,345,95,train,hard
Quick question: why am i not able to find the alternative to bargain bounce 2 wheeler for pincode?,Why am I not able to see the option to buy a Bounce 2-wheeler for my pincode?,1,345,345,dev,positive
Quick question: why am i not able to find the alternative to bargain bounce 2 wheeler for pincode?,When and how many times do Bounce vehicles require servicing?,0,345,474,dev,random
Quick question: why am i not able to find the alternative to bargain bounce 2 wheeler for pincode?,"I am able to see some 'SuperCoins Rewards', but why am I not able to buy them?",0,345,95,dev,hard
will i make supercoins for use cash coins for rewards? Any idea?,Will I get SuperCoins for using Cash and Coins for Rewards?,1,346,346,train,positive
will i make supercoins for use cash coins for rewards? Any idea?,How is 'SuperCoins Price' calculated?,0,346,426,train,random
will i make supercoins for use cash coins for rewards? Any idea?,What is Cash and Coins for Rewards program?,0,346,262,train,hard
will i find supercoins for utilize cash and coins rewards?,Will I get SuperCoins for using Cash and Coins for Rewards?,1,346,346,train,positive
will i find supercoins for utilize cash and coins rewards?,Where can I check the expiry related details of my Flipkart Plus membership?,0,346,11,train,random
will i find supercoins for utilize cash and coins rewards?,What is Cash and Coins for Rewards program?,0,346,262,train,hard
"Hi, will i take supercoins for utilize cash and coins for rewards?",Will I get SuperCoins for using Cash and Coins for Rewards?,1,346,346,dev,positive
"Hi, will i take supercoins for utilize cash and coins for rewards?",I have earned 200 SuperCoins already last year but still did not receive any membership notification. What do I do?,0,346,236,dev,random
"Hi, will i take supercoins for utilize cash and coins for rewards?",What is Cash and Coins for Rewards program?,0,346,262,dev,hard
Quick question: will i make a complete repay if item cancelled or rejoin if i have paid for the order use credit card no cost emi payment alternative?,Will I get a complete refund if the item is cancelled or returned if I have paid for the order using the 'Credit Card No Cost EMI' payment option?,1,347,347,train,positive
Quick question: will i make a complete repay if item cancelled or rejoin if i have paid for the order use credit card no cost emi payment alternative?,What is SuperCoin Zone?,0,347,450,train,random
Quick question: will i make a complete repay if item cancelled or rejoin if i have paid for the order use credit card no cost emi payment alternative?,Can I get the refund for the item through any other mode if I have paid using the 'Credit Card No Cost EMI' payment option?,0,347,343,train,hard
Could you tell me will i make a complete repay the item is cancelled rejoin i paid for the order use credit card no cost emi payment alternative?,Will I get a complete refund if the item is cancelled or returned if I have paid for the order using the 'Credit Card No Cost EMI' payment option?,1,347,347,train,positive
Could you tell me will i make a complete repay the item is cancelled rejoin i paid for the order use credit card no cost emi payment alternative?,How will the SuperCoins earned be calculated if I choose to buy a product using 'SuperCoins Price'?,0,347,151,train,random
Could you tell me will i make a complete repay the item is cancelled rejoin i paid for the order use credit card no cost emi payment alternative?,Do I need to make a down payment to buy an item using the 'Credit Card No Cost EMI' payment mode?,0,347,463,train,hard
will i make a complete repay if the item is cancelled rejoin if i have paid the order use the credit card no cost emi payment alternative? Any idea?,Will I get a complete refund if the item is cancelled or returned if I have paid for the order using the 'Credit Card No Cost EMI' payment option?,1,347,347,dev,positive
will i make a complete repay if the item is cancelled rejoin if i have paid the order use the credit card no cost emi payment alternative? Any idea?,How long does the battery last for Bounce 2-wheelers?,0,347,333,dev,random
will i make a complete repay if the item is cancelled rejoin if i have paid the order use the credit card no cost emi payment alternative? Any idea?,Can I get the refund for the item through any other mode if I have paid using the 'Credit Card No Cost EMI' payment option?,0,347,343,dev,hard
"Hi, can i produce the payment use prepaid mode of payment and gift card as component of the cash and coins rewards?",Can I make the payment using prepaid mode of payment and Gift Card as part of the Cash and Coins for Rewards?,1,348,348,train,positive
"Hi, can i produce the payment use prepaid mode of payment and gift card as component of the cash and coins rewards?",Is the price for an Ather 2-wheeler inclusive of subsidy?,0,348,279,train,random
"Hi, can i produce the payment use prepaid mode of payment and gift card as component of the cash and coins rewards?",Can I buy rewards using only prepaid mode of payment and redemption of SuperCoins as part of Cash and Coins for Rewards program?,0,348,460,train,hard
can i create the payment use prepaid mode of payment and gift card as portion of the cash coins for rewards? Thanks.,Can I make the payment using prepaid mode of payment and Gift Card as part of the Cash and Coins for Rewards?,1,348,348,train,positive
can i create the payment use prepaid mode of payment and gift card as portion of the cash coins for rewards? Thanks.,I had some amount in the Flipkart Money section and would like to transfer it to my bank. Will I need to install the PhonePe add to do this?,0,348,495,train,random
can i create the payment use prepaid mode of payment and gift card as portion of the cash coins for rewards? Thanks.,Can I buy rewards using only prepaid mode of payment and redemption of SuperCoins as part of Cash and Coins for Rewards program?,0,348,460,train,hard
can i produce payment use prepaid mode payment gift card as portion of the cash coins for rewards?,Can I make the payment using prepaid mode of payment and Gift Card as part of the Cash and Coins for Rewards?,1,348,348,dev,positive
can i produce payment use prepaid mode payment gift card as portion of the cash coins for rewards?,Can I drop off an item I want to return at the pick-up store?,0,348,48,dev,random
can i produce payment use prepaid mode payment gift card as portion of the cash coins for rewards?,Can I buy rewards using only prepaid mode of payment and redemption of SuperCoins as part of Cash and Coins for Rewards program?,0,348,460,dev,hard
"Hi, can filter my search for renovate products in terms of product class?",Can I filter my search for refurbished products in terms of product grades?,1,349,349,train,positive
"Hi, can filter my search for renovate products in terms of product class?",Do I get a spare tyre with a Hero MotoCorp 2-wheeler?,0,349,468,train,random
"Hi, can filter my search for renovate products in terms of product class?",I see that the warranty terms for my product have changed on Flipkart from when I bought the product. Will this affect my warranty?,0,349,154,train,hard
"Hi, can i filter my search renovate products in terms of product class?",Can I filter my search for refurbished products in terms of product grades?,1,349,349,train,positive
"Hi, can i filter my search renovate products in terms of product class?","I always login using my phone number, but I recently lost my phone. I have also forgotten the password to my Flipkart account. How do I access it?",0,349,246,train,random
"Hi, can i filter my search renovate products in terms of product class?",I see that the warranty terms for my product have changed on Flipkart from when I bought the product. Will this affect my warranty?,0,349,154,train,hard
Help needed: can i filter search renovate products in terms of product class?,Can I filter my search for refurbished products in terms of product grades?,1,349,349,dev,positive
Help needed: can i filter search renovate products in terms of product class?,What all brands are part of the SuperCoin Pay program?,0,349,321,dev,random
Help needed: can i filter search renovate products in terms of product class?,What can I write in product reviews?,0,349,8,dev,hard
how can i steal use a gift card?,How can I buy using a Gift card?,1,350,350,train,positive
how can i steal use a gift card?,How quickly can I get my order delivered?,0,350,226,train,random
how can i steal use a gift card?,How can I use a Gift Card?,0,350,326,train,hard
how can i steal utilize a gift card? Any idea?,How can I buy using a Gift card?,1,350,350,train,positive
how can i steal utilize a gift card? Any idea?,How much electricity is required to charge the battery of an Ather vehicle?,0,350,158,train,random
how can i steal utilize a gift card? Any idea?,How can I use a Gift Card?,0,350,326,train,hard
how can bargain use a gift card? Any idea?,How can I buy using a Gift card?,1,350,350,dev,positive
how can bargain use a gift card? Any idea?,Can I make the payment through cash or UPI payment mode to avail benefits as part of SuperCoin Pay at a third-party partner store?,0,350,406,dev,random
how can bargain use a gift card? Any idea?,How can I use a Gift Card?,0,350,326,dev,hard
"Hi, how do returns operate?",How do returns work?,1,351,351,train,positive
"Hi, how do returns operate?",Can I take the shipment after opening and checking the contents inside?,0,351,100,train,random
"Hi, how do returns operate?",Where can I find the seller's returns policy?,0,351,335,train,hard
Help needed: how do returns operate?,How do returns work?,1,351,351,train,positive
Help needed: how do returns operate?,What charging options are available with Bounce 2-wheelers?,0,351,480,train,random
Help needed: how do returns operate?,Where can I find the seller's returns policy?,0,351,335,train,hard
how do returns operate? Thanks.,How do returns work?,1,351,351,dev,positive
how do returns operate? Thanks.,Will I get early access to sale as I'm a Flipkart Plus customer?,0,351,59,dev,random
how do returns operate? Thanks.,Where can I find the seller's returns policy?,0,351,335,dev,hard
Quick question: can i employ a preserved card produce an emi payment?,Can I use a saved card to make an EMI payment?,1,352,352,train,positive
Quick question: can i employ a preserved card produce an emi payment?,Do I need to make a down payment to buy an item using the Bajaj Finserv EMI payment mode?,0,352,436,train,random
Quick question: can i employ a preserved card produce an emi payment?,Can I cancel an order placed using the 'Credit Card No Cost EMI' payment option?,0,352,56,train,hard
Could you tell me can i usage a preserved card to get an emi payment?,Can I use a saved card to make an EMI payment?,1,352,352,train,positive
Could you tell me can i usage a preserved card to get an emi payment?,How will I know that my shipment has reached the pick-up store?,0,352,81,train,random
Could you tell me can i usage a preserved card to get an emi payment?,How can I get a Bajaj Finserv EMI card?,0,352,424,train,hard
Help needed: can i apply preserved card get an emi payment?,Can I use a saved card to make an EMI payment?,1,352,352,dev,positive
Help needed: can i apply preserved card get an emi payment?,What is the purpose of the scratch card in SuperCoin Pay?,0,352,201,dev,random
Help needed: can i apply preserved card get an emi payment?,How can I get a Bajaj Finserv EMI card?,0,352,424,dev,hard
how rapidly does the battery ather 2 wheelers charge again?,How quickly does the battery for Ather 2-wheelers charge again?,1,353,353,train,positive
how rapidly does the battery ather 2 wheelers charge again?,I have bought an Ather 2-wheeler but I want to have a different model. What should I do?,0,353,110,train,random
how rapidly does the battery ather 2 wheelers charge again?,How quickly does the battery for Ampere Magnus EX charge again?,0,353,476,train,hard
how rapidly does the battery for ather 2 wheelers charge again? Thanks.,How quickly does the battery for Ather 2-wheelers charge again?,1,353,353,train,positive
how rapidly does the battery for ather 2 wheelers charge again? Thanks.,I lost my warranty card. How can I get warranty?,0,353,98,train,random
how rapidly does the battery for ather 2 wheelers charge again? Thanks.,How quickly does the battery for Ampere Magnus EX charge again?,0,353,476,train,hard
Quick question: how promptly does the battery for ather 2 wheelers charge again?,How quickly does the battery for Ather 2-wheelers charge again?,1,353,353,dev,positive
Quick question: how promptly does the battery for ather 2 wheelers charge again?,"The address while ordering BGauss 2-wheeler on Flipkart is different from the one on my address proof (Aadhaar Card), what should I do now?",0,353,253,dev,random
Quick question: how promptly does the battery for ather 2 wheelers charge again?,How quickly does the battery for Ampere Magnus EX charge again?,0,353,476,dev,hard
Quick question: i have gain supercoins from last dealings how can redeem them?,I have earned some SuperCoins from last transactions. How can I redeem them?,1,354,354,train,positive
Quick question: i have gain supercoins from last dealings how can redeem them?,I did not get the OTP while I was paying through the 'Bajaj Finserv No Cost EMI' payment mode. What should I do?,0,354,493,train,random
Quick question: i have gain supercoins from last dealings how can redeem them?,How can I redeem 'SuperCoins Rewards'?,0,354,438,train,hard
i have gain some supercoins from last dealings can i redeem them? Thanks.,I have earned some SuperCoins from last transactions. How can I redeem them?,1,354,354,train,positive
i have gain some supercoins from last dealings can i redeem them? Thanks.,I want to know the CVV number on the card?,0,354,254,train,random
i have gain some supercoins from last dealings can i redeem them? Thanks.,"Some of my SuperCoins are expiring, how can I redeem them?",0,354,71,train,hard
Help needed: i have gain some supercoins from last dealings can i redeem them?,I have earned some SuperCoins from last transactions. How can I redeem them?,1,354,354,dev,positive
Help needed: i have gain some supercoins from last dealings can i redeem them?,How can I place an order?,0,354,156,dev,random
Help needed: i have gain some supercoins from last dealings can i redeem them?,"Some of my SuperCoins are expiring, how can I redeem them?",0,354,71,dev,hard
Could you tell me how i erase my preserved scorecard?,How can I delete my saved card?,1,355,355,train,positive
Could you tell me how i erase my preserved scorecard?,How is my EMI debited?,0,355,409,train,random
Could you tell me how i erase my preserved scorecard?,My Gift Card has expired. Can you extend its validity?,0,355,366,train,hard
how can i edit preserved scorecard? Thanks.,How can I delete my saved card?,1,355,355,train,positive
how can i edit preserved scorecard? Thanks.,How can I change the email ID linked with my Flipkart account?,0,355,51,train,random
how can i edit preserved scorecard? Thanks.,How can I pay for my order?,0,355,302,train,hard
Quick question: how can edit my preserved scorecard?,How can I delete my saved card?,1,355,355,dev,positive
Quick question: how can edit my preserved scorecard?,Can I transfer SuperCoins to different Flipkart account?,0,355,381,dev,random
Quick question: how can edit my preserved scorecard?,How can I track my Flipkart Quick order?,0,355,240,dev,hard
"Hi, will ampere traverse sell upsell when i call the marque accredited dealer?",Will Ampere cross-sell/upsell when I visit the brand authorised dealer?,1,356,356,train,positive
"Hi, will ampere traverse sell upsell when i call the marque accredited dealer?",What is the purpose of the scratch card in SuperCoin Pay?,0,356,201,train,random
"Hi, will ampere traverse sell upsell when i call the marque accredited dealer?",Will Ather cross-sell/up sell when I visit the brand authorised dealer?,0,356,309,train,hard
"Hi, will ampere traverse sell upsell when i sojourn the marque accredited dealer?",Will Ampere cross-sell/upsell when I visit the brand authorised dealer?,1,356,356,train,positive
"Hi, will ampere traverse sell upsell when i sojourn the marque accredited dealer?",The delivery time mentioned for a BGauss 2-wheeler is too long. Is there anyway to get the 2-wheeler faster?,0,356,238,train,random
"Hi, will ampere traverse sell upsell when i sojourn the marque accredited dealer?",Will Ather cross-sell/up sell when I visit the brand authorised dealer?,0,356,309,train,hard
"Hi, will ampere traverse sell upsell i call the marque accredited dealer?",Will Ampere cross-sell/upsell when I visit the brand authorised dealer?,1,356,356,dev,positive
"Hi, will ampere traverse sell upsell i call the marque accredited dealer?",What is Plus Zone?,0,356,225,dev,random
"Hi, will ampere traverse sell upsell i call the marque accredited dealer?",Will Ather cross-sell/up sell when I visit the brand authorised dealer?,0,356,309,dev,hard
Help needed: what happens the unused balance in my gift card after expires?,What happens to the unused balance in my Gift Card after it expires?,1,357,357,train,positive
Help needed: what happens the unused balance in my gift card after expires?,What are the benefits of buying an item with a Plus badge?,0,357,67,train,random
Help needed: what happens the unused balance in my gift card after expires?,Can I get a new Gift Card for the remaining balance if my Gift Card has expired?,0,357,375,train,hard
Could you tell me what happens to the unused balance in my gift card after it expires?,What happens to the unused balance in my Gift Card after it expires?,1,357,357,train,positive
Could you tell me what happens to the unused balance in my gift card after it expires?,Which are the third-party partner stores where I can use SuperCoin Pay feature?,0,357,79,train,random
Could you tell me what happens to the unused balance in my gift card after it expires?,Can I get a new Gift Card for the remaining balance if my Gift Card has expired?,0,357,375,train,hard
Could you tell me what happens to the unused balance in my gift card it expires?,What happens to the unused balance in my Gift Card after it expires?,1,357,357,dev,positive
Could you tell me what happens to the unused balance in my gift card it expires?,Why is the 'Cash on Delivery' payment mode not available at my location?,0,357,17,dev,random
Could you tell me what happens to the unused balance in my gift card it expires?,Can I get a new Gift Card for the remaining balance if my Gift Card has expired?,0,357,375,dev,hard
"Hi, what are the pre necessity for use preserved card boast?",What are the pre-requisites for using the saved card feature?,1,358,358,train,positive
"Hi, what are the pre necessity for use preserved card boast?",For how long is a payment code as a part of SuperCoin Pay valid once it is generated?,0,358,442,train,random
"Hi, what are the pre necessity for use preserved card boast?",How can I use a Gift Card?,0,358,326,train,hard
"Hi, what are the pre necessity for utilize the preserved card boast?",What are the pre-requisites for using the saved card feature?,1,358,358,train,positive
"Hi, what are the pre necessity for utilize the preserved card boast?",Will my Flipkart Plus membership be auto-renewed if I have earned 200 SuperCoins in the previous year?,0,358,103,train,random
"Hi, what are the pre necessity for utilize the preserved card boast?",What are the interest rates for the Credit card EMI plans?,0,358,260,train,hard
Quick question: what are the pre necessity for use the preserved card boast?,What are the pre-requisites for using the saved card feature?,1,358,358,dev,positive
Quick question: what are the pre necessity for use the preserved card boast?,What are the accessories that will be part of a Bounce 2-wheeler?,0,358,383,dev,random
Quick question: what are the pre necessity for use the preserved card boast?,What are the different payment options available for Flipkart Quick?,0,358,415,dev,hard
Help needed: will bgauss traverse sell upsell when i sojourn marque accredited dealer?,Will BGauss cross-sell/upsell when I visit the brand authorised dealer?,1,359,359,train,positive
Help needed: will bgauss traverse sell upsell when i sojourn marque accredited dealer?,What is the warranty being offered by Ampere?,0,359,250,train,random
Help needed: will bgauss traverse sell upsell when i sojourn marque accredited dealer?,Will Ather cross-sell/up sell when I visit the brand authorised dealer?,0,359,309,train,hard
will bgauss traverse sell upsell when i sojourn the marque accredited dealer? Any idea?,Will BGauss cross-sell/upsell when I visit the brand authorised dealer?,1,359,359,train,positive
will bgauss traverse sell upsell when i sojourn the marque accredited dealer? Any idea?,How can I track my Flipkart Quick order?,0,359,240,train,random
will bgauss traverse sell upsell when i sojourn the marque accredited dealer? Any idea?,Will Ather cross-sell/up sell when I visit the brand authorised dealer?,0,359,309,train,hard
will bgauss traverse sell upsell when i sojourn the marque accredited dealer?,Will BGauss cross-sell/upsell when I visit the brand authorised dealer?,1,359,359,dev,positive
will bgauss traverse sell upsell when i sojourn the marque accredited dealer?,What does it mean if a store displays a SuperCoin Pay QR code?,0,359,6,dev,random
will bgauss traverse sell upsell when i sojourn the marque accredited dealer?,Will Ather cross-sell/up sell when I visit the brand authorised dealer?,0,359,309,dev,hard
"Hi, when benefits unlocked as portion supercoin milestones will there deduction of supercoins?","When benefits are unlocked as part of SuperCoin Milestones, will there be deduction of SuperCoins?",1,360,360,train,positive
"Hi, when benefits unlocked as portion supercoin milestones will there deduction of supercoins?",Is PhonePe wallet available on Flipkart's Windows and iOS apps too?,0,360,421,train,random
"Hi, when benefits unlocked as portion supercoin milestones will there deduction of supercoins?",How long will the benefit be unlocked as part of my SuperCoin Milestones?,0,360,31,train,hard
when benefits are unlocked role supercoin milestones will there be deduction supercoins? Any idea?,"When benefits are unlocked as part of SuperCoin Milestones, will there be deduction of SuperCoins?",1,360,360,train,positive
when benefits are unlocked role supercoin milestones will there be deduction supercoins? Any idea?,How does the 3D Secure password add security to my online transactions?,0,360,319,train,random
when benefits are unlocked role supercoin milestones will there be deduction supercoins? Any idea?,What are SuperCoin Milestones?,0,360,459,train,hard
"Hi, when benefits are unlocked as role supercoin milestones will there deduction of supercoins?","When benefits are unlocked as part of SuperCoin Milestones, will there be deduction of SuperCoins?",1,360,360,dev,positive
"Hi, when benefits are unlocked as role supercoin milestones will there deduction of supercoins?",What happens if I'm not able to pick up my shipment within 5 days from the pickup store for some reason?,0,360,276,dev,random
"Hi, when benefits are unlocked as role supercoin milestones will there deduction of supercoins?",How long will the benefit be unlocked as part of my SuperCoin Milestones?,0,360,31,dev,hard
"Hi, how i make 3d secure password for my credit debit card?",How can I get the 3D Secure password for my Credit/Debit Card?,1,361,361,train,positive
"Hi, how i make 3d secure password for my credit debit card?",What are the complete terms and conditions for 'SuperCoins Rewards'?,0,361,194,train,random
"Hi, how i make 3d secure password for my credit debit card?",What is a 3D Secure password?,0,361,471,train,hard
Help needed: how can i make the 3d secure password for my credit debit card?,How can I get the 3D Secure password for my Credit/Debit Card?,1,361,361,train,positive
Help needed: how can i make the 3d secure password for my credit debit card?,Is it necessary to register with PhonePe to use it on Flipkart?,0,361,192,train,random
Help needed: how can i make the 3d secure password for my credit debit card?,What is a 3D Secure password?,0,361,471,train,hard
"Hi, how make the 3d secure password for my credit debit card?",How can I get the 3D Secure password for my Credit/Debit Card?,1,361,361,dev,positive
"Hi, how make the 3d secure password for my credit debit card?",What are the benefits of the Bajaj Finserv payment mode?,0,361,109,dev,random
"Hi, how make the 3d secure password for my credit debit card?",What is a 3D Secure password?,0,361,471,dev,hard
Help needed: how lengthy does the battery last for ather 2 wheelers?,How long does the battery last for Ather 2-wheelers?,1,362,362,train,positive
Help needed: how lengthy does the battery last for ather 2 wheelers?,How quickly does the battery for a Bounce 2-wheeler charge?,0,362,500,train,random
Help needed: how lengthy does the battery last for ather 2 wheelers?,How quickly does the battery for Ather 2-wheelers charge again?,0,362,353,train,hard
Quick question: how prolonged does the battery last for ather 2 wheelers?,How long does the battery last for Ather 2-wheelers?,1,362,362,train,positive
Quick question: how prolonged does the battery last for ather 2 wheelers?,Do I get a spare tyre with an Ather 2-wheeler?,0,362,498,train,random
Quick question: how prolonged does the battery last for ather 2 wheelers?,How quickly does the battery for Ather 2-wheelers charge again?,0,362,353,train,hard
how protracted does the battery last for ather 2 wheelers?,How long does the battery last for Ather 2-wheelers?,1,362,362,dev,positive
how protracted does the battery last for ather 2 wheelers?,What is the advantage of buying a BGauss 2-wheeler vehicle through Flipkart?,0,362,70,dev,random
how protracted does the battery last for ather 2 wheelers?,How quickly does the battery for Ather 2-wheelers charge again?,0,362,353,dev,hard
Quick question: can i redeem supercoins for gold silver products jewellery bar coin?,"Can I redeem SuperCoins for Gold and Silver Products (Jewellery, Bar, Coin)?",1,363,363,train,positive
Quick question: can i redeem supercoins for gold silver products jewellery bar coin?,"Why am I unable to order products like television, air-conditioner, refrigerator, washing machine, furniture, microwave, treadmill, etc. at my location?",0,363,129,train,random
Quick question: can i redeem supercoins for gold silver products jewellery bar coin?,How can I redeem 'SuperCoins Rewards'?,0,363,438,train,hard
can i redeem supercoins for gold and silver products jewellery bar coin? Any idea?,"Can I redeem SuperCoins for Gold and Silver Products (Jewellery, Bar, Coin)?",1,363,363,train,positive
can i redeem supercoins for gold and silver products jewellery bar coin? Any idea?,What is the average cost of one service for Bounce 2-wheelers?,0,363,165,train,random
can i redeem supercoins for gold and silver products jewellery bar coin? Any idea?,How can I redeem 'SuperCoins Rewards'?,0,363,438,train,hard
Could you tell me can i redeem supercoins for gold silver products jewellery bar coin?,"Can I redeem SuperCoins for Gold and Silver Products (Jewellery, Bar, Coin)?",1,363,363,dev,positive
Could you tell me can i redeem supercoins for gold silver products jewellery bar coin?,Can I make the payment through cash or UPI payment mode to avail benefits as part of SuperCoin Pay at a third-party partner store?,0,363,406,dev,random
Could you tell me can i redeem supercoins for gold silver products jewellery bar coin?,How can I redeem 'SuperCoins Rewards'?,0,363,438,dev,hard
can i modification the mode of payment once have put flipkart quick order?,"Can I change the mode of payment, once I have placed a Flipkart Quick order?",1,364,364,train,positive
can i modification the mode of payment once have put flipkart quick order?,Will I get a wall mount for my television in the box?,0,364,92,train,random
can i modification the mode of payment once have put flipkart quick order?,Can I cancel a part of my Flipkart Quick order after I have placed it?,0,364,96,train,hard
Could you tell me can shift the mode payment once i have put a flipkart quick order?,"Can I change the mode of payment, once I have placed a Flipkart Quick order?",1,364,364,train,positive
Could you tell me can shift the mode payment once i have put a flipkart quick order?,Will Bounce cross-sell/up sell when I visit the brand authorised dealer?,0,364,315,train,random
Could you tell me can shift the mode payment once i have put a flipkart quick order?,Can I change the delivery address after I have placed a Flipkart Quick order?,0,364,217,train,hard
Quick question: can i modification the mode of payment once i have put a flipkart quick order?,"Can I change the mode of payment, once I have placed a Flipkart Quick order?",1,364,364,dev,positive
Quick question: can i modification the mode of payment once i have put a flipkart quick order?,I have bought an Ather 2-wheeler but I want to have a different model. What should I do?,0,364,110,dev,random
Quick question: can i modification the mode of payment once i have put a flipkart quick order?,How can I track my Flipkart Quick order?,0,364,240,dev,hard
what sales services are being offer by bgauss 2 wheelers?,What after-sales services are being provided by BGauss for 2-wheelers?,1,365,365,train,positive
what sales services are being offer by bgauss 2 wheelers?,How can I use a new email address to log in to my Flipkart account?,0,365,75,train,random
what sales services are being offer by bgauss 2 wheelers?,What after-sales services are being provided by Flipkart for Hero MotoCorp 2-wheelers?,0,365,200,train,hard
"Hi, what sales services being furnish by bgauss for 2 wheelers?",What after-sales services are being provided by BGauss for 2-wheelers?,1,365,365,train,positive
"Hi, what sales services being furnish by bgauss for 2 wheelers?",I did not get the OTP while I was paying through the 'Bajaj Finserv No Cost EMI' payment mode. What should I do?,0,365,493,train,random
"Hi, what sales services being furnish by bgauss for 2 wheelers?",What after-sales services are being provided by Flipkart for Hero MotoCorp 2-wheelers?,0,365,200,train,hard
Could you tell me what after sales services are being offer by bgauss for 2 wheelers?,What after-sales services are being provided by BGauss for 2-wheelers?,1,365,365,dev,positive
Could you tell me what after sales services are being offer by bgauss for 2 wheelers?,Can I combine the balance on my Gift Cards with Cash on Delivery to pay for an order?,0,365,300,dev,random
Could you tell me what after sales services are being offer by bgauss for 2 wheelers?,What after-sales services are being provided by Flipkart for Hero MotoCorp 2-wheelers?,0,365,200,dev,hard
my gift card has invalid can extend its validity?,My Gift Card has expired. Can you extend its validity?,1,366,366,train,positive
my gift card has invalid can extend its validity?,"Some of my SuperCoins are expiring, how can I redeem them?",0,366,71,train,random
my gift card has invalid can extend its validity?,Can I get a new Gift Card for the remaining balance if my Gift Card has expired?,0,366,375,train,hard
my gift card has invalid you extend its validity? Thanks.,My Gift Card has expired. Can you extend its validity?,1,366,366,train,positive
my gift card has invalid you extend its validity? Thanks.,What accessories will be part of BGauss 2-wheelers. Do I have to pay separately for accessories?,0,366,413,train,random
my gift card has invalid you extend its validity? Thanks.,Can I get a new Gift Card for the remaining balance if my Gift Card has expired?,0,366,375,train,hard
Could you tell me my gift card has invalid can you extend its validity?,My Gift Card has expired. Can you extend its validity?,1,366,366,dev,positive
Could you tell me my gift card has invalid can you extend its validity?,"Can I redeem SuperCoins for Gold and Silver Products (Jewellery, Bar, Coin)?",0,366,363,dev,random
Could you tell me my gift card has invalid can you extend its validity?,Can I get a new Gift Card for the remaining balance if my Gift Card has expired?,0,366,375,dev,hard
Quick question: what are papers required to exhaustive this application?,What are the documents required to complete this application?,1,367,367,train,positive
Quick question: what are papers required to exhaustive this application?,"If I cancel or return an item from my order, will the SuperCoins credited be deducted?",0,367,24,train,random
Quick question: what are papers required to exhaustive this application?,What are the different payment options available for Flipkart Quick?,0,367,415,train,hard
what are the papers required to exhaustive this application? Thanks.,What are the documents required to complete this application?,1,367,367,train,positive
what are the papers required to exhaustive this application? Thanks.,How do I contact seller's partnered courier service providers?,0,367,175,train,random
what are the papers required to exhaustive this application? Thanks.,Who are all eligible for this GSTIN feature?,0,367,84,train,hard
Help needed: what the papers required to exhaustive this application?,What are the documents required to complete this application?,1,367,367,dev,positive
Help needed: what the papers required to exhaustive this application?,"The address while ordering Bounce vehicle on Flipkart is different from the one on my address proof (Aadhar Card), what should I do now?",0,367,259,dev,random
Help needed: what the papers required to exhaustive this application?,Can I resume an incomplete application?,0,367,332,dev,hard
what after sales services being furnish bounce for 2 wheelers? Any idea?,What after-sales services are being provided by Bounce for 2-wheelers?,1,368,368,train,positive
what after sales services being furnish bounce for 2 wheelers? Any idea?,What is a 3D Secure password?,0,368,471,train,random
what after sales services being furnish bounce for 2 wheelers? Any idea?,What after-sales services are being provided by Flipkart for Hero MotoCorp 2-wheelers?,0,368,200,train,hard
what after sales services are being furnish by bounce for 2 wheelers? Any idea?,What after-sales services are being provided by Bounce for 2-wheelers?,1,368,368,train,positive
what after sales services are being furnish by bounce for 2 wheelers? Any idea?,How can I track my application status from my Flipkart Account?,0,368,227,train,random
what after sales services are being furnish by bounce for 2 wheelers? Any idea?,What after-sales services are being provided by Flipkart for Hero MotoCorp 2-wheelers?,0,368,200,train,hard
what after sales services are being furnish by bounce 2 wheelers?,What after-sales services are being provided by Bounce for 2-wheelers?,1,368,368,dev,positive
what after sales services are being furnish by bounce 2 wheelers?,I did not get the OTP while I was paying through the 'Bajaj Finserv No Cost EMI' payment mode. What should I do?,0,368,493,dev,random
what after sales services are being furnish by bounce 2 wheelers?,What after-sales services are being provided by Flipkart for Hero MotoCorp 2-wheelers?,0,368,200,dev,hard
what is warranty being provide by hero motocorp? Thanks.,What is the warranty being offered by Hero MotoCorp?,1,369,369,train,positive
what is warranty being provide by hero motocorp? Thanks.,When and how many times do Bounce vehicles require servicing?,0,369,474,train,random
what is warranty being provide by hero motocorp? Thanks.,What is the warranty being offered by Ather?,0,369,330,train,hard
what is the warranty being provide by hero motocorp? Thanks.,What is the warranty being offered by Hero MotoCorp?,1,369,369,train,positive
what is the warranty being provide by hero motocorp? Thanks.,Will Flipkart deliver the Bounce 2-wheeler at my home?,0,369,482,train,random
what is the warranty being provide by hero motocorp? Thanks.,What is the warranty being offered by Ather?,0,369,330,train,hard
what is the warranty being provide by hero motocorp? Any idea?,What is the warranty being offered by Hero MotoCorp?,1,369,369,dev,positive
what is the warranty being provide by hero motocorp? Any idea?,How can I use a new email address to log in to my Flipkart account?,0,369,75,dev,random
what is the warranty being provide by hero motocorp? Any idea?,What is the warranty being offered by Ather?,0,369,330,dev,hard
what is the credit restrict on the credit card no cost emi card shopping on flipkart?,What is the credit limit on the 'Credit Card No Cost EMI' card for shopping on Flipkart?,1,370,370,train,positive
what is the credit restrict on the credit card no cost emi card shopping on flipkart?,How is 'Credit Card No Cost EMI' different from 'Credit Card EMI' payment mode?,0,370,3,train,random
what is the credit restrict on the credit card no cost emi card shopping on flipkart?,What is 'Credit Card No Cost EMI'?,0,370,266,train,hard
Help needed: what is the credit restrict on the credit card no cost emi card for shopping on flipkart?,What is the credit limit on the 'Credit Card No Cost EMI' card for shopping on Flipkart?,1,370,370,train,positive
Help needed: what is the credit restrict on the credit card no cost emi card for shopping on flipkart?,How quickly does the battery for a Bounce 2-wheeler charge?,0,370,500,train,random
Help needed: what is the credit restrict on the credit card no cost emi card for shopping on flipkart?,What is 'Credit Card No Cost EMI'?,0,370,266,train,hard
what is the credit restrict on the credit card no cost emi card for shopping on flipkart? Thanks.,What is the credit limit on the 'Credit Card No Cost EMI' card for shopping on Flipkart?,1,370,370,dev,positive
what is the credit restrict on the credit card no cost emi card for shopping on flipkart? Thanks.,When and how many times does an Ather vehicle require servicing?,0,370,407,dev,random
what is the credit restrict on the credit card no cost emi card for shopping on flipkart? Thanks.,What is 'Credit Card No Cost EMI'?,0,370,266,dev,hard
in which all city can i purchase a bounce 2 wheeler? Thanks.,In which all cities can I purchase a Bounce 2-wheeler?,1,371,371,train,positive
in which all city can i purchase a bounce 2 wheeler? Thanks.,When is a return of an item not possible?,0,371,209,train,random
in which all city can i purchase a bounce 2 wheeler? Thanks.,In which all cities can the purchase of an Ather 2-wheeler be made?,0,371,235,train,hard
in which all city can i purchase bounce 2 wheeler? Thanks.,In which all cities can I purchase a Bounce 2-wheeler?,1,371,371,train,positive
in which all city can i purchase bounce 2 wheeler? Thanks.,Does a Gift Card expire?,0,371,453,train,random
in which all city can i purchase bounce 2 wheeler? Thanks.,In which all cities can the purchase of an Ather 2-wheeler be made?,0,371,235,train,hard
Quick question: in which all city can i purchase a bounce 2 wheeler?,In which all cities can I purchase a Bounce 2-wheeler?,1,371,371,dev,positive
Quick question: in which all city can i purchase a bounce 2 wheeler?,Can refurbished products be searched by their product name?,0,371,401,dev,random
Quick question: in which all city can i purchase a bounce 2 wheeler?,In which all cities can the purchase of an Ather 2-wheeler be made?,0,371,235,dev,hard
Could you tell me is a restrict on many gift cards i can apply in a single edict?,Is there a limit on how many Gift Cards I can use in a single order?,1,372,372,train,positive
Could you tell me is a restrict on many gift cards i can apply in a single edict?,The delivery of my order is delayed. What should I do?,0,372,121,train,random
Could you tell me is a restrict on many gift cards i can apply in a single edict?,How many cards can I save on Flipkart?,0,372,475,train,hard
Quick question: is there restrict on how many gift cards apply single edict?,Is there a limit on how many Gift Cards I can use in a single order?,1,372,372,train,positive
Quick question: is there restrict on how many gift cards apply single edict?,Can I use my saved cards for making a payment on Flipkart's mobile site/app?,0,372,85,train,random
Quick question: is there restrict on how many gift cards apply single edict?,How many cards can I save on Flipkart?,0,372,475,train,hard
"Hi, is there a restrict on how many gift cards apply single decree?",Is there a limit on how many Gift Cards I can use in a single order?,1,372,372,dev,positive
"Hi, is there a restrict on how many gift cards apply single decree?",What subsidies are being offered by Ather and how to claim them?,0,372,23,dev,random
"Hi, is there a restrict on how many gift cards apply single decree?",How many cards can I save on Flipkart?,0,372,475,dev,hard
is bajaj finserv payment mode usable on both the site and app?,Is Bajaj Finserv payment mode available on both the website and app?,1,373,373,train,positive
is bajaj finserv payment mode usable on both the site and app?,How will I claim warranty for refurbished products?,0,373,74,train,random
is bajaj finserv payment mode usable on both the site and app?,What is Bajaj Finserv payment mode?,0,373,340,train,hard
is bajaj finserv payment mode usable on both the site and app? Thanks.,Is Bajaj Finserv payment mode available on both the website and app?,1,373,373,train,positive
is bajaj finserv payment mode usable on both the site and app? Thanks.,Will I get the option to test drive an Ather 2-wheeler? How many times will I be allowed to take a test drive in the same order?,0,373,301,train,random
is bajaj finserv payment mode usable on both the site and app? Thanks.,What is Bajaj Finserv payment mode?,0,373,340,train,hard
"Hi, is bajaj finserv payment mode usable on both the site and app?",Is Bajaj Finserv payment mode available on both the website and app?,1,373,373,dev,positive
"Hi, is bajaj finserv payment mode usable on both the site and app?",Are there any other upcoming third-party offers that can be redeemed through Flipkart Plus program?,0,373,87,dev,random
"Hi, is bajaj finserv payment mode usable on both the site and app?",What is Bajaj Finserv payment mode?,0,373,340,dev,hard
can i submit my papers online for ampere magnus ex and not call the marque accredited dealer? Any idea?,Can I submit my documents online for Ampere Magnus EX and not visit the brand authorised dealer?,1,374,374,train,positive
can i submit my papers online for ampere magnus ex and not call the marque accredited dealer? Any idea?,"If I choose 'SuperCoins Price' option, will I still be eligible to avail bank offers/other offers?",0,374,159,train,random
can i submit my papers online for ampere magnus ex and not call the marque accredited dealer? Any idea?,Can I submit my documents online for a BGauss 2-wheeler and not visit the brand authorised dealer?,0,374,377,train,hard
Could you tell me can i submit papers online for ampere magnus ex and not call the marque accredited dealer?,Can I submit my documents online for Ampere Magnus EX and not visit the brand authorised dealer?,1,374,374,train,positive
Could you tell me can i submit papers online for ampere magnus ex and not call the marque accredited dealer?,What are the refund timelines if I cancel or return a product?,0,374,281,train,random
Could you tell me can i submit papers online for ampere magnus ex and not call the marque accredited dealer?,Can I submit my documents online for a BGauss 2-wheeler and not visit the brand authorised dealer?,0,374,377,train,hard
can i submit my papers online for ampere magnus ex and not call the marque accredited dealer?,Can I submit my documents online for Ampere Magnus EX and not visit the brand authorised dealer?,1,374,374,dev,positive
can i submit my papers online for ampere magnus ex and not call the marque accredited dealer?,Do I get a spare tyre with a Hero MotoCorp 2-wheeler?,0,374,468,dev,random
can i submit my papers online for ampere magnus ex and not call the marque accredited dealer?,Can I submit my documents online for a BGauss 2-wheeler and not visit the brand authorised dealer?,0,374,377,dev,hard
Quick question: can i take a new gift card for the rest balance if my gift card invalid?,Can I get a new Gift Card for the remaining balance if my Gift Card has expired?,1,375,375,train,positive
Quick question: can i take a new gift card for the rest balance if my gift card invalid?,How can I track my order for the Bounce 2-wheeler after completing my payment on Flipkart?,0,375,77,train,random
Quick question: can i take a new gift card for the rest balance if my gift card invalid?,How can I use a Gift Card?,0,375,326,train,hard
Help needed: can i make a new gift card for the left balance my gift card has invalid?,Can I get a new Gift Card for the remaining balance if my Gift Card has expired?,1,375,375,train,positive
Help needed: can i make a new gift card for the left balance my gift card has invalid?,Why am I not able to see the option to buy a Bounce 2-wheeler for my pincode?,0,375,345,train,random
Help needed: can i make a new gift card for the left balance my gift card has invalid?,How can I use a Gift Card?,0,375,326,train,hard
can i come new gift card for the left balance if my gift card invalid? Any idea?,Can I get a new Gift Card for the remaining balance if my Gift Card has expired?,1,375,375,dev,positive
can i come new gift card for the left balance if my gift card invalid? Any idea?,How do I sign up for an extended warranty for my product?,0,375,106,dev,random
can i come new gift card for the left balance if my gift card invalid? Any idea?,Can I buy another Gift Card with the Gift Card I have?,0,375,378,dev,hard
Could you tell me what all scorecard data flipkart store?,What all card information does Flipkart store?,1,376,376,train,positive
Could you tell me what all scorecard data flipkart store?,How long does it take to cancel an order?,0,376,112,train,random
Could you tell me what all scorecard data flipkart store?,Is it necessary for me to be registered with the same contact number at the third-party partner store for me to use SuperCoin Pay feature?,0,376,456,train,hard
Help needed: what scorecard data does flipkart store?,What all card information does Flipkart store?,1,376,376,train,positive
Help needed: what scorecard data does flipkart store?,Is the price for a BGauss 2-wheeler inclusive of subsidy?,0,376,249,train,random
Help needed: what scorecard data does flipkart store?,How does the pick-up store option on Flipkart work?,0,376,153,train,hard
Quick question: what all scorecard data does flipkart store?,What all card information does Flipkart store?,1,376,376,dev,positive
Quick question: what all scorecard data does flipkart store?,What will happen to my Axis Bank Buzz Credit Card if I apply for the Flipkart Axis Bank Credit Card?,0,376,479,dev,random
Quick question: what all scorecard data does flipkart store?,How does the pick-up store option on Flipkart work?,0,376,153,dev,hard
Help needed: can i submit papers online for bgauss 2 wheeler not call the marque accredited dealer?,Can I submit my documents online for a BGauss 2-wheeler and not visit the brand authorised dealer?,1,377,377,train,positive
Help needed: can i submit papers online for bgauss 2 wheeler not call the marque accredited dealer?,What after-sales services are being provided by Flipkart for BGauss 2-wheelers?,0,377,261,train,random
Help needed: can i submit papers online for bgauss 2 wheeler not call the marque accredited dealer?,Can I submit my documents online for Ampere Magnus EX and not visit the brand authorised dealer?,0,377,374,train,hard
Could you tell me can i submit papers online for a bgauss 2 wheeler and not call the marque accredited dealer?,Can I submit my documents online for a BGauss 2-wheeler and not visit the brand authorised dealer?,1,377,377,train,positive
Could you tell me can i submit papers online for a bgauss 2 wheeler and not call the marque accredited dealer?,How do I find the offers in SuperCoin Zone?,0,377,432,train,random
Could you tell me can i submit papers online for a bgauss 2 wheeler and not call the marque accredited dealer?,Can I submit my documents online for Ampere Magnus EX and not visit the brand authorised dealer?,0,377,374,train,hard
Could you tell me can i submit my papers online for a bgauss 2 wheeler and not call the marque accredited dealer?,Can I submit my documents online for a BGauss 2-wheeler and not visit the brand authorised dealer?,1,377,377,dev,positive
Could you tell me can i submit my papers online for a bgauss 2 wheeler and not call the marque accredited dealer?,What is the process after paying the ex-showroom price for a Hero MotoCorp 2-wheeler on Flipkart?,0,377,46,dev,random
Could you tell me can i submit my papers online for a bgauss 2 wheeler and not call the marque accredited dealer?,Can I submit my documents online for Ampere Magnus EX and not visit the brand authorised dealer?,0,377,374,dev,hard
can i steal another gift card the gift card i have? Any idea?,Can I buy another Gift Card with the Gift Card I have?,1,378,378,train,positive
can i steal another gift card the gift card i have? Any idea?,What are the benefits of buying an item with a Plus badge?,0,378,67,train,random
can i steal another gift card the gift card i have? Any idea?,How can I use a Gift Card?,0,378,326,train,hard
can bargain another gift card with gift card have? Thanks.,Can I buy another Gift Card with the Gift Card I have?,1,378,378,train,positive
can bargain another gift card with gift card have? Thanks.,What subsidies are being offered by Ather and how to claim them?,0,378,23,train,random
can bargain another gift card with gift card have? Thanks.,How can I use a Gift Card?,0,378,326,train,hard
can i steal another gift card with the gift card have? Thanks.,Can I buy another Gift Card with the Gift Card I have?,1,378,378,dev,positive
can i steal another gift card with the gift card have? Thanks.,How are refurbished products categorised on Flipkart?,0,378,431,dev,random
can i steal another gift card with the gift card have? Thanks.,How can I use a Gift Card?,0,378,326,dev,hard
how can i tag my rescued cards?,How can I label my saved cards?,1,379,379,train,positive
how can i tag my rescued cards?,How can I change the email ID linked with my Flipkart account?,0,379,51,train,random
how can i tag my rescued cards?,Can I delete my saved cards?,0,379,489,train,hard
Quick question: how can tag my rescued cards?,How can I label my saved cards?,1,379,379,train,positive
Quick question: how can tag my rescued cards?,What types of products will be available under Flipkart 'Refurbished Zone'?,0,379,478,train,random
Quick question: how can tag my rescued cards?,How can I track my Flipkart Quick order?,0,379,240,train,hard
"Hi, how can tag my preserved cards?",How can I label my saved cards?,1,379,379,dev,positive
"Hi, how can tag my preserved cards?",Can I modify my chosen time slot for the delivery of Flipkart Quick orders?,0,379,196,dev,random
"Hi, how can tag my preserved cards?",Can I delete my saved cards?,0,379,489,dev,hard
can submit papers online a bounce 2 wheeler not call the marque accredited dealer? Thanks.,Can I submit my documents online for a Bounce 2-wheeler and not visit the brand authorised dealer?,1,380,380,train,positive
can submit papers online a bounce 2 wheeler not call the marque accredited dealer? Thanks.,How will I know that my shipment has reached the pick-up store?,0,380,81,train,random
can submit papers online a bounce 2 wheeler not call the marque accredited dealer? Thanks.,Can I submit my documents online for Ampere Magnus EX and not visit the brand authorised dealer?,0,380,374,train,hard
Could you tell me can submit papers online for a bounce 2 wheeler and not call the marque accredited dealer?,Can I submit my documents online for a Bounce 2-wheeler and not visit the brand authorised dealer?,1,380,380,train,positive
Could you tell me can submit papers online for a bounce 2 wheeler and not call the marque accredited dealer?,In which all cities can the purchase of an Ather 2-wheeler be made?,0,380,235,train,random
Could you tell me can submit papers online for a bounce 2 wheeler and not call the marque accredited dealer?,Can I submit my documents online for Ampere Magnus EX and not visit the brand authorised dealer?,0,380,374,train,hard
Could you tell me can i submit my papers online bounce 2 wheeler and not call the marque accredited dealer?,Can I submit my documents online for a Bounce 2-wheeler and not visit the brand authorised dealer?,1,380,380,dev,positive
Could you tell me can i submit my papers online bounce 2 wheeler and not call the marque accredited dealer?,What after-sales services are being provided by BGauss for 2-wheelers?,0,380,365,dev,random
Could you tell me can i submit my papers online bounce 2 wheeler and not call the marque accredited dealer?,Can I submit my documents online for Ampere Magnus EX and not visit the brand authorised dealer?,0,380,374,dev,hard
"Hi, can i transfer supercoins to different flipkart account?",Can I transfer SuperCoins to different Flipkart account?,1,381,381,train,positive
"Hi, can i transfer supercoins to different flipkart account?",Will I get SuperCoins for using Cash and Coins for Rewards?,0,381,346,train,random
"Hi, can i transfer supercoins to different flipkart account?",Can I transfer ownership of my Flipkart Axis Bank Credit Card?,0,381,430,train,hard
Could you tell me can i transfer supercoins to different flipkart account?,Can I transfer SuperCoins to different Flipkart account?,1,381,381,train,positive
Could you tell me can i transfer supercoins to different flipkart account?,Why have I been asked to ship the item?,0,381,293,train,random
Could you tell me can i transfer supercoins to different flipkart account?,Can I transfer ownership of my Flipkart Axis Bank Credit Card?,0,381,430,train,hard
can i transfer supercoins to different flipkart account? Thanks.,Can I transfer SuperCoins to different Flipkart account?,1,381,381,dev,positive
can i transfer supercoins to different flipkart account? Thanks.,How can I know if the store I am at has the option of using SuperCoin Pay feature?,0,381,274,dev,random
can i transfer supercoins to different flipkart account? Thanks.,Can I transfer ownership of my Flipkart Axis Bank Credit Card?,0,381,430,dev,hard
Help needed: can i utilization any debit card to give decree?,Can I use any Debit Card to pay for my order?,1,382,382,train,positive
Help needed: can i utilization any debit card to give decree?,How can I add a new delivery address to my Flipkart account?,0,382,49,train,random
Help needed: can i utilization any debit card to give decree?,Can I pay with any Credit card?,0,382,473,train,hard
Could you tell me can i employ debit card to give my decree?,Can I use any Debit Card to pay for my order?,1,382,382,train,positive
Could you tell me can i employ debit card to give my decree?,What are in-app offers for SuperCoin Pay?,0,382,222,train,random
Could you tell me can i employ debit card to give my decree?,How can I pay with a saved Credit/Debit Card?,0,382,149,train,hard
"Hi, can i utilize any debit card give for my decree?",Can I use any Debit Card to pay for my order?,1,382,382,dev,positive
"Hi, can i utilize any debit card give for my decree?",What are the documents required for the entire process of buying a BGauss 2-wheeler on Flipkart?,0,382,214,dev,random
"Hi, can i utilize any debit card give for my decree?",Can I pay with any Credit card?,0,382,473,dev,hard
what are the accessories will be component of bounce 2 wheeler? Any idea?,What are the accessories that will be part of a Bounce 2-wheeler?,1,383,383,train,positive
what are the accessories will be component of bounce 2 wheeler? Any idea?,What subsidies are being offered by Ather and how to claim them?,0,383,23,train,random
what are the accessories will be component of bounce 2 wheeler? Any idea?,What accessories will be part of Ather 2-wheelers. Do I have to pay separately for accessories?,0,383,207,train,hard
what the accessories that be component of a bounce 2 wheeler? Any idea?,What are the accessories that will be part of a Bounce 2-wheeler?,1,383,383,train,positive
what the accessories that be component of a bounce 2 wheeler? Any idea?,How can I track my Flipkart Quick order?,0,383,240,train,random
what the accessories that be component of a bounce 2 wheeler? Any idea?,What accessories will be part of Ather 2-wheelers. Do I have to pay separately for accessories?,0,383,207,train,hard
what are the accessories will be role a bounce 2 wheeler? Thanks.,What are the accessories that will be part of a Bounce 2-wheeler?,1,383,383,dev,positive
what are the accessories will be role a bounce 2 wheeler? Thanks.,What is the warranty being offered by Ampere?,0,383,250,dev,random
what are the accessories will be role a bounce 2 wheeler? Thanks.,What accessories will be part of Ather 2-wheelers. Do I have to pay separately for accessories?,0,383,207,dev,hard
can i redeem supercoins to avail discount flipkart gift card?,Can I redeem SuperCoins to avail discount for Flipkart Gift Card?,1,384,384,train,positive
can i redeem supercoins to avail discount flipkart gift card?,There have been recent reports of batteries catching fire. How do I know that Ather products are safe?,0,384,437,train,random
can i redeem supercoins to avail discount flipkart gift card?,Can I redeem SuperCoins to avail discounts for products on Shopsy?,0,384,387,train,hard
Quick question: can redeem supercoins to avail discount for flipkart gift card?,Can I redeem SuperCoins to avail discount for Flipkart Gift Card?,1,384,384,train,positive
Quick question: can redeem supercoins to avail discount for flipkart gift card?,I don't remember the warranty details for my product. Where can I find it?,0,384,26,train,random
Quick question: can redeem supercoins to avail discount for flipkart gift card?,Can I redeem SuperCoins to avail discounts for products on Shopsy?,0,384,387,train,hard
can redeem supercoins avail discount for flipkart gift card? Thanks.,Can I redeem SuperCoins to avail discount for Flipkart Gift Card?,1,384,384,dev,positive
can redeem supercoins avail discount for flipkart gift card? Thanks.,What does 'Permanently Discontinued' or 'Out of Print' mean?,0,384,116,dev,random
can redeem supercoins avail discount for flipkart gift card? Thanks.,Can I redeem SuperCoins to avail discounts for products on Shopsy?,0,384,387,dev,hard
Help needed: what the emi plans usable i pay utilize the credit card no cost emi payment mode?,What are the EMI plans available if I pay using the 'Credit Card No Cost EMI' payment mode?,1,385,385,train,positive
Help needed: what the emi plans usable i pay utilize the credit card no cost emi payment mode?,Is there a charge for pickup of products from a 'Pickup Store'?,0,385,245,train,random
Help needed: what the emi plans usable i pay utilize the credit card no cost emi payment mode?,How can I pay for my order using the 'Credit Card No Cost EMI' payment mode?,0,385,45,train,hard
Quick question: what are the emi plans usable if i pay use the credit card no cost emi payment mode?,What are the EMI plans available if I pay using the 'Credit Card No Cost EMI' payment mode?,1,385,385,train,positive
Quick question: what are the emi plans usable if i pay use the credit card no cost emi payment mode?,The option to buy an Ather 2-wheeler is not available at my pincode.,0,385,398,train,random
Quick question: what are the emi plans usable if i pay use the credit card no cost emi payment mode?,What are the benefits of the 'Credit Card No Cost EMI' payment mode?,0,385,93,train,hard
Quick question: what are the emi plans usable if i pay use credit card no cost emi payment mode?,What are the EMI plans available if I pay using the 'Credit Card No Cost EMI' payment mode?,1,385,385,dev,positive
Quick question: what are the emi plans usable if i pay use credit card no cost emi payment mode?,How does the 3D Secure password add security to my online transactions?,0,385,319,dev,random
Quick question: what are the emi plans usable if i pay use credit card no cost emi payment mode?,What are the benefits of the 'Credit Card No Cost EMI' payment mode?,0,385,93,dev,hard
do want a driving permit to drive ampere magnus ex?,Do I need to have a driving license to ride Ampere Magnus EX?,1,386,386,train,positive
do want a driving permit to drive ampere magnus ex?,What are the documents required for the entire process of buying an Ather 2-wheeler on Flipkart?,0,386,285,train,random
do want a driving permit to drive ampere magnus ex?,Do I need to have a driving license to drive a Bounce 2-wheeler?,0,386,186,train,hard
do want to have driving permit drive ampere magnus ex?,Do I need to have a driving license to ride Ampere Magnus EX?,1,386,386,train,positive
do want to have driving permit drive ampere magnus ex?,Why is my preferred store not showing up for SuperCoin Pay on the Flipkart app?,0,386,173,train,random
do want to have driving permit drive ampere magnus ex?,Do I need to have a driving license to drive an Ather 2-wheeler?,0,386,416,train,hard
Quick question: do i want to have a driving permit to drive ampere magnus ex?,Do I need to have a driving license to ride Ampere Magnus EX?,1,386,386,dev,positive
Quick question: do i want to have a driving permit to drive ampere magnus ex?,What is an OTP or verification code?,0,386,131,dev,random
Quick question: do i want to have a driving permit to drive ampere magnus ex?,Do I need to have a driving license to drive a Bounce 2-wheeler?,0,386,186,dev,hard
can redeem supercoins to avail discounts for products on shopsy? Any idea?,Can I redeem SuperCoins to avail discounts for products on Shopsy?,1,387,387,train,positive
can redeem supercoins to avail discounts for products on shopsy? Any idea?,How can I label my saved cards?,0,387,379,train,random
can redeem supercoins to avail discounts for products on shopsy? Any idea?,Can I redeem my 'on the way' SuperCoins to avail discounts on product?,0,387,180,train,hard
can i redeem supercoins avail discounts for products on shopsy? Thanks.,Can I redeem SuperCoins to avail discounts for products on Shopsy?,1,387,387,train,positive
can i redeem supercoins avail discounts for products on shopsy? Thanks.,Can I use my saved cards for making a payment on Flipkart's mobile site/app?,0,387,85,train,random
can i redeem supercoins avail discounts for products on shopsy? Thanks.,Can I redeem my 'on the way' SuperCoins to avail discounts on product?,0,387,180,train,hard
can i redeem supercoins to avail discounts products shopsy? Thanks.,Can I redeem SuperCoins to avail discounts for products on Shopsy?,1,387,387,dev,positive
can i redeem supercoins to avail discounts products shopsy? Thanks.,How can I track my order for the BGauss 2-wheeler after completing my payment on Flipkart?,0,387,141,dev,random
can i redeem supercoins to avail discounts products shopsy? Thanks.,Can I redeem my 'on the way' SuperCoins to avail discounts on product?,0,387,180,dev,hard
i did not take exact cashback as per my transactions on flipkart i? Any idea?,I did not get the correct cashback as per my transactions on Flipkart. What should I do?,1,388,388,train,positive
i did not take exact cashback as per my transactions on flipkart i? Any idea?,Can I submit my documents online for Ampere Magnus EX and not visit the brand authorised dealer?,0,388,374,train,random
i did not take exact cashback as per my transactions on flipkart i? Any idea?,I didn't get the Gift Card I ordered for. What should I do?,0,388,15,train,hard
i not make the proper cashback as per transactions on flipkart what should i do? Thanks.,I did not get the correct cashback as per my transactions on Flipkart. What should I do?,1,388,388,train,positive
i not make the proper cashback as per transactions on flipkart what should i do? Thanks.,"My payment using the 'Credit Card No Cost EMI' payment mode did not go through, but the amount has been blocked on my card. What should I do?",0,388,481,train,random
i not make the proper cashback as per transactions on flipkart what should i do? Thanks.,What should I do if I don't get the invoice for my order?,0,388,2,train,hard
Could you tell me i not make proper cashback as per my transactions on flipkart what should i?,I did not get the correct cashback as per my transactions on Flipkart. What should I do?,1,388,388,dev,positive
Could you tell me i not make proper cashback as per my transactions on flipkart what should i?,Can I choose to not accept a few items from my Flipkart Quick order at the time of delivery?,0,388,168,dev,random
Could you tell me i not make proper cashback as per my transactions on flipkart what should i?,"My package shows as delivered but I can't find it, what should I do?",0,388,60,dev,hard
Could you tell me can i present my papers online for ather 2 wheeler not call the marque accredited dealer?,Can I submit my documents online for an Ather 2-wheeler and not visit the brand authorised dealer?,1,389,389,train,positive
Could you tell me can i present my papers online for ather 2 wheeler not call the marque accredited dealer?,Is there a battery subscription model for Bounce 2-wheelers?,0,389,494,train,random
Could you tell me can i present my papers online for ather 2 wheeler not call the marque accredited dealer?,Can I submit my documents online for Ampere Magnus EX and not visit the brand authorised dealer?,0,389,374,train,hard
Help needed: can present my papers online for an ather 2 wheeler and not call the marque accredited dealer?,Can I submit my documents online for an Ather 2-wheeler and not visit the brand authorised dealer?,1,389,389,train,positive
Help needed: can present my papers online for an ather 2 wheeler and not call the marque accredited dealer?,Can I cancel an order placed using the 'Credit Card No Cost EMI' payment option?,0,389,56,train,random
Help needed: can present my papers online for an ather 2 wheeler and not call the marque accredited dealer?,Can I submit my documents online for Ampere Magnus EX and not visit the brand authorised dealer?,0,389,374,train,hard
"Hi, can i present my papers online for an ather 2 wheeler not call the marque accredited dealer?",Can I submit my documents online for an Ather 2-wheeler and not visit the brand authorised dealer?,1,389,389,dev,positive
"Hi, can i present my papers online for an ather 2 wheeler not call the marque accredited dealer?",What should I do if I have an issue with my product after the return period?,0,389,167,dev,random
"Hi, can i present my papers online for an ather 2 wheeler not call the marque accredited dealer?",Can I submit my documents online for Ampere Magnus EX and not visit the brand authorised dealer?,0,389,374,dev,hard
when do supercoins expire? Any idea?,When do SuperCoins expire?,1,390,390,train,positive
when do supercoins expire? Any idea?,Do I have to manually unlock a scratch card as part of SuperCoin Pay?,0,390,127,train,random
when do supercoins expire? Any idea?,Does a Gift Card expire?,0,390,453,train,hard
"Hi, when do supercoins expire?",When do SuperCoins expire?,1,390,390,train,positive
"Hi, when do supercoins expire?",In which all cities can the purchase of an Ather 2-wheeler be made?,0,390,235,train,random
"Hi, when do supercoins expire?",Does a Gift Card expire?,0,390,453,train,hard
Could you tell me when do supercoins expire?,When do SuperCoins expire?,1,390,390,dev,positive
Could you tell me when do supercoins expire?,How do I get invoices for my previous orders without having to check my e-mails?,0,390,44,dev,random
Could you tell me when do supercoins expire?,Does a Gift Card expire?,0,390,453,dev,hard
which credit cards are entitled for emi? Thanks.,Which Credit cards are eligible for EMI?,1,391,391,train,positive
which credit cards are entitled for emi? Thanks.,When and how many times do Bounce vehicles require servicing?,0,391,474,train,random
which credit cards are entitled for emi? Thanks.,Are there certain things on Flipkart which I cannot buy through Gift Cards?,0,391,143,train,hard
"Hi, which credit cards are entitled emi?",Which Credit cards are eligible for EMI?,1,391,391,train,positive
"Hi, which credit cards are entitled emi?",What is a pick-up store?,0,391,288,train,random
"Hi, which credit cards are entitled emi?",Are there certain things on Flipkart which I cannot buy through Gift Cards?,0,391,143,train,hard
"Hi, which credit cards are entitled for emi?",Which Credit cards are eligible for EMI?,1,391,391,dev,positive
"Hi, which credit cards are entitled for emi?",Do I need to make a down payment to buy an item using the Bajaj Finserv EMI payment mode?,0,391,436,dev,random
"Hi, which credit cards are entitled for emi?",Are there certain things on Flipkart which I cannot buy through Gift Cards?,0,391,143,dev,hard
why am i not able to look the alternative to bargain an ampere 2 wheeler for my pincode? Thanks.,Why am I not able to see the option to buy an Ampere 2-wheeler for my pincode?,1,392,392,train,positive
why am i not able to look the alternative to bargain an ampere 2 wheeler for my pincode? Thanks.,Do I get a spare tyre with a BGauss 2-wheeler?,0,392,488,train,random
why am i not able to look the alternative to bargain an ampere 2 wheeler for my pincode? Thanks.,"I am able to see some 'SuperCoins Rewards', but why am I not able to buy them?",0,392,95,train,hard
why am i not able to look alternative to bargain an ampere 2 wheeler for my pincode? Any idea?,Why am I not able to see the option to buy an Ampere 2-wheeler for my pincode?,1,392,392,train,positive
why am i not able to look alternative to bargain an ampere 2 wheeler for my pincode? Any idea?,What does 'Permanently Discontinued' or 'Out of Print' mean?,0,392,116,train,random
why am i not able to look alternative to bargain an ampere 2 wheeler for my pincode? Any idea?,"I am able to see some 'SuperCoins Rewards', but why am I not able to buy them?",0,392,95,train,hard
Quick question: why am i not able to look the alternative to bargain an ampere 2 wheeler my pincode?,Why am I not able to see the option to buy an Ampere 2-wheeler for my pincode?,1,392,392,dev,positive
Quick question: why am i not able to look the alternative to bargain an ampere 2 wheeler my pincode?,What should I do if a service centre denied my request to repair the product?,0,392,132,dev,random
Quick question: why am i not able to look the alternative to bargain an ampere 2 wheeler my pincode?,"I am able to see some 'SuperCoins Rewards', but why am I not able to buy them?",0,392,95,dev,hard
Help needed: can i purchase payoff use cash and coins alternative from desktop?,Can I purchase rewards using Cash and Coins option from desktop?,1,393,393,train,positive
Help needed: can i purchase payoff use cash and coins alternative from desktop?,What are the modes of refund available after cancellation?,0,393,174,train,random
Help needed: can i purchase payoff use cash and coins alternative from desktop?,What is Cash and Coins for Rewards program?,0,393,262,train,hard
can i purchase payoff utilize cash coins alternative from desktop? Any idea?,Can I purchase rewards using Cash and Coins option from desktop?,1,393,393,train,positive
can i purchase payoff utilize cash coins alternative from desktop? Any idea?,My Gift Card has expired. Can you extend its validity?,0,393,366,train,random
can i purchase payoff utilize cash coins alternative from desktop? Any idea?,Can I choose the number of SuperCoins that can be redeemed for a purchase as part of Cash and Coins for Rewards program?,0,393,399,train,hard
Quick question: can i purchase payoff use cash and coins alternative from desktop?,Can I purchase rewards using Cash and Coins option from desktop?,1,393,393,dev,positive
Quick question: can i purchase payoff use cash and coins alternative from desktop?,How is 'SuperCoins Price' calculated?,0,393,426,dev,random
Quick question: can i purchase payoff use cash and coins alternative from desktop?,What is Cash and Coins for Rewards program?,0,393,262,dev,hard
what is scorecard tag?,What is a 'card label'?,1,394,394,train,positive
what is scorecard tag?,How quickly can I get my order delivered?,0,394,226,train,random
what is scorecard tag?,What does the tag 'Imported' beside a product mean?,0,394,148,train,hard
what is a scorecard tag? Thanks.,What is a 'card label'?,1,394,394,train,positive
what is a scorecard tag? Thanks.,Is it necessary to register on Twid (INNOTARGET FASHALOT RETAIL PRIVATE LIMITED) or at the third-party partner store to use SuperCoin Pay feature?,0,394,444,train,random
what is a scorecard tag? Thanks.,What does the tag 'Imported' beside a product mean?,0,394,148,train,hard
Could you tell me what is a scorecard tag?,What is a 'card label'?,1,394,394,dev,positive
Could you tell me what is a scorecard tag?,Will Hero MotoCorp cross-sell/up sell when I visit the brand authorised dealer?,0,394,267,dev,random
Could you tell me what is a scorecard tag?,What does the tag 'Imported' beside a product mean?,0,394,148,dev,hard
Could you tell me do want have a driving permit to ride hero motocorp 2 wheelers?,Do I need to have a driving license to drive Hero MotoCorp 2-wheelers?,1,395,395,train,positive
Could you tell me do want have a driving permit to ride hero motocorp 2 wheelers?,How does Supercoin Pay feature work on Flipkart platform?,0,395,342,train,random
Could you tell me do want have a driving permit to ride hero motocorp 2 wheelers?,Do I need to have a driving license to ride a BGauss 2-wheeler?,0,395,228,train,hard
do ask to have a driving permit to ride hero motocorp 2 wheelers? Any idea?,Do I need to have a driving license to drive Hero MotoCorp 2-wheelers?,1,395,395,train,positive
do ask to have a driving permit to ride hero motocorp 2 wheelers? Any idea?,Can I return my Ather 2-wheeler in case I receive a damaged vehicle?,0,395,40,train,random
do ask to have a driving permit to ride hero motocorp 2 wheelers? Any idea?,Do I need to have a driving license to ride a BGauss 2-wheeler?,0,395,228,train,hard
"Hi, do i want to have a driving permit to ride hero motocorp 2 wheelers?",Do I need to have a driving license to drive Hero MotoCorp 2-wheelers?,1,395,395,dev,positive
"Hi, do i want to have a driving permit to ride hero motocorp 2 wheelers?",Do I get a spare tyre with a BGauss 2-wheeler?,0,395,488,dev,random
"Hi, do i want to have a driving permit to ride hero motocorp 2 wheelers?",Do I need to have a driving license to ride a BGauss 2-wheeler?,0,395,228,dev,hard
Quick question: who can avail cash and coins for rewards?,Who all can avail Cash and Coins for Rewards?,1,396,396,train,positive
Quick question: who can avail cash and coins for rewards?,I didn't get the Gift Card I ordered for. What should I do?,0,396,15,train,random
Quick question: who can avail cash and coins for rewards?,What is Cash and Coins for Rewards program?,0,396,262,train,hard
Could you tell me who all can avail cash coins for rewards?,Who all can avail Cash and Coins for Rewards?,1,396,396,train,positive
Could you tell me who all can avail cash coins for rewards?,What after sales services are being provided by Ather for 2-wheelers?,0,396,341,train,random
Could you tell me who all can avail cash coins for rewards?,What is Cash and Coins for Rewards program?,0,396,262,train,hard
who can avail cash coins for rewards?,Who all can avail Cash and Coins for Rewards?,1,396,396,dev,positive
who can avail cash coins for rewards?,Can I redeem SuperCoins to avail discount for Flipkart Gift Card?,0,396,384,dev,random
who can avail cash coins for rewards?,What is Cash and Coins for Rewards program?,0,396,262,dev,hard
how can i order for gigantic quantities of product as portion of corporate order? Any idea?,How can I order for large quantities of the product as part of a corporate order?,1,397,397,train,positive
how can i order for gigantic quantities of product as portion of corporate order? Any idea?,What are SuperCoin Milestones?,0,397,459,train,random
how can i order for gigantic quantities of product as portion of corporate order? Any idea?,How can I pay for my order?,0,397,302,train,hard
how i order for sizable quantities of the product as portion of a corporate order? Thanks.,How can I order for large quantities of the product as part of a corporate order?,1,397,397,train,positive
how i order for sizable quantities of the product as portion of a corporate order? Thanks.,Will I get a complete refund if the item is cancelled or returned if I have paid for the order using the 'Credit Card No Cost EMI' payment option?,0,397,347,train,random
how i order for sizable quantities of the product as portion of a corporate order? Thanks.,How can I pay for my order?,0,397,302,train,hard
Help needed: how can i order for sizable quantities of product as role a corporate order?,How can I order for large quantities of the product as part of a corporate order?,1,397,397,dev,positive
Help needed: how can i order for sizable quantities of product as role a corporate order?,Why is the 'Cash on Delivery' payment mode not available at my location?,0,397,17,dev,random
Help needed: how can i order for sizable quantities of product as role a corporate order?,How can I pay for my order?,0,397,302,dev,hard
Quick question: the alternative to bargain an ather 2 wheeler is not useable at my pincode?,The option to buy an Ather 2-wheeler is not available at my pincode.,1,398,398,train,positive
Quick question: the alternative to bargain an ather 2 wheeler is not useable at my pincode?,Will Ampere cross-sell/upsell when I visit the brand authorised dealer?,0,398,356,train,random
Quick question: the alternative to bargain an ather 2 wheeler is not useable at my pincode?,Why is the option to buy a BGauss 2-wheeler not available at my pincode?,0,398,221,train,hard
"Hi, the alternative to bargain an ather 2 wheeler not useable at pincode?",The option to buy an Ather 2-wheeler is not available at my pincode.,1,398,398,train,positive
"Hi, the alternative to bargain an ather 2 wheeler not useable at pincode?",I missed the delivery of my order today. What should I do?,0,398,57,train,random
"Hi, the alternative to bargain an ather 2 wheeler not useable at pincode?",Why is the option to buy a BGauss 2-wheeler not available at my pincode?,0,398,221,train,hard
Could you tell me the alternative to bargain an ather 2 wheeler is not accessible at my pincode?,The option to buy an Ather 2-wheeler is not available at my pincode.,1,398,398,dev,positive
Could you tell me the alternative to bargain an ather 2 wheeler is not accessible at my pincode?,Is the warranty of Ather 2-wheelers being offered by Flipkart?,0,398,435,dev,random
Could you tell me the alternative to bargain an ather 2 wheeler is not accessible at my pincode?,Why is the option to buy a BGauss 2-wheeler not available at my pincode?,0,398,221,dev,hard
"Hi, can opt the number of supercoins that can be redeemed a purchase as component cash and coins for rewards plan?",Can I choose the number of SuperCoins that can be redeemed for a purchase as part of Cash and Coins for Rewards program?,1,399,399,train,positive
"Hi, can opt the number of supercoins that can be redeemed a purchase as component cash and coins for rewards plan?",Can refurbished products be searched by their product name?,0,399,401,train,random
"Hi, can opt the number of supercoins that can be redeemed a purchase as component cash and coins for rewards plan?",Will I get SuperCoins for using Cash and Coins for Rewards?,0,399,346,train,hard
Quick question: can i opt the number of supercoins that be redeemed purchase component of cash coins for rewards plan?,Can I choose the number of SuperCoins that can be redeemed for a purchase as part of Cash and Coins for Rewards program?,1,399,399,train,positive
Quick question: can i opt the number of supercoins that be redeemed purchase component of cash coins for rewards plan?,Can I buy more than one Hero MotoCorp in my name/through Flipkart account?,0,399,169,train,random
Quick question: can i opt the number of supercoins that be redeemed purchase component of cash coins for rewards plan?,Will I get SuperCoins for using Cash and Coins for Rewards?,0,399,346,train,hard
Help needed: can i opt the number of supercoins that can be redeemed for a purchase as component of cash and coins for rewards plan?,Can I choose the number of SuperCoins that can be redeemed for a purchase as part of Cash and Coins for Rewards program?,1,399,399,dev,positive
Help needed: can i opt the number of supercoins that can be redeemed for a purchase as component of cash and coins for rewards plan?,Is the price for Ampere Magnus EX inclusive of subsidy?,0,399,242,dev,random
Help needed: can i opt the number of supercoins that can be redeemed for a purchase as component of cash and coins for rewards plan?,Can I buy rewards using only prepaid mode of payment and redemption of SuperCoins as part of Cash and Coins for Rewards program?,0,399,460,dev,hard
what flipkart axis bank credit card? Any idea?,What is Flipkart Axis Bank Credit Card?,1,400,400,train,positive
what flipkart axis bank credit card? Any idea?,What should I do if my order is approved but hasn't been shipped yet?,0,400,28,train,random
what flipkart axis bank credit card? Any idea?,What will happen to my Axis Bank Buzz Credit Card if I apply for the Flipkart Axis Bank Credit Card?,0,400,479,train,hard
Help needed: what flipkart axis bank credit card?,What is Flipkart Axis Bank Credit Card?,1,400,400,train,positive
Help needed: what flipkart axis bank credit card?,"If I merge my Flipkart accounts, will my SuperCoins also merge?",0,400,310,train,random
Help needed: what flipkart axis bank credit card?,What will happen to my Axis Bank Buzz Credit Card if I apply for the Flipkart Axis Bank Credit Card?,0,400,479,train,hard
what is flipkart axis bank credit card? Thanks.,What is Flipkart Axis Bank Credit Card?,1,400,400,dev,positive
what is flipkart axis bank credit card? Thanks.,Are there any other upcoming third-party offers that can be redeemed through Flipkart Plus program?,0,400,87,dev,random
what is flipkart axis bank credit card? Thanks.,What will happen to my Axis Bank Buzz Credit Card if I apply for the Flipkart Axis Bank Credit Card?,0,400,479,dev,hard
Help needed: can refurbished products searched their product name?,Can refurbished products be searched by their product name?,1,401,401,train,positive
Help needed: can refurbished products searched their product name?,Will Hero MotoCorp cross-sell/up sell when I visit the brand authorised dealer?,0,401,267,train,random
Help needed: can refurbished products searched their product name?,How will I claim warranty for refurbished products?,0,401,74,train,hard
can refurbished products be searched their product name? Thanks.,Can refurbished products be searched by their product name?,1,401,401,train,positive
can refurbished products be searched their product name? Thanks.,"The address while ordering Ather 2-wheeler on Flipkart is different from the one on my address proof (Aadhaar Card), what should I do now?",0,401,265,train,random
can refurbished products be searched their product name? Thanks.,How will I claim warranty for refurbished products?,0,401,74,train,hard
Could you tell me can refurbished products be searched their product name?,Can refurbished products be searched by their product name?,1,401,401,dev,positive
Could you tell me can refurbished products be searched their product name?,What does 'Transfer' Gift Card in my Wallet do?,0,401,157,dev,random
Could you tell me can refurbished products be searched their product name?,How will I claim warranty for refurbished products?,0,401,74,dev,hard
Quick question: how can i give if order amount is more than the value my gift card?,How can I pay if the order amount is more than the value of my Gift Card?,1,402,402,train,positive
Quick question: how can i give if order amount is more than the value my gift card?,Should I register the product with the brand to avail the warranty benefits on it?,0,402,58,train,random
Quick question: how can i give if order amount is more than the value my gift card?,What if my order amount is lesser than the Gift Card value?,0,402,243,train,hard
Help needed: how can i give if the order amount is more than the value of my gift card?,How can I pay if the order amount is more than the value of my Gift Card?,1,402,402,train,positive
Help needed: how can i give if the order amount is more than the value of my gift card?,How can I deactivate my account?,0,402,211,train,random
Help needed: how can i give if the order amount is more than the value of my gift card?,What if my order amount is lesser than the Gift Card value?,0,402,243,train,hard
Quick question: how can salary if the order amount is more than the value of gift card?,How can I pay if the order amount is more than the value of my Gift Card?,1,402,402,dev,positive
Quick question: how can salary if the order amount is more than the value of gift card?,Is it necessary to register on Twid (INNOTARGET FASHALOT RETAIL PRIVATE LIMITED) or at the third-party partner store to use SuperCoin Pay feature?,0,402,444,dev,random
Quick question: how can salary if the order amount is more than the value of gift card?,What if my order amount is lesser than the Gift Card value?,0,402,243,dev,hard
can i scan any qr code in the depot to initiate payment an order use supercoin pay boast? Any idea?,Can I scan any QR code in the store to initiate the payment for an order using SuperCoin Pay feature?,1,403,403,train,positive
can i scan any qr code in the depot to initiate payment an order use supercoin pay boast? Any idea?,How can I add a new delivery address to my Flipkart account?,0,403,49,train,random
can i scan any qr code in the depot to initiate payment an order use supercoin pay boast? Any idea?,Can I use any Debit Card to pay for my order?,0,403,382,train,hard
Could you tell me can i scan any qr code in depot to initiate the payment for an order utilize supercoin pay boast?,Can I scan any QR code in the store to initiate the payment for an order using SuperCoin Pay feature?,1,403,403,train,positive
Could you tell me can i scan any qr code in depot to initiate the payment for an order utilize supercoin pay boast?,Why do I need to verify my mobile number or email address to log into my Flipkart account?,0,403,115,train,random
Could you tell me can i scan any qr code in depot to initiate the payment for an order utilize supercoin pay boast?,Can I use any Debit Card to pay for my order?,0,403,382,train,hard
Could you tell me can i scan any qr code in depot to initiate payment for order utilize supercoin pay boast?,Can I scan any QR code in the store to initiate the payment for an order using SuperCoin Pay feature?,1,403,403,dev,positive
Could you tell me can i scan any qr code in depot to initiate payment for order utilize supercoin pay boast?,Can I buy Flipkart Plus membership?,0,403,239,dev,random
Could you tell me can i scan any qr code in depot to initiate payment for order utilize supercoin pay boast?,Can I use any Debit Card to pay for my order?,0,403,382,dev,hard
Could you tell me what after sales services are being offer by ampere for 2 wheelers?,What after-sales services are being provided by Ampere for 2-wheelers?,1,404,404,train,positive
Could you tell me what after sales services are being offer by ampere for 2 wheelers?,Do I get a spare tyre with an Ather 2-wheeler?,0,404,498,train,random
Could you tell me what after sales services are being offer by ampere for 2 wheelers?,What after-sales services are being provided by Flipkart for Hero MotoCorp 2-wheelers?,0,404,200,train,hard
what sales services are being offer by ampere for 2 wheelers?,What after-sales services are being provided by Ampere for 2-wheelers?,1,404,404,train,positive
what sales services are being offer by ampere for 2 wheelers?,How can I use the earnings?,0,404,445,train,random
what sales services are being offer by ampere for 2 wheelers?,What after-sales services are being provided by Flipkart for Hero MotoCorp 2-wheelers?,0,404,200,train,hard
Help needed: what after sales services being offer by ampere for 2 wheelers?,What after-sales services are being provided by Ampere for 2-wheelers?,1,404,404,dev,positive
Help needed: what after sales services being offer by ampere for 2 wheelers?,Will Bounce cross-sell/up sell when I visit the brand authorised dealer?,0,404,315,dev,random
Help needed: what after sales services being offer by ampere for 2 wheelers?,What after-sales services are being provided by Flipkart for Hero MotoCorp 2-wheelers?,0,404,200,dev,hard
"Hi, what supercoins rewards usable on supercoin zone and how can i avail?",What are 'SuperCoins Rewards' available on the SuperCoin Zone and how can I avail them?,1,405,405,train,positive
"Hi, what supercoins rewards usable on supercoin zone and how can i avail?",How can I use a Gift Card?,0,405,326,train,random
"Hi, what supercoins rewards usable on supercoin zone and how can i avail?",What is SuperCoin Zone?,0,405,450,train,hard
what are supercoins rewards useable on the supercoin zone and how can avail? Any idea?,What are 'SuperCoins Rewards' available on the SuperCoin Zone and how can I avail them?,1,405,405,train,positive
what are supercoins rewards useable on the supercoin zone and how can avail? Any idea?,Do I need to make a down payment to buy an item using the Bajaj Finserv EMI payment mode?,0,405,436,train,random
what are supercoins rewards useable on the supercoin zone and how can avail? Any idea?,What is SuperCoin Zone?,0,405,450,train,hard
what are supercoins rewards usable the supercoin zone and how can i avail them?,What are 'SuperCoins Rewards' available on the SuperCoin Zone and how can I avail them?,1,405,405,dev,positive
what are supercoins rewards usable the supercoin zone and how can i avail them?,What will happen if the Ampere authorised dealer who will contact me is very far from my location?,0,405,446,dev,random
what are supercoins rewards usable the supercoin zone and how can i avail them?,What is SuperCoin Zone?,0,405,450,dev,hard
Could you tell me can prepare the payment through cash upi payment mode to avail benefits as component of supercoin pay at third party partner depot?,Can I make the payment through cash or UPI payment mode to avail benefits as part of SuperCoin Pay at a third-party partner store?,1,406,406,train,positive
Could you tell me can prepare the payment through cash upi payment mode to avail benefits as component of supercoin pay at third party partner depot?,Can I use a corporate email ID to sign up?,0,406,139,train,random
Could you tell me can prepare the payment through cash upi payment mode to avail benefits as component of supercoin pay at third party partner depot?,Is it necessary for me to be registered with the same contact number at the third-party partner store for me to use SuperCoin Pay feature?,0,406,456,train,hard
Could you tell me can i prepare payment through cash or upi payment mode to avail benefits as portion of supercoin pay at a third party partner depot?,Can I make the payment through cash or UPI payment mode to avail benefits as part of SuperCoin Pay at a third-party partner store?,1,406,406,train,positive
Could you tell me can i prepare payment through cash or upi payment mode to avail benefits as portion of supercoin pay at a third party partner depot?,Is installation offered for all products?,0,406,411,train,random
Could you tell me can i prepare payment through cash or upi payment mode to avail benefits as portion of supercoin pay at a third party partner depot?,Is it necessary for me to be registered with the same contact number at the third-party partner store for me to use SuperCoin Pay feature?,0,406,456,train,hard
can i produce payment through cash upi payment mode to avail benefits as portion of supercoin pay at a third party partner depot? Thanks.,Can I make the payment through cash or UPI payment mode to avail benefits as part of SuperCoin Pay at a third-party partner store?,1,406,406,dev,positive
can i produce payment through cash upi payment mode to avail benefits as portion of supercoin pay at a third party partner depot? Thanks.,What is Bajaj Finserv payment mode?,0,406,340,dev,random
can i produce payment through cash upi payment mode to avail benefits as portion of supercoin pay at a third party partner depot? Thanks.,Which are the third-party partner stores where I can use SuperCoin Pay feature?,0,406,79,dev,hard
when and how many times does an ather vehicle expect servicing?,When and how many times does an Ather vehicle require servicing?,1,407,407,train,positive
when and how many times does an ather vehicle expect servicing?,What is Flipkart Plus program?,0,407,183,train,random
when and how many times does an ather vehicle expect servicing?,When and how many times does Ampere Magnus EX require servicing?,0,407,458,train,hard
Help needed: when and how many times does an ather vehicle involve servicing?,When and how many times does an Ather vehicle require servicing?,1,407,407,train,positive
Help needed: when and how many times does an ather vehicle involve servicing?,What is the average cost of one service for an Ather 2-wheeler?,0,407,142,train,random
Help needed: when and how many times does an ather vehicle involve servicing?,When and how many times does Ampere Magnus EX require servicing?,0,407,458,train,hard
"Hi, when and how many times does an ather vehicle involve servicing?",When and how many times does an Ather vehicle require servicing?,1,407,407,dev,positive
"Hi, when and how many times does an ather vehicle involve servicing?",How can I trust that the groceries that will be delivered are quality checked and fresh?,0,407,20,dev,random
"Hi, when and how many times does an ather vehicle involve servicing?",When and how many times does Ampere Magnus EX require servicing?,0,407,458,dev,hard
can supercoin pay boast utilized patronize online?,Can SuperCoin Pay feature be used to shop online?,1,408,408,train,positive
can supercoin pay boast utilized patronize online?,Do I need to have a driving license to drive Hero MotoCorp 2-wheelers?,0,408,395,train,random
can supercoin pay boast utilized patronize online?,What is SuperCoin Pay feature?,0,408,447,train,hard
can supercoin pay boast be utilize to patronize online? Thanks.,Can SuperCoin Pay feature be used to shop online?,1,408,408,train,positive
can supercoin pay boast be utilize to patronize online? Thanks.,Is there a limit on how many Gift Cards I can use in a single order?,0,408,372,train,random
can supercoin pay boast be utilize to patronize online? Thanks.,What is SuperCoin Pay feature?,0,408,447,train,hard
Could you tell me can supercoin pay boast utilize to patronize online?,Can SuperCoin Pay feature be used to shop online?,1,408,408,dev,positive
Could you tell me can supercoin pay boast utilize to patronize online?,How will I claim warranty for refurbished products?,0,408,74,dev,random
Could you tell me can supercoin pay boast utilize to patronize online?,Is it necessary for me to be registered with the same contact number at the third-party partner store for me to use SuperCoin Pay feature?,0,408,456,dev,hard
"Hi, how my emi debited?",How is my EMI debited?,1,409,409,train,positive
"Hi, how my emi debited?","My payment using the 'Credit Card No Cost EMI' payment mode did not go through, but the amount has been blocked on my card. What should I do?",0,409,481,train,random
"Hi, how my emi debited?",How can I foreclose my EMI for an item I bought using the 'Credit Card No Cost EMI'?,0,409,433,train,hard
how emi debited? Any idea?,How is my EMI debited?,1,409,409,train,positive
how emi debited? Any idea?,What is the credit limit on the Bajaj Finserv card for shopping on Flipkart?,0,409,53,train,random
how emi debited? Any idea?,Can I pay with any Credit card?,0,409,473,train,hard
Quick question: how is my emi debited?,How is my EMI debited?,1,409,409,dev,positive
Quick question: how is my emi debited?,On what products will I get the option of 'SuperCoins Price'?,0,409,63,dev,random
Quick question: how is my emi debited?,How can I track my Flipkart Quick order?,0,409,240,dev,hard
what charging alternative are accessible with bgauss 2 wheelers?,What charging options are available with BGauss 2-wheelers?,1,410,410,train,positive
what charging alternative are accessible with bgauss 2 wheelers?,I have a complaint about the courier executive who came to deliver my order.,0,410,203,train,random
what charging alternative are accessible with bgauss 2 wheelers?,What charging options are available with Ather 2-wheelers. Is there a separate cost associated with it?,0,410,62,train,hard
what charging alternative are useable with bgauss 2 wheelers? Thanks.,What charging options are available with BGauss 2-wheelers?,1,410,410,train,positive
what charging alternative are useable with bgauss 2 wheelers? Thanks.,Can I cancel my EMI after I've placed the order using the Bajaj Finserv payment option?,0,410,104,train,random
what charging alternative are useable with bgauss 2 wheelers? Thanks.,What charging options are available with Ather 2-wheelers. Is there a separate cost associated with it?,0,410,62,train,hard
Could you tell me what charging choice are useable with bgauss 2 wheelers?,What charging options are available with BGauss 2-wheelers?,1,410,410,dev,positive
Could you tell me what charging choice are useable with bgauss 2 wheelers?,I did not get the correct cashback as per my transactions on Flipkart. What should I do?,0,410,388,dev,random
Could you tell me what charging choice are useable with bgauss 2 wheelers?,What charging options are available with Ather 2-wheelers. Is there a separate cost associated with it?,0,410,62,dev,hard
is installation provide for all products?,Is installation offered for all products?,1,411,411,train,positive
is installation provide for all products?,Can I use a saved card to make an EMI payment?,0,411,352,train,random
is installation provide for all products?,Should I call Flipkart's Customer Care for installation once my product is delivered?,0,411,10,train,hard
is installation provide for all products? Any idea?,Is installation offered for all products?,1,411,411,train,positive
is installation provide for all products? Any idea?,What should I do if my shipment is not at the pick-up store?,0,411,145,train,random
is installation provide for all products? Any idea?,Should I call Flipkart's Customer Care for installation once my product is delivered?,0,411,10,train,hard
Could you tell me is installation provide for products?,Is installation offered for all products?,1,411,411,dev,positive
Could you tell me is installation provide for products?,I have earned 200 SuperCoins already last year but still did not receive any membership notification. What do I do?,0,411,236,dev,random
Could you tell me is installation provide for products?,Is it necessary for me to be registered with the same contact number at the third-party partner store for me to use SuperCoin Pay feature?,0,411,456,dev,hard
how does flipkart forestall scorecard sham? Any idea?,How does Flipkart prevent card fraud?,1,412,412,train,positive
how does flipkart forestall scorecard sham? Any idea?,What is Cash and Coins for Rewards program?,0,412,262,train,random
how does flipkart forestall scorecard sham? Any idea?,Can I pay with any Credit card?,0,412,473,train,hard
Help needed: how flipkart forestall scorecard sham?,How does Flipkart prevent card fraud?,1,412,412,train,positive
Help needed: how flipkart forestall scorecard sham?,What is Flipkart Axis Bank Credit Card?,0,412,400,train,random
Help needed: how flipkart forestall scorecard sham?,How can I track my Flipkart Quick order?,0,412,240,train,hard
how does flipkart preclude scorecard sham? Thanks.,How does Flipkart prevent card fraud?,1,412,412,dev,positive
how does flipkart preclude scorecard sham? Thanks.,How long does the battery last for Bounce 2-wheelers?,0,412,333,dev,random
how does flipkart preclude scorecard sham? Thanks.,How does the pick-up store option on Flipkart work?,0,412,153,dev,hard
"Hi, what accessories will be portion of bgauss 2 wheelers do have to salary individually for accessories?",What accessories will be part of BGauss 2-wheelers. Do I have to pay separately for accessories?,1,413,413,train,positive
"Hi, what accessories will be portion of bgauss 2 wheelers do have to salary individually for accessories?",Is my shipment safe at the pick-up store?,0,413,323,train,random
"Hi, what accessories will be portion of bgauss 2 wheelers do have to salary individually for accessories?",What are the accessories that will be part of a Bounce 2-wheeler?,0,413,383,train,hard
Help needed: what accessories will be component bgauss 2 wheelers do i salary individually for accessories?,What accessories will be part of BGauss 2-wheelers. Do I have to pay separately for accessories?,1,413,413,train,positive
Help needed: what accessories will be component bgauss 2 wheelers do i salary individually for accessories?,Why can't I track my order even though it has been shipped?,0,413,124,train,random
Help needed: what accessories will be component bgauss 2 wheelers do i salary individually for accessories?,What are the accessories that will be part of a Bounce 2-wheeler?,0,413,383,train,hard
what accessories will be portion of bgauss 2 wheelers do i have to give individually for accessories? Thanks.,What accessories will be part of BGauss 2-wheelers. Do I have to pay separately for accessories?,1,413,413,dev,positive
what accessories will be portion of bgauss 2 wheelers do i have to give individually for accessories? Thanks.,Can I get my order delivered faster?,0,413,233,dev,random
what accessories will be portion of bgauss 2 wheelers do i have to give individually for accessories? Thanks.,What are the accessories that will be part of a Bounce 2-wheeler?,0,413,383,dev,hard
Quick question: is the warranty being provide flipkart for ampere magnus ex?,Is the warranty being offered by Flipkart for Ampere Magnus EX?,1,414,414,train,positive
Quick question: is the warranty being provide flipkart for ampere magnus ex?,What is the process after paying the ex-showroom price for a Hero MotoCorp 2-wheeler on Flipkart?,0,414,46,train,random
Quick question: is the warranty being provide flipkart for ampere magnus ex?,What is the warranty being offered by Ampere?,0,414,250,train,hard
Help needed: is the warranty being provide by flipkart for ampere magnus ex?,Is the warranty being offered by Flipkart for Ampere Magnus EX?,1,414,414,train,positive
Help needed: is the warranty being provide by flipkart for ampere magnus ex?,Will I get the available bank offers on Flipkart platform if I choose to redeem SuperCoins through SuperCoin Pay?,0,414,166,train,random
Help needed: is the warranty being provide by flipkart for ampere magnus ex?,What is the warranty being offered by Ampere?,0,414,250,train,hard
is the warranty being provide flipkart for ampere magnus ex?,Is the warranty being offered by Flipkart for Ampere Magnus EX?,1,414,414,dev,positive
is the warranty being provide flipkart for ampere magnus ex?,How can I trust that the groceries that will be delivered are quality checked and fresh?,0,414,20,dev,random
is the warranty being provide flipkart for ampere magnus ex?,What is the warranty being offered by Ampere?,0,414,250,dev,hard
"Hi, what are the different payment choice usable for flipkart quick?",What are the different payment options available for Flipkart Quick?,1,415,415,train,positive
"Hi, what are the different payment choice usable for flipkart quick?",What are the interest rates for the Credit card EMI plans?,0,415,260,train,random
"Hi, what are the different payment choice usable for flipkart quick?",How can I track my Flipkart Quick order?,0,415,240,train,hard
what are the different payment choice usable for flipkart quick?,What are the different payment options available for Flipkart Quick?,1,415,415,train,positive
what are the different payment choice usable for flipkart quick?,"My order status shows 'Out for Delivery', but I haven't got it yet. When will I get it?",0,415,282,train,random
what are the different payment choice usable for flipkart quick?,How can I track my Flipkart Quick order?,0,415,240,train,hard
"Hi, what different payment choice usable flipkart quick?",What are the different payment options available for Flipkart Quick?,1,415,415,dev,positive
"Hi, what different payment choice usable flipkart quick?",Can I get the refund for the item to any other mode if I have paid using the Bajaj Finserv payment option?,0,415,311,dev,random
"Hi, what different payment choice usable flipkart quick?",How can I track my Flipkart Quick order?,0,415,240,dev,hard
do i ask to have a driving permit to drive an ather 2 wheeler? Any idea?,Do I need to have a driving license to drive an Ather 2-wheeler?,1,416,416,train,positive
do i ask to have a driving permit to drive an ather 2 wheeler? Any idea?,Who are all eligible for this GSTIN feature?,0,416,84,train,random
do i ask to have a driving permit to drive an ather 2 wheeler? Any idea?,Do I need to have a driving license to drive Hero MotoCorp 2-wheelers?,0,416,395,train,hard
do ask to have driving permit to drive an ather 2 wheeler? Any idea?,Do I need to have a driving license to drive an Ather 2-wheeler?,1,416,416,train,positive
do ask to have driving permit to drive an ather 2 wheeler? Any idea?,How can I claim warranty for my product?,0,416,130,train,random
do ask to have driving permit to drive an ather 2 wheeler? Any idea?,Do I need to have a driving license to drive Hero MotoCorp 2-wheelers?,0,416,395,train,hard
do want to have a driving permit to drive an ather 2 wheeler? Thanks.,Do I need to have a driving license to drive an Ather 2-wheeler?,1,416,416,dev,positive
do want to have a driving permit to drive an ather 2 wheeler? Thanks.,How do I make a payment using a saved card?,0,416,171,dev,random
do want to have a driving permit to drive an ather 2 wheeler? Thanks.,Do I need to have a driving license to drive Hero MotoCorp 2-wheelers?,0,416,395,dev,hard
what is supercoins price? Thanks.,What is 'SuperCoins Price'?,1,417,417,train,positive
what is supercoins price? Thanks.,Can I use Credit/Debit Card to pay on Flipkart through the Flipkart app?,0,417,314,train,random
what is supercoins price? Thanks.,How is 'SuperCoins Price' calculated?,0,417,426,train,hard
Could you tell me what is supercoins price?,What is 'SuperCoins Price'?,1,417,417,train,positive
Could you tell me what is supercoins price?,The delivery of my order is delayed. What should I do?,0,417,121,train,random
Could you tell me what is supercoins price?,How is 'SuperCoins Price' calculated?,0,417,426,train,hard
"Hi, what is supercoins price?",What is 'SuperCoins Price'?,1,417,417,dev,positive
"Hi, what is supercoins price?",I have a complaint about the courier executive who came to deliver my order.,0,417,203,dev,random
"Hi, what is supercoins price?",How is 'SuperCoins Price' calculated?,0,417,426,dev,hard
Quick question: how do i salary utilize flipkart s credit card emi alternative?,How do I pay using Flipkart's credit card EMI option?,1,418,418,train,positive
Quick question: how do i salary utilize flipkart s credit card emi alternative?,From when is the warranty for my product applicable?,0,418,90,train,random
Quick question: how do i salary utilize flipkart s credit card emi alternative?,What is Flipkart's credit card EMI payment option?,0,418,497,train,hard
how salary use flipkart s credit card emi alternative?,How do I pay using Flipkart's credit card EMI option?,1,418,418,train,positive
how salary use flipkart s credit card emi alternative?,There have been recent reports of batteries catching fire. How do I know that BGauss 2-wheelers are safe?,0,418,94,train,random
how salary use flipkart s credit card emi alternative?,What is Flipkart's credit card EMI payment option?,0,418,497,train,hard
Quick question: how i salary use flipkart s credit card emi alternative?,How do I pay using Flipkart's credit card EMI option?,1,418,418,dev,positive
Quick question: how i salary use flipkart s credit card emi alternative?,Do I need to have a driving license to ride a BGauss 2-wheeler?,0,418,228,dev,random
Quick question: how i salary use flipkart s credit card emi alternative?,What is Flipkart's credit card EMI payment option?,0,418,497,dev,hard
Help needed: how much electricity is need to charge the battery ampere magnus ex?,How much electricity is required to charge the battery of Ampere Magnus EX?,1,419,419,train,positive
Help needed: how much electricity is need to charge the battery ampere magnus ex?,Where will I find a scratch card after using SuperCoin Pay feature for an order?,0,419,280,train,random
Help needed: how much electricity is need to charge the battery ampere magnus ex?,How much electricity is required to charge the battery of a BGauss vehicle?,0,419,320,train,hard
"Hi, how much electricity necessary to charge the battery of ampere magnus ex?",How much electricity is required to charge the battery of Ampere Magnus EX?,1,419,419,train,positive
"Hi, how much electricity necessary to charge the battery of ampere magnus ex?",How do I contact Ather for 2-wheeler related queries?,0,419,492,train,random
"Hi, how much electricity necessary to charge the battery of ampere magnus ex?",How much electricity is required to charge the battery of a BGauss vehicle?,0,419,320,train,hard
Help needed: how much electricity mandatory charge the battery of ampere magnus ex?,How much electricity is required to charge the battery of Ampere Magnus EX?,1,419,419,dev,positive
Help needed: how much electricity mandatory charge the battery of ampere magnus ex?,Why am I not able to see the option to buy an Ampere 2-wheeler for my pincode?,0,419,392,dev,random
Help needed: how much electricity mandatory charge the battery of ampere magnus ex?,How much electricity is required to charge the battery of a BGauss vehicle?,0,419,320,dev,hard
"Hi, where can i discover the code rewards claimed component of the cash and coins rewards?",Where can I find the code for the rewards claimed as part of the Cash and Coins for Rewards?,1,420,420,train,positive
"Hi, where can i discover the code rewards claimed component of the cash and coins rewards?",How will I get the PIN for the card?,0,420,457,train,random
"Hi, where can i discover the code rewards claimed component of the cash and coins rewards?",What is Cash and Coins for Rewards program?,0,420,262,train,hard
where can i obtain the code for the rewards claimed as portion the cash and coins for rewards?,Where can I find the code for the rewards claimed as part of the Cash and Coins for Rewards?,1,420,420,train,positive
where can i obtain the code for the rewards claimed as portion the cash and coins for rewards?,What are the EMI plans available if I pay using the Bajaj Finserv payment mode?,0,420,206,train,random
where can i obtain the code for the rewards claimed as portion the cash and coins for rewards?,What is Cash and Coins for Rewards program?,0,420,262,train,hard
where can i see the code for the rewards claimed as portion of cash and coins for rewards?,Where can I find the code for the rewards claimed as part of the Cash and Coins for Rewards?,1,420,420,dev,positive
where can i see the code for the rewards claimed as portion of cash and coins for rewards?,What subsidies are being offered by Ampere and how to claim them?,0,420,39,dev,random
where can i see the code for the rewards claimed as portion of cash and coins for rewards?,What is Cash and Coins for Rewards program?,0,420,262,dev,hard
Quick question: is phonepe pocketbook useable on flipkart s windows ios apps overly?,Is PhonePe wallet available on Flipkart's Windows and iOS apps too?,1,421,421,train,positive
Quick question: is phonepe pocketbook useable on flipkart s windows ios apps overly?,Is the price for a Bounce 2-wheeler inclusive of subsidy?,0,421,255,train,random
Quick question: is phonepe pocketbook useable on flipkart s windows ios apps overly?,Is 'Credit Card No Cost EMI' payment mode available on Flipkart's Windows and iOS apps?,0,421,328,train,hard
Help needed: is phonepe pocketbook accessible flipkart s windows and ios apps overly?,Is PhonePe wallet available on Flipkart's Windows and iOS apps too?,1,421,421,train,positive
Help needed: is phonepe pocketbook accessible flipkart s windows and ios apps overly?,How can I pay for my order?,0,421,302,train,random
Help needed: is phonepe pocketbook accessible flipkart s windows and ios apps overly?,Is 'Credit Card No Cost EMI' payment mode available on Flipkart's Windows and iOS apps?,0,421,328,train,hard
is phonepe pocketbook useable flipkart s windows and ios apps overly? Any idea?,Is PhonePe wallet available on Flipkart's Windows and iOS apps too?,1,421,421,dev,positive
is phonepe pocketbook useable flipkart s windows and ios apps overly? Any idea?,Is there a charge for pickup of products from a 'Pickup Store'?,0,421,245,dev,random
is phonepe pocketbook useable flipkart s windows and ios apps overly? Any idea?,Is 'Credit Card No Cost EMI' payment mode available on Flipkart's Windows and iOS apps?,0,421,328,dev,hard
Quick question: how much electricity is necessary to charge the battery of bounce vehicle?,How much electricity is required to charge the battery of a Bounce vehicle?,1,422,422,train,positive
Quick question: how much electricity is necessary to charge the battery of bounce vehicle?,Is a pick-up store option better than having the shipment sent directly to me?,0,422,41,train,random
Quick question: how much electricity is necessary to charge the battery of bounce vehicle?,How much electricity is required to charge the battery of Ampere Magnus EX?,0,422,419,train,hard
how much electricity is necessitate charge battery of a bounce vehicle?,How much electricity is required to charge the battery of a Bounce vehicle?,1,422,422,train,positive
how much electricity is necessitate charge battery of a bounce vehicle?,When will I get the physical card?,0,422,454,train,random
how much electricity is necessitate charge battery of a bounce vehicle?,How much electricity is required to charge the battery of Ampere Magnus EX?,0,422,419,train,hard
how much electricity mandatory to charge the battery of a bounce vehicle? Thanks.,How much electricity is required to charge the battery of a Bounce vehicle?,1,422,422,dev,positive
how much electricity mandatory to charge the battery of a bounce vehicle? Thanks.,Can I foreclose my EMIs for products purchased using the 'Credit Card No Cost EMI' payment mode?,0,422,284,dev,random
how much electricity mandatory to charge the battery of a bounce vehicle? Thanks.,How much electricity is required to charge the battery of Ampere Magnus EX?,0,422,419,dev,hard
"Hi, what is the divergence between the supercoins price alternative usable on the product page and supercoin pay flipkart platform?",What is the difference between the Supercoins Price option available on the product page and SuperCoin Pay on Flipkart platform?,1,423,423,train,positive
"Hi, what is the divergence between the supercoins price alternative usable on the product page and supercoin pay flipkart platform?",How is Bajaj Finserv payment mode different from the credit card EMI payment mode?,0,423,29,train,random
"Hi, what is the divergence between the supercoins price alternative usable on the product page and supercoin pay flipkart platform?",What is 'SuperCoins Price'?,0,423,417,train,hard
Quick question: what is divergence between the supercoins price alternative usable on the product page and supercoin pay on flipkart platform?,What is the difference between the Supercoins Price option available on the product page and SuperCoin Pay on Flipkart platform?,1,423,423,train,positive
Quick question: what is divergence between the supercoins price alternative usable on the product page and supercoin pay on flipkart platform?,What is a refurbished product and how do I identify it on Flipkart?,0,423,179,train,random
Quick question: what is divergence between the supercoins price alternative usable on the product page and supercoin pay on flipkart platform?,How does Supercoin Pay feature work on Flipkart platform?,0,423,342,train,hard
what is the divergence between the supercoins price alternative accessible on the product page supercoin pay on flipkart platform? Thanks.,What is the difference between the Supercoins Price option available on the product page and SuperCoin Pay on Flipkart platform?,1,423,423,dev,positive
what is the divergence between the supercoins price alternative accessible on the product page supercoin pay on flipkart platform? Thanks.,What are 'SuperCoins Rewards' available on the SuperCoin Zone and how can I avail them?,0,423,405,dev,random
what is the divergence between the supercoins price alternative accessible on the product page supercoin pay on flipkart platform? Thanks.,How does Supercoin Pay feature work on Flipkart platform?,0,423,342,dev,hard
Quick question: how can i come a bajaj finserv emi scorecard?,How can I get a Bajaj Finserv EMI card?,1,424,424,train,positive
Quick question: how can i come a bajaj finserv emi scorecard?,There have been recent reports of batteries catching fire. How do I know that Ather products are safe?,0,424,437,train,random
Quick question: how can i come a bajaj finserv emi scorecard?,How can I foreclose my EMI with Bajaj Finserv?,0,424,439,train,hard
how can come a bajaj finserv emi scorecard? Any idea?,How can I get a Bajaj Finserv EMI card?,1,424,424,train,positive
how can come a bajaj finserv emi scorecard? Any idea?,When do SuperCoins expire?,0,424,390,train,random
how can come a bajaj finserv emi scorecard? Any idea?,How can I foreclose my EMI with Bajaj Finserv?,0,424,439,train,hard
how can i bring a bajaj finserv emi scorecard?,How can I get a Bajaj Finserv EMI card?,1,424,424,dev,positive
how can i bring a bajaj finserv emi scorecard?,Will I get the option to test drive a Bounce 2-wheeler? How many times will I be allowed to take a test drive in the same order?,0,424,295,dev,random
how can i bring a bajaj finserv emi scorecard?,How can I foreclose my EMI with Bajaj Finserv?,0,424,439,dev,hard
the alternative bargain a hero motocorp 2 wheeler not usable at pincode i do?,The option to buy a Hero MotoCorp 2-wheeler is not available at my pincode. What should I do?,1,425,425,train,positive
the alternative bargain a hero motocorp 2 wheeler not usable at pincode i do?,What is the warranty being offered by Bounce?,0,425,338,train,random
the alternative bargain a hero motocorp 2 wheeler not usable at pincode i do?,Why is the option to buy a BGauss 2-wheeler not available at my pincode?,0,425,221,train,hard
the alternative steal a hero motocorp 2 wheeler not useable my pincode what should i do?,The option to buy a Hero MotoCorp 2-wheeler is not available at my pincode. What should I do?,1,425,425,train,positive
the alternative steal a hero motocorp 2 wheeler not useable my pincode what should i do?,What is Flipkart Plus program?,0,425,183,train,random
the alternative steal a hero motocorp 2 wheeler not useable my pincode what should i do?,Do I get a spare tyre with a Hero MotoCorp 2-wheeler?,0,425,468,train,hard
the alternative to steal a hero motocorp 2 wheeler not accessible at my pincode what should i do?,The option to buy a Hero MotoCorp 2-wheeler is not available at my pincode. What should I do?,1,425,425,dev,positive
the alternative to steal a hero motocorp 2 wheeler not accessible at my pincode what should i do?,Will I earn cashback if I have used someone else's Flipkart Axis Bank Credit Card?,0,425,344,dev,random
the alternative to steal a hero motocorp 2 wheeler not accessible at my pincode what should i do?,Why is the option to buy a BGauss 2-wheeler not available at my pincode?,0,425,221,dev,hard
how supercoins price compute?,How is 'SuperCoins Price' calculated?,1,426,426,train,positive
how supercoins price compute?,I did not get an OTP while paying through the 'Credit Card No Cost EMI' payment mode. What should I do?,0,426,485,train,random
how supercoins price compute?,What is 'SuperCoins Price'?,0,426,417,train,hard
"Hi, how is supercoins price estimate?",How is 'SuperCoins Price' calculated?,1,426,426,train,positive
"Hi, how is supercoins price estimate?",What are the complete terms and conditions for 'SuperCoins Rewards'?,0,426,194,train,random
"Hi, how is supercoins price estimate?",What is 'SuperCoins Price'?,0,426,417,train,hard
Help needed: how is supercoins price compute?,How is 'SuperCoins Price' calculated?,1,426,426,dev,positive
Help needed: how is supercoins price compute?,Do I have to pay extra for items with the Plus badge?,0,426,190,dev,random
Help needed: how is supercoins price compute?,What is 'SuperCoins Price'?,0,426,417,dev,hard
"Hi, what can i purchase utilize flipkart axis bank credit card?",What can I purchase using Flipkart Axis Bank Credit Card?,1,427,427,train,positive
"Hi, what can i purchase utilize flipkart axis bank credit card?",How does Flipkart prevent card fraud?,0,427,412,train,random
"Hi, what can i purchase utilize flipkart axis bank credit card?",What is Flipkart Axis Bank Credit Card?,0,427,400,train,hard
Could you tell me what i purchase utilize flipkart axis bank credit card?,What can I purchase using Flipkart Axis Bank Credit Card?,1,427,427,train,positive
Could you tell me what i purchase utilize flipkart axis bank credit card?,What are the cities/states that have third-party partner stores to redeem the SuperCoin Pay feature?,0,427,316,train,random
Could you tell me what i purchase utilize flipkart axis bank credit card?,What is Flipkart Axis Bank Credit Card?,0,427,400,train,hard
what can i purchase use flipkart axis bank credit card? Thanks.,What can I purchase using Flipkart Axis Bank Credit Card?,1,427,427,dev,positive
what can i purchase use flipkart axis bank credit card? Thanks.,How can I redeem 'SuperCoins Rewards'?,0,427,438,dev,random
what can i purchase use flipkart axis bank credit card? Thanks.,What is Flipkart Axis Bank Credit Card?,0,427,400,dev,hard
Quick question: how lengthy does the ampere magnus ex s battery last?,How long does the Ampere Magnus EX's battery last?,1,428,428,train,positive
Quick question: how lengthy does the ampere magnus ex s battery last?,What is the advantage of buying a Hero MotoCorp 2-wheeler vehicle through Flipkart?,0,428,38,train,random
Quick question: how lengthy does the ampere magnus ex s battery last?,How quickly does the battery for Ampere Magnus EX charge again?,0,428,476,train,hard
Could you tell me how prolonged does the ampere magnus ex s battery last?,How long does the Ampere Magnus EX's battery last?,1,428,428,train,positive
Could you tell me how prolonged does the ampere magnus ex s battery last?,In which cities can the purchase of Ampere Magnus EX be made?,0,428,172,train,random
Could you tell me how prolonged does the ampere magnus ex s battery last?,How quickly does the battery for Ampere Magnus EX charge again?,0,428,476,train,hard
how lengthy does the ampere magnus ex s battery last? Thanks.,How long does the Ampere Magnus EX's battery last?,1,428,428,dev,positive
how lengthy does the ampere magnus ex s battery last? Thanks.,Why do I see different prices for the same product?,0,428,184,dev,random
how lengthy does the ampere magnus ex s battery last? Thanks.,How quickly does the battery for Ampere Magnus EX charge again?,0,428,476,dev,hard
is the warranty being provide by flipkart for bounce 2 wheelers?,Is the warranty being offered by Flipkart for Bounce 2-wheelers?,1,429,429,train,positive
is the warranty being provide by flipkart for bounce 2 wheelers?,How long does the battery last for BGauss 2-wheelers?,0,429,297,train,random
is the warranty being provide by flipkart for bounce 2 wheelers?,Is the warranty of Ather 2-wheelers being offered by Flipkart?,0,429,435,train,hard
Help needed: is the warranty being provide by flipkart for bounce 2 wheelers?,Is the warranty being offered by Flipkart for Bounce 2-wheelers?,1,429,429,train,positive
Help needed: is the warranty being provide by flipkart for bounce 2 wheelers?,How can I unlink a Gift Card which is added to my wallet?,0,429,13,train,random
Help needed: is the warranty being provide by flipkart for bounce 2 wheelers?,Is the warranty of Ather 2-wheelers being offered by Flipkart?,0,429,435,train,hard
Could you tell me is the warranty being provide by flipkart for bounce 2 wheelers?,Is the warranty being offered by Flipkart for Bounce 2-wheelers?,1,429,429,dev,positive
Could you tell me is the warranty being provide by flipkart for bounce 2 wheelers?,How can I get a Bajaj Finserv EMI card?,0,429,424,dev,random
Could you tell me is the warranty being provide by flipkart for bounce 2 wheelers?,Is the warranty of Ather 2-wheelers being offered by Flipkart?,0,429,435,dev,hard
can i transfer ownership of my flipkart axis bank credit card? Any idea?,Can I transfer ownership of my Flipkart Axis Bank Credit Card?,1,430,430,train,positive
can i transfer ownership of my flipkart axis bank credit card? Any idea?,How quickly can I get my order delivered?,0,430,226,train,random
can i transfer ownership of my flipkart axis bank credit card? Any idea?,What is Flipkart Axis Bank Credit Card?,0,430,400,train,hard
"Hi, can transfer ownership of my flipkart axis bank credit card?",Can I transfer ownership of my Flipkart Axis Bank Credit Card?,1,430,430,train,positive
"Hi, can transfer ownership of my flipkart axis bank credit card?",Where can I find the code for the rewards claimed as part of the Cash and Coins for Rewards?,0,430,420,train,random
"Hi, can transfer ownership of my flipkart axis bank credit card?",What is Flipkart Axis Bank Credit Card?,0,430,400,train,hard
"Hi, can transfer ownership flipkart axis bank credit card?",Can I transfer ownership of my Flipkart Axis Bank Credit Card?,1,430,430,dev,positive
"Hi, can transfer ownership flipkart axis bank credit card?",What do the different order statuses in 'My Orders' mean?,0,430,283,dev,random
"Hi, can transfer ownership flipkart axis bank credit card?",What is Flipkart Axis Bank Credit Card?,0,430,400,dev,hard
Quick question: how refurbished products categorised flipkart?,How are refurbished products categorised on Flipkart?,1,431,431,train,positive
Quick question: how refurbished products categorised flipkart?,How can I apply for Flipkart Axis Bank Credit Card? Am I eligible for the card?,0,431,61,train,random
Quick question: how refurbished products categorised flipkart?,How will I claim warranty for refurbished products?,0,431,74,train,hard
how refurbished products categorised on flipkart?,How are refurbished products categorised on Flipkart?,1,431,431,train,positive
how refurbished products categorised on flipkart?,"My order has reached the nearest delivery hub, but why isn't it out for delivery yet?",0,431,113,train,random
how refurbished products categorised on flipkart?,How will I claim warranty for refurbished products?,0,431,74,train,hard
Help needed: how are refurbished products categorised on flipkart?,How are refurbished products categorised on Flipkart?,1,431,431,dev,positive
Help needed: how are refurbished products categorised on flipkart?,How long does it take to cancel an order?,0,431,112,dev,random
Help needed: how are refurbished products categorised on flipkart?,How are prices of refurbished products decided?,0,431,466,dev,hard
how i see the provide in supercoin zone? Thanks.,How do I find the offers in SuperCoin Zone?,1,432,432,train,positive
how i see the provide in supercoin zone? Thanks.,What date does the warranty service apply for my refurbished product purchased on Flipkart?,0,432,82,train,random
how i see the provide in supercoin zone? Thanks.,What is SuperCoin Zone?,0,432,450,train,hard
how do get the provide in supercoin zone?,How do I find the offers in SuperCoin Zone?,1,432,432,train,positive
how do get the provide in supercoin zone?,Who are all eligible for this GSTIN feature?,0,432,84,train,random
how do get the provide in supercoin zone?,What is SuperCoin Zone?,0,432,450,train,hard
how do i obtain the provide in supercoin zone? Thanks.,How do I find the offers in SuperCoin Zone?,1,432,432,dev,positive
how do i obtain the provide in supercoin zone? Thanks.,Why do I see a Return fee applicable to the order?,0,432,188,dev,random
how do i obtain the provide in supercoin zone? Thanks.,What is SuperCoin Zone?,0,432,450,dev,hard
how can i foreclose my emi for an item i purchase utilize credit card no cost emi?,How can I foreclose my EMI for an item I bought using the 'Credit Card No Cost EMI'?,1,433,433,train,positive
how can i foreclose my emi for an item i purchase utilize credit card no cost emi?,What is the credit limit on the 'Credit Card No Cost EMI' card for shopping on Flipkart?,0,433,370,train,random
how can i foreclose my emi for an item i purchase utilize credit card no cost emi?,What is 'Credit Card No Cost EMI'?,0,433,266,train,hard
Help needed: how i foreclose my emi for an item i purchase use the credit card no cost emi?,How can I foreclose my EMI for an item I bought using the 'Credit Card No Cost EMI'?,1,433,433,train,positive
Help needed: how i foreclose my emi for an item i purchase use the credit card no cost emi?,How can I order for large quantities of the product as part of a corporate order?,0,433,397,train,random
Help needed: how i foreclose my emi for an item i purchase use the credit card no cost emi?,What is 'Credit Card No Cost EMI'?,0,433,266,train,hard
Quick question: how can foreclose my emi for item purchase use the credit card no cost emi?,How can I foreclose my EMI for an item I bought using the 'Credit Card No Cost EMI'?,1,433,433,dev,positive
Quick question: how can foreclose my emi for item purchase use the credit card no cost emi?,What charging options are available with BGauss 2-wheelers?,0,433,410,dev,random
Quick question: how can foreclose my emi for item purchase use the credit card no cost emi?,What is 'Credit Card No Cost EMI'?,0,433,266,dev,hard
Help needed: what accessories will furnish with magnus ex?,What accessories will be provided with Magnus EX?,1,434,434,train,positive
Help needed: what accessories will furnish with magnus ex?,What can I do if the balance in my wallet is not enough to pay for my order?,0,434,69,train,random
Help needed: what accessories will furnish with magnus ex?,What accessories will be part of Ather 2-wheelers. Do I have to pay separately for accessories?,0,434,207,train,hard
"Hi, what accessories will furnish with magnus ex?",What accessories will be provided with Magnus EX?,1,434,434,train,positive
"Hi, what accessories will furnish with magnus ex?",How do returns work?,0,434,351,train,random
"Hi, what accessories will furnish with magnus ex?",What accessories will be part of Ather 2-wheelers. Do I have to pay separately for accessories?,0,434,207,train,hard
what accessories will be furnish with magnus ex? Any idea?,What accessories will be provided with Magnus EX?,1,434,434,dev,positive
what accessories will be furnish with magnus ex? Any idea?,Can I cancel the order that I paced by redeeming SuperCoin through the SuperCoin Pay feature?,0,434,16,dev,random
what accessories will be furnish with magnus ex? Any idea?,What accessories will be part of Ather 2-wheelers. Do I have to pay separately for accessories?,0,434,207,dev,hard
is the warranty of ather 2 wheelers being provide by flipkart?,Is the warranty of Ather 2-wheelers being offered by Flipkart?,1,435,435,train,positive
is the warranty of ather 2 wheelers being provide by flipkart?,What will happen if BGauss brand authorised dealer who will contact me is very far from my location?,0,435,443,train,random
is the warranty of ather 2 wheelers being provide by flipkart?,Is the warranty for BGauss 2-wheelers being offered by Flipkart?,0,435,441,train,hard
is the warranty ather 2 wheelers being provide flipkart? Any idea?,Is the warranty of Ather 2-wheelers being offered by Flipkart?,1,435,435,train,positive
is the warranty ather 2 wheelers being provide flipkart? Any idea?,What do the different order statuses in 'My Orders' mean?,0,435,283,train,random
is the warranty ather 2 wheelers being provide flipkart? Any idea?,Is the warranty for BGauss 2-wheelers being offered by Flipkart?,0,435,441,train,hard
is the warranty of ather 2 wheelers being provide flipkart? Any idea?,Is the warranty of Ather 2-wheelers being offered by Flipkart?,1,435,435,dev,positive
is the warranty of ather 2 wheelers being provide flipkart? Any idea?,How do I save my card(s) on Flipkart?,0,435,272,dev,random
is the warranty of ather 2 wheelers being provide flipkart? Any idea?,Is the warranty for BGauss 2-wheelers being offered by Flipkart?,0,435,441,dev,hard
Quick question: do i want to create a out payment buy item utilize the bajaj finserv emi payment mode?,Do I need to make a down payment to buy an item using the Bajaj Finserv EMI payment mode?,1,436,436,train,positive
Quick question: do i want to create a out payment buy item utilize the bajaj finserv emi payment mode?,Can I buy all the listed rewards using prepaid mode of payment and by redeeming SuperCoins as part Cash and Coins for Rewards?,0,436,483,train,random
Quick question: do i want to create a out payment buy item utilize the bajaj finserv emi payment mode?,What is Bajaj Finserv payment mode?,0,436,340,train,hard
do i want to get a out payment to buy an item use the bajaj finserv emi payment mode?,Do I need to make a down payment to buy an item using the Bajaj Finserv EMI payment mode?,1,436,436,train,positive
do i want to get a out payment to buy an item use the bajaj finserv emi payment mode?,How secure is the payment through SuperCoin Pay?,0,436,296,train,random
do i want to get a out payment to buy an item use the bajaj finserv emi payment mode?,Do I need to make a down payment to buy an item using the 'Credit Card No Cost EMI' payment mode?,0,436,463,train,hard
do i ask to get a out payment to buy item utilize the bajaj finserv emi payment mode? Any idea?,Do I need to make a down payment to buy an item using the Bajaj Finserv EMI payment mode?,1,436,436,dev,positive
do i ask to get a out payment to buy item utilize the bajaj finserv emi payment mode? Any idea?,In which all cities can I purchase a Bounce 2-wheeler?,0,436,371,dev,random
do i ask to get a out payment to buy item utilize the bajaj finserv emi payment mode? Any idea?,Can I get the refund for the item to any other mode if I have paid using the Bajaj Finserv payment option?,0,436,311,dev,hard
Help needed: there have been past reports of batteries spotting burn how do i know ather products dependable?,There have been recent reports of batteries catching fire. How do I know that Ather products are safe?,1,437,437,train,positive
Help needed: there have been past reports of batteries spotting burn how do i know ather products dependable?,How is my EMI debited?,0,437,409,train,random
Help needed: there have been past reports of batteries spotting burn how do i know ather products dependable?,How do I know my order has been confirmed?,0,437,76,train,hard
Quick question: there have been past reports batteries spotting flame how do i know that ather products are dependable?,There have been recent reports of batteries catching fire. How do I know that Ather products are safe?,1,437,437,train,positive
Quick question: there have been past reports batteries spotting flame how do i know that ather products are dependable?,Why do I see different prices for books with the same title?,0,437,52,train,random
Quick question: there have been past reports batteries spotting flame how do i know that ather products are dependable?,How do I know my order has been confirmed?,0,437,76,train,hard
Could you tell me there have been past reports of batteries spotting flame how do i know ather products are dependable?,There have been recent reports of batteries catching fire. How do I know that Ather products are safe?,1,437,437,dev,positive
Could you tell me there have been past reports of batteries spotting flame how do i know ather products are dependable?,Can I drop off an item I want to return at the pick-up store?,0,437,48,dev,random
Could you tell me there have been past reports of batteries spotting flame how do i know ather products are dependable?,How do I know my order has been confirmed?,0,437,76,dev,hard
Could you tell me how i redeem supercoins rewards?,How can I redeem 'SuperCoins Rewards'?,1,438,438,train,positive
Could you tell me how i redeem supercoins rewards?,"If I request for a replacement, when will I get it?",0,438,32,train,random
Could you tell me how i redeem supercoins rewards?,"Some of my SuperCoins are expiring, how can I redeem them?",0,438,71,train,hard
how i redeem supercoins rewards?,How can I redeem 'SuperCoins Rewards'?,1,438,438,train,positive
how i redeem supercoins rewards?,Why can't I get some items shipped to my location?,0,438,137,train,random
how i redeem supercoins rewards?,"Some of my SuperCoins are expiring, how can I redeem them?",0,438,71,train,hard
how can redeem supercoins rewards?,How can I redeem 'SuperCoins Rewards'?,1,438,438,dev,positive
how can redeem supercoins rewards?,How is the Return Fee determined?,0,438,317,dev,random
how can redeem supercoins rewards?,"Some of my SuperCoins are expiring, how can I redeem them?",0,438,71,dev,hard
how can i foreclose my emi bajaj finserv? Thanks.,How can I foreclose my EMI with Bajaj Finserv?,1,439,439,train,positive
how can i foreclose my emi bajaj finserv? Thanks.,How can I trust that the groceries that will be delivered are quality checked and fresh?,0,439,20,train,random
how can i foreclose my emi bajaj finserv? Thanks.,How can I get a Bajaj Finserv EMI card?,0,439,424,train,hard
Help needed: how can i foreclose my emi bajaj finserv?,How can I foreclose my EMI with Bajaj Finserv?,1,439,439,train,positive
Help needed: how can i foreclose my emi bajaj finserv?,How secure is the payment through SuperCoin Pay?,0,439,296,train,random
Help needed: how can i foreclose my emi bajaj finserv?,How can I get a Bajaj Finserv EMI card?,0,439,424,train,hard
how can i foreclose my emi with bajaj finserv? Thanks.,How can I foreclose my EMI with Bajaj Finserv?,1,439,439,dev,positive
how can i foreclose my emi with bajaj finserv? Thanks.,What can I purchase using Flipkart Axis Bank Credit Card?,0,439,427,dev,random
how can i foreclose my emi with bajaj finserv? Thanks.,How can I get a Bajaj Finserv EMI card?,0,439,424,dev,hard
what will befall if ather marque accredited dealer who liaison me is really furthest from my location? Thanks.,What will happen if Ather brand authorised dealer who will contact me is very far from my location?,1,440,440,train,positive
what will befall if ather marque accredited dealer who liaison me is really furthest from my location? Thanks.,"Can I change the mode of payment, once I have placed a Flipkart Quick order?",0,440,364,train,random
what will befall if ather marque accredited dealer who liaison me is really furthest from my location? Thanks.,"If I cancel or return an item from my order, what will happen to my 'On the way' SuperCoins?",0,440,195,train,hard
Could you tell me what will befall if ather marque accredited dealer who will liaison really furthest from my location?,What will happen if Ather brand authorised dealer who will contact me is very far from my location?,1,440,440,train,positive
Could you tell me what will befall if ather marque accredited dealer who will liaison really furthest from my location?,What are the documents required for the entire process of buying an Ather 2-wheeler on Flipkart?,0,440,285,train,random
Could you tell me what will befall if ather marque accredited dealer who will liaison really furthest from my location?,"If I cancel or return an item from my order, what will happen to my 'On the way' SuperCoins?",0,440,195,train,hard
Help needed: what will materialize ather marque accredited dealer who will touch me is really furthest location?,What will happen if Ather brand authorised dealer who will contact me is very far from my location?,1,440,440,dev,positive
Help needed: what will materialize ather marque accredited dealer who will touch me is really furthest location?,I ordered a wrong item. Can I return it?,0,440,244,dev,random
Help needed: what will materialize ather marque accredited dealer who will touch me is really furthest location?,Will Ather cross-sell/up sell when I visit the brand authorised dealer?,0,440,309,dev,hard
Help needed: is the warranty bgauss 2 wheelers being provide by flipkart?,Is the warranty for BGauss 2-wheelers being offered by Flipkart?,1,441,441,train,positive
Help needed: is the warranty bgauss 2 wheelers being provide by flipkart?,How much electricity is required to charge the battery of a BGauss vehicle?,0,441,320,train,random
Help needed: is the warranty bgauss 2 wheelers being provide by flipkart?,Is the warranty of Ather 2-wheelers being offered by Flipkart?,0,441,435,train,hard
Could you tell me is the warranty for bgauss 2 wheelers being provide by flipkart?,Is the warranty for BGauss 2-wheelers being offered by Flipkart?,1,441,441,train,positive
Could you tell me is the warranty for bgauss 2 wheelers being provide by flipkart?,How can I use a new email address to log in to my Flipkart account?,0,441,75,train,random
Could you tell me is the warranty for bgauss 2 wheelers being provide by flipkart?,Is the warranty of Ather 2-wheelers being offered by Flipkart?,0,441,435,train,hard
Help needed: is the warranty for bgauss 2 wheelers being provide by flipkart?,Is the warranty for BGauss 2-wheelers being offered by Flipkart?,1,441,441,dev,positive
Help needed: is the warranty for bgauss 2 wheelers being provide by flipkart?,Can I scan any QR code in the store to initiate the payment for an order using SuperCoin Pay feature?,0,441,403,dev,random
Help needed: is the warranty for bgauss 2 wheelers being provide by flipkart?,Is the warranty of Ather 2-wheelers being offered by Flipkart?,0,441,435,dev,hard
for how lasting is a payment code as component supercoin pay legitimate once it engender?,For how long is a payment code as a part of SuperCoin Pay valid once it is generated?,1,442,442,train,positive
for how lasting is a payment code as component supercoin pay legitimate once it engender?,Do I get a spare tyre with a Hero MotoCorp 2-wheeler?,0,442,468,train,random
for how lasting is a payment code as component supercoin pay legitimate once it engender?,What does it mean if a store displays a SuperCoin Pay QR code?,0,442,6,train,hard
Help needed: for how prolonged is a payment code as component of supercoin pay legitimate once it engender?,For how long is a payment code as a part of SuperCoin Pay valid once it is generated?,1,442,442,train,positive
Help needed: for how prolonged is a payment code as component of supercoin pay legitimate once it engender?,Can I get the refund for the item through any other mode if I have paid using the 'Credit Card No Cost EMI' payment option?,0,442,343,train,random
Help needed: for how prolonged is a payment code as component of supercoin pay legitimate once it engender?,What does it mean if a store displays a SuperCoin Pay QR code?,0,442,6,train,hard
for how prolonged is a payment code as a component supercoin pay legitimate once it is engender? Thanks.,For how long is a payment code as a part of SuperCoin Pay valid once it is generated?,1,442,442,dev,positive
for how prolonged is a payment code as a component supercoin pay legitimate once it is engender? Thanks.,What date does the warranty service apply for my refurbished product purchased on Flipkart?,0,442,82,dev,random
for how prolonged is a payment code as a component supercoin pay legitimate once it is engender? Thanks.,What does it mean if a store displays a SuperCoin Pay QR code?,0,442,6,dev,hard
what befall if bgauss marque accredited dealer who will liaison is really furthest from my location? Thanks.,What will happen if BGauss brand authorised dealer who will contact me is very far from my location?,1,443,443,train,positive
what befall if bgauss marque accredited dealer who will liaison is really furthest from my location? Thanks.,How can I use the earnings?,0,443,445,train,random
what befall if bgauss marque accredited dealer who will liaison is really furthest from my location? Thanks.,"If I cancel or return an item from my order, what will happen to my 'On the way' SuperCoins?",0,443,195,train,hard
"Hi, what will materialize bgauss marque accredited dealer who will touch me is really furthest from my location?",What will happen if BGauss brand authorised dealer who will contact me is very far from my location?,1,443,443,train,positive
"Hi, what will materialize bgauss marque accredited dealer who will touch me is really furthest from my location?",How do I contact Ather for 2-wheeler related queries?,0,443,492,train,random
"Hi, what will materialize bgauss marque accredited dealer who will touch me is really furthest from my location?",Will BGauss cross-sell/upsell when I visit the brand authorised dealer?,0,443,359,train,hard
Could you tell me what will materialize bgauss marque accredited dealer who will liaison me is really furthest from my location?,What will happen if BGauss brand authorised dealer who will contact me is very far from my location?,1,443,443,dev,positive
Could you tell me what will materialize bgauss marque accredited dealer who will liaison me is really furthest from my location?,"Will my product be installed by the brand or Flipkart? If it is installed by Flipkart, will it affect the warranty of the product?",0,443,138,dev,random
Could you tell me what will materialize bgauss marque accredited dealer who will liaison me is really furthest from my location?,Is it necessary for me to be registered with the same contact number at the third-party partner store for me to use SuperCoin Pay feature?,0,443,456,dev,hard
Help needed: is it indispensable to register on twid innotarget fashalot retail private limited at the third party partner store to employ supercoin pay boast?,Is it necessary to register on Twid (INNOTARGET FASHALOT RETAIL PRIVATE LIMITED) or at the third-party partner store to use SuperCoin Pay feature?,1,444,444,train,positive
Help needed: is it indispensable to register on twid innotarget fashalot retail private limited at the third party partner store to employ supercoin pay boast?,What are the cities/states that have third-party partner stores to redeem the SuperCoin Pay feature?,0,444,316,train,random
Help needed: is it indispensable to register on twid innotarget fashalot retail private limited at the third party partner store to employ supercoin pay boast?,Is it necessary for me to be registered with the same contact number at the third-party partner store for me to use SuperCoin Pay feature?,0,444,456,train,hard
is it essential to register twid innotarget fashalot retail private limited or at third party partner store utilize supercoin pay boast?,Is it necessary to register on Twid (INNOTARGET FASHALOT RETAIL PRIVATE LIMITED) or at the third-party partner store to use SuperCoin Pay feature?,1,444,444,train,positive
is it essential to register twid innotarget fashalot retail private limited or at third party partner store utilize supercoin pay boast?,What is the amount I can shop for with Cash on Delivery payment option?,0,444,210,train,random
is it essential to register twid innotarget fashalot retail private limited or at third party partner store utilize supercoin pay boast?,Can I make the payment through cash or UPI payment mode to avail benefits as part of SuperCoin Pay at a third-party partner store?,0,444,406,train,hard
Could you tell me is requisite to register on twid innotarget fashalot retail private limited or at third party partner store to utilize supercoin pay boast?,Is it necessary to register on Twid (INNOTARGET FASHALOT RETAIL PRIVATE LIMITED) or at the third-party partner store to use SuperCoin Pay feature?,1,444,444,dev,positive
Could you tell me is requisite to register on twid innotarget fashalot retail private limited or at third party partner store to utilize supercoin pay boast?,Can I cancel my EMI after I've placed the order using the Bajaj Finserv payment option?,0,444,104,dev,random
Could you tell me is requisite to register on twid innotarget fashalot retail private limited or at third party partner store to utilize supercoin pay boast?,Is it necessary for me to be registered with the same contact number at the third-party partner store for me to use SuperCoin Pay feature?,0,444,456,dev,hard
how can i usage profit?,How can I use the earnings?,1,445,445,train,positive
how can i usage profit?,Is a pick-up store option better than having the shipment sent directly to me?,0,445,41,train,random
how can i usage profit?,How can I pay for my order?,0,445,302,train,hard
Could you tell me how i employ net?,How can I use the earnings?,1,445,445,train,positive
Could you tell me how i employ net?,Can I reject the Flipkart Quick order at the time of delivery?,0,445,161,train,random
Could you tell me how i employ net?,My Gift Card has expired. Can you extend its validity?,0,445,366,train,hard
how can utilize the profit? Thanks.,How can I use the earnings?,1,445,445,dev,positive
how can utilize the profit? Thanks.,There have been recent reports of batteries catching fire. How do I know that Ather products are safe?,0,445,437,dev,random
how can utilize the profit? Thanks.,How can I pay for my order?,0,445,302,dev,hard
what will occur ampere accredited trader who will liaison me is really furthest from location? Any idea?,What will happen if the Ampere authorised dealer who will contact me is very far from my location?,1,446,446,train,positive
what will occur ampere accredited trader who will liaison me is really furthest from location? Any idea?,I want to check my warranty details for the product but I don't have the warranty card. What should I do?,0,446,146,train,random
what will occur ampere accredited trader who will liaison me is really furthest from location? Any idea?,Will Flipkart deliver Ampere Magnus EX to my home?,0,446,470,train,hard
Quick question: what befall if the ampere accredited trader will liaison me is really furthest from my location?,What will happen if the Ampere authorised dealer who will contact me is very far from my location?,1,446,446,train,positive
Quick question: what befall if the ampere accredited trader will liaison me is really furthest from my location?,"My payment from the 'Bajaj Finserv No Cost EMI' payment mode did not go through, but the amount has been blocked on my card. What should I do?",0,446,499,train,random
Quick question: what befall if the ampere accredited trader will liaison me is really furthest from my location?,"If I cancel or return an item from my order, what will happen to my 'On the way' SuperCoins?",0,446,195,train,hard
"Hi, what will materialize the ampere accredited trader who will liaison me is really furthest from my location?",What will happen if the Ampere authorised dealer who will contact me is very far from my location?,1,446,446,dev,positive
"Hi, what will materialize the ampere accredited trader who will liaison me is really furthest from my location?",What happens to the unused balance in my Gift Card after it expires?,0,446,357,dev,random
"Hi, what will materialize the ampere accredited trader who will liaison me is really furthest from my location?",Will Flipkart deliver Ampere Magnus EX to my home?,0,446,470,dev,hard
what supercoin pay boast?,What is SuperCoin Pay feature?,1,447,447,train,positive
what supercoin pay boast?,What all card information does Flipkart store?,0,447,376,train,random
what supercoin pay boast?,What are in-app offers for SuperCoin Pay?,0,447,222,train,hard
Could you tell me what supercoin pay boast?,What is SuperCoin Pay feature?,1,447,447,train,positive
Could you tell me what supercoin pay boast?,The option to buy a Hero MotoCorp 2-wheeler is not available at my pincode. What should I do?,0,447,425,train,random
Could you tell me what supercoin pay boast?,Is it necessary for me to be registered with the same contact number at the third-party partner store for me to use SuperCoin Pay feature?,0,447,456,train,hard
"Hi, what is supercoin pay boast?",What is SuperCoin Pay feature?,1,447,447,dev,positive
"Hi, what is supercoin pay boast?","I'm getting an error message that says, 'You've exceeded the maximum number of attempts to enter correct verification code'. How can I log in to my Flipkart account now?",0,447,232,dev,random
"Hi, what is supercoin pay boast?",What is SuperCoin Zone?,0,447,450,dev,hard
will the card number and cvv stay the same for both the physical and virtual card?,Will the card number and CVV remain the same for both the physical and the virtual card?,1,448,448,train,positive
will the card number and cvv stay the same for both the physical and virtual card?,Why is my preferred store not showing up for SuperCoin Pay on the Flipkart app?,0,448,173,train,random
will the card number and cvv stay the same for both the physical and virtual card?,I want to know the CVV number on the card?,0,448,254,train,hard
"Hi, will the card number cvv continue the same for both the physical and the virtual card?",Will the card number and CVV remain the same for both the physical and the virtual card?,1,448,448,train,positive
"Hi, will the card number cvv continue the same for both the physical and the virtual card?",How does Flipkart prevent card fraud?,0,448,412,train,random
"Hi, will the card number cvv continue the same for both the physical and the virtual card?",I want to know the CVV number on the card?,0,448,254,train,hard
will the card number cvv continue same for both the physical and the virtual card?,Will the card number and CVV remain the same for both the physical and the virtual card?,1,448,448,dev,positive
will the card number cvv continue same for both the physical and the virtual card?,Do I have to return the freebie when I return a product?,0,448,230,dev,random
will the card number cvv continue same for both the physical and the virtual card?,I want to know the CVV number on the card?,0,448,254,dev,hard
"Hi, what occur if the bounce accredited trader who touch me is really furthest from my location?",What will happen if the Bounce authorised dealer who will contact me is very far from my location?,1,449,449,train,positive
"Hi, what occur if the bounce accredited trader who touch me is really furthest from my location?",What is the process after paying the ex-showroom price for a Bounce 2-wheeler on Flipkart?,0,449,22,train,random
"Hi, what occur if the bounce accredited trader who touch me is really furthest from my location?",Why is the 'Cash on Delivery' payment mode not available at my location?,0,449,17,train,hard
Help needed: what will occur if the bounce accredited trader who will liaison is really furthest from my location?,What will happen if the Bounce authorised dealer who will contact me is very far from my location?,1,449,449,train,positive
Help needed: what will occur if the bounce accredited trader who will liaison is really furthest from my location?,Can refurbished products be searched by their product name?,0,449,401,train,random
Help needed: what will occur if the bounce accredited trader who will liaison is really furthest from my location?,"If I cancel or return an item from my order, what will happen to my 'On the way' SuperCoins?",0,449,195,train,hard
"Hi, what occur if bounce accredited trader who will liaison is really furthest from my location?",What will happen if the Bounce authorised dealer who will contact me is very far from my location?,1,449,449,dev,positive
"Hi, what occur if bounce accredited trader who will liaison is really furthest from my location?","I am able to see some 'SuperCoins Rewards', but why am I not able to buy them?",0,449,95,dev,random
"Hi, what occur if bounce accredited trader who will liaison is really furthest from my location?","If I cancel or return an item from my order, what will happen to my 'On the way' SuperCoins?",0,449,195,dev,hard
what supercoin zone? Thanks.,What is SuperCoin Zone?,1,450,450,train,positive
what supercoin zone? Thanks.,Do I need to have a driving license to ride Ampere Magnus EX?,0,450,386,train,random
what supercoin zone? Thanks.,What is Plus Zone?,0,450,225,train,hard
Quick question: what is supercoin zone?,What is SuperCoin Zone?,1,450,450,train,positive
Quick question: what is supercoin zone?,Can I choose the number of SuperCoins that can be redeemed for a purchase as part of Cash and Coins for Rewards program?,0,450,399,train,random
Quick question: what is supercoin zone?,What is Plus Zone?,0,450,225,train,hard
what is supercoin zone? Thanks.,What is SuperCoin Zone?,1,450,450,dev,positive
what is supercoin zone? Thanks.,Why is the refurbished category not visible for me on my Flipkart app?,0,450,193,dev,random
what is supercoin zone? Thanks.,What is Plus Zone?,0,450,225,dev,hard
"Hi, if have preserved card on flipkart will i be able utilization a new card for my next payment?","If I have a saved card on Flipkart, will I be able to use a new card for my next payment?",1,451,451,train,positive
"Hi, if have preserved card on flipkart will i be able utilization a new card for my next payment?",Why are faster delivery options not available at my location?,0,451,231,train,random
"Hi, if have preserved card on flipkart will i be able utilization a new card for my next payment?",Can I get a new Gift Card for the remaining balance if my Gift Card has expired?,0,451,375,train,hard
if i have a preserved card on flipkart will i be able apply a new card for my next payment?,"If I have a saved card on Flipkart, will I be able to use a new card for my next payment?",1,451,451,train,positive
if i have a preserved card on flipkart will i be able apply a new card for my next payment?,What is the advantage of buying a Bounce 2-wheeler on Flipkart?,0,451,134,train,random
if i have a preserved card on flipkart will i be able apply a new card for my next payment?,How can I apply for Flipkart Axis Bank Credit Card? Am I eligible for the card?,0,451,61,train,hard
if i have preserved card on flipkart will i be able to employ a new card for my next payment?,"If I have a saved card on Flipkart, will I be able to use a new card for my next payment?",1,451,451,dev,positive
if i have preserved card on flipkart will i be able to employ a new card for my next payment?,What is the process after paying the ex-showroom price for a BGauss 2-wheeler on Flipkart?,0,451,14,dev,random
if i have preserved card on flipkart will i be able to employ a new card for my next payment?,Can I get a new Gift Card for the remaining balance if my Gift Card has expired?,0,451,375,dev,hard
"Hi, what will materialize marque accredited dealer who will touch me is really furthest from my location?",What will happen if the brand authorised dealer who will contact me is very far from my location?,1,452,452,train,positive
"Hi, what will materialize marque accredited dealer who will touch me is really furthest from my location?",How long do I have to pick up my shipment from the pick-up store?,0,452,33,train,random
"Hi, what will materialize marque accredited dealer who will touch me is really furthest from my location?","If I cancel or return an item from my order, what will happen to my 'On the way' SuperCoins?",0,452,195,train,hard
what materialize if the marque accredited dealer will liaison is really furthest location?,What will happen if the brand authorised dealer who will contact me is very far from my location?,1,452,452,train,positive
what materialize if the marque accredited dealer will liaison is really furthest location?,How to know if my area has self pick-up service?,0,452,73,train,random
what materialize if the marque accredited dealer will liaison is really furthest location?,Why is the 'Cash on Delivery' payment mode not available at my location?,0,452,17,train,hard
what will materialize if marque accredited dealer who will liaison me is really furthest my location? Thanks.,What will happen if the brand authorised dealer who will contact me is very far from my location?,1,452,452,dev,positive
what will materialize if marque accredited dealer who will liaison me is really furthest my location? Thanks.,"I always login using my phone number, but I recently lost my phone. I have also forgotten the password to my Flipkart account. How do I access it?",0,452,246,dev,random
what will materialize if marque accredited dealer who will liaison me is really furthest my location? Thanks.,What will happen to the cashback if I return a product?,0,452,120,dev,hard
Could you tell me does gift card expire?,Does a Gift Card expire?,1,453,453,train,positive
Could you tell me does gift card expire?,I did not get the correct cashback as per my transactions on Flipkart. What should I do?,0,453,388,train,random
Could you tell me does gift card expire?,When do SuperCoins expire?,0,453,390,train,hard
Help needed: does a gift card expire?,Does a Gift Card expire?,1,453,453,train,positive
Help needed: does a gift card expire?,"If I request for a replacement, when will I get it?",0,453,32,train,random
Help needed: does a gift card expire?,When do SuperCoins expire?,0,453,390,train,hard
Quick question: does a gift card expire?,Does a Gift Card expire?,1,453,453,dev,positive
Quick question: does a gift card expire?,Can I buy more than one Ampere vehicle in my name/same Flipkart account?,0,453,19,dev,random
Quick question: does a gift card expire?,When do SuperCoins expire?,0,453,390,dev,hard
when will i come the physical scorecard? Thanks.,When will I get the physical card?,1,454,454,train,positive
when will i come the physical scorecard? Thanks.,"If I cancel or return an item from my order, will the SuperCoins credited be deducted?",0,454,24,train,random
when will i come the physical scorecard? Thanks.,Will the card number and CVV remain the same for both the physical and the virtual card?,0,454,448,train,hard
when will i come the physical scorecard? Any idea?,When will I get the physical card?,1,454,454,train,positive
when will i come the physical scorecard? Any idea?,I lost my warranty card. How can I get warranty?,0,454,98,train,random
when will i come the physical scorecard? Any idea?,Can I pay with any Credit card?,0,454,473,train,hard
when will i make physical scorecard?,When will I get the physical card?,1,454,454,dev,positive
when will i make physical scorecard?,How do I sign up for an extended warranty for my product?,0,454,106,dev,random
when will i make physical scorecard?,How do I make a payment using a saved card?,0,454,171,dev,hard
what charging alternative are accessible with ampere magnus ex is there a distinct cost relate with? Thanks.,What charging options are available with Ampere Magnus EX? Is there a separate cost associated with it?,1,455,455,train,positive
what charging alternative are accessible with ampere magnus ex is there a distinct cost relate with? Thanks.,Will Ather cross-sell/up sell when I visit the brand authorised dealer?,0,455,309,train,random
what charging alternative are accessible with ampere magnus ex is there a distinct cost relate with? Thanks.,What charging options are available with Ather 2-wheelers. Is there a separate cost associated with it?,0,455,62,train,hard
what charging alternative are accessible with ampere magnus ex a distinct cost relate it? Any idea?,What charging options are available with Ampere Magnus EX? Is there a separate cost associated with it?,1,455,455,train,positive
what charging alternative are accessible with ampere magnus ex a distinct cost relate it? Any idea?,How can I order for large quantities of the product as part of a corporate order?,0,455,397,train,random
what charging alternative are accessible with ampere magnus ex a distinct cost relate it? Any idea?,What charging options are available with Ather 2-wheelers. Is there a separate cost associated with it?,0,455,62,train,hard
what charging alternative are usable with ampere magnus ex is there a unconnected cost relate with? Any idea?,What charging options are available with Ampere Magnus EX? Is there a separate cost associated with it?,1,455,455,dev,positive
what charging alternative are usable with ampere magnus ex is there a unconnected cost relate with? Any idea?,"Some of my SuperCoins are expiring, how can I redeem them?",0,455,71,dev,random
what charging alternative are usable with ampere magnus ex is there a unconnected cost relate with? Any idea?,What charging options are available with Ather 2-wheelers. Is there a separate cost associated with it?,0,455,62,dev,hard
Help needed: is it indispensable me be certified the same touch number at the third party partner depot for me usage supercoin pay boast?,Is it necessary for me to be registered with the same contact number at the third-party partner store for me to use SuperCoin Pay feature?,1,456,456,train,positive
Help needed: is it indispensable me be certified the same touch number at the third party partner depot for me usage supercoin pay boast?,What is a pick-up store?,0,456,288,train,random
Help needed: is it indispensable me be certified the same touch number at the third party partner depot for me usage supercoin pay boast?,Which are the third-party partner stores where I can use SuperCoin Pay feature?,0,456,79,train,hard
Could you tell me is it essential for to be recorded with same touch number at the third party partner depot for me to utilize supercoin pay boast?,Is it necessary for me to be registered with the same contact number at the third-party partner store for me to use SuperCoin Pay feature?,1,456,456,train,positive
Could you tell me is it essential for to be recorded with same touch number at the third party partner depot for me to utilize supercoin pay boast?,How can I pay if the order amount is more than the value of my Gift Card?,0,456,402,train,random
Could you tell me is it essential for to be recorded with same touch number at the third party partner depot for me to utilize supercoin pay boast?,Is it necessary to register on Twid (INNOTARGET FASHALOT RETAIL PRIVATE LIMITED) or at the third-party partner store to use SuperCoin Pay feature?,0,456,444,train,hard
Help needed: is requisite for me to be certified with the same touch number the third party partner depot for apply supercoin pay boast?,Is it necessary for me to be registered with the same contact number at the third-party partner store for me to use SuperCoin Pay feature?,1,456,456,dev,positive
Help needed: is requisite for me to be certified with the same touch number the third party partner depot for apply supercoin pay boast?,How will I get my refund for returning an item I paid for using 'Cash on Delivery' mode?,0,456,251,dev,random
Help needed: is requisite for me to be certified with the same touch number the third party partner depot for apply supercoin pay boast?,Which are the third-party partner stores where I can use SuperCoin Pay feature?,0,456,79,dev,hard
how will i take the pin for the scorecard?,How will I get the PIN for the card?,1,457,457,train,positive
how will i take the pin for the scorecard?,How do I make a payment using a saved card?,0,457,171,train,random
how will i take the pin for the scorecard?,"I've lost my Gift Card PIN, what can I do?",0,457,304,train,hard
how will i find pin the scorecard? Any idea?,How will I get the PIN for the card?,1,457,457,train,positive
how will i find pin the scorecard? Any idea?,How can I place an order?,0,457,156,train,random
how will i find pin the scorecard? Any idea?,"I've lost my Gift Card PIN, what can I do?",0,457,304,train,hard
how will i find the pin the scorecard? Any idea?,How will I get the PIN for the card?,1,457,457,dev,positive
how will i find the pin the scorecard? Any idea?,How do I pay using Flipkart's credit card EMI option?,0,457,418,dev,random
how will i find the pin the scorecard? Any idea?,How do I find the offers in SuperCoin Zone?,0,457,432,dev,hard
"Hi, when and many times does ampere magnus ex necessitate servicing?",When and how many times does Ampere Magnus EX require servicing?,1,458,458,train,positive
"Hi, when and many times does ampere magnus ex necessitate servicing?",How will my order be delivered?,0,458,219,train,random
"Hi, when and many times does ampere magnus ex necessitate servicing?",When and how many times does a BGauss vehicle require servicing?,0,458,486,train,hard
when and how many times does ampere magnus ex involve servicing? Thanks.,When and how many times does Ampere Magnus EX require servicing?,1,458,458,train,positive
when and how many times does ampere magnus ex involve servicing? Thanks.,How can I return or exchange an item?,0,458,223,train,random
when and how many times does ampere magnus ex involve servicing? Thanks.,When and how many times does a BGauss vehicle require servicing?,0,458,486,train,hard
Could you tell me when and how many times does ampere magnus ex involve servicing?,When and how many times does Ampere Magnus EX require servicing?,1,458,458,dev,positive
Could you tell me when and how many times does ampere magnus ex involve servicing?,What are the benefits that a Flipkart Plus member gets?,0,458,218,dev,random
Could you tell me when and how many times does ampere magnus ex involve servicing?,When and how many times does a BGauss vehicle require servicing?,0,458,486,dev,hard
what supercoin milestones? Any idea?,What are SuperCoin Milestones?,1,459,459,train,positive
what supercoin milestones? Any idea?,How can I track my order for Ampere Magnus EX after completing my payment on Flipkart?,0,459,117,train,random
what supercoin milestones? Any idea?,How do I renew my benefits as part of SuperCoin Milestones?,0,459,208,train,hard
what supercoin milestones?,What are SuperCoin Milestones?,1,459,459,train,positive
what supercoin milestones?,"I always login using my phone number, but I recently lost my phone. I have also forgotten the password to my Flipkart account. How do I access it?",0,459,246,train,random
what supercoin milestones?,How do I renew my benefits as part of SuperCoin Milestones?,0,459,208,train,hard
Could you tell me what supercoin milestones?,What are SuperCoin Milestones?,1,459,459,dev,positive
Could you tell me what supercoin milestones?,I missed the delivery of my order today. What should I do?,0,459,57,dev,random
Could you tell me what supercoin milestones?,How do I renew my benefits as part of SuperCoin Milestones?,0,459,208,dev,hard
"Hi, can bargain rewards utilize only prepaid mode of payment and redemption supercoins as component of cash and coins for rewards plan?",Can I buy rewards using only prepaid mode of payment and redemption of SuperCoins as part of Cash and Coins for Rewards program?,1,460,460,train,positive
"Hi, can bargain rewards utilize only prepaid mode of payment and redemption supercoins as component of cash and coins for rewards plan?",What charging options are available with BGauss 2-wheelers?,0,460,410,train,random
"Hi, can bargain rewards utilize only prepaid mode of payment and redemption supercoins as component of cash and coins for rewards plan?",Can I make the payment using prepaid mode of payment and Gift Card as part of the Cash and Coins for Rewards?,0,460,348,train,hard
can i bargain rewards utilize only prepaid mode payment and redemption of supercoins as component of cash and coins for rewards plan?,Can I buy rewards using only prepaid mode of payment and redemption of SuperCoins as part of Cash and Coins for Rewards program?,1,460,460,train,positive
can i bargain rewards utilize only prepaid mode payment and redemption of supercoins as component of cash and coins for rewards plan?,I have requested for a return for my item. When will it happen?,0,460,7,train,random
can i bargain rewards utilize only prepaid mode payment and redemption of supercoins as component of cash and coins for rewards plan?,Can I make the payment using prepaid mode of payment and Gift Card as part of the Cash and Coins for Rewards?,0,460,348,train,hard
Help needed: can bargain rewards use only prepaid mode of payment and redemption of supercoins portion of cash and coins for rewards plan?,Can I buy rewards using only prepaid mode of payment and redemption of SuperCoins as part of Cash and Coins for Rewards program?,1,460,460,dev,positive
Help needed: can bargain rewards use only prepaid mode of payment and redemption of supercoins portion of cash and coins for rewards plan?,Can I use my saved cards for making a payment on Flipkart's mobile site/app?,0,460,85,dev,random
Help needed: can bargain rewards use only prepaid mode of payment and redemption of supercoins portion of cash and coins for rewards plan?,Can I make the payment using prepaid mode of payment and Gift Card as part of the Cash and Coins for Rewards?,0,460,348,dev,hard
Could you tell me how i become a seller and begin selling products on flipkart?,How can I become a seller and start selling products on Flipkart?,1,461,461,train,positive
Could you tell me how i become a seller and begin selling products on flipkart?,How can I track my order for the BGauss 2-wheeler after completing my payment on Flipkart?,0,461,141,train,random
Could you tell me how i become a seller and begin selling products on flipkart?,How are refurbished products categorised on Flipkart?,0,461,431,train,hard
Quick question: how can i become seller commence selling products on flipkart?,How can I become a seller and start selling products on Flipkart?,1,461,461,train,positive
Quick question: how can i become seller commence selling products on flipkart?,What is the warranty being offered by Ampere?,0,461,250,train,random
Quick question: how can i become seller commence selling products on flipkart?,How can I track my Flipkart Quick order?,0,461,240,train,hard
Quick question: how can become a seller and begin selling products on flipkart?,How can I become a seller and start selling products on Flipkart?,1,461,461,dev,positive
Quick question: how can become a seller and begin selling products on flipkart?,My PhonePe Wallet is not activated. How do I get a refund credited to it?,0,461,136,dev,random
Quick question: how can become a seller and begin selling products on flipkart?,How can I track my Flipkart Quick order?,0,461,240,dev,hard
can apply item that has present to me as a gift from country sponsored ngo funded freebie distribution programme to bring rebate through exchange provide? Thanks.,Can I use an item that has been given to me as a gift from a state sponsored or an NGO-funded freebie distribution programme to get discounts through exchange offers?,1,462,462,train,positive
can apply item that has present to me as a gift from country sponsored ngo funded freebie distribution programme to bring rebate through exchange provide? Thanks.,"My order has reached the nearest delivery hub, but why isn't it out for delivery yet?",0,462,113,train,random
can apply item that has present to me as a gift from country sponsored ngo funded freebie distribution programme to bring rebate through exchange provide? Thanks.,How can I return or exchange an item?,0,462,223,train,hard
Could you tell me can utilization an item that has been present to me as a gift from a country sponsored or an ngo funded freebie distribution programme find rebate through exchange provide?,Can I use an item that has been given to me as a gift from a state sponsored or an NGO-funded freebie distribution programme to get discounts through exchange offers?,1,462,462,train,positive
Could you tell me can utilization an item that has been present to me as a gift from a country sponsored or an ngo funded freebie distribution programme find rebate through exchange provide?,What is SuperCoin Pay feature?,0,462,447,train,random
Could you tell me can utilization an item that has been present to me as a gift from a country sponsored or an ngo funded freebie distribution programme find rebate through exchange provide?,How can I return or exchange an item?,0,462,223,train,hard
"Hi, can utilization item has been present to as a gift a nation sponsored an ngo funded freebie distribution programme to make rebate through exchange provide?",Can I use an item that has been given to me as a gift from a state sponsored or an NGO-funded freebie distribution programme to get discounts through exchange offers?,1,462,462,dev,positive
"Hi, can utilization item has been present to as a gift a nation sponsored an ngo funded freebie distribution programme to make rebate through exchange provide?",What are the cities/states that have third-party partner stores to redeem the SuperCoin Pay feature?,0,462,316,dev,random
"Hi, can utilization item has been present to as a gift a nation sponsored an ngo funded freebie distribution programme to make rebate through exchange provide?",How can I return or exchange an item?,0,462,223,dev,hard
Could you tell me do i ask get out payment to buy an item use credit card no cost emi payment mode?,Do I need to make a down payment to buy an item using the 'Credit Card No Cost EMI' payment mode?,1,463,463,train,positive
Could you tell me do i ask get out payment to buy an item use credit card no cost emi payment mode?,Will I get a wall mount for my television in the box?,0,463,92,train,random
Could you tell me do i ask get out payment to buy an item use credit card no cost emi payment mode?,How is 'Credit Card No Cost EMI' different from 'Credit Card EMI' payment mode?,0,463,3,train,hard
do want to produce a behind payment to buy an item use the credit card no cost emi payment mode?,Do I need to make a down payment to buy an item using the 'Credit Card No Cost EMI' payment mode?,1,463,463,train,positive
do want to produce a behind payment to buy an item use the credit card no cost emi payment mode?,How will I get my refund for returning an item I paid for using 'Cash on Delivery' mode?,0,463,251,train,random
do want to produce a behind payment to buy an item use the credit card no cost emi payment mode?,Do I need to make a down payment to buy an item using the Bajaj Finserv EMI payment mode?,0,463,436,train,hard
"Hi, do ask to give a behind payment to buy an item use the credit card no cost emi payment mode?",Do I need to make a down payment to buy an item using the 'Credit Card No Cost EMI' payment mode?,1,463,463,dev,positive
"Hi, do ask to give a behind payment to buy an item use the credit card no cost emi payment mode?",Can I use Credit/Debit Card to pay on Flipkart through the Flipkart app?,0,463,314,dev,random
"Hi, do ask to give a behind payment to buy an item use the credit card no cost emi payment mode?",Do I need to make a down payment to buy an item using the Bajaj Finserv EMI payment mode?,0,463,436,dev,hard
Help needed: will flipkart deliver the hero motocorp 2 wheeler to my family?,Will Flipkart deliver the Hero MotoCorp 2-wheeler to my home?,1,464,464,train,positive
Help needed: will flipkart deliver the hero motocorp 2 wheeler to my family?,I don't remember the warranty details for my product. Where can I find it?,0,464,26,train,random
Help needed: will flipkart deliver the hero motocorp 2 wheeler to my family?,Will Flipkart deliver the BGauss 2-wheeler to my home?,0,464,484,train,hard
will flipkart deliver the hero motocorp 2 wheeler to my family?,Will Flipkart deliver the Hero MotoCorp 2-wheeler to my home?,1,464,464,train,positive
will flipkart deliver the hero motocorp 2 wheeler to my family?,What should I do if a service centre denied my request to repair the product?,0,464,132,train,random
will flipkart deliver the hero motocorp 2 wheeler to my family?,Will Flipkart deliver the BGauss 2-wheeler to my home?,0,464,484,train,hard
Quick question: will flipkart deliver the hero motocorp 2 wheeler to my house?,Will Flipkart deliver the Hero MotoCorp 2-wheeler to my home?,1,464,464,dev,positive
Quick question: will flipkart deliver the hero motocorp 2 wheeler to my house?,On what products will I get the option of 'SuperCoins Price'?,0,464,63,dev,random
Quick question: will flipkart deliver the hero motocorp 2 wheeler to my house?,Will Flipkart deliver the BGauss 2-wheeler to my home?,0,464,484,dev,hard
is any yearly fee? Any idea?,Is there any annual fee?,1,465,465,train,positive
is any yearly fee? Any idea?,How can I track my order for the Ather 2-wheeler after completing my payment on Flipkart?,0,465,125,train,random
is any yearly fee? Any idea?,Can I pay with any Credit card?,0,465,473,train,hard
Could you tell me is yearly fee?,Is there any annual fee?,1,465,465,train,positive
Could you tell me is yearly fee?,What will happen to the cashback if I return a product?,0,465,120,train,random
Could you tell me is yearly fee?,How is the Return Fee determined?,0,465,317,train,hard
is there any yearly fee?,Is there any annual fee?,1,465,465,dev,positive
is there any yearly fee?,How long does the battery last for BGauss 2-wheelers?,0,465,297,dev,random
is there any yearly fee?,How is the Return Fee determined?,0,465,317,dev,hard
Could you tell me how cost of renovate products decided?,How are prices of refurbished products decided?,1,466,466,train,positive
Could you tell me how cost of renovate products decided?,What is Flipkart Buyer Protection?,0,466,140,train,random
Could you tell me how cost of renovate products decided?,On what products will I get the option of 'SuperCoins Price'?,0,466,63,train,hard
how cost renovate products decided? Any idea?,How are prices of refurbished products decided?,1,466,466,train,positive
how cost renovate products decided? Any idea?,Can refurbished products be searched by their product name?,0,466,401,train,random
how cost renovate products decided? Any idea?,Can I pay with any Credit card?,0,466,473,train,hard
how are cost of renovate products decided? Any idea?,How are prices of refurbished products decided?,1,466,466,dev,positive
how are cost of renovate products decided? Any idea?,Can I buy more than one BGauss 2-wheeler in my name/same Flipkart account?,0,466,27,dev,random
how are cost of renovate products decided? Any idea?,How are refurbished products categorised on Flipkart?,0,466,431,dev,hard
"Hi, what save card boast?",What is the 'Save Card' feature?,1,467,467,train,positive
"Hi, what save card boast?",Can I buy more than one Bounce vehicle in my name/same Flipkart account?,0,467,35,train,random
"Hi, what save card boast?",How do I save my card(s) on Flipkart?,0,467,272,train,hard
what is save card boast? Any idea?,What is the 'Save Card' feature?,1,467,467,train,positive
what is save card boast? Any idea?,When are refunds given?,0,467,269,train,random
what is save card boast? Any idea?,How do I save my card(s) on Flipkart?,0,467,272,train,hard
Quick question: what is the save card boast?,What is the 'Save Card' feature?,1,467,467,dev,positive
Quick question: what is the save card boast?,What is a pick-up store?,0,467,288,dev,random
Quick question: what is the save card boast?,How do I save my card(s) on Flipkart?,0,467,272,dev,hard
Could you tell me do i make save tire with hero motocorp 2 wheeler?,Do I get a spare tyre with a Hero MotoCorp 2-wheeler?,1,468,468,train,positive
Could you tell me do i make save tire with hero motocorp 2 wheeler?,I have bought the Bounce 2-wheeler but I want to have a different model. What should I do?,0,468,118,train,random
Could you tell me do i make save tire with hero motocorp 2 wheeler?,Will Flipkart deliver the Hero MotoCorp 2-wheeler to my home?,0,468,464,train,hard
Quick question: do i find a extra tire with hero motocorp 2 wheeler?,Do I get a spare tyre with a Hero MotoCorp 2-wheeler?,1,468,468,train,positive
Quick question: do i find a extra tire with hero motocorp 2 wheeler?,How do returns work?,0,468,351,train,random
Quick question: do i find a extra tire with hero motocorp 2 wheeler?,The option to buy a Hero MotoCorp 2-wheeler is not available at my pincode. What should I do?,0,468,425,train,hard
Help needed: do i take a extra tire hero motocorp 2 wheeler?,Do I get a spare tyre with a Hero MotoCorp 2-wheeler?,1,468,468,dev,positive
Help needed: do i take a extra tire hero motocorp 2 wheeler?,Is there a filter available through which I can only see items with a Plus badge?,0,468,162,dev,random
Help needed: do i take a extra tire hero motocorp 2 wheeler?,The option to buy a Hero MotoCorp 2-wheeler is not available at my pincode. What should I do?,0,468,425,dev,hard
"Hi, what cards can i spare on flipkart?",What cards can I save on Flipkart?,1,469,469,train,positive
"Hi, what cards can i spare on flipkart?",Is the price for a BGauss 2-wheeler inclusive of subsidy?,0,469,249,train,random
"Hi, what cards can i spare on flipkart?",How many cards can I save on Flipkart?,0,469,475,train,hard
Could you tell me what cards can salvage on flipkart?,What cards can I save on Flipkart?,1,469,469,train,positive
Could you tell me what cards can salvage on flipkart?,Where will I find a scratch card after using SuperCoin Pay feature for an order?,0,469,280,train,random
Could you tell me what cards can salvage on flipkart?,How many cards can I save on Flipkart?,0,469,475,train,hard
what cards i salvage on flipkart? Any idea?,What cards can I save on Flipkart?,1,469,469,dev,positive
what cards i salvage on flipkart? Any idea?,Is the price for a BGauss 2-wheeler inclusive of subsidy?,0,469,249,dev,random
what cards i salvage on flipkart? Any idea?,How many cards can I save on Flipkart?,0,469,475,dev,hard
will flipkart render ampere magnus ex family? Thanks.,Will Flipkart deliver Ampere Magnus EX to my home?,1,470,470,train,positive
will flipkart render ampere magnus ex family? Thanks.,How will the SuperCoins earned be calculated if I choose to buy a product using 'SuperCoins Price'?,0,470,151,train,random
will flipkart render ampere magnus ex family? Thanks.,Is the warranty being offered by Flipkart for Ampere Magnus EX?,0,470,414,train,hard
will flipkart render ampere magnus ex to abode?,Will Flipkart deliver Ampere Magnus EX to my home?,1,470,470,train,positive
will flipkart render ampere magnus ex to abode?,What after-sales services are being provided by Flipkart for Ampere 2-wheelers?,0,470,150,train,random
will flipkart render ampere magnus ex to abode?,Is the warranty being offered by Flipkart for Ampere Magnus EX?,0,470,414,train,hard
Quick question: will flipkart render ampere magnus ex my dwelling?,Will Flipkart deliver Ampere Magnus EX to my home?,1,470,470,dev,positive
Quick question: will flipkart render ampere magnus ex my dwelling?,What is the difference between the Supercoins Price option available on the product page and SuperCoin Pay on Flipkart platform?,0,470,423,dev,random
Quick question: will flipkart render ampere magnus ex my dwelling?,Is the warranty being offered by Flipkart for Ampere Magnus EX?,0,470,414,dev,hard
Help needed: what is a 3d secure password?,What is a 3D Secure password?,1,471,471,train,positive
Help needed: what is a 3d secure password?,How do I know if a third-party partner store accepts SuperCoin Pay if there is no QR code scanner available?,0,471,286,train,random
Help needed: what is a 3d secure password?,How can I get the 3D Secure password for my Credit/Debit Card?,0,471,361,train,hard
"Hi, what is 3d secure password?",What is a 3D Secure password?,1,471,471,train,positive
"Hi, what is 3d secure password?",What is the warranty being offered by Bounce?,0,471,338,train,random
"Hi, what is 3d secure password?",How can I get the 3D Secure password for my Credit/Debit Card?,0,471,361,train,hard
Could you tell me what is a 3d secure password?,What is a 3D Secure password?,1,471,471,dev,positive
Could you tell me what is a 3d secure password?,How do I renew my benefits as part of SuperCoin Milestones?,0,471,208,dev,random
Could you tell me what is a 3d secure password?,How can I get the 3D Secure password for my Credit/Debit Card?,0,471,361,dev,hard
will flipkart render ather 2 wheeler at house? Thanks.,Will Flipkart deliver the Ather 2-wheeler at my home?,1,472,472,train,positive
will flipkart render ather 2 wheeler at house? Thanks.,Can I use more/less SuperCoins than what is mentioned as part of the 'SuperCoins Price' to buy a product?,0,472,215,train,random
will flipkart render ather 2 wheeler at house? Thanks.,The option to buy an Ather 2-wheeler is not available at my pincode.,0,472,398,train,hard
will flipkart render ather 2 wheeler at my abode?,Will Flipkart deliver the Ather 2-wheeler at my home?,1,472,472,train,positive
will flipkart render ather 2 wheeler at my abode?,Can I buy products on Flipkart by redeeming SuperCoins?,0,472,248,train,random
will flipkart render ather 2 wheeler at my abode?,The option to buy an Ather 2-wheeler is not available at my pincode.,0,472,398,train,hard
will flipkart render the ather 2 wheeler at my abode?,Will Flipkart deliver the Ather 2-wheeler at my home?,1,472,472,dev,positive
will flipkart render the ather 2 wheeler at my abode?,What should I do if my order is approved but hasn't been shipped yet?,0,472,28,dev,random
will flipkart render the ather 2 wheeler at my abode?,The option to buy an Ather 2-wheeler is not available at my pincode.,0,472,398,dev,hard
can i give with any credit card?,Can I pay with any Credit card?,1,473,473,train,positive
can i give with any credit card?,How quickly can I get my order delivered?,0,473,226,train,random
can i give with any credit card?,How can I pay with a saved Credit/Debit Card?,0,473,149,train,hard
can give with credit card? Any idea?,Can I pay with any Credit card?,1,473,473,train,positive
can give with credit card? Any idea?,Can I buy another Gift Card with the Gift Card I have?,0,473,378,train,random
can give with credit card? Any idea?,How can I pay with a saved Credit/Debit Card?,0,473,149,train,hard
"Hi, can i salary credit card?",Can I pay with any Credit card?,1,473,473,dev,positive
"Hi, can i salary credit card?",Can I submit my documents online for Ampere Magnus EX and not visit the brand authorised dealer?,0,473,374,dev,random
"Hi, can i salary credit card?",How is 'Credit Card No Cost EMI' different from 'Credit Card EMI' payment mode?,0,473,3,dev,hard
when and how many times do bounce vehicles necessitate servicing? Thanks.,When and how many times do Bounce vehicles require servicing?,1,474,474,train,positive
when and how many times do bounce vehicles necessitate servicing? Thanks.,What is SuperCoin Zone?,0,474,450,train,random
when and how many times do bounce vehicles necessitate servicing? Thanks.,When and how many times does a BGauss vehicle require servicing?,0,474,486,train,hard
Help needed: when and many times do bounce vehicles necessitate servicing?,When and how many times do Bounce vehicles require servicing?,1,474,474,train,positive
Help needed: when and many times do bounce vehicles necessitate servicing?,How do I renew my benefits as part of SuperCoin Milestones?,0,474,208,train,random
Help needed: when and many times do bounce vehicles necessitate servicing?,When and how many times does a BGauss vehicle require servicing?,0,474,486,train,hard
when many times do bounce vehicles necessitate servicing?,When and how many times do Bounce vehicles require servicing?,1,474,474,dev,positive
when many times do bounce vehicles necessitate servicing?,How can I track my order for Ampere Magnus EX after completing my payment on Flipkart?,0,474,117,dev,random
when many times do bounce vehicles necessitate servicing?,When and how many times does a BGauss vehicle require servicing?,0,474,486,dev,hard
Help needed: how many cards can i salvage on flipkart?,How many cards can I save on Flipkart?,1,475,475,train,positive
Help needed: how many cards can i salvage on flipkart?,Will I get the option to test ride for Ampere Magnus EX? How many times will I be allowed to take test rides as part of an order?,0,475,313,train,random
Help needed: how many cards can i salvage on flipkart?,What cards can I save on Flipkart?,0,475,469,train,hard
how many cards preserve on flipkart?,How many cards can I save on Flipkart?,1,475,475,train,positive
how many cards preserve on flipkart?,My PhonePe Wallet is not activated. How do I get a refund credited to it?,0,475,136,train,random
how many cards preserve on flipkart?,What cards can I save on Flipkart?,0,475,469,train,hard
"Hi, how many cards can i preserve on flipkart?",How many cards can I save on Flipkart?,1,475,475,dev,positive
"Hi, how many cards can i preserve on flipkart?",What is express delivery?,0,475,258,dev,random
"Hi, how many cards can i preserve on flipkart?",What cards can I save on Flipkart?,0,475,469,dev,hard
Help needed: how speedily does the battery ampere magnus ex accusation again?,How quickly does the battery for Ampere Magnus EX charge again?,1,476,476,train,positive
Help needed: how speedily does the battery ampere magnus ex accusation again?,How will I know that my shipment has reached the pick-up store?,0,476,81,train,random
Help needed: how speedily does the battery ampere magnus ex accusation again?,How long does the Ampere Magnus EX's battery last?,0,476,428,train,hard
"Hi, how promptly does the battery for ampere magnus ex accusation again?",How quickly does the battery for Ampere Magnus EX charge again?,1,476,476,train,positive
"Hi, how promptly does the battery for ampere magnus ex accusation again?",What is the process after paying the ex-showroom price for Ampere Magnus EX on Flipkart?,0,476,5,train,random
"Hi, how promptly does the battery for ampere magnus ex accusation again?",How long does the Ampere Magnus EX's battery last?,0,476,428,train,hard
Help needed: how speedily does the battery for ampere magnus ex accusation again?,How quickly does the battery for Ampere Magnus EX charge again?,1,476,476,dev,positive
Help needed: how speedily does the battery for ampere magnus ex accusation again?,I have bought an Ather 2-wheeler but I want to have a different model. What should I do?,0,476,110,dev,random
Help needed: how speedily does the battery for ampere magnus ex accusation again?,How long does the Ampere Magnus EX's battery last?,0,476,428,dev,hard
how can i pay the great measure? Thanks.,How can I pay the outstanding bill?,1,477,477,train,positive
how can i pay the great measure? Thanks.,"If I merge my Flipkart accounts, will my SuperCoins also merge?",0,477,310,train,random
how can i pay the great measure? Thanks.,How can I pay for my order?,0,477,302,train,hard
Help needed: how can i pay the great measure?,How can I pay the outstanding bill?,1,477,477,train,positive
Help needed: how can i pay the great measure?,What is GSTIN Invoicing feature?,0,477,170,train,random
Help needed: how can i pay the great measure?,How can I pay for my order?,0,477,302,train,hard
Could you tell me how pay the great measure?,How can I pay the outstanding bill?,1,477,477,dev,positive
Could you tell me how pay the great measure?,What is the process after paying the ex-showroom price for a BGauss 2-wheeler on Flipkart?,0,477,14,dev,random
Could you tell me how pay the great measure?,Is it necessary for me to be registered with the same contact number at the third-party partner store for me to use SuperCoin Pay feature?,0,477,456,dev,hard
what types of products be usable under flipkart refurbished zone? Thanks.,What types of products will be available under Flipkart 'Refurbished Zone'?,1,478,478,train,positive
what types of products be usable under flipkart refurbished zone? Thanks.,How can I pay if the order amount is more than the value of my Gift Card?,0,478,402,train,random
what types of products be usable under flipkart refurbished zone? Thanks.,What is SuperCoin Zone?,0,478,450,train,hard
"Hi, what types of products will be usable under flipkart refurbished zone?",What types of products will be available under Flipkart 'Refurbished Zone'?,1,478,478,train,positive
"Hi, what types of products will be usable under flipkart refurbished zone?",What are the benefits that a Flipkart Plus member gets?,0,478,218,train,random
"Hi, what types of products will be usable under flipkart refurbished zone?",How will I claim warranty for refurbished products?,0,478,74,train,hard
"Hi, what types products will useable under flipkart refurbished zone?",What types of products will be available under Flipkart 'Refurbished Zone'?,1,478,478,dev,positive
"Hi, what types products will useable under flipkart refurbished zone?",Is the price for a Bounce 2-wheeler inclusive of subsidy?,0,478,255,dev,random
"Hi, what types products will useable under flipkart refurbished zone?",How will I claim warranty for refurbished products?,0,478,74,dev,hard
what materialize my axis bank buzz credit card if i implement for the flipkart axis bank credit card? Any idea?,What will happen to my Axis Bank Buzz Credit Card if I apply for the Flipkart Axis Bank Credit Card?,1,479,479,train,positive
what materialize my axis bank buzz credit card if i implement for the flipkart axis bank credit card? Any idea?,"In case I do not need a few items from the Flipkart Quick order, how do I cancel it?",0,479,216,train,random
what materialize my axis bank buzz credit card if i implement for the flipkart axis bank credit card? Any idea?,What is Flipkart Axis Bank Credit Card?,0,479,400,train,hard
Quick question: what will befall my axis bank buzz credit card if implement for the flipkart axis bank credit card?,What will happen to my Axis Bank Buzz Credit Card if I apply for the Flipkart Axis Bank Credit Card?,1,479,479,train,positive
Quick question: what will befall my axis bank buzz credit card if implement for the flipkart axis bank credit card?,What will happen if the brand authorised dealer who will contact me is very far from my location?,0,479,452,train,random
Quick question: what will befall my axis bank buzz credit card if implement for the flipkart axis bank credit card?,What is Flipkart Axis Bank Credit Card?,0,479,400,train,hard
Help needed: what will befall to my axis bank buzz credit card if i use the flipkart axis bank credit card?,What will happen to my Axis Bank Buzz Credit Card if I apply for the Flipkart Axis Bank Credit Card?,1,479,479,dev,positive
Help needed: what will befall to my axis bank buzz credit card if i use the flipkart axis bank credit card?,What is the warranty being offered by Ather?,0,479,330,dev,random
Help needed: what will befall to my axis bank buzz credit card if i use the flipkart axis bank credit card?,What is Flipkart Axis Bank Credit Card?,0,479,400,dev,hard
what charging alternative are usable with bounce 2 wheelers? Any idea?,What charging options are available with Bounce 2-wheelers?,1,480,480,train,positive
what charging alternative are usable with bounce 2 wheelers? Any idea?,How can I collect my shipment from the pick-up store?,0,480,264,train,random
what charging alternative are usable with bounce 2 wheelers? Any idea?,What charging options are available with Ather 2-wheelers. Is there a separate cost associated with it?,0,480,62,train,hard
what charging choice are useable with bounce 2 wheelers? Any idea?,What charging options are available with Bounce 2-wheelers?,1,480,480,train,positive
what charging choice are useable with bounce 2 wheelers? Any idea?,Why am I not able to see the option to buy a Bounce 2-wheeler for my pincode?,0,480,345,train,random
what charging choice are useable with bounce 2 wheelers? Any idea?,What charging options are available with Ather 2-wheelers. Is there a separate cost associated with it?,0,480,62,train,hard
Quick question: what charging choice are usable with bounce 2 wheelers?,What charging options are available with Bounce 2-wheelers?,1,480,480,dev,positive
Quick question: what charging choice are usable with bounce 2 wheelers?,How can I track my order for the BGauss 2-wheeler after completing my payment on Flipkart?,0,480,141,dev,random
Quick question: what charging choice are usable with bounce 2 wheelers?,What charging options are available with Ather 2-wheelers. Is there a separate cost associated with it?,0,480,62,dev,hard
Help needed: my payment utilize the credit card no cost emi payment mode did not go through but the amount has been closed my card should i do?,"My payment using the 'Credit Card No Cost EMI' payment mode did not go through, but the amount has been blocked on my card. What should I do?",1,481,481,train,positive
Help needed: my payment utilize the credit card no cost emi payment mode did not go through but the amount has been closed my card should i do?,How do I claim warranty services for refurbished products?,0,481,66,train,random
Help needed: my payment utilize the credit card no cost emi payment mode did not go through but the amount has been closed my card should i do?,I did not get an OTP while paying through the 'Credit Card No Cost EMI' payment mode. What should I do?,0,481,485,train,hard
Could you tell me my payment use credit card no cost emi payment mode did not go through but amount has obstructed on my card what should i do?,"My payment using the 'Credit Card No Cost EMI' payment mode did not go through, but the amount has been blocked on my card. What should I do?",1,481,481,train,positive
Could you tell me my payment use credit card no cost emi payment mode did not go through but amount has obstructed on my card what should i do?,Where will I find a scratch card after using SuperCoin Pay feature for an order?,0,481,280,train,random
Could you tell me my payment use credit card no cost emi payment mode did not go through but amount has obstructed on my card what should i do?,I did not get an OTP while paying through the 'Credit Card No Cost EMI' payment mode. What should I do?,0,481,485,train,hard
"Hi, my payment utilize the credit card no cost emi payment mode did not go through but the amount been obstructed on my card should i do?","My payment using the 'Credit Card No Cost EMI' payment mode did not go through, but the amount has been blocked on my card. What should I do?",1,481,481,dev,positive
"Hi, my payment utilize the credit card no cost emi payment mode did not go through but the amount been obstructed on my card should i do?",Is Flipkart Advantage the same as 'Plus'?,0,481,176,dev,random
"Hi, my payment utilize the credit card no cost emi payment mode did not go through but the amount been obstructed on my card should i do?",I did not get an OTP while paying through the 'Credit Card No Cost EMI' payment mode. What should I do?,0,481,485,dev,hard
will flipkart deliver the bounce 2 wheeler at my house? Thanks.,Will Flipkart deliver the Bounce 2-wheeler at my home?,1,482,482,train,positive
will flipkart deliver the bounce 2 wheeler at my house? Thanks.,Can I order a product that is 'Out of Stock' or 'Temporarily Unavailable'?,0,482,68,train,random
will flipkart deliver the bounce 2 wheeler at my house? Thanks.,Will Flipkart deliver the BGauss 2-wheeler to my home?,0,482,484,train,hard
"Hi, will flipkart deliver the bounce 2 wheeler at house?",Will Flipkart deliver the Bounce 2-wheeler at my home?,1,482,482,train,positive
"Hi, will flipkart deliver the bounce 2 wheeler at house?","The address while ordering Bounce vehicle on Flipkart is different from the one on my address proof (Aadhar Card), what should I do now?",0,482,259,train,random
"Hi, will flipkart deliver the bounce 2 wheeler at house?",Will Flipkart deliver the BGauss 2-wheeler to my home?,0,482,484,train,hard
will flipkart deliver bounce 2 wheeler at house? Any idea?,Will Flipkart deliver the Bounce 2-wheeler at my home?,1,482,482,dev,positive
will flipkart deliver bounce 2 wheeler at house? Any idea?,Can SuperCoin Pay feature be used to shop online?,0,482,408,dev,random
will flipkart deliver bounce 2 wheeler at house? Any idea?,Will Flipkart deliver the BGauss 2-wheeler to my home?,0,482,484,dev,hard
can i bargain listed rewards utilize prepaid mode payment by redeeming supercoins as component cash and coins rewards?,Can I buy all the listed rewards using prepaid mode of payment and by redeeming SuperCoins as part Cash and Coins for Rewards?,1,483,483,train,positive
can i bargain listed rewards utilize prepaid mode payment by redeeming supercoins as component cash and coins rewards?,What are the benefits that a Flipkart Plus member gets?,0,483,218,train,random
can i bargain listed rewards utilize prepaid mode payment by redeeming supercoins as component cash and coins rewards?,Can I buy rewards using only prepaid mode of payment and redemption of SuperCoins as part of Cash and Coins for Rewards program?,0,483,460,train,hard
can i bargain all the listed rewards use prepaid mode payment redeeming supercoins as component cash and coins rewards? Any idea?,Can I buy all the listed rewards using prepaid mode of payment and by redeeming SuperCoins as part Cash and Coins for Rewards?,1,483,483,train,positive
can i bargain all the listed rewards use prepaid mode payment redeeming supercoins as component cash and coins rewards? Any idea?,How can I track my order for the Hero MotoCorp 2-wheeler after completing my payment on Flipkart?,0,483,178,train,random
can i bargain all the listed rewards use prepaid mode payment redeeming supercoins as component cash and coins rewards? Any idea?,Can I make the payment using prepaid mode of payment and Gift Card as part of the Cash and Coins for Rewards?,0,483,348,train,hard
Help needed: can i bargain the listed rewards utilize prepaid mode of payment and by redeeming supercoins as portion cash and coins rewards?,Can I buy all the listed rewards using prepaid mode of payment and by redeeming SuperCoins as part Cash and Coins for Rewards?,1,483,483,dev,positive
Help needed: can i bargain the listed rewards utilize prepaid mode of payment and by redeeming supercoins as portion cash and coins rewards?,What is SuperCoin Zone?,0,483,450,dev,random
Help needed: can i bargain the listed rewards utilize prepaid mode of payment and by redeeming supercoins as portion cash and coins rewards?,Can I buy rewards using only prepaid mode of payment and redemption of SuperCoins as part of Cash and Coins for Rewards program?,0,483,460,dev,hard
will flipkart deliver the bgauss 2 wheeler to abode? Thanks.,Will Flipkart deliver the BGauss 2-wheeler to my home?,1,484,484,train,positive
will flipkart deliver the bgauss 2 wheeler to abode? Thanks.,How can I get the 3D Secure password for my Credit/Debit Card?,0,484,361,train,random
will flipkart deliver the bgauss 2 wheeler to abode? Thanks.,Will Flipkart deliver the Hero MotoCorp 2-wheeler to my home?,0,484,464,train,hard
Quick question: will flipkart deliver the bgauss 2 wheeler to house?,Will Flipkart deliver the BGauss 2-wheeler to my home?,1,484,484,train,positive
Quick question: will flipkart deliver the bgauss 2 wheeler to house?,How can I pay if the order amount is more than the value of my Gift Card?,0,484,402,train,random
Quick question: will flipkart deliver the bgauss 2 wheeler to house?,Will Flipkart deliver the Hero MotoCorp 2-wheeler to my home?,0,484,464,train,hard
will flipkart deliver the bgauss 2 wheeler to my abode?,Will Flipkart deliver the BGauss 2-wheeler to my home?,1,484,484,dev,positive
will flipkart deliver the bgauss 2 wheeler to my abode?,What subsidies are being offered by Bounce and how to claim them?,0,484,55,dev,random
will flipkart deliver the bgauss 2 wheeler to my abode?,Will Flipkart deliver the Hero MotoCorp 2-wheeler to my home?,0,484,464,dev,hard
Help needed: i did not find otp while paying through the credit card no cost emi payment mode what i do?,I did not get an OTP while paying through the 'Credit Card No Cost EMI' payment mode. What should I do?,1,485,485,train,positive
Help needed: i did not find otp while paying through the credit card no cost emi payment mode what i do?,When and how many times do Bounce vehicles require servicing?,0,485,474,train,random
Help needed: i did not find otp while paying through the credit card no cost emi payment mode what i do?,I did not get the OTP while I was paying through the 'Bajaj Finserv No Cost EMI' payment mode. What should I do?,0,485,493,train,hard
"Hi, i did not take an otp while paying through the credit card no cost emi payment mode what should i do?",I did not get an OTP while paying through the 'Credit Card No Cost EMI' payment mode. What should I do?,1,485,485,train,positive
"Hi, i did not take an otp while paying through the credit card no cost emi payment mode what should i do?",Will Flipkart deliver the Ather 2-wheeler at my home?,0,485,472,train,random
"Hi, i did not take an otp while paying through the credit card no cost emi payment mode what should i do?",I did not get the OTP while I was paying through the 'Bajaj Finserv No Cost EMI' payment mode. What should I do?,0,485,493,train,hard
i not make an otp while paying through the credit card no cost emi payment mode should do? Any idea?,I did not get an OTP while paying through the 'Credit Card No Cost EMI' payment mode. What should I do?,1,485,485,dev,positive
i not make an otp while paying through the credit card no cost emi payment mode should do? Any idea?,How can I trust that the groceries that will be delivered are quality checked and fresh?,0,485,20,dev,random
i not make an otp while paying through the credit card no cost emi payment mode should do? Any idea?,I did not get the OTP while I was paying through the 'Bajaj Finserv No Cost EMI' payment mode. What should I do?,0,485,493,dev,hard
"Hi, when and many times does a bgauss vehicle involve servicing?",When and how many times does a BGauss vehicle require servicing?,1,486,486,train,positive
"Hi, when and many times does a bgauss vehicle involve servicing?",What will happen to the cashback if I return a product?,0,486,120,train,random
"Hi, when and many times does a bgauss vehicle involve servicing?",When and how many times does Ampere Magnus EX require servicing?,0,486,458,train,hard
Help needed: when and how many times does a bgauss vehicle involve servicing?,When and how many times does a BGauss vehicle require servicing?,1,486,486,train,positive
Help needed: when and how many times does a bgauss vehicle involve servicing?,Can I buy more than one Bounce vehicle in my name/same Flipkart account?,0,486,35,train,random
Help needed: when and how many times does a bgauss vehicle involve servicing?,When and how many times does Ampere Magnus EX require servicing?,0,486,458,train,hard
"Hi, when many times does a bgauss vehicle necessitate servicing?",When and how many times does a BGauss vehicle require servicing?,1,486,486,dev,positive
"Hi, when many times does a bgauss vehicle necessitate servicing?",What after-sales services are being provided by Ampere for 2-wheelers?,0,486,404,dev,random
"Hi, when many times does a bgauss vehicle necessitate servicing?",When and how many times does Ampere Magnus EX require servicing?,0,486,458,dev,hard
Help needed: while transacting on flipkart platform portion of supercoin pay can i redeem supercoins along a prepaid payment mode offer by any bank?,"While transacting on Flipkart platform, as part of SuperCoin Pay, can I redeem SuperCoins along with a prepaid payment mode provided by any bank?",1,487,487,train,positive
Help needed: while transacting on flipkart platform portion of supercoin pay can i redeem supercoins along a prepaid payment mode offer by any bank?,What is the purpose of the scratch card in SuperCoin Pay?,0,487,201,train,random
Help needed: while transacting on flipkart platform portion of supercoin pay can i redeem supercoins along a prepaid payment mode offer by any bank?,Will I get the available bank offers on Flipkart platform if I choose to redeem SuperCoins through SuperCoin Pay?,0,487,166,train,hard
while transacting flipkart platform portion of supercoin pay can i redeem supercoins along prepaid payment mode furnish by any bank? Thanks.,"While transacting on Flipkart platform, as part of SuperCoin Pay, can I redeem SuperCoins along with a prepaid payment mode provided by any bank?",1,487,487,train,positive
while transacting flipkart platform portion of supercoin pay can i redeem supercoins along prepaid payment mode furnish by any bank? Thanks.,"If I request for a replacement, when will I get it?",0,487,32,train,random
while transacting flipkart platform portion of supercoin pay can i redeem supercoins along prepaid payment mode furnish by any bank? Thanks.,Will I get the available bank offers on Flipkart platform if I choose to redeem SuperCoins through SuperCoin Pay?,0,487,166,train,hard
while transacting on flipkart platform as portion of supercoin pay can redeem supercoins along with prepaid payment mode offer by any bank? Thanks.,"While transacting on Flipkart platform, as part of SuperCoin Pay, can I redeem SuperCoins along with a prepaid payment mode provided by any bank?",1,487,487,dev,positive
while transacting on flipkart platform as portion of supercoin pay can redeem supercoins along with prepaid payment mode offer by any bank? Thanks.,Is the warranty being offered by Flipkart for Ampere Magnus EX?,0,487,414,dev,random
while transacting on flipkart platform as portion of supercoin pay can redeem supercoins along with prepaid payment mode offer by any bank? Thanks.,Will I get the available bank offers on Flipkart platform if I choose to redeem SuperCoins through SuperCoin Pay?,0,487,166,dev,hard
do come a save tire a bgauss 2 wheeler?,Do I get a spare tyre with a BGauss 2-wheeler?,1,488,488,train,positive
do come a save tire a bgauss 2 wheeler?,What should I do if I find the package open or tampered on delivery?,0,488,80,train,random
do come a save tire a bgauss 2 wheeler?,Do I need to have a driving license to ride a BGauss 2-wheeler?,0,488,228,train,hard
Quick question: do bring a save tire bgauss 2 wheeler?,Do I get a spare tyre with a BGauss 2-wheeler?,1,488,488,train,positive
Quick question: do bring a save tire bgauss 2 wheeler?,What are the documents required to complete this application?,0,488,367,train,random
Quick question: do bring a save tire bgauss 2 wheeler?,How do I save my card(s) on Flipkart?,0,488,272,train,hard
do i come a extra tire with bgauss 2 wheeler?,Do I get a spare tyre with a BGauss 2-wheeler?,1,488,488,dev,positive
do i come a extra tire with bgauss 2 wheeler?,How much electricity is required to charge the battery of a BGauss vehicle?,0,488,320,dev,random
do i come a extra tire with bgauss 2 wheeler?,Do I have to pay extra for items with the Plus badge?,0,488,190,dev,hard
Help needed: can i edit my preserved cards?,Can I delete my saved cards?,1,489,489,train,positive
Help needed: can i edit my preserved cards?,Can I get the refund for the item to any other mode if I have paid using the Bajaj Finserv payment option?,0,489,311,train,random
Help needed: can i edit my preserved cards?,How can I label my saved cards?,0,489,379,train,hard
can i erase my preserved cards?,Can I delete my saved cards?,1,489,489,train,positive
can i erase my preserved cards?,In which all cities can the purchase of an Ather 2-wheeler be made?,0,489,235,train,random
can i erase my preserved cards?,How can I label my saved cards?,0,489,379,train,hard
"Hi, can erase preserved cards?",Can I delete my saved cards?,1,489,489,dev,positive
"Hi, can erase preserved cards?",Why has the Flipkart Plus membership criteria changed from 300 to 200 SuperCoins?,0,489,119,dev,random
"Hi, can erase preserved cards?",What cards can I save on Flipkart?,0,489,469,dev,hard
is there battery subscription model for ampere magnus ex?,Is there a battery subscription model for Ampere Magnus EX?,1,490,490,train,positive
is there battery subscription model for ampere magnus ex?,How quickly does the battery for a Bounce 2-wheeler charge?,0,490,500,train,random
is there battery subscription model for ampere magnus ex?,Is there a battery subscription model for Bounce 2-wheelers?,0,490,494,train,hard
is there a battery subscription model for ampere magnus ex? Thanks.,Is there a battery subscription model for Ampere Magnus EX?,1,490,490,train,positive
is there a battery subscription model for ampere magnus ex? Thanks.,How can I pay the outstanding bill?,0,490,477,train,random
is there a battery subscription model for ampere magnus ex? Thanks.,Is there a battery subscription model for Bounce 2-wheelers?,0,490,494,train,hard
Quick question: is there a battery subscription model for ampere magnus ex?,Is there a battery subscription model for Ampere Magnus EX?,1,490,490,dev,positive
Quick question: is there a battery subscription model for ampere magnus ex?,Why are faster delivery options not available at my location?,0,490,231,dev,random
Quick question: is there a battery subscription model for ampere magnus ex?,Is there a battery subscription model for Bounce 2-wheelers?,0,490,494,dev,hard
will i have to utilize the same touch number to make a phonepe account as the one connected to my flipkart account? Thanks.,Will I have to use the same contact number to create a PhonePe account as the one linked to my Flipkart account?,1,491,491,train,positive
will i have to utilize the same touch number to make a phonepe account as the one connected to my flipkart account? Thanks.,How can I trust that the groceries that will be delivered are quality checked and fresh?,0,491,20,train,random
will i have to utilize the same touch number to make a phonepe account as the one connected to my flipkart account? Thanks.,Do I need to install the PhonePe app to use the wallet option on my Flipkart account?,0,491,234,train,hard
will i have apply the same touch number produce a phonepe account as the one connected to my flipkart account? Thanks.,Will I have to use the same contact number to create a PhonePe account as the one linked to my Flipkart account?,1,491,491,train,positive
will i have apply the same touch number produce a phonepe account as the one connected to my flipkart account? Thanks.,What are the interest rates for the Credit card EMI plans?,0,491,260,train,random
will i have apply the same touch number produce a phonepe account as the one connected to my flipkart account? Thanks.,Can I buy more than one Ather 2-wheeler through the same Flipkart account?,0,491,43,train,hard
"Hi, will i have to apply same touch number to produce a phonepe account as the one connected my flipkart account?",Will I have to use the same contact number to create a PhonePe account as the one linked to my Flipkart account?,1,491,491,dev,positive
"Hi, will i have to apply same touch number to produce a phonepe account as the one connected my flipkart account?",What is Flipkart Buyer Protection?,0,491,140,dev,random
"Hi, will i have to apply same touch number to produce a phonepe account as the one connected my flipkart account?",Do I need to install the PhonePe app to use the wallet option on my Flipkart account?,0,491,234,dev,hard
how do i touch ather for 2 wheeler pertain question? Thanks.,How do I contact Ather for 2-wheeler related queries?,1,492,492,train,positive
how do i touch ather for 2 wheeler pertain question? Thanks.,"I have requested a replacement, when will I get it?",0,492,88,train,random
how do i touch ather for 2 wheeler pertain question? Thanks.,Do I get a spare tyre with an Ather 2-wheeler?,0,492,498,train,hard
"Hi, how do i touch ather for 2 wheeler pertain question?",How do I contact Ather for 2-wheeler related queries?,1,492,492,train,positive
"Hi, how do i touch ather for 2 wheeler pertain question?",I have bought the Bounce 2-wheeler but I want to have a different model. What should I do?,0,492,118,train,random
"Hi, how do i touch ather for 2 wheeler pertain question?",Do I get a spare tyre with an Ather 2-wheeler?,0,492,498,train,hard
Could you tell me how do touch ather 2 wheeler pertain question?,How do I contact Ather for 2-wheeler related queries?,1,492,492,dev,positive
Could you tell me how do touch ather 2 wheeler pertain question?,Why am I not able to see the option to buy an Ampere 2-wheeler for my pincode?,0,492,392,dev,random
Could you tell me how do touch ather 2 wheeler pertain question?,Do I get a spare tyre with an Ather 2-wheeler?,0,492,498,dev,hard
"Hi, i did not take otp while i was paying through the bajaj finserv no cost emi payment mode what should do?",I did not get the OTP while I was paying through the 'Bajaj Finserv No Cost EMI' payment mode. What should I do?,1,493,493,train,positive
"Hi, i did not take otp while i was paying through the bajaj finserv no cost emi payment mode what should do?",What is Cash and Coins for Rewards program?,0,493,262,train,random
"Hi, i did not take otp while i was paying through the bajaj finserv no cost emi payment mode what should do?",I did not get an OTP while paying through the 'Credit Card No Cost EMI' payment mode. What should I do?,0,493,485,train,hard
i did not take the otp while was paying through the bajaj finserv no cost emi payment mode what should i do? Any idea?,I did not get the OTP while I was paying through the 'Bajaj Finserv No Cost EMI' payment mode. What should I do?,1,493,493,train,positive
i did not take the otp while was paying through the bajaj finserv no cost emi payment mode what should i do? Any idea?,Can I choose PhonePe wallet as a refund option?,0,493,275,train,random
i did not take the otp while was paying through the bajaj finserv no cost emi payment mode what should i do? Any idea?,I did not get an OTP while paying through the 'Credit Card No Cost EMI' payment mode. What should I do?,0,493,485,train,hard
i not make the otp while i was paying through the bajaj finserv no cost emi payment mode should i do?,I did not get the OTP while I was paying through the 'Bajaj Finserv No Cost EMI' payment mode. What should I do?,1,493,493,dev,positive
i not make the otp while i was paying through the bajaj finserv no cost emi payment mode should i do?,Why is my card being saved on Flipkart?,0,493,220,dev,random
i not make the otp while i was paying through the bajaj finserv no cost emi payment mode should i do?,I did not get an OTP while paying through the 'Credit Card No Cost EMI' payment mode. What should I do?,0,493,485,dev,hard
Help needed: is battery subscription model for bounce 2 wheelers?,Is there a battery subscription model for Bounce 2-wheelers?,1,494,494,train,positive
Help needed: is battery subscription model for bounce 2 wheelers?,What after sales services are being provided by Ather for 2-wheelers?,0,494,341,train,random
Help needed: is battery subscription model for bounce 2 wheelers?,Is there a battery subscription model for Ampere Magnus EX?,0,494,490,train,hard
Quick question: is there a battery subscription model bounce 2 wheelers?,Is there a battery subscription model for Bounce 2-wheelers?,1,494,494,train,positive
Quick question: is there a battery subscription model bounce 2 wheelers?,Will Flipkart deliver the Ather 2-wheeler at my home?,0,494,472,train,random
Quick question: is there a battery subscription model bounce 2 wheelers?,Is there a battery subscription model for Ampere Magnus EX?,0,494,490,train,hard
"Hi, is a battery subscription model for bounce 2 wheelers?",Is there a battery subscription model for Bounce 2-wheelers?,1,494,494,dev,positive
"Hi, is a battery subscription model for bounce 2 wheelers?",How can I track my Flipkart Quick order?,0,494,240,dev,random
"Hi, is a battery subscription model for bounce 2 wheelers?",Is there a battery subscription model for Ampere Magnus EX?,0,494,490,dev,hard
Quick question: i had amount the flipkart money section would wish to transfer it to my bank i ask establish the phonepe contribute to do?,I had some amount in the Flipkart Money section and would like to transfer it to my bank. Will I need to install the PhonePe add to do this?,1,495,495,train,positive
Quick question: i had amount the flipkart money section would wish to transfer it to my bank i ask establish the phonepe contribute to do?,What is the warranty being offered by BGauss?,0,495,334,train,random
Quick question: i had amount the flipkart money section would wish to transfer it to my bank i ask establish the phonepe contribute to do?,Is it necessary to register with PhonePe to use it on Flipkart?,0,495,192,train,hard
"Hi, i had amount in the flipkart money section and would wish transfer to my bank will i want to establish the phonepe bring do?",I had some amount in the Flipkart Money section and would like to transfer it to my bank. Will I need to install the PhonePe add to do this?,1,495,495,train,positive
"Hi, i had amount in the flipkart money section and would wish transfer to my bank will i want to establish the phonepe bring do?","If my refund amount exceeds ₹20,000, will I get the option for PhonePe UPI linked account and other registered account for NEFT or IMPS?",0,495,322,train,random
"Hi, i had amount in the flipkart money section and would wish transfer to my bank will i want to establish the phonepe bring do?",Can I transfer SuperCoins to different Flipkart account?,0,495,381,train,hard
Quick question: i had some amount in flipkart money section and wish to transfer it to my bank i ask to establish the phonepe bring to do this?,I had some amount in the Flipkart Money section and would like to transfer it to my bank. Will I need to install the PhonePe add to do this?,1,495,495,dev,positive
Quick question: i had some amount in flipkart money section and wish to transfer it to my bank i ask to establish the phonepe bring to do this?,What is No Cost EMI and how can I avail it?,0,495,185,dev,random
Quick question: i had some amount in flipkart money section and wish to transfer it to my bank i ask to establish the phonepe bring to do this?,Is it necessary to register with PhonePe to use it on Flipkart?,0,495,192,dev,hard
Quick question: do i make a extra tire with ampere magnus ex?,Do I get a spare tyre with Ampere Magnus EX?,1,496,496,train,positive
Quick question: do i make a extra tire with ampere magnus ex?,Does a Gift Card expire?,0,496,453,train,random
Quick question: do i make a extra tire with ampere magnus ex?,Do I have to pay extra for items with the Plus badge?,0,496,190,train,hard
"Hi, do i make a save tire ampere magnus ex?",Do I get a spare tyre with Ampere Magnus EX?,1,496,496,train,positive
"Hi, do i make a save tire ampere magnus ex?",Can I use a saved card to make an EMI payment?,0,496,352,train,random
"Hi, do i make a save tire ampere magnus ex?",How do I make a payment using a saved card?,0,496,171,train,hard
Quick question: do take a extra tire ampere magnus ex?,Do I get a spare tyre with Ampere Magnus EX?,1,496,496,dev,positive
Quick question: do take a extra tire ampere magnus ex?,How do I pay for my Cash-on-Delivery order if I choose to pick up the product from the pick-up store?,0,496,318,dev,random
Quick question: do take a extra tire ampere magnus ex?,Will Flipkart deliver Ampere Magnus EX to my home?,0,496,470,dev,hard
what is flipkart s credit card emi payment alternative? Thanks.,What is Flipkart's credit card EMI payment option?,1,497,497,train,positive
what is flipkart s credit card emi payment alternative? Thanks.,How long do I have to pick up my shipment from the pick-up store?,0,497,33,train,random
what is flipkart s credit card emi payment alternative? Thanks.,How do I pay using Flipkart's credit card EMI option?,0,497,418,train,hard
"Hi, what flipkart s credit card emi payment alternative?",What is Flipkart's credit card EMI payment option?,1,497,497,train,positive
"Hi, what flipkart s credit card emi payment alternative?",Is the warranty being offered by Flipkart for Bounce 2-wheelers?,0,497,429,train,random
"Hi, what flipkart s credit card emi payment alternative?",How do I pay using Flipkart's credit card EMI option?,0,497,418,train,hard
"Hi, what is flipkart s credit card emi payment alternative?",What is Flipkart's credit card EMI payment option?,1,497,497,dev,positive
"Hi, what is flipkart s credit card emi payment alternative?",Is there a gift wrap option available for Flipkart Quick orders?,0,497,212,dev,random
"Hi, what is flipkart s credit card emi payment alternative?",How do I pay using Flipkart's credit card EMI option?,0,497,418,dev,hard
Could you tell me do i make save tire with an ather 2 wheeler?,Do I get a spare tyre with an Ather 2-wheeler?,1,498,498,train,positive
Could you tell me do i make save tire with an ather 2 wheeler?,There is a mismatch in warranty terms between Flipkart and the brand's website. What will happen to the warranty on my product now?,0,498,122,train,random
Could you tell me do i make save tire with an ather 2 wheeler?,How do I save my card(s) on Flipkart?,0,498,272,train,hard
Quick question: do i make a save tire with an ather 2 wheeler?,Do I get a spare tyre with an Ather 2-wheeler?,1,498,498,train,positive
Quick question: do i make a save tire with an ather 2 wheeler?,How do I contact seller's partnered courier service providers?,0,498,175,train,random
Quick question: do i make a save tire with an ather 2 wheeler?,How do I make a payment using a saved card?,0,498,171,train,hard
do i find a save tire ather 2 wheeler? Any idea?,Do I get a spare tyre with an Ather 2-wheeler?,1,498,498,dev,positive
do i find a save tire ather 2 wheeler? Any idea?,Can I redeem SuperCoins to avail discounts for products on Shopsy?,0,498,387,dev,random
do i find a save tire ather 2 wheeler? Any idea?,How do I save my card(s) on Flipkart?,0,498,272,dev,hard
my payment from the bajaj finserv no cost emi payment mode did not go through but the amount been closed card what should i do? Any idea?,"My payment from the 'Bajaj Finserv No Cost EMI' payment mode did not go through, but the amount has been blocked on my card. What should I do?",1,499,499,train,positive
my payment from the bajaj finserv no cost emi payment mode did not go through but the amount been closed card what should i do? Any idea?,Is there a minimum purchase amount for Flipkart Quick orders?,0,499,205,train,random
my payment from the bajaj finserv no cost emi payment mode did not go through but the amount been closed card what should i do? Any idea?,I did not get the OTP while I was paying through the 'Bajaj Finserv No Cost EMI' payment mode. What should I do?,0,499,493,train,hard
my payment from bajaj finserv no cost emi payment mode did not go through but the amount has obstruct on my card what should i do?,"My payment from the 'Bajaj Finserv No Cost EMI' payment mode did not go through, but the amount has been blocked on my card. What should I do?",1,499,499,train,positive
my payment from bajaj finserv no cost emi payment mode did not go through but the amount has obstruct on my card what should i do?,Will Flipkart deliver the Hero MotoCorp 2-wheeler to my home?,0,499,464,train,random
my payment from bajaj finserv no cost emi payment mode did not go through but the amount has obstruct on my card what should i do?,I did not get the OTP while I was paying through the 'Bajaj Finserv No Cost EMI' payment mode. What should I do?,0,499,493,train,hard
my payment from the bajaj finserv no cost emi payment mode not go through but the amount has been closed my card what should i do? Thanks.,"My payment from the 'Bajaj Finserv No Cost EMI' payment mode did not go through, but the amount has been blocked on my card. What should I do?",1,499,499,dev,positive
my payment from the bajaj finserv no cost emi payment mode not go through but the amount has been closed my card what should i do? Thanks.,"I have requested a replacement, when will I get it?",0,499,88,dev,random
my payment from the bajaj finserv no cost emi payment mode not go through but the amount has been closed my card what should i do? Thanks.,I did not get the OTP while I was paying through the 'Bajaj Finserv No Cost EMI' payment mode. What should I do?,0,499,493,dev,hard
Could you tell me how promptly the battery for a bounce 2 wheeler accusation?,How quickly does the battery for a Bounce 2-wheeler charge?,1,500,500,train,positive
Could you tell me how promptly the battery for a bounce 2 wheeler accusation?,Where can I check the details of my SuperCoins?,0,500,268,train,random
Could you tell me how promptly the battery for a bounce 2 wheeler accusation?,How long does the battery last for Bounce 2-wheelers?,0,500,333,train,hard
Help needed: how promptly does battery for a bounce 2 wheeler accusation?,How quickly does the battery for a Bounce 2-wheeler charge?,1,500,500,train,positive
Help needed: how promptly does battery for a bounce 2 wheeler accusation?,How can I use a Gift Card?,0,500,326,train,random
Help needed: how promptly does battery for a bounce 2 wheeler accusation?,How long does the battery last for Bounce 2-wheelers?,0,500,333,train,hard
how promptly battery for a bounce 2 wheeler accusation? Thanks.,How quickly does the battery for a Bounce 2-wheeler charge?,1,500,500,dev,positive
how promptly battery for a bounce 2 wheeler accusation? Thanks.,What charging options are available with Ather 2-wheelers. Is there a separate cost associated with it?,0,500,62,dev,random
how promptly battery for a bounce 2 wheeler accusation? Thanks.,How long does the battery last for Bounce 2-wheelers?,0,500,333,dev,hard
