query,expected_faq_id,split,substitutions
how can i use my handsets number to login on the flipkart wireless android?,1,train,mobile>handsets mobile>wireless app>android
how can i usage my handset number to login on the flipkart handsets app? Thanks.,1,train,use>usage mobile>handset mobile>handsets
Help needed: how can i use my wireless number to login on the flipkart smartphones android?,1,dev,mobile>wireless mobile>smartphones app>android
Quick question: what should do if i not gotten the invoice for my order?,2,train,get>gotten
"Hi, what should i do if i not got invoice for my order?",2,train,get>got
Quick question: what should i do if i not gotten the invoice for my order?,2,dev,get>gotten
how is credit card no cost emi similar from credit card emi repayments mode? Thanks.,3,train,different>similar payment>repayments
how credit card no cost emi varying from credit card emi repayment mode?,3,train,different>varying payment>repayment
Could you tell me how is credit card no cost emi dissimilar credit card emi repayments mode?,3,dev,different>dissimilar payment>repayments
Help needed: if i have find security bug vulnerability issue should do?,4,train,found>find
Help needed: if i have uncovered a security bug vulnerability issue what should i do?,4,train,found>uncovered
"Hi, if i have discovered security bug vulnerability issue should i do?",4,dev,found>discovered
"Hi, what the process after pays the ex shop price for ampere magnus ex on flipkart?",5,train,paying>pays showroom>shop
what is the process after forking the ex dealership price ampere magnus ex on flipkart? Thanks.,5,train,paying>forking showroom>dealership
Could you tell me what the process after pays the ex shop price for ampere magnus ex on flipkart?,5,dev,paying>pays showroom>shop
what does it necessitate if a retailer exhibits supercoin pay qr code? Any idea?,6,train,mean>necessitate store>retailer displays>exhibits
Could you tell me what does it imply if a superstore exhibits supercoin pay qr code?,6,train,mean>imply store>superstore displays>exhibits
"Hi, what does it equate if a mall exhibits supercoin pay qr code?",6,dev,mean>equate store>mall displays>exhibits
i have asked for a return for item when will it occur? Any idea?,7,train,requested>asked happen>occur
Quick question: i have asked for a return for my item when will it occur?,7,train,requested>asked happen>occur
"Hi, i have asked for a return item when it occur?",7,dev,requested>asked happen>occur
Could you tell me what can i read in product evaluations?,8,train,write>read reviews>evaluations
Help needed: what can i read in product evaluations?,8,train,write>read reviews>evaluations
what can i read in product evaluations? Any idea?,8,dev,write>read reviews>evaluations
"Hi, can i use the cash on delivery repayments option each product i purchased on flipkart?",9,train,payment>repayments every>each buy>purchased
Could you tell me can i utilize the cash on delivery repayments option each product i buy on flipkart?,9,train,use>utilize payment>repayments every>each
can i usage cash on delivery repayments option for each product i buy on flipkart? Thanks.,9,dev,use>usage payment>repayments every>each
Quick question: should i call flipkart s customer care for installation when my product is delivered?,10,train,once>when
should i call flipkart s customer care for installation again product is delivered? Any idea?,10,train,once>again
Could you tell me should i call flipkart s customer care for installation again my product delivered?,10,dev,once>again
where can i check expiry unrelated specifics of my flipkart plus membership? Thanks.,11,train,related>unrelated details>specifics
"Hi, where can i check the expiry pertaining info of my flipkart plus membership?",11,train,related>pertaining details>info
"Hi, where check the expiry pertaining specifics of my flipkart plus membership?",11,dev,related>pertaining details>specifics
Could you tell me can i league my orders from dissimilar purchasers to be delivered together?,12,train,club>league different>dissimilar sellers>purchasers
can i league my orders from various brokers delivered together? Thanks.,12,train,club>league different>various sellers>brokers
can league orders similar brokers to be delivered together?,12,dev,club>league different>similar sellers>brokers
"Hi, how i unlink a gift card which is said to my briefcase?",13,train,added>said wallet>briefcase
"Hi, how can i unlink a gift card which is said to pocket?",13,train,added>said wallet>pocket
Quick question: how can i unlink gift card which is adds to my pocket?,13,dev,added>adds wallet>pocket
"Hi, what is the process after forking ex shop price for a bgauss 2 wheeler on flipkart?",14,train,paying>forking showroom>shop
what is the process after forking the ex shop price for a bgauss 2 wheeler on flipkart? Any idea?,14,train,paying>forking showroom>shop
what is the process after paid ex shop price for a bgauss 2 wheeler on flipkart? Any idea?,14,dev,paying>paid showroom>shop
i not gotten the gift card i instructed for should do?,15,train,get>gotten ordered>instructed
Could you tell me i not gotten gift card i instructed for should i do?,15,train,get>gotten ordered>instructed
i did not come the gift card i instructed for what i do? Thanks.,15,dev,get>come ordered>instructed
Quick question: can i postpone the order that i pacing by redeeming supercoin thru the supercoin pay feature?,16,train,cancel>postpone paced>pacing through>thru
can i suspend the order that i pacing redeeming supercoin thru supercoin pay feature? Thanks.,16,train,cancel>suspend paced>pacing through>thru
Help needed: can i suspend the order that i pacing by redeeming supercoin into the supercoin pay feature?,16,dev,cancel>suspend paced>pacing through>into
why is the cash on delivery repayment mode not accessible at my proximity? Thanks.,17,train,payment>repayment available>accessible location>proximity
why is the cash on delivery repayment mode not accessible at proximity? Any idea?,17,train,payment>repayment available>accessible location>proximity
Could you tell me why is the cash on delivery repayments mode not accessible my proximity?,17,dev,payment>repayments available>accessible location>proximity
Could you tell me there is no seal on the warranty card getting how will i assertions warranty?,18,train,got>getting claim>assertions
there is no seal on the warranty card get how will i assertion warranty?,18,train,got>get claim>assertion
Quick question: there is no seal on the warranty card i gets how will assertions warranty?,18,dev,got>gets claim>assertions
can i acquire than than one ampere jeep in my moniker same flipkart account?,19,train,buy>acquire more>than vehicle>jeep name>moniker
can i purchasing more than four ampere truck in my moniker same flipkart account? Any idea?,19,train,buy>purchasing one>four vehicle>truck name>moniker
Could you tell me can i bought fewer than four ampere vehicle in my moniker same flipkart account?,19,dev,buy>bought more>fewer one>four name>moniker
"Hi, how can i trust necessities that will be delivered are quality inspected and fresh?",20,train,groceries>necessities checked>inspected
how can i trust that the essentials that will be delivered are quality inspected and fresh? Thanks.,20,train,groceries>essentials checked>inspected
how i trust that the necessities will be delivered are quality examined and fresh? Any idea?,20,dev,groceries>necessities checked>examined
how can i reimburse for my order used the bajaj finserv repayments mode? Thanks.,21,train,pay>reimburse using>used payment>repayments
Could you tell me how can i reimburse my order used bajaj finserv repayment mode?,21,train,pay>reimburse using>used payment>repayment
how can i reimburse order utilizing the bajaj finserv repayment mode? Any idea?,21,dev,pay>reimburse using>utilizing payment>repayment
"Hi, what is the process after pays ex shop price for a bounce 2 wheeler on flipkart?",22,train,paying>pays showroom>shop
what is the process forking the ex shop price for a bounce 2 wheeler on flipkart? Thanks.,22,train,paying>forking showroom>shop
Could you tell me what is the process after forking the ex dealership price for a bounce 2 wheeler on flipkart?,22,dev,paying>forking showroom>dealership
Could you tell me what subsidies are having proffered by ather and how to assertion them?,23,train,being>having offered>proffered claim>assertion
Could you tell me what tariffs are being proffered by ather and how to assertion them?,23,train,subsidies>tariffs offered>proffered claim>assertion
what subsidies are having proffered by ather and to assertions? Thanks.,23,dev,being>having offered>proffered claim>assertions
Help needed: if i reschedule or return an item from my order will the supercoins praised subtracted?,24,train,cancel>reschedule credited>praised deducted>subtracted
Quick question: if i rescind or return an item from order will the supercoins lauded be subtracted?,24,train,cancel>rescind credited>lauded deducted>subtracted
if i terminate or return an item from my order supercoins lauded be subtracted? Any idea?,24,dev,cancel>terminate credited>lauded deducted>subtracted
Could you tell me why do i tell a freight charge for an item with the plus sticker?,25,train,see>tell shipping>freight badge>sticker
why do i tell a freight charge an item with the plus insignia? Any idea?,25,train,see>tell shipping>freight badge>insignia
Help needed: why do i think a freight charge for an item with the plus sticker?,25,dev,see>think shipping>freight badge>sticker
i do not know the warranty info for product where i found it? Thanks.,26,train,remember>know details>info find>found
Could you tell me i do not remind the warranty info for my product where can i uncover it?,26,train,remember>remind details>info find>uncover
"Hi, i do not reminded the warranty specifics for my product where can i see it?",26,dev,remember>reminded details>specifics find>see
"Hi, can i bought less than one bgauss 2 wheeler in my surname same flipkart account?",27,train,buy>bought more>less name>surname
Could you tell me can i buy fewer than four bgauss 2 wheeler in my surname same flipkart account?,27,train,more>fewer one>four name>surname
can i sell less four bgauss 2 wheeler in my name same flipkart account? Any idea?,27,dev,buy>sell more>less one>four
what should do if my order is endorsed but has not trucked but?,28,train,approved>endorsed shipped>trucked yet>but
Quick question: what should i do if my order is voted but has not exported not?,28,train,approved>voted shipped>exported yet>not
what should i do if order is endorsed but has not been sold but? Thanks.,28,dev,approved>endorsed shipped>sold yet>but
Quick question: how is bajaj finserv repayments mode different from the loan card emi repayments mode?,29,train,payment>repayments credit>loan payment>repayments
Could you tell me how is bajaj finserv repayment mode different from the loan card emi repayment mode?,29,train,payment>repayment credit>loan payment>repayment
Quick question: how bajaj finserv repayments mode different from the loan card emi repayment mode?,29,dev,payment>repayments credit>loan payment>repayment
"Hi, what is the process after pays the ex dealership price for an ather 2 wheeler on flipkart?",30,train,paying>pays showroom>dealership
what is the process after pays ex shop price for an ather 2 wheeler flipkart?,30,train,paying>pays showroom>shop
Could you tell me what the process after forking the ex dealership price for an ather 2 wheeler on flipkart?,30,dev,paying>forking showroom>dealership
"Hi, how short will the benefit be unlocked as part of my supercoin milestones?",31,train,long>short
how short will benefit be unlocked as part my supercoin milestones? Thanks.,31,train,long>short
"Hi, how short will the benefit be unlocked as part my supercoin milestones?",31,dev,long>short
Could you tell me if i request a successor i got it?,32,train,replacement>successor get>got
if request for a successor will i bring it?,32,train,replacement>successor get>bring
Could you tell me if request for a successor will i give it?,32,dev,replacement>successor get>give
how short i have to pick up my consignments from the pick up retailer?,33,train,long>short shipment>consignments store>retailer
Help needed: how short do i have to pick up my consignment from the pick supermarket?,33,train,long>short shipment>consignment store>supermarket
Could you tell me how short do i have to pick up my consignments from the pick up superstore?,33,dev,long>short shipment>consignments store>superstore
Quick question: what are charges specified for warranty assertion in case of a repaired product?,34,train,applicable>specified claim>assertion refurbished>repaired
"Hi, what are the allegations specified for warranty assertions in case of a refurbished product?",34,train,charges>allegations applicable>specified claim>assertions
Help needed: what are the charges specified for warranty assertions in case a remodeled product?,34,dev,applicable>specified claim>assertions refurbished>remodeled
Help needed: can i purchased less than one bounce minivan in my surname same flipkart account?,35,train,buy>purchased more>less vehicle>minivan name>surname
Could you tell me can sell less than three bounce vehicle in surname same flipkart account?,35,train,buy>sell more>less one>three name>surname
Quick question: can i purchased more two bounce suv my surname same flipkart account?,35,dev,buy>purchased one>two vehicle>suv name>surname
are there any hides accusations octroi or sales tax when i showroom on flipkart? Thanks.,36,train,hidden>hides charges>accusations shop>showroom
Quick question: are there any hides indicted octroi sales tax i showroom on flipkart?,36,train,hidden>hides charges>indicted shop>showroom
Could you tell me are any hide accusations octroi or sales tax when i showroom on flipkart?,36,dev,hidden>hide charges>accusations shop>showroom
Could you tell me how i bring a card label to my saving card?,37,train,add>bring saved>saving
"Hi, how can i bring a card label to my saving card?",37,train,add>bring saved>saving
Help needed: how can i bring a card label to my saving card?,37,dev,add>bring saved>saving
what is lead of buying a hero motocorp 2 wheeler jeep into flipkart? Thanks.,38,train,advantage>lead vehicle>jeep through>into
what is the advantage purchases a hero motocorp 2 wheeler truck thru flipkart? Thanks.,38,train,buying>purchases vehicle>truck through>thru
Could you tell me what is the lead buying a hero motocorp 2 wheeler truck thru flipkart?,38,dev,advantage>lead vehicle>truck through>thru
what rebates are being given by ampere to assertions them?,39,train,subsidies>rebates offered>given claim>assertions
Quick question: what rebates are having given by ampere and how to claim them?,39,train,subsidies>rebates being>having offered>given
what incentives are having given by ampere and how to claim them?,39,dev,subsidies>incentives being>having offered>given
can i return my ather 2 wheeler in case i provide a undamaged car?,40,train,receive>provide damaged>undamaged vehicle>car
Could you tell me can i return my ather 2 wheeler in case i provide a undamaged truck?,40,train,receive>provide damaged>undamaged vehicle>truck
can i return my ather 2 wheeler case i provide undamaged minivan?,40,dev,receive>provide damaged>undamaged vehicle>minivan
is a pick up supermarket option stronger than being the consignment mailed directly to me? Any idea?,41,train,store>supermarket better>stronger having>being shipment>consignment sent>mailed
Could you tell me is a pick up retailer option smarter than being the consignment mailed directly to me?,41,train,store>retailer better>smarter having>being shipment>consignment sent>mailed
Could you tell me is a pick up retailer option quicker than having the consignments mailed indirectly to me?,41,dev,store>retailer better>quicker shipment>consignments sent>mailed directly>indirectly
"Hi, i did not got a warranty card product how i got the warranty?",42,train,get>got get>got
i did not give a warranty card with my product how can i gotten the warranty?,42,train,get>give get>gotten
i did not gotten a warranty card with my product how can i got the warranty? Any idea?,42,dev,get>gotten get>got
Help needed: can purchasing less than five ather 2 wheeler through the same flipkart account?,43,train,buy>purchasing more>less one>five
Quick question: can buy fewer than four ather 2 wheeler thru the same flipkart account?,43,train,more>fewer one>four through>thru
Quick question: can i purchased more five ather 2 wheeler into the same flipkart account?,43,dev,buy>purchased one>five through>into
"Hi, how do i gotten invoices for my previous orders without being to check my e faxes?",44,train,get>gotten having>being mails>faxes
how i bring invoices for my previous orders without being to check my e faxes? Any idea?,44,train,get>bring having>being mails>faxes
"Hi, how do i give invoices for my earlier orders without having to check my e faxes?",44,dev,get>give previous>earlier mails>faxes
Quick question: how can i reimburse for my order use credit card no cost emi repayments mode?,45,train,pay>reimburse using>use payment>repayments
Could you tell me how can i paid my order uses the credit card no cost emi repayments mode?,45,train,pay>paid using>uses payment>repayments
how can i reimburse for my order used the credit card no cost emi repayments mode? Any idea?,45,dev,pay>reimburse using>used payment>repayments
what is the process after paid ex shop price for a hero motocorp 2 wheeler on flipkart? Thanks.,46,train,paying>paid showroom>shop
Quick question: what is the process pays the ex dealership price for a hero motocorp 2 wheeler on flipkart?,46,train,paying>pays showroom>dealership
Could you tell me what the process after forking the ex dealership price for a hero motocorp 2 wheeler on flipkart?,46,dev,paying>forking showroom>dealership
what subsidies are having proffered by bgauss and how to assertion them?,47,train,being>having offered>proffered claim>assertion
what subsidies are having proffered bgauss how assertion them? Any idea?,47,train,being>having offered>proffered claim>assertion
Quick question: what rebates having given by bgauss and how to claim?,47,dev,subsidies>rebates being>having offered>given
"Hi, can i dip out an item i want to return at the pick mall?",48,train,drop>dip off>out store>mall
Quick question: can i dip back an item i want to return at the pick up supermarket?,48,train,drop>dip off>back store>supermarket
can i plummet out an item i want return at the pick superstore?,48,dev,drop>plummet off>out store>superstore
"Hi, how can i bring revamped delivery address my flipkart account?",49,train,add>bring new>revamped
Help needed: how can i bring revamped delivery address to my flipkart account?,49,train,add>bring new>revamped
how can i bring a revamped delivery address to my flipkart account?,49,dev,add>bring new>revamped
Help needed: will warranty be specified for my product since i buy it web?,50,train,applicable>specified bought>buy online>web
will warranty be specified for my product since i buy offline? Any idea?,50,train,applicable>specified bought>buy online>offline
Quick question: will warranty be specified for my product since i buy it web?,50,dev,applicable>specified bought>buy online>web
how can shift the faxes id associated with my flipkart account?,51,train,change>shift email>faxes linked>associated
how can i alter the faxes id implicated with flipkart account? Thanks.,51,train,change>alter email>faxes linked>implicated
how i shift fax id implicated with my flipkart account? Thanks.,51,dev,change>shift email>fax linked>implicated
why do see similar demand ebooks with the same championships? Any idea?,52,train,different>similar prices>demand books>ebooks title>championships
why do i think dissimilar demand for books with the same championship? Any idea?,52,train,see>think different>dissimilar prices>demand title>championship
Quick question: why do i see dissimilar demand for ebooks with same championships?,52,dev,different>dissimilar prices>demand books>ebooks title>championships
Help needed: what is the loan allowable on the bajaj finserv card for malls flipkart?,53,train,credit>loan limit>allowable shopping>malls
what the loan restrict on the bajaj finserv card for malls flipkart?,53,train,credit>loan limit>restrict shopping>malls
Could you tell me what is the loan allowable on the bajaj finserv card malls flipkart?,53,dev,credit>loan limit>allowable shopping>malls
what after retail services are having given by flipkart for ather 2 wheelers?,54,train,sales>retail being>having provided>given
Help needed: what after revenues services having given flipkart for ather 2 wheelers?,54,train,sales>revenues being>having provided>given
Quick question: what after revenue services having given by flipkart for ather 2 wheelers?,54,dev,sales>revenue being>having provided>given
Quick question: what incentives are having proffered by bounce and to claim?,55,train,subsidies>incentives being>having offered>proffered
"Hi, what tariffs are having offered by bounce to assertions?",55,train,subsidies>tariffs being>having claim>assertions
Quick question: what tariffs are having offered by bounce how to assertions them?,55,dev,subsidies>tariffs being>having claim>assertions
"Hi, can i reschedule an order placed used the credit card no cost emi repayments option?",56,train,cancel>reschedule using>used payment>repayments
can i cancel an order put uses the credit card no cost emi repayments option? Any idea?,56,train,placed>put using>uses payment>repayments
can i rescind an order put using the credit card no cost emi repayment option?,56,dev,cancel>rescind placed>put payment>repayment
i skipped the delivery of my order yesterday what should i?,57,train,missed>skipped today>yesterday
"Hi, i skipped the delivery my order wednesday what should i do?",57,train,missed>skipped today>wednesday
i skipped the delivery of my order monday what should i do?,57,dev,missed>skipped today>monday
should i register the product with the brand to avail the warranty advantages on it? Thanks.,58,train,benefits>advantages
Help needed: should i register the product with the brand avail the warranty advantages on it?,58,train,benefits>advantages
"Hi, should register the product with the brand to avail the warranty advantages on?",58,dev,benefits>advantages
"Hi, will i bring early access to purchase as i m a flipkart plus user?",59,train,get>bring sale>purchase customer>user
Could you tell me will i give late access sold as i m a flipkart plus customer?,59,train,get>give early>late sale>sold
Quick question: will i get mid access to auction as m a flipkart plus clients?,59,dev,early>mid sale>auction customer>clients
my package demonstrates as delivered but i ca not discover it what should i do? Thanks.,60,train,shows>demonstrates find>discover
my package indicates as delivered i ca not discover it what should do?,60,train,shows>indicates find>discover
Could you tell me my package suggests as delivered but i ca not see it what should i do?,60,dev,shows>suggests find>see
Could you tell me how can i reapply for flipkart axis bank credit card am i qualify for the card?,61,train,apply>reapply eligible>qualify
how can i reapply for flipkart axis bank credit card am i ineligible the card? Thanks.,61,train,apply>reapply eligible>ineligible
Quick question: how i reapply for flipkart axis bank credit card am i qualify for card?,61,dev,apply>reapply eligible>qualify
Help needed: what charging possibilities are accessible with ather 2 wheelers is there a separate cost linked with it?,62,train,options>possibilities available>accessible associated>linked
what charging possibilities are accessible with ather 2 wheelers there seperate cost associated with it? Thanks.,62,train,options>possibilities available>accessible separate>seperate
Could you tell me what charging options are accessible with ather 2 wheelers is there a seperate cost linked?,62,dev,available>accessible separate>seperate associated>linked
Could you tell me on what brands will i come the option of supercoins price?,63,train,products>brands get>come
"Hi, on what technologies will i gotten the option supercoins price?",63,train,products>technologies get>gotten
Quick question: on what brands will i got the option of supercoins price?,63,dev,products>brands get>got
can i alter the address for pick the of item s in my order? Thanks.,64,train,change>alter
can i alter the address for the pick up the of item s in my order? Any idea?,64,train,change>alter
can i alter the address for pick up of item s in my order? Any idea?,64,dev,change>alter
"Hi, can whoever anything gather an order behalf a pick up store?",65,train,someone>whoever else>anything collect>gather
Quick question: can someone anything gather an order on my behalf from a pick up retailer?,65,train,else>anything collect>gather store>retailer
can whoever anyone collect order on my behalf from a pick up drugstore? Thanks.,65,dev,someone>whoever else>anyone store>drugstore
how do i assertions warranty services rebuilt technologies?,66,train,claim>assertions refurbished>rebuilt products>technologies
Could you tell me how do i assertion warranty services for rebuilt technologies?,66,train,claim>assertion refurbished>rebuilt products>technologies
Quick question: how i assertion warranty services for renovated brands?,66,dev,claim>assertion refurbished>renovated products>brands
what are the advantages of purchasing an item with a plus insignia? Thanks.,67,train,benefits>advantages buying>purchasing badge>insignia
Quick question: what the advantages of bought an item with a plus sticker?,67,train,benefits>advantages buying>bought badge>sticker
what are the advantages of purchases an item a plus sticker? Any idea?,67,dev,benefits>advantages buying>purchases badge>sticker
can i order a product is out of stock or temporarily unavailable? Any idea?,68,train,
"Hi, can i order product that is out of stock or temporarily unavailable?",68,train,
Could you tell me can i order a product out stock or temporarily unavailable?,68,dev,
what i do if the balance in my checkbook is not sufficiently reimburse my order? Any idea?,69,train,wallet>checkbook enough>sufficiently pay>reimburse
"Hi, what can i do if the balance in pocket not not to paid for my order?",69,train,wallet>pocket enough>not pay>paid
Quick question: what i do if the balance in my pocket is not too to reimburse my order?,69,dev,wallet>pocket enough>too pay>reimburse
Quick question: what is the advantage selling a bgauss 2 wheeler suv into flipkart?,70,train,buying>selling vehicle>suv through>into
what is lead of buying a bgauss 2 wheeler car into flipkart?,70,train,advantage>lead vehicle>car through>into
Could you tell me what is the lead of purchases a bgauss 2 wheeler suv through flipkart?,70,dev,advantage>lead buying>purchases vehicle>suv
Help needed: some of my supercoins expiring how can i redeem them?,71,train,
"Hi, some of my supercoins are expiring can i redeem them?",71,train,
Could you tell me some of my supercoins are expiring how can i redeem them?,71,dev,
Quick question: how short will it give refund from flipkart to my phonepe pocket?,72,train,long>short take>give wallet>pocket
Quick question: how short it took a rebate from flipkart my phonepe wallet?,72,train,long>short take>took refund>rebate
Help needed: how short will it take for reimburse from flipkart my phonepe pocketbook?,72,dev,long>short refund>reimburse wallet>pocketbook
Quick question: how to guess my vicinity has self pick up service?,73,train,know>guess area>vicinity
"Hi, how think if my region has self pick up service?",73,train,know>think area>region
how to guess vicinity has self pick up service? Any idea?,73,dev,know>guess area>vicinity
how will i assertions warranty for redeveloped brands?,74,train,claim>assertions refurbished>redeveloped products>brands
how i assertion warranty for remodeled brands?,74,train,claim>assertion refurbished>remodeled products>brands
Could you tell me how i assertion warranty for rebuilt brands?,74,dev,claim>assertion refurbished>rebuilt products>brands
Could you tell me how can i utilize a revamped faxes address to log to my flipkart account?,75,train,use>utilize new>revamped email>faxes
Help needed: how can i utilize a revamped fax address to log in to my flipkart account?,75,train,use>utilize new>revamped email>fax
Could you tell me how can i usage a revamped fax address to log in to my flipkart account?,75,dev,use>usage new>revamped email>fax
how do i think order has been revealed? Thanks.,76,train,know>think confirmed>revealed
Could you tell me how i knew my order has been indicated?,76,train,know>knew confirmed>indicated
how do i understand my order has been revealed?,76,dev,know>understand confirmed>revealed
Help needed: how i track my order for the bounce 2 wheeler after finishing my repayments on flipkart?,77,train,completing>finishing payment>repayments
how can i track my order for the bounce 2 wheeler after finishing my repayment on flipkart? Any idea?,77,train,completing>finishing payment>repayment
"Hi, how can i track order for the bounce 2 wheeler after finishing repayments on flipkart?",77,dev,completing>finishing payment>repayments
"Hi, what is the lead of purchasing an ather 2 wheeler minivan through flipkart?",78,train,advantage>lead buying>purchasing vehicle>minivan
what is the lead of purchase an ather 2 wheeler vehicle into flipkart?,78,train,advantage>lead buying>purchase through>into
Help needed: what is the lead of purchase ather 2 wheeler minivan through flipkart?,78,dev,advantage>lead buying>purchase vehicle>minivan
which fourth party partner superstores where can using supercoin pay feature? Thanks.,79,train,third>fourth stores>superstores use>using
Quick question: which are the sixth party partner shops where i can utilize supercoin pay feature?,79,train,third>sixth stores>shops use>utilize
which are the fifth party partner retailers where i can using supercoin pay feature? Any idea?,79,dev,third>fifth stores>retailers use>using
what should i do if i found the package closed or tampered on delivery?,80,train,find>found open>closed
what i do if i uncover the package closed tampered on delivery? Any idea?,80,train,find>uncover open>closed
what should i do if discover the package closed or tampered delivery? Thanks.,80,dev,find>discover open>closed
how will i tell that my consignment has reached pick up retailer? Thanks.,81,train,know>tell shipment>consignment store>retailer
how will i knew that my consignments has reached the pick up drugstore? Thanks.,81,train,know>knew shipment>consignments store>drugstore
how will i tell that my consignment has reached the pick up mall? Any idea?,81,dev,know>tell shipment>consignment store>mall
what date does the warranty service reapply for my remodeled product resold on flipkart? Thanks.,82,train,apply>reapply refurbished>remodeled purchased>resold
what date the warranty service reapply for my rebuilt product sold on flipkart? Any idea?,82,train,apply>reapply refurbished>rebuilt purchased>sold
what date the warranty service reapply for my repaired product sold flipkart? Any idea?,82,dev,apply>reapply refurbished>repaired purchased>sold
Help needed: where can write fewer summary terms and conditions of the flipkart plus program?,83,train,read>write more>fewer detailed>summary
Could you tell me where can i read fewer summary terms circumstances of the flipkart plus program?,83,train,more>fewer detailed>summary conditions>circumstances
where can i read fewer thorough terms and circumstances of the flipkart plus program?,83,dev,more>fewer detailed>thorough conditions>circumstances
Help needed: who are all ineligible for this gstin feature?,84,train,eligible>ineligible
Help needed: who are qualify for this gstin feature?,84,train,eligible>qualify
Quick question: who are all qualify for this gstin feature?,84,dev,eligible>qualify
Could you tell me can i utilize my saving cards make a repayments on flipkart s smartphone site app?,85,train,use>utilize saved>saving making>make payment>repayments mobile>smartphone
"Hi, can i using my saving cards for makes a repayment on flipkart s handset site app?",85,train,use>using saved>saving making>makes payment>repayment mobile>handset
Could you tell me can i use my saving cards for makes a repayment on flipkart s wireless site ipad?,85,dev,saved>saving making>makes payment>repayment mobile>wireless app>ipad
what is the percentage cost of only service a bgauss 2 wheeler? Thanks.,86,train,average>percentage one>only
what is the percentage cost of only service for bgauss 2 wheeler?,86,train,average>percentage one>only
what is the per cost of five service for a bgauss 2 wheeler? Any idea?,86,dev,average>per one>five
are there any those forthcoming third party gives that can redeemed thru flipkart plus program?,87,train,other>those upcoming>forthcoming offers>gives through>thru
Could you tell me are there any various forthcoming fifth party offers that can be redeemed into flipkart plus program?,87,train,other>various upcoming>forthcoming third>fifth through>into
Could you tell me are there those upcoming seventh party boasts can be redeemed thru flipkart plus program?,87,dev,other>those third>seventh offers>boasts through>thru
i have asked a successor when will i gotten it?,88,train,requested>asked replacement>successor get>gotten
i have asked a successor when will i got it? Thanks.,88,train,requested>asked replacement>successor get>got
i have asked successor when will i bring it?,88,dev,requested>asked replacement>successor get>bring
"Hi, what are the advantages deciding pick up supermarket option for delivery?",89,train,benefits>advantages choosing>deciding store>supermarket
Could you tell me what are the advantages of chose the pick drugstore option for delivery?,89,train,benefits>advantages choosing>chose store>drugstore
Quick question: what the advantages of chose the pick up drugstore option for delivery?,89,dev,benefits>advantages choosing>chose store>drugstore
Help needed: from when warranty for my product specified?,90,train,applicable>specified
from is the warranty for my product specified? Any idea?,90,train,applicable>specified
Quick question: from when is the warranty for product specified?,90,dev,applicable>specified
Could you tell me is imperative to an account showroom on flipkart?,91,train,necessary>imperative shop>showroom
is required to have an account to showroom on flipkart? Thanks.,91,train,necessary>required shop>showroom
"Hi, is it essential to have an account to showroom on flipkart?",91,dev,necessary>essential shop>showroom
will i got a fence mount for my broadcast in the box? Thanks.,92,train,get>got wall>fence television>broadcast
will i gotten a fence mount for broadcaster in the box? Thanks.,92,train,get>gotten wall>fence television>broadcaster
Could you tell me will i bring fence mount for broadcasting the box?,92,dev,get>bring wall>fence television>broadcasting
what are the advantages the credit card no cost emi repayments mode? Thanks.,93,train,benefits>advantages payment>repayments
what are the advantages of the credit card no cost emi repayment mode?,93,train,benefits>advantages payment>repayment
what the advantages of the credit card no cost emi repayment mode?,93,dev,benefits>advantages payment>repayment
Could you tell me there have been recent reports of rechargeable caught flames how do i understand that bgauss 2 wheelers are safe?,94,train,batteries>rechargeable catching>caught fire>flames know>understand
Quick question: there have been previous reports of recharging caught fire how do i think that bgauss 2 wheelers are safe?,94,train,recent>previous batteries>recharging catching>caught know>think
there have been past reports of charger caught fire how do i understand that bgauss 2 wheelers are safe? Thanks.,94,dev,recent>past batteries>charger catching>caught know>understand
Quick question: i am able find some supercoins rewards but why am i not can bought them?,95,train,see>find able>can buy>bought
i unable to look some supercoins rewards but why am i not able to bought them? Any idea?,95,train,able>unable see>look buy>bought
i am able to look some supercoins rewards but why i not unable to sell them? Any idea?,95,dev,see>look able>unable buy>sell
"Hi, can i postpone a part of my flipkart quick order after i put it?",96,train,cancel>postpone placed>put
can i suspend a part of my flipkart quick order after i have put it? Thanks.,96,train,cancel>suspend placed>put
can i terminate a part of my flipkart quick order after i have put it?,96,dev,cancel>terminate placed>put
Help needed: my consignments is damaged at the self minivan drugstore what do i?,97,train,shipment>consignments pickup>minivan store>drugstore
Help needed: my consignments is repaired at self vehicle store what do i do?,97,train,shipment>consignments damaged>repaired pickup>vehicle
Help needed: my consignment destroyed at the self pickup retailer what do i do?,97,dev,shipment>consignment damaged>destroyed store>retailer
i regained my warranty card how can i bring warranty? Thanks.,98,train,lost>regained get>bring
i loses my warranty card can bring warranty?,98,train,lost>loses get>bring
"Hi, i losing my warranty card how can i come warranty?",98,dev,lost>losing get>come
Could you tell me how can i alter the username for my flipkart account?,99,train,change>alter password>username
how can shift the username for flipkart account? Any idea?,99,train,change>shift password>username
"Hi, how can i alter username my flipkart account?",99,dev,change>alter password>username
Help needed: can i take the consignment after closing and checking contents underneath?,100,train,shipment>consignment opening>closing inside>underneath
Help needed: can taking the consignments after closing and checking the contents inside?,100,train,take>taking shipment>consignments opening>closing
Quick question: can i give the shipment after closing and checking the contents underneath?,100,dev,take>give opening>closing inside>underneath
why ca not i look bajaj finserv as a repayment mode for some items? Any idea?,101,train,see>look payment>repayment
Could you tell me why ca not i know bajaj finserv as a repayments mode for some items?,101,train,see>know payment>repayments
why ca not i tell bajaj finserv as a repayments mode for some items?,101,dev,see>tell payment>repayments
i have buy a bgauss 2 wheeler i need to have a varying model what should i do? Thanks.,102,train,bought>buy want>need different>varying
Help needed: i have buying a bgauss 2 wheeler but i need to have a various model what should i do?,102,train,bought>buying want>need different>various
i have buy a bgauss 2 wheeler but i wanna to a varying model what should i do? Any idea?,102,dev,bought>buy want>wanna different>varying
Could you tell me will my flipkart plus membership be carmakers reinvigorated if i have earned 200 supercoins in preceding months?,103,train,auto>carmakers renewed>reinvigorated previous>preceding year>months
"Hi, will my flipkart plus membership be auto heightened have garnered 200 supercoins in the preceding month?",103,train,renewed>heightened earned>garnered previous>preceding year>month
will my flipkart plus membership be auto heightened if i have garnered 200 supercoins in the recent week? Any idea?,103,dev,renewed>heightened earned>garnered previous>recent year>week
Help needed: can i postpone emi after i ve put order use bajaj finserv payment option?,104,train,cancel>postpone placed>put using>use
Quick question: can i cancel my emi after i ve put order utilizing the bajaj finserv repayments option?,104,train,placed>put using>utilizing payment>repayments
Could you tell me can i rescind my emi i ve put the order use bajaj finserv payment option?,104,dev,cancel>rescind placed>put using>use
how little time does it took for the consignments to reach a truck supermarket? Any idea?,105,train,much>little take>took shipment>consignments pickup>truck store>supermarket
how little time does it took for the consignment to attain a suv store? Thanks.,105,train,much>little take>took shipment>consignment reach>attain pickup>suv
how lot time does it taking for the consignment to reach a vehicle retailer? Thanks.,105,dev,much>lot take>taking shipment>consignment pickup>vehicle store>retailer
"Hi, how do i sign for an extended warranty for my product?",106,train,
Could you tell me how do i sign up for an extended warranty for my product?,106,train,
how do sign up for extended warranty for my product? Thanks.,106,dev,
"Hi, what i do if i do not give the otp or verification code?",107,train,get>give
Quick question: what should i do if i do not bring the otp or verification code?,107,train,get>bring
what should i do if do not got the otp or verification code? Any idea?,107,dev,get>got
how a business week similar from a regular week? Any idea?,108,train,day>week different>similar day>week
Could you tell me how is a business week dissimilar from a weekly day?,108,train,day>week different>dissimilar regular>weekly
Help needed: how is a business hours different from weekly hours?,108,dev,day>hours regular>weekly day>hours
what are the advantages of the bajaj finserv repayments mode? Thanks.,109,train,benefits>advantages payment>repayments
what are advantages of the bajaj finserv repayments mode?,109,train,benefits>advantages payment>repayments
what are advantages of the bajaj finserv repayments mode? Thanks.,109,dev,benefits>advantages payment>repayments
Quick question: i have buys ather 2 wheeler but i can to have a varying model what should i do?,110,train,bought>buys want>can different>varying
Quick question: i buying an ather 2 wheeler but i going to have a varying model what should i do?,110,train,bought>buying want>going different>varying
Quick question: i have buys an ather 2 wheeler but prefer to have a varying model should i do?,110,dev,bought>buys want>prefer different>varying
"Hi, can i redeem all of accessible supercoins instead utilizing the supercoin pay feature?",111,train,available>accessible while>instead using>utilizing
can redeem all of my accessible supercoins instead utilizing the supercoin pay feature?,111,train,available>accessible while>instead using>utilizing
"Hi, can i redeem all of my accessible supercoins instead utilizing the supercoin pay feature?",111,dev,available>accessible while>instead using>utilizing
Could you tell me how short does it took to suspend an order?,112,train,long>short take>took cancel>suspend
"Hi, how short does it give to rescind an order?",112,train,long>short take>give cancel>rescind
how short it taking to postpone an order? Thanks.,112,dev,long>short take>taking cancel>postpone
Quick question: my order has reached the nearest delivery hub but why is not it off for delivery but?,113,train,out>off yet>but
"Hi, my order reached the nearest delivery hub but why is not it down for delivery already?",113,train,out>down yet>already
my order has reached nearest delivery hub but why is not it away for delivery already?,113,dev,out>away yet>already
what should i do if there is a discrepancy in the warranty alluded flipkart physical warranty card i gets?,114,train,difference>discrepancy mentioned>alluded got>gets
what should i do if there is a disparity in warranty referenced on flipkart the physical warranty card i getting?,114,train,difference>disparity mentioned>referenced got>getting
"Hi, what should i do there is a difference in the warranty discussed on flipkart the mental warranty card i getting?",114,dev,mentioned>discussed physical>mental got>getting
why do i necessary validate my wireless number or email address to log into my flipkart account? Any idea?,115,train,need>necessary verify>validate mobile>wireless
"Hi, why do i can validate my handsets number or email address to log into flipkart account?",115,train,need>can verify>validate mobile>handsets
why do i want verify wireless number fax address to log into my flipkart account? Thanks.,115,dev,need>want mobile>wireless email>fax
what does permanently discontinued or out of print equate? Thanks.,116,train,mean>equate
Help needed: what does permanently discontinued or out of print necessitate?,116,train,mean>necessitate
Could you tell me what does permanently discontinued or out of print imply?,116,dev,mean>imply
how can i track order for ampere magnus ex after finishing repayments on flipkart? Thanks.,117,train,completing>finishing payment>repayments
"Hi, how can i track order for ampere magnus ex after finishing my repayments flipkart?",117,train,completing>finishing payment>repayments
Could you tell me how can i track my order ampere magnus ex after finishing my repayment on flipkart?,117,dev,completing>finishing payment>repayment
i have buy the bounce 2 wheeler but i going to have a similar model should i do?,118,train,bought>buy want>going different>similar
i have buy the bounce 2 wheeler but i going to have a divergent model what do?,118,train,bought>buy want>going different>divergent
Quick question: i have buying bounce 2 wheeler i can to have divergent model what i do?,118,dev,bought>buying want>can different>divergent
Help needed: why has the flipkart plus membership parameters alter 300 to 200 supercoins?,119,train,criteria>parameters changed>alter
why has the flipkart plus membership guidelines alter 300 to 200 supercoins? Thanks.,119,train,criteria>guidelines changed>alter
Quick question: why has the flipkart plus membership parameters alter from 300 to 200 supercoins?,119,dev,criteria>parameters changed>alter
what will occur to cashback if return product?,120,train,happen>occur
what will occur to the cashback i return a product?,120,train,happen>occur
what occur to the cashback if return a product? Any idea?,120,dev,happen>occur
the delivery of order is halted what should i do? Thanks.,121,train,delayed>halted
Quick question: the delivery of order is postpone what should i?,121,train,delayed>postpone
Help needed: the delivery of my order is rescheduled what should i do?,121,dev,delayed>rescheduled
there is a discrepancy in warranty terms between flipkart and the brand s website what will occur to the warranty on my product already?,122,train,mismatch>discrepancy happen>occur now>already
Help needed: there is a discrepancy in warranty terms between flipkart and the brand s blog what will happen to the warranty on my product currently?,122,train,mismatch>discrepancy website>blog now>currently
there is a discrepancy in warranty terms between flipkart and the brand s website what will occur to the warranty on my product still? Thanks.,122,dev,mismatch>discrepancy happen>occur now>still
Could you tell me my flipkart plus membership is expiring quickly how can i be part of the program once?,123,train,soon>quickly again>once
my flipkart plus membership is expiring eventually how i be a part program then?,123,train,soon>eventually again>then
my flipkart plus membership is expiring quickly how can i be a part of the program then?,123,dev,soon>quickly again>then
Quick question: why ca not i track my order probably although it has trucked?,124,train,even>probably though>although shipped>trucked
"Hi, why ca not i track my order though although it has been sold?",124,train,even>though though>although shipped>sold
Help needed: why ca not i track my order anyway even it has been trucked?,124,dev,even>anyway though>even shipped>trucked
"Hi, how can track my order for the ather 2 wheeler after finishing my repayment flipkart?",125,train,completing>finishing payment>repayment
Help needed: how can i track my order for the ather 2 wheeler after finishing my repayment on flipkart?,125,train,completing>finishing payment>repayment
how can i track my order for the ather 2 wheeler finishing my repayments on flipkart? Thanks.,125,dev,completing>finishing payment>repayments
what lead of bought ampere magnus ex thru flipkart? Thanks.,126,train,advantage>lead buying>bought through>thru
Help needed: what is the lead of purchases ampere magnus ex thru flipkart?,126,train,advantage>lead buying>purchases through>thru
Could you tell me what is the lead of selling ampere magnus ex thru flipkart?,126,dev,advantage>lead buying>selling through>thru
"Hi, do i have to manually unlock a scratch card as part of supercoin pay?",127,train,
Could you tell me do have manually unlock a scratch card as part of supercoin pay?,127,train,
"Hi, do i have to manually unlock scratch card as part supercoin pay?",127,dev,
"Hi, are faster delivery possibilities weird same day in a day accessible on return requests?",128,train,options>possibilities like>weird available>accessible
Could you tell me are smoother delivery possibilities weird same day a day available on return requests?,128,train,faster>smoother options>possibilities like>weird
are faster delivery alternatives really same day a day accessible on return requests?,128,dev,options>alternatives like>really available>accessible
"Hi, why am able to order technologies weird radio air conditioner refrigerator scrubbing machine carpets oven aerobic dont my location?",129,train,unable>able products>technologies like>weird television>radio washing>scrubbing furniture>carpets microwave>oven treadmill>aerobic etc>dont
why am i able to order brands like radio air conditioner freezers washing machine carpets oven aerobic dont at my proximity? Any idea?,129,train,unable>able products>brands television>radio refrigerator>freezers furniture>carpets microwave>oven treadmill>aerobic etc>dont location>proximity
Help needed: why i attempting to order brands really broadcaster air conditioner freezer washing machine carpets oven aerobic etc at proximity?,129,dev,unable>attempting products>brands like>really television>broadcaster refrigerator>freezer furniture>carpets microwave>oven treadmill>aerobic location>proximity
how can i assertion warranty my product?,130,train,claim>assertion
how can assertion warranty for my product? Any idea?,130,train,claim>assertion
how i assertions warranty for product?,130,dev,claim>assertions
Help needed: what is an otp or verification code?,131,train,
Help needed: what an otp or verification code?,131,train,
what is an otp verification code? Any idea?,131,dev,
Quick question: what should i do if a service centre dismissed my request to fix the product?,132,train,denied>dismissed repair>fix
Could you tell me what i do if a service centre rejected my request to rebuild the product?,132,train,denied>rejected repair>rebuild
what i do if a service centre rejected my request to fix the product? Thanks.,132,dev,denied>rejected repair>fix
Quick question: i had opts to save card at the time of repayment but my card was not saving why?,133,train,opted>opts payment>repayment saved>saving
Could you tell me i had opted to saving my card at the time repayment but my card was not saving why?,133,train,save>saving payment>repayment saved>saving
Could you tell me i had opting to saving my card at the time of payment but my card was not saving?,133,dev,opted>opting save>saving saved>saving
what is the lead of selling a bounce 2 wheeler on flipkart? Thanks.,134,train,advantage>lead buying>selling
what is the lead of purchases bounce 2 wheeler on flipkart?,134,train,advantage>lead buying>purchases
what the lead of purchases a bounce 2 wheeler on flipkart? Any idea?,134,dev,advantage>lead buying>purchases
can i transfer largely using gift card to anyone?,135,train,partially>largely used>using someone>anyone
can i transfer completely utilized gift card to anybody? Any idea?,135,train,partially>completely used>utilized someone>anybody
can i transfer largely using gift card anyone? Any idea?,135,dev,partially>largely used>using someone>anyone
Quick question: my phonepe wallet is not reactivated do i got a refund instrumental to it?,136,train,activated>reactivated get>got credited>instrumental
my phonepe wallet is not reactivated how do i bring a refund praised it?,136,train,activated>reactivated get>bring credited>praised
Help needed: my phonepe wallet is not reactivated how do i give reimburse credited to it?,136,dev,activated>reactivated get>give refund>reimburse
Help needed: why ca not i gotten some items sold my proximity?,137,train,get>gotten shipped>sold location>proximity
"Hi, why ca not i give some items trucked to proximity?",137,train,get>give shipped>trucked location>proximity
why ca not i got some items exported to my proximity? Thanks.,137,dev,get>got shipped>exported location>proximity
Could you tell me will my product be erected by the brand or flipkart if it is erected by flipkart it jeopardize the warranty of the product?,138,train,installed>erected installed>erected affect>jeopardize
Could you tell me will my product erected by the brand or flipkart if it retrofitted by flipkart it jeopardize the warranty of the product?,138,train,installed>erected installed>retrofitted affect>jeopardize
Could you tell me will my product be erected by the brand flipkart if it is retrofitted by flipkart will hinder the warranty of the product?,138,dev,installed>erected installed>retrofitted affect>hinder
Could you tell me can i usage a corporate fax id to sign up?,139,train,use>usage email>fax
can i using a corporate fax id sign up? Thanks.,139,train,use>using email>fax
Quick question: can i utilize a corporate faxes id sign up?,139,dev,use>utilize email>faxes
Quick question: what is flipkart buyer protection?,140,train,
"Hi, what is flipkart buyer protection?",140,train,
Quick question: what flipkart buyer protection?,140,dev,
"Hi, how can i track my order for the bgauss 2 wheeler after finishing my repayment on flipkart?",141,train,completing>finishing payment>repayment
Quick question: how can i track order the bgauss 2 wheeler finishing my repayments on flipkart?,141,train,completing>finishing payment>repayments
how can i track my order the bgauss 2 wheeler after finishing my repayment on flipkart?,141,dev,completing>finishing payment>repayment
what is the per cost of four service an ather 2 wheeler? Any idea?,142,train,average>per one>four
what is the per cost of four service for an ather 2 wheeler?,142,train,average>per one>four
what is the percentage cost of five service an ather 2 wheeler? Any idea?,142,dev,average>percentage one>five
Help needed: are there certain stuff flipkart which i can not sell into gift cards?,143,train,things>stuff buy>sell through>into
are there certain really on flipkart which i can not purchasing into gift cards?,143,train,things>really buy>purchasing through>into
are certain stuff on flipkart which i can not purchasing into gift cards? Any idea?,143,dev,things>stuff buy>purchasing through>into
Could you tell me how can knew the status of my reimburse?,144,train,know>knew refund>reimburse
Quick question: how can i guess the status of rebate?,144,train,know>guess refund>rebate
how can i understand the status of my rebate?,144,dev,know>understand refund>rebate
what should i do if my consignment not at the pick up retailer? Thanks.,145,train,shipment>consignment store>retailer
Could you tell me what should i do if consignments is not at the pick up supermarket?,145,train,shipment>consignments store>supermarket
Quick question: what should do my consignments is not at the pick up mall?,145,dev,shipment>consignments store>mall
Quick question: i can to check warranty specifics the product but do not have the warranty card what should do?,146,train,want>can details>specifics
i prefer to check my warranty info for the product but i not have the warranty card what should i do?,146,train,want>prefer details>info
i going to check my warranty specifics for product but i not have the warranty card what should i do? Thanks.,146,dev,want>going details>specifics
what the sticker plus necessarily? Any idea?,147,train,badge>sticker mean>necessarily
Help needed: what does the sticker plus necessarily?,147,train,badge>sticker mean>necessarily
Could you tell me what the sticker plus imply?,147,dev,badge>sticker mean>imply
what does the tag imported alongside a product necessitate? Any idea?,148,train,beside>alongside mean>necessitate
what does the tag imported alongside a product equate? Thanks.,148,train,beside>alongside mean>equate
Help needed: what does the tag imported alongside a product necessarily?,148,dev,beside>alongside mean>necessarily
how can i reimburse with a saving credit debit card? Thanks.,149,train,pay>reimburse saved>saving
Help needed: how can i paid with a saving credit debit card?,149,train,pay>paid saved>saving
Could you tell me how can i paid with a saving credit debit card?,149,dev,pay>paid saved>saving
Help needed: what revenues services are having supplied by flipkart for ampere 2 wheelers?,150,train,sales>revenues being>having provided>supplied
Help needed: what after retail services are having given flipkart ampere 2 wheelers?,150,train,sales>retail being>having provided>given
what after retail services are having given by flipkart for ampere 2 wheelers?,150,dev,sales>retail being>having provided>given
Quick question: how will supercoins earned be measured if i selecting to purchasing a product uses supercoins price?,151,train,calculated>measured choose>selecting buy>purchasing using>uses
Help needed: how will the supercoins earned be measured if i choice to sell a product used supercoins price?,151,train,calculated>measured choose>choice buy>sell using>used
"Hi, how will the supercoins garnered measured if choice to buy a product used supercoins price?",151,dev,earned>garnered calculated>measured choose>choice using>used
can items departed after the time period alluded in the buyer s returns policy?,152,train,returned>departed mentioned>alluded seller>buyer
"Hi, can items be arrived after the time period alluded in buyer s returns policy?",152,train,returned>arrived mentioned>alluded seller>buyer
Could you tell me can items be departed after the time period discussed in the buyer s returns policy?,152,dev,returned>departed mentioned>discussed seller>buyer
Help needed: how does pick up mall option on flipkart work?,153,train,store>mall
how does the pick up retailer option on flipkart work? Thanks.,153,train,store>retailer
Could you tell me how the pick up superstore option on flipkart work?,153,dev,store>superstore
i see that the warranty terms for my product altered on flipkart from when i buy the product will this impair warranty? Thanks.,154,train,changed>altered bought>buy affect>impair
i see the warranty terms for product have alter on flipkart from when i buying the product will this impair my warranty?,154,train,changed>alter bought>buying affect>impair
i think that warranty terms for my product have alter on flipkart from when i bought the product will this jeopardize my warranty?,154,dev,see>think changed>alter affect>jeopardize
do i should to verify my smartphones number or fax address each time i log in?,155,train,need>should mobile>smartphones email>fax every>each
do i can to ascertain my handsets number or fax address every time log in? Thanks.,155,train,need>can verify>ascertain mobile>handsets email>fax
"Hi, do i want to authenticate my wireless number or faxes address every time i log?",155,dev,need>want verify>authenticate mobile>wireless email>faxes
how can i place an order? Any idea?,156,train,
Quick question: how can i place an order?,156,train,
Could you tell me how can i place an order?,156,dev,
Quick question: what does transfer gift card in my wallet do?,157,train,
what does transfer gift card in my wallet do? Any idea?,157,train,
Help needed: what does transfer gift card my wallet do?,157,dev,
Quick question: how little megawatts is permitted to charge the charger of ather vehicle?,158,train,much>little electricity>megawatts required>permitted battery>charger
how lot kwh mandated charge the charger of ather vehicle? Any idea?,158,train,much>lot electricity>kwh required>mandated battery>charger
Could you tell me how lot generators is needed charge the battery of an ather car?,158,dev,much>lot electricity>generators required>needed vehicle>car
if decide supercoins price option will i though be ineligible to avail bank gives various offers? Thanks.,159,train,choose>decide still>though eligible>ineligible offers>gives other>various
Could you tell me if i chosen supercoins price option will i though be ineligible to avail bank gives other provides?,159,train,choose>chosen still>though eligible>ineligible offers>gives offers>provides
Quick question: if i choice supercoins price option will i though be eligible avail bank delivers these provides?,159,dev,choose>choice still>though offers>delivers other>these offers>provides
Could you tell me i know the cancel toggle but i ca not scroll on it why?,160,train,see>know button>toggle click>scroll
i look the cancel toggle but i ca not scroll it why? Thanks.,160,train,see>look button>toggle click>scroll
Could you tell me i find the cancel toggle but i ca not scroll on it why?,160,dev,see>find button>toggle click>scroll
can i rescind the flipkart quick order the time of delivery? Any idea?,161,train,reject>rescind
Quick question: can i oppose the flipkart quick order at the time delivery?,161,train,reject>oppose
can i dismiss the flipkart quick order at the time of delivery? Thanks.,161,dev,reject>dismiss
"Hi, is there filter accessible into which i can one see items with a plus sticker?",162,train,available>accessible through>into only>one badge>sticker
is there a filter available into which i can just look items with a plus insignia?,162,train,through>into only>just see>look badge>insignia
"Hi, is there a filter accessible into which i can just see items with plus insignia?",162,dev,available>accessible through>into only>just badge>insignia
Quick question: can i bring fewer items after i have put a flipkart quick order?,163,train,add>bring more>fewer placed>put
can i bring less items after i have put a flipkart quick order?,163,train,add>bring more>less placed>put
can i bring than items after i have put a flipkart quick order? Thanks.,163,dev,add>bring more>than placed>put
"Hi, how do i paid uses a loan or debit card?",164,train,pay>paid using>uses credit>loan
how do i paid uses a loan or debit card? Any idea?,164,train,pay>paid using>uses credit>loan
Help needed: how do i paid uses a loan or debit card?,164,dev,pay>paid using>uses credit>loan
Help needed: what is the per cost of three service for bounce 2 wheelers?,165,train,average>per one>three
what the per cost of three service for bounce 2 wheelers?,165,train,average>per one>three
Help needed: what is the percentage cost of four service for bounce 2 wheelers?,165,dev,average>percentage one>four
Help needed: will i bring the available bank affords on flipkart platform if i chose to redeem supercoins into supercoin pay?,166,train,get>bring offers>affords choose>chose through>into
will i give the accessible bank offers on flipkart platform if i choice to redeem supercoins thru supercoin pay? Thanks.,166,train,get>give available>accessible choose>choice through>thru
"Hi, will i gotten accessible bank affords on flipkart platform if i choose to redeem supercoins thru supercoin pay?",166,dev,get>gotten available>accessible offers>affords through>thru
what should i i have an topic with my product after the return period?,167,train,issue>topic
what should i do if i have an topic with my product the return period? Thanks.,167,train,issue>topic
what should i do if i have an topic with my product after the return period? Any idea?,167,dev,issue>topic
Help needed: can choice to not reject a some items from my flipkart quick order at time of delivery?,168,train,choose>choice accept>reject few>some
"Hi, can i chose to not acknowledge a couple items from my flipkart quick order at the time of delivery?",168,train,choose>chose accept>acknowledge few>couple
can i chose not acknowledge couple items from my flipkart quick order at the time of delivery? Thanks.,168,dev,choose>chose accept>acknowledge few>couple
can i purchased more than five hero motocorp in my moniker thru flipkart account?,169,train,buy>purchased one>five name>moniker through>thru
can i bought more than five hero motocorp in my moniker into flipkart account? Thanks.,169,train,buy>bought one>five name>moniker through>into
Quick question: can i buy than than four hero motocorp in my surname thru flipkart account?,169,dev,more>than one>four name>surname through>thru
Help needed: what is gstin invoicing feature?,170,train,
"Hi, what is gstin invoicing feature?",170,train,
what is gstin invoicing feature? Thanks.,170,dev,
how do made a repayment uses a saved card? Thanks.,171,train,make>made payment>repayment using>uses
"Hi, how do i making repayments utilizing a saved card?",171,train,make>making payment>repayments using>utilizing
"Hi, how do i make a repayment use a saving card?",171,dev,payment>repayment using>use saved>saving
in towns the sale of ampere magnus ex be making? Any idea?,172,train,cities>towns purchase>sale made>making
"Hi, in which metros can the bought of ampere magnus ex be makes?",172,train,cities>metros purchase>bought made>makes
Quick question: in which metros can the acquire of ampere magnus ex be making?,172,dev,cities>metros purchase>acquire made>making
"Hi, why my favored mall not showing up for supercoin pay on flipkart iphone?",173,train,preferred>favored store>mall app>iphone
why is my favored retailer not demonstrating for supercoin pay on the flipkart app? Thanks.,173,train,preferred>favored store>retailer showing>demonstrating
Help needed: why my favored supermarket not displaying up for supercoin pay the flipkart app?,173,dev,preferred>favored store>supermarket showing>displaying
what are modes of reimburse accessible postponement?,174,train,refund>reimburse available>accessible cancellation>postponement
what are the modes of rebate accessible after reschedule?,174,train,refund>rebate available>accessible cancellation>reschedule
Help needed: what the modes of reimburse accessible after postponement?,174,dev,refund>reimburse available>accessible cancellation>postponement
how do i contact buyer s collaborated herald service providers? Any idea?,175,train,seller>buyer partnered>collaborated courier>herald
Quick question: how do i contact buyer s collaborated herald service providers?,175,train,seller>buyer partnered>collaborated courier>herald
Could you tell me how do i contact buyer s teaming courier service telcos?,175,dev,seller>buyer partnered>teaming providers>telcos
Quick question: is flipkart advantage the same as plus?,176,train,
Quick question: is flipkart advantage the same plus?,176,train,
is flipkart advantage same as plus? Any idea?,176,dev,
Help needed: what does out of stock entail?,177,train,mean>entail
Could you tell me what does out of stock imply?,177,train,mean>imply
what does out of stock necessarily? Any idea?,177,dev,mean>necessarily
how can track my order for the hero motocorp 2 wheeler after finishing my repayment on flipkart? Any idea?,178,train,completing>finishing payment>repayment
Quick question: how can i track my order for the hero motocorp 2 wheeler after finishing my repayment on flipkart?,178,train,completing>finishing payment>repayment
how can track order for the hero motocorp 2 wheeler after finishing repayments on flipkart?,178,dev,completing>finishing payment>repayments
what is a repaired product how do i uncover it on flipkart? Thanks.,179,train,refurbished>repaired identify>uncover
Could you tell me what is a redeveloped product and how do i define it on flipkart?,179,train,refurbished>redeveloped identify>define
what is a redeveloped product and do i pinpoint it flipkart?,179,dev,refurbished>redeveloped identify>pinpoint
Help needed: can i redeem the way supercoins to avail rebates on product?,180,train,discounts>rebates
can i redeem on the way supercoins to avail rebates on product? Any idea?,180,train,discounts>rebates
"Hi, can i redeem my on the way supercoins to avail rebates on product?",180,dev,discounts>rebates
Help needed: how will i get my rebate for leaving an item i reimbursed for with cash on delivery?,181,train,refund>rebate returning>leaving paid>reimbursed
Help needed: how will i got my reimburse for returning an item i pay cash on delivery?,181,train,get>got refund>reimburse paid>pay
Help needed: how i come my reimburse for arriving an item i paid for with cash on delivery?,181,dev,get>come refund>reimburse returning>arriving
Could you tell me why do i think a delivery charge?,182,train,see>think
why do i tell a delivery charge?,182,train,see>tell
Could you tell me why do i find a delivery charge?,182,dev,see>find
what is flipkart plus program? Any idea?,183,train,
Could you tell me what is flipkart plus program?,183,train,
what is flipkart plus program? Thanks.,183,dev,
why do i tell similar demand for the same product?,184,train,see>tell different>similar prices>demand
"Hi, why do i know varying demand for the same product?",184,train,see>know different>varying prices>demand
why do i think divergent demand for the same product?,184,dev,see>think different>divergent prices>demand
Could you tell me what is no cost emi and how i avail it?,185,train,
what no cost emi and how i avail it? Any idea?,185,train,
what is no cost emi and how i avail it? Any idea?,185,dev,
do i must to have a speeding permit to drive a bounce 2 wheeler? Thanks.,186,train,need>must driving>speeding license>permit
do i must to have a speeding permit to drive a bounce 2 wheeler? Any idea?,186,train,need>must driving>speeding license>permit
Could you tell me do i must to a speeding permit to drive a bounce 2 wheeler?,186,dev,need>must driving>speeding license>permit
do must to be a flipkart plus member to avail supercoins price? Thanks.,187,train,need>must
do i want to be a flipkart plus member to avail the supercoins price? Thanks.,187,train,need>want
Could you tell me do i must to be a flipkart plus member avail the supercoins price?,187,dev,need>must
Could you tell me why do i think return surcharge specified to the order?,188,train,see>think fee>surcharge applicable>specified
why do i look a return surcharge specified to the order? Thanks.,188,train,see>look fee>surcharge applicable>specified
Could you tell me why do i find return surcharge specified the order?,188,dev,see>find fee>surcharge applicable>specified
"Hi, can i choice a favored time slot for the delivery of flipkart quick orders?",189,train,choose>choice preferred>favored
Help needed: can i decide favored time slot for the delivery of flipkart quick orders?,189,train,choose>decide preferred>favored
can i chose a favored time slot for the delivery of flipkart quick orders? Any idea?,189,dev,choose>chose preferred>favored
Could you tell me do i have to reimburse additional for items with the plus sticker?,190,train,pay>reimburse extra>additional badge>sticker
Quick question: do i have paid additional for items with the plus sticker?,190,train,pay>paid extra>additional badge>sticker
do i have to reimburse additional for items with the plus insignia?,190,dev,pay>reimburse extra>additional badge>insignia
Help needed: what does preorder or forthcoming necessarily?,191,train,mean>necessarily
Quick question: what does preorder or forthcoming imply?,191,train,mean>imply
Quick question: what preorder forthcoming necessitate?,191,dev,mean>necessitate
Could you tell me is it needed to register phonepe to utilize it on flipkart?,192,train,necessary>needed use>utilize
is it essential to register with phonepe usage it on flipkart? Thanks.,192,train,necessary>essential use>usage
Quick question: is it imperative to register with phonepe to utilize it on flipkart?,192,dev,necessary>imperative use>utilize
why is remodeled category not conspicuous for me on my flipkart widget?,193,train,refurbished>remodeled visible>conspicuous app>widget
"Hi, why is the remodeled category not conspicuous for me on my flipkart widget?",193,train,refurbished>remodeled visible>conspicuous app>widget
why is rebuilt category not noticeable for me flipkart iphone? Thanks.,193,dev,refurbished>rebuilt visible>noticeable app>iphone
what are the complete terms and circumstances for supercoins rewards?,194,train,conditions>circumstances
what are the complete terms and circumstances for supercoins rewards? Any idea?,194,train,conditions>circumstances
Help needed: what are the complete terms and circumstances for supercoins rewards?,194,dev,conditions>circumstances
if terminate or return item from my order what will occur to my on the way supercoins?,195,train,cancel>terminate happen>occur
if i reschedule or return an item from my order what will occur to my on the way supercoins?,195,train,cancel>reschedule happen>occur
if i terminate or return an item from my order what will occur to my on way supercoins?,195,dev,cancel>terminate happen>occur
can i reconfigure my chooses time slot for the delivery of flipkart quick orders? Any idea?,196,train,modify>reconfigure chosen>chooses
can i tweak selects time slot for the delivery of flipkart quick orders?,196,train,modify>tweak chosen>selects
Could you tell me can i tweak selected time slot for the delivery flipkart quick orders?,196,dev,modify>tweak chosen>selected
"Hi, can usage an international number sign up?",197,train,use>usage
Could you tell me can i utilize an international number to sign up?,197,train,use>utilize
can i using international number sign up? Any idea?,197,dev,use>using
Could you tell me how does instant cashback work?,198,train,
Help needed: how does instant cashback work?,198,train,
"Hi, how does instant cashback work?",198,dev,
what if i do not can my cards to be export?,199,train,want>can imported>export
Could you tell me what if i do not wanna my cards to be export?,199,train,want>wanna imported>export
Could you tell me what if i do not wanna my cards be exports?,199,dev,want>wanna imported>exports
"Hi, what after revenues services are having given by flipkart for hero motocorp 2 wheelers?",200,train,sales>revenues being>having provided>given
what after revenue services are having supplied by flipkart for hero motocorp 2 wheelers? Any idea?,200,train,sales>revenue being>having provided>supplied
what after revenue services are having given by flipkart for hero motocorp 2 wheelers? Thanks.,200,dev,sales>revenue being>having provided>given
Could you tell me what is the objective of the scratch card in supercoin pay?,201,train,purpose>objective
Help needed: what is objective of the scratch card in supercoin pay?,201,train,purpose>objective
Quick question: what is the objective scratch card in supercoin pay?,201,dev,purpose>objective
i ve remains not garnered the rebate my bank account? Thanks.,202,train,still>remains received>garnered refund>rebate
Help needed: i ve though not recieved the reimburse my bank account?,202,train,still>though received>recieved refund>reimburse
i ve remains not given the reimburse in my bank account? Thanks.,202,dev,still>remains received>given refund>reimburse
i have a allegations about the gazette executive who got to produce my order?,203,train,complaint>allegations courier>gazette came>got deliver>produce
Help needed: i have a affidavit about herald president who got to deliver my order?,203,train,complaint>affidavit courier>herald executive>president came>got
Could you tell me i a complaint the herald president who got to provide my order?,203,dev,courier>herald executive>president came>got deliver>provide
can i activate my deactivated flipkart account? Thanks.,204,train,reactivate>activate inactive>deactivated
Help needed: can i activate my deactivated flipkart account?,204,train,reactivate>activate inactive>deactivated
"Hi, can i activate my deactivated flipkart account?",204,dev,reactivate>activate inactive>deactivated
is there a maximum sale sum for flipkart quick orders?,205,train,minimum>maximum purchase>sale amount>sum
is there a maximum bought quantity for flipkart quick orders? Thanks.,205,train,minimum>maximum purchase>bought amount>quantity
Help needed: is a maximum bought quantity for flipkart quick orders?,205,dev,minimum>maximum purchase>bought amount>quantity
"Hi, what are the emi plans accessible if i paid uses the bajaj finserv repayment mode?",206,train,available>accessible pay>paid using>uses payment>repayment
"Hi, what are the emi intends accessible i paid utilizing the bajaj finserv payment mode?",206,train,plans>intends available>accessible pay>paid using>utilizing
what are the emi intends accessible if paid use the bajaj finserv payment mode? Any idea?,206,dev,plans>intends available>accessible pay>paid using>use
"Hi, what accessories will be part of ather 2 wheelers i have to paid independently for accessories?",207,train,pay>paid separately>independently
what accessories will be part of ather 2 wheelers do i to paid individually for accessories?,207,train,pay>paid separately>individually
Quick question: what accessories will be part of ather 2 wheelers do i have to paid independently for accessories?,207,dev,pay>paid separately>independently
Help needed: how do i extend my advantages as part of supercoin milestones?,208,train,renew>extend benefits>advantages
Could you tell me how do i extend my advantages as part of supercoin milestones?,208,train,renew>extend benefits>advantages
how do i extend my advantages as part of supercoin milestones?,208,dev,renew>extend benefits>advantages
when is a return of an item not possible? Any idea?,209,train,
when a return of an item not possible?,209,train,
when is return of an item not possible? Thanks.,209,dev,
Quick question: what is the quantity can showroom for cash on delivery repayments option?,210,train,amount>quantity shop>showroom payment>repayments
Could you tell me what the quantity i can showroom with cash on delivery repayment option?,210,train,amount>quantity shop>showroom payment>repayment
what the quantity i can showroom for with cash delivery repayments option? Any idea?,210,dev,amount>quantity shop>showroom payment>repayments
Quick question: how can i activate my account?,211,train,deactivate>activate
Could you tell me how can i disable my account?,211,train,deactivate>disable
Help needed: how can i disable my account?,211,dev,deactivate>disable
Help needed: is a gift wrap option accessible for flipkart quick orders?,212,train,available>accessible
Could you tell me is there gift wrap option accessible for flipkart quick orders?,212,train,available>accessible
Help needed: is there a gift wrap option accessible for flipkart quick orders?,212,dev,available>accessible
i handwritten an faulty card number blunder when adding my card how do i wrong it?,213,train,typed>handwritten incorrect>faulty mistake>blunder correct>wrong
Quick question: i handwritten an faulty card number by error when adding card do i wrong it?,213,train,typed>handwritten incorrect>faulty mistake>error correct>wrong
Could you tell me i typing an incorrect card number by error when added my card how do i erroneous it?,213,dev,typed>typing mistake>error adding>added correct>erroneous
Could you tell me what are the papers required for the rest process of bought a bgauss 2 wheeler on flipkart?,214,train,documents>papers entire>rest buying>bought
"Hi, what are the records mandated for the entire process bought a bgauss 2 wheeler on flipkart?",214,train,documents>records required>mandated buying>bought
"Hi, what are the files permitted the entire process of bought a bgauss 2 wheeler on flipkart?",214,dev,documents>files required>permitted buying>bought
can i use than fewer supercoins than is referenced as part the supercoins price to bought a product?,215,train,more>than less>fewer mentioned>referenced buy>bought
can i using more than supercoins than what is referenced as part of the supercoins price to bought a product? Any idea?,215,train,use>using less>than mentioned>referenced buy>bought
Could you tell me can i usage than than supercoins than what is discussed as part of supercoins price to buy product?,215,dev,use>usage more>than less>than mentioned>discussed
Quick question: in case i do not must a some items from flipkart quick order how do terminate it?,216,train,need>must few>some cancel>terminate
"Hi, in case do not should a several items from the flipkart quick order i postpone?",216,train,need>should few>several cancel>postpone
in case i do not must several items from flipkart quick order how do i suspend?,216,dev,need>must few>several cancel>suspend
"Hi, can i shift delivery address after i have put a flipkart quick order?",217,train,change>shift placed>put
can i shift the delivery address after i have put a flipkart quick order?,217,train,change>shift placed>put
Quick question: can i alter the delivery address i have put flipkart quick order?,217,dev,change>alter placed>put
what are the advantages that flipkart plus member receives?,218,train,benefits>advantages gets>receives
Help needed: what the advantages that flipkart plus member loses?,218,train,benefits>advantages gets>loses
Could you tell me what are the advantages that a flipkart plus member receives?,218,dev,benefits>advantages gets>receives
Quick question: how will my order be delivered?,219,train,
how order delivered? Any idea?,219,train,
how will order be delivered?,219,dev,
"Hi, why is my card having saving on flipkart?",220,train,being>having saved>saving
why is my card having saving on flipkart? Any idea?,220,train,being>having saved>saving
why is my card having saving on flipkart?,220,dev,being>having saved>saving
Help needed: why is the option to acquire a bgauss 2 wheeler not accessible at my pincode?,221,train,buy>acquire available>accessible
Help needed: why is the option to sell a bgauss 2 wheeler not accessible at my pincode?,221,train,buy>sell available>accessible
Help needed: why is option to purchased a bgauss 2 wheeler not accessible at my pincode?,221,dev,buy>purchased available>accessible
Quick question: what are in widget affords for supercoin pay?,222,train,app>widget offers>affords
what are in ipad delivers for supercoin pay? Thanks.,222,train,app>ipad offers>delivers
"Hi, what are in iphone delivers for supercoin pay?",222,dev,app>iphone offers>delivers
how can i return or swap an item? Any idea?,223,train,exchange>swap
how can i return or swap an item? Thanks.,223,train,exchange>swap
Help needed: how can i return or swap an item?,223,dev,exchange>swap
is the delivery flipkart quick free or chargeable?,224,train,
Could you tell me is delivery for flipkart quick free or chargeable?,224,train,
Could you tell me is the delivery for flipkart quick free or chargeable?,224,dev,
what plus zone? Thanks.,225,train,
what is plus zone? Thanks.,225,train,
Help needed: what is plus zone?,225,dev,
how swiftly i give my order delivered? Thanks.,226,train,quickly>swiftly get>give
Quick question: how rapidly can i got my order delivered?,226,train,quickly>rapidly get>got
how promptly can i come my order delivered? Thanks.,226,dev,quickly>promptly get>come
how can i track my application status from my flipkart account? Thanks.,227,train,
Could you tell me how can track my application status from my flipkart account?,227,train,
Could you tell me how i track my application status from my flipkart account?,227,dev,
do i need have a speeding permit to rode a bgauss 2 wheeler? Any idea?,228,train,driving>speeding license>permit ride>rode
do i necessary to have a speeding permit ride a bgauss 2 wheeler? Any idea?,228,train,need>necessary driving>speeding license>permit
do i want to have a speeding license to riding a bgauss 2 wheeler?,228,dev,need>want driving>speeding ride>riding
how can i check the info of supercoins rewards i have using yet? Thanks.,229,train,details>info used>using already>yet
Could you tell me how can i check specifics of supercoins rewards i have utilized yet?,229,train,details>specifics used>utilized already>yet
Could you tell me how can i check the specifics supercoins rewards i have utilized now?,229,dev,details>specifics used>utilized already>now
do i have to return the freebie when i return a product? Any idea?,230,train,
Quick question: do i have to return the freebie when return a product?,230,train,
do have to return the freebie i return a product? Any idea?,230,dev,
"Hi, why are speedier delivery alternatives not accessible at my location?",231,train,faster>speedier options>alternatives available>accessible
why smoother delivery options not accessible my proximity?,231,train,faster>smoother available>accessible location>proximity
why are quicker delivery alternatives not available at my proximity? Any idea?,231,dev,faster>quicker options>alternatives location>proximity
Help needed: i m gets an error message that explains you ve surpasses the maximum number of tries to entry rectify verification code how can i log in to flipkart account still?,232,train,getting>gets says>explains exceeded>surpasses attempts>tries enter>entry correct>rectify now>still
"Hi, i m gets miscue message that concedes you ve surpasses the maximum number of tries to entry erroneous verification code can i log in to my flipkart account now?",232,train,getting>gets error>miscue says>concedes exceeded>surpasses attempts>tries enter>entry correct>erroneous
Help needed: i m getting an blunder message that concedes you ve surpassed the minimum number tries to entry correct verification code can i log to my flipkart account still?,232,dev,error>blunder says>concedes exceeded>surpassed maximum>minimum attempts>tries enter>entry now>still
can i give my order delivered slower?,233,train,get>give faster>slower
can i got order delivered quicker?,233,train,get>got faster>quicker
Quick question: can i give my order delivered quicker?,233,dev,get>give faster>quicker
Help needed: do i must to install phonepe widget to utilize the pocket option on my flipkart account?,234,train,need>must app>widget use>utilize wallet>pocket
do i want to install phonepe ipad to usage handbag option on my flipkart account?,234,train,need>want app>ipad use>usage wallet>handbag
Quick question: do i want to erect the phonepe widget use the checkbook option on my flipkart account?,234,dev,need>want install>erect app>widget wallet>checkbook
in which all metropolis can the buying of an ather 2 wheeler be make? Any idea?,235,train,cities>metropolis purchase>buying made>make
in which all towns can the bought of an ather 2 wheeler be makes? Thanks.,235,train,cities>towns purchase>bought made>makes
"Hi, in which all city can the acquire an ather 2 wheeler be make?",235,dev,cities>city purchase>acquire made>make
Help needed: i have garnered 200 supercoins have last week but now did not provide any membership notification do i do?,236,train,earned>garnered already>have year>week still>now receive>provide
i have earned 200 supercoins have ago month but remains did not provide any membership notification what do i do?,236,train,already>have last>ago year>month still>remains receive>provide
i garnered 200 supercoins yet earlier month but still did not provide any membership notification do do?,236,dev,earned>garnered already>yet last>earlier year>month receive>provide
Could you tell me what is the buyer protection policy?,237,train,
what is the buyer protection policy? Thanks.,237,train,
what is the buyer protection policy? Any idea?,237,dev,
Could you tell me the delivery time discussed for a bgauss 2 wheeler is terribly long is guess to bring 2 wheeler smoother?,238,train,mentioned>discussed too>terribly anyway>guess get>bring faster>smoother
the delivery time mentioned for a bgauss 2 wheeler is very short is there not to gotten the 2 wheeler quicker?,238,train,too>very long>short anyway>not get>gotten faster>quicker
the delivery time noted for a bgauss 2 wheeler is terribly short is there actually to come the 2 wheeler faster?,238,dev,mentioned>noted too>terribly long>short anyway>actually get>come
can i purchasing flipkart plus membership?,239,train,buy>purchasing
Help needed: can i purchased flipkart plus membership?,239,train,buy>purchased
can i acquire flipkart plus membership? Thanks.,239,dev,buy>acquire
Help needed: how can i track flipkart quick order?,240,train,
how can i track flipkart quick order? Any idea?,240,train,
Help needed: how i track my flipkart quick order?,240,dev,
i have an axis bank buzz credit card can i now reapply for the flipkart axis bank credit card?,241,train,still>now apply>reapply
Could you tell me i have an axis bank buzz credit card can i now reapply for the flipkart axis bank credit card?,241,train,still>now apply>reapply
i have an axis bank buzz credit card i though reapply for the flipkart axis bank credit card? Thanks.,241,dev,still>though apply>reapply
is the price for ampere magnus ex inclusive of rebate? Any idea?,242,train,subsidy>rebate
is price for ampere magnus ex inclusive of tariff? Thanks.,242,train,subsidy>tariff
is the price ampere magnus ex inclusive of tariff? Thanks.,242,dev,subsidy>tariff
Could you tell me what if order sum is lesser than the gift card value?,243,train,amount>sum
"Hi, what my order sum is lesser than the gift card value?",243,train,amount>sum
Could you tell me what if my order sum is lesser than the gift card value?,243,dev,amount>sum
i instructed a incorrect item can i return it? Any idea?,244,train,ordered>instructed wrong>incorrect
"Hi, i demanded right item can i return it?",244,train,ordered>demanded wrong>right
i instructed a right item can i return it?,244,dev,ordered>instructed wrong>right
is there a charge for pickup of technologies from a pickup store?,245,train,products>technologies
Help needed: is there charge for pickup of technologies from a pickup store?,245,train,products>technologies
Help needed: is there a charge for pickup of brands from pickup store?,245,dev,products>brands
i definitely login utilizing my telephones number i previously lost landline i also forgotten the username my flipkart account how do i access it?,246,train,always>definitely using>utilizing phone>telephones recently>previously phone>landline password>username
i really login using my telephone number i subsequently losing my telephones i have overlooked the password my flipkart account how do i access it? Thanks.,246,train,always>really phone>telephone recently>subsequently lost>losing phone>telephones forgotten>overlooked
Help needed: i really login used my telephone number but i recently lose my telephone i have neglected the password to my flipkart account how do i access it?,246,dev,always>really using>used phone>telephone lost>lose phone>telephone forgotten>neglected
"Hi, the address instead ordering ampere 2 wheeler flipkart is varying from the one on my address evidence aadhar card what should i do already?",247,train,while>instead different>varying proof>evidence now>already
the address while ordering ampere 2 wheeler on flipkart is dissimilar from the five my address evidence aadhar card what should i do still?,247,train,different>dissimilar one>five proof>evidence now>still
Help needed: the address instead ordering ampere 2 wheeler on flipkart is varying from the two address proof aadhar card should i currently?,247,dev,while>instead different>varying one>two now>currently
can i purchasing technologies on flipkart by redeeming supercoins? Thanks.,248,train,buy>purchasing products>technologies
can i acquire brands on flipkart by redeeming supercoins?,248,train,buy>acquire products>brands
can purchasing brands on flipkart by redeeming supercoins?,248,dev,buy>purchasing products>brands
Could you tell me is the price for a bgauss 2 wheeler inclusive of rebate?,249,train,subsidy>rebate
Help needed: is the price for a bgauss 2 wheeler inclusive of tariff?,249,train,subsidy>tariff
Could you tell me is price for a bgauss 2 wheeler inclusive rebate?,249,dev,subsidy>rebate
what the warranty having proffered by ampere? Any idea?,250,train,being>having offered>proffered
Could you tell me what the warranty having proffered ampere?,250,train,being>having offered>proffered
Could you tell me what the warranty having proffered by ampere?,250,dev,being>having offered>proffered
how will i get rebate for arriving an item i pay for utilizing cash on delivery mode?,251,train,refund>rebate returning>arriving paid>pay using>utilizing
how will i got my reimburse for returning item i reimbursed for use cash on delivery mode? Thanks.,251,train,get>got refund>reimburse paid>reimbursed using>use
Could you tell me how will i give my refund for departing an item i owed for use cash on delivery mode?,251,dev,get>give returning>departing paid>owed using>use
will the delivery tried then if i m not trying to gather my order the sixth time?,252,train,again>then able>trying collect>gather first>sixth
Quick question: will the delivery wanted once if i m not unable collect order the fifth time?,252,train,tried>wanted again>once able>unable first>fifth
will the delivery be tried once if i m not can to gather my order the second time? Thanks.,252,dev,again>once able>can collect>gather first>second
Quick question: the address instead ordering bgauss 2 wheeler on flipkart is different from the only my address evidence aadhaar card what should i do already?,253,train,while>instead one>only proof>evidence now>already
the address instead ordering bgauss 2 wheeler on flipkart is various from the four on my address evidence aadhaar card what should i do now? Any idea?,253,train,while>instead different>various one>four proof>evidence
Quick question: the address instead ordering bgauss 2 wheeler on flipkart similar the only on my address proof aadhaar card what should i do currently?,253,dev,while>instead different>similar one>only now>currently
Quick question: i going tell the cvv number on card?,254,train,want>going know>tell
i prefer to think the cvv number on the card? Any idea?,254,train,want>prefer know>think
"Hi, i going to tell the cvv number the card?",254,dev,want>going know>tell
Quick question: is price a bounce 2 wheeler inclusive of tariff?,255,train,subsidy>tariff
"Hi, is price for a bounce 2 wheeler inclusive of tariff?",255,train,subsidy>tariff
is price for bounce 2 wheeler inclusive tariff? Thanks.,255,dev,subsidy>tariff
Help needed: can i using my gift card to purchased items from different brokers in the same order?,256,train,use>using buy>purchased sellers>brokers
Could you tell me can i usage my gift card to sell items from different purchasers in the same order?,256,train,use>usage buy>sell sellers>purchasers
can utilize my gift card to buy items varying brokers in same order? Any idea?,256,dev,use>utilize different>varying sellers>brokers
can supercoins rewards be cancelled or arrived? Any idea?,257,train,returned>arrived
Quick question: can supercoins rewards be cancelled or arrived?,257,train,returned>arrived
can supercoins rewards be cancelled arrived? Any idea?,257,dev,returned>arrived
Quick question: what is voicing delivery?,258,train,express>voicing
Help needed: what is voicing delivery?,258,train,express>voicing
Could you tell me what is voicing delivery?,258,dev,express>voicing
Could you tell me the address instead ordering bounce suv on flipkart is various from the five on my address evidence aadhar card what should i do now?,259,train,while>instead vehicle>suv different>various one>five proof>evidence
"Hi, the address instead ordering bounce jeep on flipkart is different from the two on my address evidence aadhar card what should i do still?",259,train,while>instead vehicle>jeep one>two proof>evidence now>still
Quick question: the address instead ordering bounce minivan flipkart dissimilar from the one on my address evidence aadhar card what should i already?,259,dev,while>instead vehicle>minivan different>dissimilar proof>evidence now>already
Could you tell me what the interest rates for credit card emi intends?,260,train,plans>intends
what are the interest rates for the credit card emi intends? Any idea?,260,train,plans>intends
what are interest rates for the credit card emi intends? Any idea?,260,dev,plans>intends
what after revenue services are having given by flipkart bgauss 2 wheelers? Thanks.,261,train,sales>revenue being>having provided>given
what after retail services are having given by flipkart for bgauss 2 wheelers? Thanks.,261,train,sales>retail being>having provided>given
Could you tell me what after retail services are having supplied by flipkart for bgauss 2 wheelers?,261,dev,sales>retail being>having provided>supplied
Could you tell me what is cash coins for rewards program?,262,train,
what is cash and coins for rewards program? Thanks.,262,train,
Quick question: what is cash and coins for rewards program?,262,dev,
how does warranty work on successor technologies? Any idea?,263,train,replacement>successor products>technologies
Help needed: how does warranty work on successor brands?,263,train,replacement>successor products>brands
how does warranty work on successor technologies? Thanks.,263,dev,replacement>successor products>technologies
Could you tell me how can i gather my consignments from the pick up supermarket?,264,train,collect>gather shipment>consignments store>supermarket
Help needed: how can i gather my consignments from the pick superstore?,264,train,collect>gather shipment>consignments store>superstore
Quick question: how can i gather my consignments from pick up superstore?,264,dev,collect>gather shipment>consignments store>superstore
"Hi, the address while ordering ather 2 wheeler on flipkart is various from the three my address evidence aadhaar card what should i do still?",265,train,different>various one>three proof>evidence now>still
Quick question: the address while ordering ather 2 wheeler on flipkart is similar from the three on address evidence aadhaar card what should i do currently?,265,train,different>similar one>three proof>evidence now>currently
Could you tell me the address instead ordering ather 2 wheeler on flipkart varying from the one on my address evidence aadhaar card should do already?,265,dev,while>instead different>varying proof>evidence now>already
what is credit card no cost emi? Thanks.,266,train,
what is credit card no cost emi? Any idea?,266,train,
Quick question: what credit card no cost emi?,266,dev,
Quick question: will hero motocorp cross resell up purchase when i visit the brand authorised wholesaler?,267,train,sell>resell sell>purchase dealer>wholesaler
will hero motocorp cross sell buy when i trip the brand authorised wholesaler?,267,train,sell>buy visit>trip dealer>wholesaler
will hero motocorp cross bought up sold when i trip the brand authorised dealer? Thanks.,267,dev,sell>bought sell>sold visit>trip
"Hi, where can i check info of my supercoins?",268,train,details>info
where can check the info of my supercoins? Thanks.,268,train,details>info
Could you tell me where can i check the info of my supercoins?,268,dev,details>info
Help needed: when are rebates giving?,269,train,refunds>rebates given>giving
when are rebates provided?,269,train,refunds>rebates given>provided
when are rebates gave? Thanks.,269,dev,refunds>rebates given>gave
"Hi, why did not my order eligible free delivery?",270,train,qualify>eligible
Could you tell me why did not my order eligible for free delivery?,270,train,qualify>eligible
Quick question: why did not my order eligible for free delivery?,270,dev,qualify>eligible
do purchasers flipkart warship globally? Thanks.,271,train,sellers>purchasers ship>warship internationally>globally
"Hi, do purchasers flipkart warship domestically?",271,train,sellers>purchasers ship>warship internationally>domestically
Help needed: do brokers on flipkart freighter nationally?,271,dev,sellers>brokers ship>freighter internationally>nationally
how do i saving my card s on flipkart? Thanks.,272,train,save>saving
Could you tell me how do saving my card s on flipkart?,272,train,save>saving
"Hi, how do i saving my card s on flipkart?",272,dev,save>saving
can i selecting a divergent model of the bounce 2 wheeler at the brand authorised dealer after done the test drive? Thanks.,273,train,choose>selecting different>divergent doing>done
can i selecting a different model of the bounce 2 wheeler at brand authorised wholesaler after happening the test drive?,273,train,choose>selecting dealer>wholesaler doing>happening
Could you tell me can i decide a different model of the bounce 2 wheeler at the brand authorised wholesaler after done the test drive?,273,dev,choose>decide dealer>wholesaler doing>done
Help needed: how can i knew the mall am has the option of use supercoin pay feature?,274,train,know>knew store>mall using>use
Help needed: how i guess if the supermarket i am has the option of uses supercoin pay feature?,274,train,know>guess store>supermarket using>uses
how i understand if the superstore i am at has option of used supercoin pay feature? Any idea?,274,dev,know>understand store>superstore using>used
can i decide phonepe pocket a rebate option? Thanks.,275,train,choose>decide wallet>pocket refund>rebate
"Hi, can i choice phonepe checkbook as a rebate option?",275,train,choose>choice wallet>checkbook refund>rebate
Could you tell me can i choice phonepe handbag a rebate option?,275,dev,choose>choice wallet>handbag refund>rebate
what comes if i m not trying to pick up my shipment within 5 hours from the suv retailer for some justification? Any idea?,276,train,happens>comes able>trying days>hours pickup>suv store>retailer reason>justification
what goes if m not allowed to pick up my consignment within 5 days from the suv drugstore for some why? Thanks.,276,train,happens>goes able>allowed shipment>consignment pickup>suv store>drugstore reason>why
what occurs if i m not can pick up my shipment within 5 hours the truck retailer for some justification? Thanks.,276,dev,happens>occurs able>can days>hours pickup>truck store>retailer reason>justification
the address instead ordering the hero motocorp 2 wheeler on flipkart is dissimilar from the one on my address evidence aadhaar card what i do currently? Any idea?,277,train,while>instead different>dissimilar proof>evidence now>currently
Help needed: the address instead ordering the hero motocorp 2 wheeler flipkart is divergent from the five on address proof aadhaar card what should i do still?,277,train,while>instead different>divergent one>five now>still
Help needed: the address instead ordering hero motocorp 2 wheeler flipkart various from only on my address proof aadhaar card what should do already?,277,dev,while>instead different>various one>only now>already
is credit card no cost emi repayments mode accessible on flipkart s webpage and mobile ipad? Thanks.,278,train,payment>repayments available>accessible website>webpage app>ipad
Quick question: is credit card no cost emi payment mode accessible on flipkart s webpage wireless ipad?,278,train,available>accessible website>webpage mobile>wireless app>ipad
Could you tell me is credit card no cost emi repayments mode accessible on flipkart s www and handset app?,278,dev,payment>repayments available>accessible website>www mobile>handset
Could you tell me is price for an ather 2 wheeler inclusive of tariff?,279,train,subsidy>tariff
"Hi, is price for an ather 2 wheeler inclusive rebate?",279,train,subsidy>rebate
"Hi, is the price for an ather 2 wheeler inclusive of tariff?",279,dev,subsidy>tariff
"Hi, where will i found scratch card after uses supercoin pay feature for an order?",280,train,find>found using>uses
Quick question: where will uncover a scratch card after utilizing supercoin pay feature for an order?,280,train,find>uncover using>utilizing
where i found a scratch card after uses supercoin pay feature for an order? Any idea?,280,dev,find>found using>uses
"Hi, what are the reimburse deliverables if i reschedule or return a product?",281,train,refund>reimburse timelines>deliverables cancel>reschedule
Quick question: what are the reimburse deliverables if i postpone or return a product?,281,train,refund>reimburse timelines>deliverables cancel>postpone
Could you tell me what are the reimburse deliverables if i suspend or return a product?,281,dev,refund>reimburse timelines>deliverables cancel>suspend
Could you tell me my order status demonstrates out for delivery but i have not get it but when will i get it?,282,train,shows>demonstrates got>get yet>but
Could you tell me my order status reveals out for delivery i have not came it yet when will i got it?,282,train,shows>reveals got>came get>got
"Hi, my order status shows out delivery but i have not getting it already will i gotten it?",282,dev,got>getting yet>already get>gotten
what do the similar order statuses in my orders necessitate? Thanks.,283,train,different>similar mean>necessitate
Help needed: what do varying order statuses in my orders imply?,283,train,different>varying mean>imply
what the similar order statuses in my orders necessitate? Thanks.,283,dev,different>similar mean>necessitate
Help needed: can i foreclose my emis for products bought used the credit card no cost emi repayment mode?,284,train,purchased>bought using>used payment>repayment
can i foreclose my emis for products resold uses credit card no cost emi repayment mode? Any idea?,284,train,purchased>resold using>uses payment>repayment
Help needed: can i foreclose my emis for products resold uses the credit card no cost emi repayment mode?,284,dev,purchased>resold using>uses payment>repayment
Quick question: what are the records required for the rest process purchase an ather 2 wheeler on flipkart?,285,train,documents>records entire>rest buying>purchase
Could you tell me what are the documents necessary the whole process purchases ather 2 wheeler on flipkart?,285,train,required>necessary entire>whole buying>purchases
what are documents mandated for whole process of purchase an ather 2 wheeler on flipkart? Thanks.,285,dev,required>mandated entire>whole buying>purchase
how tell if a fourth party partner superstore accepts supercoin pay if there is no qr code scanner accessible? Any idea?,286,train,know>tell third>fourth store>superstore available>accessible
"Hi, how do think if a sixth party partner store withdraws supercoin pay if there no qr code scanner accessible?",286,train,know>think third>sixth accepts>withdraws available>accessible
Quick question: how do i knew if a seventh party partner supermarket accepts supercoin pay there is no qr code scanner accessible?,286,dev,know>knew third>seventh store>supermarket available>accessible
i have not recieved the reimbursement of my gazette indicted what i do? Thanks.,287,train,received>recieved courier>gazette charges>indicted
i have not garnered the reimbursement of my herald indictments what should i do? Thanks.,287,train,received>garnered courier>herald charges>indictments
Help needed: i have not recieved the reimbursement of my herald indictments what should i do?,287,dev,received>recieved courier>herald charges>indictments
what is a pick up superstore? Any idea?,288,train,store>superstore
Help needed: what is a pick superstore?,288,train,store>superstore
Help needed: what is pick up drugstore?,288,dev,store>drugstore
will get the option to test drive a bgauss 2 wheeler how countless twice will i be permitted to took test drive in the same order? Thanks.,289,train,many>countless times>twice allowed>permitted take>took
Quick question: will i get the option to test drive a bgauss 2 wheeler how countless twice will be permitted to took a test drive in the same order?,289,train,many>countless times>twice allowed>permitted take>took
Quick question: will i come the option to test drive a bgauss 2 wheeler how many twice will i able give test drive in the same order?,289,dev,get>come times>twice allowed>able take>give
Quick question: i opted right emi blueprint while making the repayment uses bajaj finserv no cost emi option can shift it already?,290,train,chose>opted wrong>right plan>blueprint payment>repayment using>uses change>shift now>already
Help needed: i chose the right emi strategy instead make the repayments using bajaj finserv no cost emi option can i shift currently?,290,train,wrong>right plan>strategy while>instead making>make payment>repayments change>shift now>currently
Quick question: i chose the incorrect emi strategy instead made the repayment use bajaj finserv no cost emi option can i change it currently?,290,dev,wrong>incorrect plan>strategy while>instead making>made payment>repayment using>use now>currently
what are the affidavits permitted for the entire process of selling a bounce 2 wheeler on flipkart? Any idea?,291,train,documents>affidavits required>permitted buying>selling
"Hi, what are the documents mandated for the whole process of bought a bounce 2 wheeler on flipkart?",291,train,required>mandated entire>whole buying>bought
what are the documents mandated for the whole process of bought bounce 2 wheeler on flipkart? Thanks.,291,dev,required>mandated entire>whole buying>bought
Help needed: what are the allowable purchased gift cards?,292,train,limits>allowable buy>purchased
what are the restrictions bought gift cards?,292,train,limits>restrictions buy>bought
what are the restriction to sell gift cards?,292,dev,limits>restriction buy>sell
why have i been asking to vessel the item?,293,train,asked>asking ship>vessel
why have been requested to vessels the item? Thanks.,293,train,asked>requested ship>vessels
why have i been requested tugboat the item? Thanks.,293,dev,asked>requested ship>tugboat
"Hi, what is cash on delivery?",294,train,
"Hi, what cash on delivery?",294,train,
what is cash on delivery? Thanks.,294,dev,
will i come option to test drive a bounce 2 wheeler how several twice will i be permitted take a test drive in the same order? Thanks.,295,train,get>come many>several times>twice allowed>permitted
Could you tell me will i get the option to test drive a bounce 2 wheeler how dozens twice will i be able to taking a test drive in the same order?,295,train,many>dozens times>twice allowed>able take>taking
Help needed: will i get the option to test drive a bounce 2 wheeler how several twice will i be permitted to took test drive in the same order?,295,dev,many>several times>twice allowed>permitted take>took
Could you tell me how secure is the repayments into supercoin pay?,296,train,payment>repayments through>into
"Hi, how secure is the repayments thru supercoin pay?",296,train,payment>repayments through>thru
Quick question: how secure the repayment thru supercoin pay?,296,dev,payment>repayment through>thru
how short does the rechargeable first for bgauss 2 wheelers? Thanks.,297,train,long>short battery>rechargeable last>first
how short does the rechargeable ago for bgauss 2 wheelers? Thanks.,297,train,long>short battery>rechargeable last>ago
Help needed: how short the rechargeable first for bgauss 2 wheelers?,297,dev,long>short battery>rechargeable last>first
Could you tell me do i have to paid anything additional to purchasing usage a gift card?,298,train,pay>paid extra>additional buy>purchasing use>usage
do i have to paid anyone additional to sell or use a gift card? Thanks.,298,train,pay>paid anything>anyone extra>additional buy>sell
Help needed: do i have to paid something additional to buy or usage a gift card?,298,dev,pay>paid anything>something extra>additional use>usage
Help needed: can i terminate or return reward as part of the cash and coins rewards program?,299,train,cancel>terminate
can reschedule return a reward as part of the cash and coins for rewards for program? Any idea?,299,train,cancel>reschedule
can i terminate or return a reward as part of cash and coins for rewards for program? Any idea?,299,dev,cancel>terminate
can i meld the balance on my gift cards with cash on delivery to reimburse for order? Any idea?,300,train,combine>meld pay>reimburse
Help needed: can i integrate the balance on my gift cards with cash on delivery paid for order?,300,train,combine>integrate pay>paid
"Hi, can i merges the balance on gift cards with cash on delivery to paid for an order?",300,dev,combine>merges pay>paid
will come the option to test drive an ather 2 wheeler how dozens twice will i be allowed to taking a test drive in the same order? Any idea?,301,train,get>come many>dozens times>twice take>taking
Could you tell me will i give the option to test drive an ather 2 wheeler how dozens times will i able give a test drive in the same order?,301,train,get>give many>dozens allowed>able take>give
Help needed: will i get option test drive an ather 2 wheeler several twice i be permitted to give a test drive the same order?,301,dev,many>several times>twice allowed>permitted take>give
how can reimburse for order? Any idea?,302,train,pay>reimburse
Could you tell me how can paid for order?,302,train,pay>paid
"Hi, how can i reimburse for my order?",302,dev,pay>reimburse
Help needed: how soon does the rechargeable for bgauss 2 wheelers charge once?,303,train,quickly>soon battery>rechargeable again>once
how easily the rechargeable for bgauss 2 wheelers charge then?,303,train,quickly>easily battery>rechargeable again>then
Quick question: how soon does the rechargeable bgauss 2 wheelers charge once?,303,dev,quickly>soon battery>rechargeable again>once
Quick question: i ve regained gift card pin what can do?,304,train,lost>regained
Could you tell me i ve loses my gift card pin what can do?,304,train,lost>loses
i ve regained my gift card pin what can i? Thanks.,304,dev,lost>regained
Could you tell me what is the vehicle process?,305,train,pickup>vehicle
"Hi, what the vehicle process?",305,train,pickup>vehicle
what is the vehicle process?,305,dev,pickup>vehicle
will my consignments be safe at minivan supermarket? Any idea?,306,train,shipment>consignments pickup>minivan store>supermarket
Help needed: will consignments be safe at the minivan superstore?,306,train,shipment>consignments pickup>minivan store>superstore
Quick question: will consignment safe at suv superstore?,306,dev,shipment>consignment pickup>suv store>superstore
Could you tell me will i bring the option to test drive a hero motocorp 2 wheeler some twice will i be able to take a test drive in the same order?,307,train,get>bring many>some times>twice allowed>able
Help needed: will i bring option to test drive a hero motocorp 2 wheeler how countless twice will i be allowed give a test drive in the same order?,307,train,get>bring many>countless times>twice take>give
Help needed: will got the option to test drive a hero motocorp 2 wheeler how dozens twice permitted to take a test drive in the same order?,307,dev,get>got many>dozens times>twice allowed>permitted
why ca not i find credit card no cost emi as a repayment mode for some items? Any idea?,308,train,see>find payment>repayment
why ca not i look credit card no cost emi as repayment mode for some items?,308,train,see>look payment>repayment
Help needed: why ca not i find credit card no cost emi as repayment mode for some items?,308,dev,see>find payment>repayment
"Hi, will ather cross sell up bought when i trip the brand authorised wholesaler?",309,train,sell>bought visit>trip dealer>wholesaler
Could you tell me will ather cross buy up buy when i trip the brand authorised dealer?,309,train,sell>buy sell>buy visit>trip
will ather cross purchase up sell when i trip the brand authorised wholesaler? Thanks.,309,dev,sell>purchase visit>trip dealer>wholesaler
Help needed: if i combine my flipkart accounts will my supercoins also meld?,310,train,merge>combine merge>meld
if i integrate my flipkart accounts my supercoins also meld? Any idea?,310,train,merge>integrate merge>meld
if i meld my flipkart accounts will my supercoins combine? Any idea?,310,dev,merge>meld merge>combine
Could you tell me can i give the rebate the item to other mode if i pay use the bajaj finserv repayments option?,311,train,get>give refund>rebate paid>pay using>use payment>repayments
can i get the reimburse for the item to any those mode if i have reimbursed used bajaj finserv repayments option? Any idea?,311,train,refund>reimburse other>those paid>reimbursed using>used payment>repayments
Help needed: can i give the reimburse for the item to any these mode if i have paid utilizing the bajaj finserv repayments option?,311,dev,get>give refund>reimburse other>these using>utilizing payment>repayments
Quick question: what is the roughly delivery time?,312,train,estimated>roughly
Help needed: what is the roughly delivery time?,312,train,estimated>roughly
"Hi, what is the annually delivery time?",312,dev,estimated>annually
will i come option to test ride ampere magnus ex how countless twice will i be able to give test rode as part an order? Any idea?,313,train,get>come many>countless times>twice allowed>able take>give rides>rode
Help needed: will i gotten the option test rode for ampere magnus ex how numerous times will i be permitted to taking test riding as part of an order?,313,train,get>gotten ride>rode many>numerous allowed>permitted take>taking rides>riding
will i bring the option to test ride for ampere magnus ex how numerous twice will i be permitted to taking test rode as part an order? Any idea?,313,dev,get>bring many>numerous times>twice allowed>permitted take>taking rides>rode
can i utilize credit debit card paid flipkart through the flipkart ios? Any idea?,314,train,use>utilize pay>paid app>ios
can i using credit debit card to pay on flipkart into the flipkart ipad? Thanks.,314,train,use>using through>into app>ipad
can i use credit debit card to paid on flipkart into the flipkart ios? Thanks.,314,dev,pay>paid through>into app>ios
"Hi, will bounce cross sold up buy when i trip the brand authorised dealer?",315,train,sell>sold sell>buy visit>trip
Quick question: will bounce cross purchase up bought i trip the brand authorised dealer?,315,train,sell>purchase sell>bought visit>trip
Help needed: will bounce cross resell up bought i trip the brand authorised dealer?,315,dev,sell>resell sell>bought visit>trip
what are the metropolis jurisdictions that have seventh party partner stores to redeem supercoin pay feature? Any idea?,316,train,cities>metropolis states>jurisdictions third>seventh
"Hi, what are the metropolis states that have fifth party partner superstores to redeem the supercoin pay feature?",316,train,cities>metropolis third>fifth stores>superstores
what city states that have second party partner shops to redeem the supercoin pay feature? Thanks.,316,dev,cities>city third>second stores>shops
how is the return fee determined? Any idea?,317,train,
Help needed: how is return fee determined?,317,train,
Help needed: how is the return fee determined?,317,dev,
how do i reimburse for my cash on delivery order if i selecting to pick up the product from the pick up supermarket?,318,train,pay>reimburse choose>selecting store>supermarket
how do i paid for my cash on delivery order if chose to pick up the product pick up mall?,318,train,pay>paid choose>chose store>mall
"Hi, how do i paid for my cash on delivery order if i decide to pick product from the pick up superstore?",318,dev,pay>paid choose>decide store>superstore
Could you tell me how does the 3d secure username bring security to my ecommerce transactions?,319,train,password>username add>bring online>ecommerce
how the 3d secure username bring security to my internet transactions?,319,train,password>username add>bring online>internet
how does the 3d secure username bring security to my ecommerce transactions? Any idea?,319,dev,password>username add>bring online>ecommerce
"Hi, how far utilities is needed to charge the battery of a bgauss car?",320,train,much>far electricity>utilities required>needed vehicle>car
how far electricity is needed to charge the charger of a bgauss jeep? Any idea?,320,train,much>far required>needed battery>charger vehicle>jeep
"Hi, how far kwh is needed to charge the battery of a bgauss truck?",320,dev,much>far electricity>kwh required>needed vehicle>truck
Quick question: what products are part of the supercoin pay program?,321,train,brands>products
what all products are part of the supercoin pay program?,321,train,brands>products
Help needed: what all products are part of supercoin pay program?,321,dev,brands>products
if my reimburse sum exceeds 20 000 will i gotten the option for phonepe upi associated account and those registered account neft or imps? Any idea?,322,train,refund>reimburse amount>sum get>gotten linked>associated other>those
if my refund sum surpassed 20 000 will i give the option for phonepe upi associated account and these registered account for neft or imps? Any idea?,322,train,amount>sum exceeds>surpassed get>give linked>associated other>these
Quick question: if my reimburse sum outpaces 20 000 get the option for phonepe upi implicated account and these registered account for neft or imps?,322,dev,refund>reimburse amount>sum exceeds>outpaces linked>implicated other>these
is my consignments safe at the pick up drugstore?,323,train,shipment>consignments store>drugstore
Help needed: is consignment safe at pick up retailer?,323,train,shipment>consignment store>retailer
Help needed: is my consignments safe at the pick up supermarket?,323,dev,shipment>consignments store>supermarket
Help needed: i have query about emi charge what should i do?,324,train,
"Hi, i have query emi charge what should i do?",324,train,
Could you tell me i a query about the emi charge should i?,324,dev,
"Hi, what papers required for the rest process of bought a hero motocorp 2 wheeler on flipkart?",325,train,documents>papers entire>rest buying>bought
what are the affidavits required for the whole process of purchasing a hero motocorp 2 wheeler on flipkart? Thanks.,325,train,documents>affidavits entire>whole buying>purchasing
Help needed: what are the documents needed the rest process of bought hero motocorp 2 wheeler flipkart?,325,dev,required>needed entire>rest buying>bought
how can i usage a gift card? Thanks.,326,train,use>usage
"Hi, how i using a gift card?",326,train,use>using
how i utilize a gift card?,326,dev,use>utilize
"Hi, what if the gift card is transferred to whoever when i am hoping a refund for an order put utilizing the same gift card?",327,train,someone>whoever expecting>hoping placed>put using>utilizing
Help needed: what gift card is transferred to whoever when i am hoping a refund for an order put utilizing the same gift card?,327,train,someone>whoever expecting>hoping placed>put using>utilizing
what if the gift card is transferred to someone i am predicting a reimburse for an order put used same gift card?,327,dev,expecting>predicting refund>reimburse placed>put using>used
is credit card no cost emi payment mode accessible on flipkart s windows and iphone smartphones? Thanks.,328,train,available>accessible ios>iphone apps>smartphones
Help needed: is credit card no cost emi repayments mode available on flipkart s windows and android iphone?,328,train,payment>repayments ios>android apps>iphone
Could you tell me is credit card no cost emi repayment mode available flipkart s windows and webos iphone?,328,dev,payment>repayment ios>webos apps>iphone
Quick question: what the affidavits necessary the entire process of purchasing an ampere magnus ex on flipkart?,329,train,documents>affidavits required>necessary buying>purchasing
"Hi, what are the documents needed rest process of bought an ampere magnus ex on flipkart?",329,train,required>needed entire>rest buying>bought
Help needed: what are the files permitted the rest process of buying an ampere magnus ex on flipkart?,329,dev,documents>files required>permitted entire>rest
what the warranty having given ather?,330,train,being>having offered>given
what is the warranty having given by ather? Any idea?,330,train,being>having offered>given
Help needed: what is the warranty having given by ather?,330,dev,being>having offered>given
can i return product and decide for a rebate if have purchased it by redeeming supercoins to avail coupon into supercoin pay feature?,331,train,ask>decide refund>rebate discount>coupon through>into
can i return a product and tell for a rebate if i have purchased it redeeming my supercoins to avail coupon thru supercoin pay feature? Any idea?,331,train,ask>tell refund>rebate discount>coupon through>thru
can i return a product and tell for a refund if i have sold it by redeeming my supercoins to avail coupon into supercoin pay feature?,331,dev,ask>tell purchased>sold discount>coupon through>into
Quick question: can i begin an incomplete application?,332,train,resume>begin
Help needed: can i begin an incomplete application?,332,train,resume>begin
can i begin an incomplete application? Thanks.,332,dev,resume>begin
how short does the rechargeable after for bounce 2 wheelers?,333,train,long>short battery>rechargeable last>after
how short does the rechargeable first bounce 2 wheelers? Thanks.,333,train,long>short battery>rechargeable last>first
how short does the rechargeable first for bounce 2 wheelers? Any idea?,333,dev,long>short battery>rechargeable last>first
what is the warranty having proffered bgauss?,334,train,being>having offered>proffered
what is the warranty having proffered by bgauss? Any idea?,334,train,being>having offered>proffered
Help needed: what is the warranty having proffered by bgauss?,334,dev,being>having offered>proffered
"Hi, where can i discover the buyer s returns policy?",335,train,find>discover seller>buyer
Help needed: where can i discover the buyer s returns policy?,335,train,find>discover seller>buyer
Help needed: where can i see buyer s returns policy?,335,dev,find>see seller>buyer
i choose the wrong emi proposals instead made the repayment utilizing credit card no cost emi option can shift now? Thanks.,336,train,chose>choose plan>proposals while>instead making>made payment>repayment using>utilizing change>shift
i choose the incorrect emi plan instead made the repayments used credit card no cost emi option can i change it already? Any idea?,336,train,chose>choose wrong>incorrect while>instead making>made payment>repayments using>used now>already
i choosing the wrong emi plan instead makes the repayment used credit card no cost emi option can i alter it still?,336,dev,chose>choosing while>instead making>makes payment>repayment using>used change>alter now>still
Help needed: how can i explain grade of a rebuilt product?,337,train,understand>explain refurbished>rebuilt
Quick question: how can i explain grade of a repaired product?,337,train,understand>explain refurbished>repaired
how can i recognize the grade of a repaired product? Thanks.,337,dev,understand>recognize refurbished>repaired
what is the warranty having proffered by bounce?,338,train,being>having offered>proffered
what is the warranty having proffered by bounce? Any idea?,338,train,being>having offered>proffered
Help needed: what is the warranty having given by bounce?,338,dev,being>having offered>given
"Hi, if i have paying for my order use bajaj finserv no cost emi repayment option will i gotten a complete rebate if the item is cancelled or returned?",339,train,paid>paying using>use payment>repayment get>gotten refund>rebate
Help needed: if i have pays for my order used the bajaj finserv no cost emi repayment option will i get a complete rebate if the item cancelled or arrived?,339,train,paid>pays using>used payment>repayment refund>rebate returned>arrived
if i have reimbursed for my order using bajaj finserv no cost emi repayments option will i gotten a complete reimburse if the item is cancelled or departed?,339,dev,paid>reimbursed payment>repayments get>gotten refund>reimburse returned>departed
Could you tell me what bajaj finserv repayments mode?,340,train,payment>repayments
"Hi, what is bajaj finserv repayments mode?",340,train,payment>repayments
what is bajaj finserv repayments mode? Thanks.,340,dev,payment>repayments
what revenues services are having supplied by ather 2 wheelers?,341,train,sales>revenues being>having provided>supplied
what after retail services having given by ather for 2 wheelers?,341,train,sales>retail being>having provided>given
what after revenues services are having supplied by ather for 2 wheelers? Any idea?,341,dev,sales>revenues being>having provided>supplied
Could you tell me how does supercoin pay feature work on flipkart platform?,342,train,
Help needed: how does supercoin pay feature work on flipkart platform?,342,train,
Quick question: how supercoin pay feature work flipkart platform?,342,dev,
can i gotten the reimburse for the item thru any those mode if i have reimbursed use the credit card no cost emi payment option?,343,train,get>gotten refund>reimburse through>thru other>those paid>reimbursed using>use
Quick question: can i gotten the refund for the item into any various mode if i have owed use the credit card no cost emi repayments option?,343,train,get>gotten through>into other>various paid>owed using>use payment>repayments
can i gotten rebate for the item into any these mode if i paid use the credit card no cost emi repayments option? Any idea?,343,dev,get>gotten refund>rebate through>into other>these using>use payment>repayments
Help needed: will i earn cashback if i have uses guy anything s flipkart axis bank credit card?,344,train,used>uses someone>guy else>anything
Could you tell me will i earn cashback if i have using guy nobody s flipkart axis bank credit card?,344,train,used>using someone>guy else>nobody
"Hi, will i earn cashback if i have utilized anybody nobody s flipkart axis bank credit card?",344,dev,used>utilized someone>anybody else>nobody
Help needed: why am i not allowed to think the option to purchasing a bounce 2 wheeler for my pincode?,345,train,able>allowed see>think buy>purchasing
Quick question: why am not unable to tell the option to purchased a bounce 2 wheeler for my pincode?,345,train,able>unable see>tell buy>purchased
Help needed: why am i not trying to know the option sell a bounce 2 wheeler my pincode?,345,dev,able>trying see>know buy>sell
will i give supercoins for utilizing cash coins for rewards? Any idea?,346,train,get>give using>utilizing
will i come supercoins for uses cash and coins rewards?,346,train,get>come using>uses
"Hi, will i bring supercoins for uses cash and coins for rewards?",346,dev,get>bring using>uses
Could you tell me will i give a complete refund if the item is cancelled or arrived if i have paying for order uses the credit card no cost emi repayments option?,347,train,get>give returned>arrived paid>paying using>uses payment>repayments
Could you tell me will i bring complete rebate if the item cancelled arrived if i have paid for order use the credit card no cost emi repayments option?,347,train,get>bring refund>rebate returned>arrived using>use payment>repayments
"Hi, will i bring a complete refund if the item cancelled or arrived if i owed for the order utilizing credit card no cost emi repayments option?",347,dev,get>bring returned>arrived paid>owed using>utilizing payment>repayments
Could you tell me can i making the payment uses postpaid mode of repayment and gift card as part of the cash coins rewards?,348,train,make>making using>uses prepaid>postpaid payment>repayment
"Hi, can i made the repayment uses prepaid mode of repayment and gift card as part the cash and coins for rewards?",348,train,make>made payment>repayment using>uses payment>repayment
Quick question: can make the repayment use postpaid mode of repayment and gift card as part of cash and coins for rewards?,348,dev,payment>repayment using>use prepaid>postpaid payment>repayment
Could you tell me can i filter my search for rebuilt technologies in terms of product grades?,349,train,refurbished>rebuilt products>technologies
Help needed: can i filter search for renovated brands in terms of product grades?,349,train,refurbished>renovated products>brands
can i filter my search for repaired technologies in terms of product grades? Thanks.,349,dev,refurbished>repaired products>technologies
how can i acquire utilizing a gift card?,350,train,buy>acquire using>utilizing
how can i purchasing uses a gift card? Any idea?,350,train,buy>purchasing using>uses
how can i bought use a gift card? Any idea?,350,dev,buy>bought using>use
"Hi, how do returns work?",351,train,
Help needed: how do returns work?,351,train,
how do returns work? Thanks.,351,dev,
Quick question: can i usage a saved card to made an emi repayments?,352,train,use>usage make>made payment>repayments
can i using a saved card to made an emi repayment? Any idea?,352,train,use>using make>made payment>repayment
can i using saved card to making an emi repayments? Thanks.,352,dev,use>using make>making payment>repayments
how promptly does the charger for ather 2 wheelers charge then?,353,train,quickly>promptly battery>charger again>then
how promptly does the charger for ather 2 wheelers charge then? Any idea?,353,train,quickly>promptly battery>charger again>then
how swiftly does the charger for ather 2 wheelers charge once? Any idea?,353,dev,quickly>swiftly battery>charger again>once
"Hi, i garnered some supercoins from previous transactions how i redeem them?",354,train,earned>garnered last>previous
"Hi, i have garnered some supercoins from first transactions how can i redeem them?",354,train,earned>garnered last>first
"Hi, i have garnered some supercoins after transactions how can i redeem them?",354,dev,earned>garnered last>after
how i edit my saving card? Thanks.,355,train,delete>edit saved>saving
how i edit my saving card? Any idea?,355,train,delete>edit saved>saving
"Hi, how i edit my saving card?",355,dev,delete>edit saved>saving
Quick question: will ampere cross buy upsell when i trip the brand authorised wholesaler?,356,train,sell>buy visit>trip dealer>wholesaler
"Hi, will ampere cross buy upsell when i trip the brand authorised wholesaler?",356,train,sell>buy visit>trip dealer>wholesaler
Quick question: will ampere cross sold upsell when i trip the brand authorised wholesaler?,356,dev,sell>sold visit>trip dealer>wholesaler
Could you tell me what going to the unspent balance in gift card after it expires?,357,train,happens>going unused>unspent
what comes to the unspent balance in my gift card after it expires?,357,train,happens>comes unused>unspent
what comes to the unspent balance my gift card after it expires? Any idea?,357,dev,happens>comes unused>unspent
"Hi, what are the pre prerequisites for used the saving card feature?",358,train,requisites>prerequisites using>used saved>saving
Could you tell me what are the pre prerequisites for use the saving card feature?,358,train,requisites>prerequisites using>use saved>saving
Help needed: what are the pre prerequisites for use the saving card feature?,358,dev,requisites>prerequisites using>use saved>saving
"Hi, will bgauss cross bought upsell when i trip the brand authorised wholesaler?",359,train,sell>bought visit>trip dealer>wholesaler
"Hi, will bgauss cross purchase upsell when i trip the brand authorised wholesaler?",359,train,sell>purchase visit>trip dealer>wholesaler
will bgauss cross purchase upsell i trip the brand authorised wholesaler? Any idea?,359,dev,sell>purchase visit>trip dealer>wholesaler
Help needed: when advantages are unlocked part of supercoin milestones will there be deduction of supercoins?,360,train,benefits>advantages
"Hi, when advantages are unlocked as part supercoin milestones there be deduction of supercoins?",360,train,benefits>advantages
Quick question: when advantages are unlocked as part of supercoin milestones there be deduction of supercoins?,360,dev,benefits>advantages
Could you tell me how can got the 3d secure username for my credit debit card?,361,train,get>got password>username
"Hi, how can i bring the 3d secure username for my credit debit card?",361,train,get>bring password>username
how i come the 3d secure username for my credit debit card?,361,dev,get>come password>username
how short does the charger previous for ather 2 wheelers?,362,train,long>short battery>charger last>previous
"Hi, how short does the charger first for ather 2 wheelers?",362,train,long>short battery>charger last>first
"Hi, how short does the rechargeable first for ather 2 wheelers?",362,dev,long>short battery>rechargeable last>first
Quick question: can i redeem supercoins for gold silver products jewellery bar coin?,363,train,
can i redeem supercoins for gold and silver products jewellery bar coin? Any idea?,363,train,
Could you tell me can i redeem supercoins for gold silver products jewellery bar coin?,363,dev,
Quick question: can i shift the mode of payment then i put a flipkart quick order?,364,train,change>shift once>then placed>put
can i change the mode of repayment never i have put a flipkart quick order? Thanks.,364,train,payment>repayment once>never placed>put
Help needed: can i shift the mode of payment never i have put a flipkart quick order?,364,dev,change>shift once>never placed>put
"Hi, what after revenues services having supplied by bgauss for 2 wheelers?",365,train,sales>revenues being>having provided>supplied
what after revenues services are having supplied by bgauss for 2 wheelers? Thanks.,365,train,sales>revenues being>having provided>supplied
Help needed: what after revenues services are having given by bgauss for 2 wheelers?,365,dev,sales>revenues being>having provided>given
my gift card has lapsed can broaden its veracity? Any idea?,366,train,expired>lapsed extend>broaden validity>veracity
my gift card has lapsed you expand legality? Thanks.,366,train,expired>lapsed extend>expand validity>legality
Help needed: my gift card has lapsed can you renew its legality?,366,dev,expired>lapsed extend>renew validity>legality
Help needed: what the memos mandated to complete this application?,367,train,documents>memos required>mandated
Could you tell me what are the memos needed to complete this application?,367,train,documents>memos required>needed
Could you tell me what are the affidavits necessary to complete this application?,367,dev,documents>affidavits required>necessary
Quick question: what after retail services are having supplied bounce for 2 wheelers?,368,train,sales>retail being>having provided>supplied
what after revenues services are having supplied by bounce for 2 wheelers? Thanks.,368,train,sales>revenues being>having provided>supplied
Could you tell me what after revenue services having given by bounce for 2 wheelers?,368,dev,sales>revenue being>having provided>given
Could you tell me what is the warranty having proffered by hero motocorp?,369,train,being>having offered>proffered
Quick question: what is the warranty having proffered by hero motocorp?,369,train,being>having offered>proffered
Quick question: what is the warranty having given by hero motocorp?,369,dev,being>having offered>given
what is the credit restriction the credit card no cost emi card for malls on flipkart? Thanks.,370,train,limit>restriction shopping>malls
what is the credit restriction on the credit card no cost emi card for mall on flipkart? Thanks.,370,train,limit>restriction shopping>mall
what is the credit restriction on the credit card no cost emi card for mall on flipkart?,370,dev,limit>restriction shopping>mall
in which all regions can i bought a bounce 2 wheeler?,371,train,cities>regions purchase>bought
in which all city can acquire a bounce 2 wheeler? Thanks.,371,train,cities>city purchase>acquire
"Hi, in which all regions can i bought a bounce 2 wheeler?",371,dev,cities>regions purchase>bought
Could you tell me is there a restricting how dozens gift cards i can utilize in a single order?,372,train,limit>restricting many>dozens use>utilize
Help needed: is a restricting on some gift cards i can utilize a single order?,372,train,limit>restricting many>some use>utilize
"Hi, is there a restricting on how numerous gift cards i can utilize in single order?",372,dev,limit>restricting many>numerous use>utilize
"Hi, is bajaj finserv repayments mode accessible on two website and ipad?",373,train,payment>repayments available>accessible both>two app>ipad
Help needed: is bajaj finserv repayments mode available respective the blog and iphone?,373,train,payment>repayments both>respective website>blog app>iphone
Could you tell me is bajaj finserv repayments mode accessible on two the website and android?,373,dev,payment>repayments available>accessible both>two app>android
"Hi, can i resubmit my documents ecommerce for ampere magnus ex and not trip the brand authorised wholesaler?",374,train,submit>resubmit online>ecommerce visit>trip dealer>wholesaler
can resubmit my files online for ampere magnus ex and not trip brand authorised wholesaler? Any idea?,374,train,submit>resubmit documents>files visit>trip dealer>wholesaler
Quick question: can i resubmit my files ecommerce for ampere magnus ex and not trip the brand authorised dealer?,374,dev,submit>resubmit documents>files online>ecommerce visit>trip
Help needed: can i bring a revamped gift card for the remaining balance if my gift card lapsed?,375,train,get>bring new>revamped expired>lapsed
Could you tell me can i give a revamped gift card for the remaining balance if my gift card has lapsed?,375,train,get>give new>revamped expired>lapsed
"Hi, can i got revamped gift card for the remaining balance if my gift card has lapsed?",375,dev,get>got new>revamped expired>lapsed
what all card information flipkart retailer? Thanks.,376,train,store>retailer
what card information does flipkart retailer? Thanks.,376,train,store>retailer
Could you tell me what all card information does flipkart retailer?,376,dev,store>retailer
Could you tell me can i resubmit records ecommerce a bgauss 2 wheeler and not visit the brand authorised wholesaler?,377,train,submit>resubmit documents>records online>ecommerce dealer>wholesaler
Could you tell me can i resubmit my memos offline for a bgauss 2 wheeler not trip the brand authorised dealer?,377,train,submit>resubmit documents>memos online>offline visit>trip
Could you tell me can i resubmit my documents ecommerce for a bgauss 2 wheeler and not trip the brand authorised wholesaler?,377,dev,submit>resubmit online>ecommerce visit>trip dealer>wholesaler
Quick question: can purchasing one gift card with the gift card i have?,378,train,buy>purchasing another>one
Could you tell me can i purchased this gift card gift card i have?,378,train,buy>purchased another>this
can i acquire one gift card with gift card i have? Thanks.,378,dev,buy>acquire another>one
how can label my saving cards? Thanks.,379,train,saved>saving
how can i label my saving cards? Any idea?,379,train,saved>saving
how can i label my saving cards?,379,dev,saved>saving
can i resubmit papers online for a bounce 2 wheeler and not trip brand authorised wholesaler? Thanks.,380,train,submit>resubmit documents>papers visit>trip dealer>wholesaler
Quick question: can resubmit my papers online for a bounce 2 wheeler and not trip the brand authorised wholesaler?,380,train,submit>resubmit documents>papers visit>trip dealer>wholesaler
Help needed: can submit affidavits websites for a bounce 2 wheeler and not trip the brand authorised wholesaler?,380,dev,documents>affidavits online>websites visit>trip dealer>wholesaler
Quick question: can i transfer supercoins to dissimilar flipkart account?,381,train,different>dissimilar
can i transfer supercoins varying flipkart account? Any idea?,381,train,different>varying
Help needed: can i transfer supercoins to varying flipkart account?,381,dev,different>varying
"Hi, can i using any debit card to reimburse for order?",382,train,use>using pay>reimburse
Could you tell me can i utilize any debit card to reimburse for my order?,382,train,use>utilize pay>reimburse
Could you tell me can i utilize any debit card to paid for my order?,382,dev,use>utilize pay>paid
"Hi, what are the accessories that be part of a bounce 2 wheeler?",383,train,
Help needed: what are accessories that will part of a bounce 2 wheeler?,383,train,
what are the accessories that be part of bounce 2 wheeler? Any idea?,383,dev,
can i redeem supercoins to avail coupon for flipkart gift card?,384,train,discount>coupon
Quick question: can redeem supercoins to avail coupon for flipkart gift card?,384,train,discount>coupon
can i redeem supercoins avail coupon for flipkart gift card? Thanks.,384,dev,discount>coupon
what are the emi intends accessible if reimburse use the credit card no cost emi payment mode?,385,train,plans>intends available>accessible pay>reimburse using>use
what are the emi intends accessible i reimburse utilizing the credit card no cost emi payment mode? Thanks.,385,train,plans>intends available>accessible pay>reimburse using>utilizing
"Hi, what are emi intends accessible if i paid utilizing the credit card no cost emi payment mode?",385,dev,plans>intends available>accessible pay>paid using>utilizing
do i want have a driving permit to riding ampere magnus ex?,386,train,need>want license>permit ride>riding
do i want to have driving permit to riding ampere magnus ex?,386,train,need>want license>permit ride>riding
"Hi, do i need to have a speeding permit to riding ampere magnus ex?",386,dev,driving>speeding license>permit ride>riding
can i redeem supercoins to avail rebates for technologies shopsy? Any idea?,387,train,discounts>rebates products>technologies
can i redeem supercoins to avail rebates for technologies on shopsy?,387,train,discounts>rebates products>technologies
Could you tell me can redeem supercoins avail rebates for brands on shopsy?,387,dev,discounts>rebates products>brands
Help needed: i not come the erroneous cashback as average my transactions flipkart what should do?,388,train,get>come correct>erroneous per>average
Could you tell me i did not gotten the incorrect cashback as average my transactions on flipkart what should i?,388,train,get>gotten correct>incorrect per>average
"Hi, i not bring the incorrect cashback as average my transactions on flipkart what should i do?",388,dev,get>bring correct>incorrect per>average
Could you tell me can i resubmit my records online for ather 2 wheeler not trip the brand authorised wholesaler?,389,train,submit>resubmit documents>records visit>trip dealer>wholesaler
Help needed: can resubmit my documents websites for an ather 2 wheeler and not trip the brand authorised wholesaler?,389,train,submit>resubmit online>websites visit>trip dealer>wholesaler
Quick question: can i resubmit my memos websites for ather 2 wheeler and not visit the brand authorised wholesaler?,389,dev,submit>resubmit documents>memos online>websites dealer>wholesaler
when do supercoins expire? Any idea?,390,train,
"Hi, when do supercoins expire?",390,train,
Could you tell me when do supercoins expire?,390,dev,
"Hi, which credit cards are qualify for emi?",391,train,eligible>qualify
which credit cards are qualify for emi? Thanks.,391,train,eligible>qualify
Could you tell me which credit cards are qualify for emi?,391,dev,eligible>qualify
Help needed: why am i not unable to tell the option to bought an ampere 2 wheeler for pincode?,392,train,able>unable see>tell buy>bought
why am i not unable find the option to sell an ampere 2 wheeler for my pincode? Thanks.,392,train,able>unable see>find buy>sell
Quick question: why am i not unable to think the option to sell ampere 2 wheeler for my pincode?,392,dev,able>unable see>think buy>sell
Could you tell me can i sell rewards uses cash and coins option from netbook?,393,train,purchase>sell using>uses desktop>netbook
"Hi, can bought rewards uses cash and coins option from workstation?",393,train,purchase>bought using>uses desktop>workstation
can i sell rewards utilizing cash and coins option from windows? Thanks.,393,dev,purchase>sell using>utilizing desktop>windows
Could you tell me what is a card label?,394,train,
Help needed: what is card label?,394,train,
Quick question: what is a card label?,394,dev,
Could you tell me do must to have a speeding permit to drive hero motocorp 2 wheelers?,395,train,need>must driving>speeding license>permit
do should to have a speeding permit to drive hero motocorp 2 wheelers? Any idea?,395,train,need>should driving>speeding license>permit
"Hi, do i can to have a speeding permit to drive hero motocorp 2 wheelers?",395,dev,need>can driving>speeding license>permit
Quick question: who can avail cash and coins for rewards?,396,train,
Could you tell me who all can avail cash and coins for rewards?,396,train,
who can avail cash and coins for rewards?,396,dev,
how can i order for massive amounts of the product as part of a corporate order? Any idea?,397,train,large>massive quantities>amounts
Help needed: how can i order for small amounts of the product as part of a corporate order?,397,train,large>small quantities>amounts
"Hi, how can i order for small amounts of the product as part of a corporate order?",397,dev,large>small quantities>amounts
the option to acquire an ather 2 wheeler is not accessible at my pincode?,398,train,buy>acquire available>accessible
Could you tell me the option to sell an ather 2 wheeler is not accessible at my pincode?,398,train,buy>sell available>accessible
the option sell an ather 2 wheeler is not accessible at my pincode? Thanks.,398,dev,buy>sell available>accessible
can i chose the number of supercoins that can be redeemed for a bought as part of cash and coins for rewards program? Thanks.,399,train,choose>chose purchase>bought
can i chosen the number of supercoins that can redeemed for a sell as part cash and coins rewards program?,399,train,choose>chosen purchase>sell
Quick question: can i chosen the number of supercoins that can be redeemed for a acquire as part of cash and coins for rewards program?,399,dev,choose>chosen purchase>acquire
what is flipkart axis bank credit card? Any idea?,400,train,
Help needed: what is flipkart axis bank credit card?,400,train,
what is flipkart axis bank credit card? Thanks.,400,dev,
"Hi, can remodeled brands be raided their product name?",401,train,refurbished>remodeled products>brands searched>raided
"Hi, can repaired brands be searched by their product surname?",401,train,refurbished>repaired products>brands name>surname
can refurbished brands be scoured by their product moniker?,401,dev,products>brands searched>scoured name>moniker
how i paid if the order quantity less than the value my gift card? Any idea?,402,train,pay>paid amount>quantity more>less
Quick question: how can i reimburse if the order quantity is fewer than the value my gift card?,402,train,pay>reimburse amount>quantity more>fewer
Help needed: how can i reimburse if the order sum is fewer than the value gift card?,402,dev,pay>reimburse amount>sum more>fewer
can i scan any qr code in the drugstore engage repayments for an order using supercoin pay feature? Any idea?,403,train,store>drugstore initiate>engage payment>repayments
"Hi, can i scan any qr code the superstore to commence the payment for an order used supercoin pay feature?",403,train,store>superstore initiate>commence using>used
can i scan any qr code in the superstore undertake the repayments for an order using supercoin pay feature? Any idea?,403,dev,store>superstore initiate>undertake payment>repayments
"Hi, what after revenue services are having given by ampere for 2 wheelers?",404,train,sales>revenue being>having provided>given
what after retail services are having given ampere 2 wheelers? Thanks.,404,train,sales>retail being>having provided>given
Could you tell me what after revenues services are having supplied by ampere for 2 wheelers?,404,dev,sales>revenues being>having provided>supplied
Quick question: what are supercoins rewards accessible on the supercoin zone and how can i avail them?,405,train,available>accessible
Help needed: what are supercoins rewards accessible on the supercoin zone and how can i avail them?,405,train,available>accessible
what supercoins rewards accessible on the supercoin zone and how can i avail them? Any idea?,405,dev,available>accessible
Quick question: can i make the repayment thru cash upi repayments mode to avail advantages as part supercoin pay at a seventh party partner drugstore?,406,train,payment>repayment through>thru payment>repayments benefits>advantages third>seventh store>drugstore
Could you tell me can i made the payment into cash or upi repayments mode to avail advantages as part of supercoin pay at a second party partner supermarket?,406,train,make>made through>into payment>repayments benefits>advantages third>second store>supermarket
can i making the repayments into cash or upi payment mode to avail advantages as part of supercoin pay at second party partner mall? Any idea?,406,dev,make>making payment>repayments through>into benefits>advantages third>second store>mall
Quick question: when and how dozens twice ather vehicle necessitate servicing?,407,train,many>dozens times>twice require>necessitate
when and how dozens twice does ather truck require servicing? Any idea?,407,train,many>dozens times>twice vehicle>truck
"Hi, when and how some twice does ather car require servicing?",407,dev,many>some times>twice vehicle>car
Help needed: can supercoin pay feature be utilized showroom internet?,408,train,used>utilized shop>showroom online>internet
Help needed: can supercoin pay feature be uses to showroom ecommerce?,408,train,used>uses shop>showroom online>ecommerce
can supercoin pay feature be uses to showroom web? Thanks.,408,dev,used>uses shop>showroom online>web
Could you tell me how is my emi refunded?,409,train,debited>refunded
how emi deducted?,409,train,debited>deducted
"Hi, how is my emi deducted?",409,dev,debited>deducted
what charging possibilities are accessible with bgauss 2 wheelers?,410,train,options>possibilities available>accessible
Help needed: what charging possibilities are accessible with bgauss 2 wheelers?,410,train,options>possibilities available>accessible
what charging alternatives are accessible with bgauss 2 wheelers? Any idea?,410,dev,options>alternatives available>accessible
is installation proffered for all brands?,411,train,offered>proffered products>brands
is installation given for brands?,411,train,offered>given products>brands
Quick question: is installation proffered all technologies?,411,dev,offered>proffered products>technologies
how does flipkart avoid card swindle? Any idea?,412,train,prevent>avoid fraud>swindle
how does flipkart forestall card swindle? Thanks.,412,train,prevent>forestall fraud>swindle
Help needed: how does flipkart avoid card forgery?,412,dev,prevent>avoid fraud>forgery
Could you tell me what accessories will be part of bgauss 2 wheelers do i to reimburse individually for accessories?,413,train,pay>reimburse separately>individually
Quick question: what accessories will be part of bgauss 2 wheelers do i have reimburse individually for accessories?,413,train,pay>reimburse separately>individually
what accessories will be part of bgauss 2 wheelers do i have to paid individually for accessories?,413,dev,pay>paid separately>individually
is the warranty having proffered by flipkart for ampere magnus ex?,414,train,being>having offered>proffered
is the warranty having proffered by flipkart for ampere magnus ex? Any idea?,414,train,being>having offered>proffered
is the warranty having given by flipkart for ampere magnus ex?,414,dev,being>having offered>given
what are the dissimilar repayment possibilities available for flipkart quick? Any idea?,415,train,different>dissimilar payment>repayment options>possibilities
what are the dissimilar repayments alternatives available for flipkart quick? Any idea?,415,train,different>dissimilar payment>repayments options>alternatives
"Hi, what the varying repayment alternatives available for flipkart quick?",415,dev,different>varying payment>repayment options>alternatives
Quick question: do i should to have a speeding permit to drive an ather 2 wheeler?,416,train,need>should driving>speeding license>permit
do i necessary to a speeding permit to drive an ather 2 wheeler?,416,train,need>necessary driving>speeding license>permit
Could you tell me do i necessary to have a speeding permit to drive an ather 2 wheeler?,416,dev,need>necessary driving>speeding license>permit
what is supercoins price? Thanks.,417,train,
Could you tell me what is supercoins price?,417,train,
"Hi, what is supercoins price?",417,dev,
Quick question: how do i paid uses flipkart s loan card emi option?,418,train,pay>paid using>uses credit>loan
how paid use flipkart s loan card emi option?,418,train,pay>paid using>use credit>loan
Quick question: how do i paid use flipkart s loan card emi option?,418,dev,pay>paid using>use credit>loan
how much generators is mandated charge the charger of ampere magnus ex?,419,train,electricity>generators required>mandated battery>charger
Quick question: how little energy is required to charge the charger of ampere magnus ex?,419,train,much>little electricity>energy battery>charger
how much megawatts is mandated to charge the charger of ampere magnus ex? Any idea?,419,dev,electricity>megawatts required>mandated battery>charger
"Hi, where can i discover the code for rewards asserted part of the cash and coins rewards?",420,train,find>discover claimed>asserted
where can i uncover the code for the rewards insisted as part of the cash and coins for rewards?,420,train,find>uncover claimed>insisted
where can i found the code for the rewards believed as part of cash and coins for rewards?,420,dev,find>found claimed>believed
Quick question: is phonepe pocketbook accessible on flipkart s windows and ios iphone awfully?,421,train,wallet>pocketbook available>accessible apps>iphone too>awfully
is phonepe wallet accessible on flipkart s windows and iphone ios overly? Any idea?,421,train,available>accessible ios>iphone apps>ios too>overly
"Hi, is phonepe wallet accessible on flipkart s windows and iphone ios terribly?",421,dev,available>accessible ios>iphone apps>ios too>terribly
Could you tell me how little utilities is permitted to charge charger of a bounce vehicle?,422,train,much>little electricity>utilities required>permitted battery>charger
how little energy is required to charge the charger of a bounce suv? Thanks.,422,train,much>little electricity>energy battery>charger vehicle>suv
how far kwh is needed to charge battery of a bounce car? Any idea?,422,dev,much>far electricity>kwh required>needed vehicle>car
Quick question: what is the disparity between the supercoins price option accessible on the product homepage and supercoin pay on flipkart platform?,423,train,difference>disparity available>accessible page>homepage
Help needed: what is the disparity between the supercoins price option accessible on the product webpage and supercoin pay on flipkart platform?,423,train,difference>disparity available>accessible page>webpage
what is the disparity between the supercoins price option accessible on the product homepage supercoin pay on flipkart platform? Thanks.,423,dev,difference>disparity available>accessible page>homepage
Quick question: how can i gotten a bajaj finserv emi card?,424,train,get>gotten
Could you tell me how can i come bajaj finserv emi card?,424,train,get>come
how i bring a bajaj finserv emi card? Any idea?,424,dev,get>bring
the option to purchased hero motocorp 2 wheeler is not accessible my pincode what i do? Thanks.,425,train,buy>purchased available>accessible
the option to acquire hero motocorp 2 wheeler is not accessible at my pincode what should i do?,425,train,buy>acquire available>accessible
"Hi, the option to purchasing a hero motocorp 2 wheeler is not accessible my pincode what should i do?",425,dev,buy>purchasing available>accessible
how supercoins price computed?,426,train,calculated>computed
"Hi, how is supercoins price measured?",426,train,calculated>measured
Help needed: how is supercoins price computed?,426,dev,calculated>computed
Help needed: what can i buying used flipkart axis bank credit card?,427,train,purchase>buying using>used
what can i sale use flipkart axis bank credit card? Any idea?,427,train,purchase>sale using>use
Help needed: what can sale utilizing flipkart axis bank credit card?,427,dev,purchase>sale using>utilizing
how short does the ampere magnus ex s rechargeable first?,428,train,long>short battery>rechargeable last>first
"Hi, how short does ampere magnus ex s rechargeable first?",428,train,long>short battery>rechargeable last>first
Help needed: how short does ampere magnus ex s rechargeable ago?,428,dev,long>short battery>rechargeable last>ago
"Hi, is the warranty having proffered by flipkart for bounce 2 wheelers?",429,train,being>having offered>proffered
Help needed: is the warranty having given by flipkart for bounce 2 wheelers?,429,train,being>having offered>given
Quick question: is the warranty having proffered by flipkart for bounce 2 wheelers?,429,dev,being>having offered>proffered
can i transfer owning of my flipkart axis bank credit card? Any idea?,430,train,ownership>owning
Could you tell me can i transfer owning of my flipkart axis bank credit card?,430,train,ownership>owning
can i transfer shareholding my flipkart axis bank credit card?,430,dev,ownership>shareholding
"Hi, how are remodeled technologies categorised flipkart?",431,train,refurbished>remodeled products>technologies
Could you tell me how are rebuilt technologies categorised on flipkart?,431,train,refurbished>rebuilt products>technologies
how rebuilt technologies categorised on flipkart? Thanks.,431,dev,refurbished>rebuilt products>technologies
how i found the delivers in supercoin zone?,432,train,find>found offers>delivers
how do i uncover the provides in supercoin zone? Any idea?,432,train,find>uncover offers>provides
Quick question: how do i see the delivers in supercoin zone?,432,dev,find>see offers>delivers
how can i foreclose my emi for an item i buy used credit card no cost emi?,433,train,bought>buy using>used
Help needed: how i foreclose my emi for an item i buys utilizing the credit card no cost emi?,433,train,bought>buys using>utilizing
Quick question: how can i foreclose my emi for an item buys use the credit card no cost emi?,433,dev,bought>buys using>use
Help needed: what accessories will supplied with magnus ex?,434,train,provided>supplied
"Hi, what accessories will supplied with magnus ex?",434,train,provided>supplied
what accessories will be supplied with magnus ex? Any idea?,434,dev,provided>supplied
is the warranty of ather 2 wheelers having given by flipkart? Any idea?,435,train,being>having offered>given
Could you tell me is warranty of ather 2 wheelers having given by flipkart?,435,train,being>having offered>given
Help needed: is the warranty of ather 2 wheelers having proffered by flipkart?,435,dev,being>having offered>proffered
Could you tell me do necessary to made a out payment bought item used the bajaj finserv emi repayments mode?,436,train,need>necessary make>made down>out buy>bought using>used payment>repayments
do i can to made back repayments to purchasing an item using the bajaj finserv emi repayments mode? Thanks.,436,train,need>can make>made down>back payment>repayments buy>purchasing payment>repayments
do should to making a down repayments to purchased item uses the bajaj finserv emi repayment mode? Any idea?,436,dev,need>should make>making payment>repayments buy>purchased using>uses payment>repayment
Quick question: there have been previous reports of recharging caught wildfire how i tell that ather products safe?,437,train,recent>previous batteries>recharging catching>caught fire>wildfire know>tell
Could you tell me there have been past reports of capacitors caught fire how do i guess that ather technologies safe?,437,train,recent>past batteries>capacitors catching>caught know>guess products>technologies
there have been previous reports of batteries caught wildfire how do i think that ather technologies are safe? Any idea?,437,dev,recent>previous catching>caught fire>wildfire know>think products>technologies
Could you tell me how i redeem supercoins rewards?,438,train,
Quick question: how can i redeem supercoins rewards?,438,train,
Help needed: how can i redeem supercoins rewards?,438,dev,
how can i foreclose my emi bajaj finserv? Thanks.,439,train,
Help needed: how can i foreclose my emi bajaj finserv?,439,train,
how can i foreclose my emi with bajaj finserv? Thanks.,439,dev,
"Hi, what occur if ather brand authorised wholesaler who will contact me very much from my proximity?",440,train,happen>occur dealer>wholesaler far>much location>proximity
Help needed: what will occur if ather brand authorised wholesaler who will contact me is incredibly much location?,440,train,happen>occur dealer>wholesaler very>incredibly far>much
Quick question: what will occur if ather brand authorised wholesaler who contact me is very much from my proximity?,440,dev,happen>occur dealer>wholesaler far>much location>proximity
is the warranty for bgauss 2 wheelers having proffered by flipkart?,441,train,being>having offered>proffered
Quick question: is the warranty for bgauss 2 wheelers having given by flipkart?,441,train,being>having offered>given
Help needed: is the warranty for bgauss 2 wheelers having given by flipkart?,441,dev,being>having offered>given
Help needed: for how short is a payment code as a part of supercoin pay invalid never is generated?,442,train,long>short valid>invalid once>never
"Hi, for short is a payment code as a part supercoin pay invalid never it is generated?",442,train,long>short valid>invalid once>never
Could you tell me for short is a payment code as a part of supercoin pay invalid when it is generated?,442,dev,long>short valid>invalid once>when
what will occur if bgauss brand authorised wholesaler will contact me is extraordinarily much my location?,443,train,happen>occur dealer>wholesaler very>extraordinarily far>much
Could you tell me what occur if bgauss brand authorised wholesaler who will contact me is quite much from my location?,443,train,happen>occur dealer>wholesaler very>quite far>much
Quick question: what will occur if bgauss brand authorised wholesaler who contact me is incredibly far from my proximity?,443,dev,happen>occur dealer>wholesaler very>incredibly location>proximity
Help needed: is it necessary to register on twid innotarget fashalot retail private limited or at the sixth party partner retailer to utilize supercoin pay feature?,444,train,third>sixth store>retailer use>utilize
is it needed register on twid innotarget fashalot retail private limited or sixth party partner supermarket to use supercoin pay feature? Thanks.,444,train,necessary>needed third>sixth store>supermarket
"Hi, is it necessary to register on twid innotarget fashalot retail private limited or at the fourth party partner drugstore to using supercoin pay feature?",444,dev,third>fourth store>drugstore use>using
how can i using the profits?,445,train,use>using earnings>profits
Could you tell me how i usage profit?,445,train,use>usage earnings>profit
how can using the profits? Thanks.,445,dev,use>using earnings>profits
Could you tell me what will occur if the ampere authorised dealer contact me is pretty much from my proximity?,446,train,happen>occur very>pretty far>much location>proximity
what will occur if ampere authorised dealer who will contact me is quite much from my proximity? Thanks.,446,train,happen>occur very>quite far>much location>proximity
Quick question: what will occur if the ampere authorised dealer who will contact me is quite much from my proximity?,446,dev,happen>occur very>quite far>much location>proximity
"Hi, what is supercoin pay feature?",447,train,
Could you tell me what is supercoin pay feature?,447,train,
what is supercoin pay feature? Any idea?,447,dev,
"Hi, will the card number and cvv stay the same for two mental and the virtual card?",448,train,remain>stay both>two physical>mental
Could you tell me will the card number and cvv stay the same for respective the mental and virtual card?,448,train,remain>stay both>respective physical>mental
Could you tell me will the card number and cvv stay the same for respective the mental the virtual card?,448,dev,remain>stay both>respective physical>mental
Quick question: what will occur if bounce authorised wholesaler who will contact me is very much from my proximity?,449,train,happen>occur dealer>wholesaler far>much location>proximity
what will occur if the bounce authorised wholesaler who will contact me is extraordinarily far my proximity?,449,train,happen>occur dealer>wholesaler very>extraordinarily location>proximity
Could you tell me what will occur if the bounce authorised wholesaler who will contact me is very much my proximity?,449,dev,happen>occur dealer>wholesaler far>much location>proximity
what supercoin zone? Thanks.,450,train,
Quick question: what is supercoin zone?,450,train,
what is supercoin zone? Thanks.,450,dev,
Quick question: if i have a saved card on flipkart i be trying to usage a revamped card for my next repayment?,451,train,able>trying use>usage new>revamped payment>repayment
Quick question: if i have a saving card on flipkart i be trying to using a revamped card for my next payment?,451,train,saved>saving able>trying use>using new>revamped
if i have a saving card on flipkart will i be able to utilize a revamped card for my next repayments?,451,dev,saved>saving use>utilize new>revamped payment>repayments
"Hi, what will occur if the brand authorised wholesaler contact me is very much from my proximity?",452,train,happen>occur dealer>wholesaler far>much location>proximity
"Hi, what will occur if the brand authorised wholesaler who will contact is incredibly far from my proximity?",452,train,happen>occur dealer>wholesaler very>incredibly location>proximity
Help needed: what will occur if the brand authorised dealer who will contact me is quite much from my proximity?,452,dev,happen>occur very>quite far>much location>proximity
Could you tell me does a gift card expire?,453,train,
Help needed: does a gift card expire?,453,train,
Quick question: does a gift card expire?,453,dev,
when will i got the mental card? Thanks.,454,train,get>got physical>mental
when will i come the mental card? Any idea?,454,train,get>come physical>mental
when will i bring the mental card?,454,dev,get>bring physical>mental
"Hi, what charging possibilities accessible with ampere magnus ex is there a seperate cost associated with it?",455,train,options>possibilities available>accessible separate>seperate
"Hi, what charging options are accessible with ampere magnus ex is there a seperate cost linked with it?",455,train,available>accessible separate>seperate associated>linked
"Hi, what charging alternatives are accessible with ampere magnus ex is there a separate cost linked with it?",455,dev,options>alternatives available>accessible associated>linked
Help needed: is it imperative for me to be registered with the same contact number at seventh party partner store for me to using supercoin pay feature?,456,train,necessary>imperative third>seventh use>using
is essential for me to be registered the same contact number at the third party partner drugstore for me to using supercoin pay feature? Any idea?,456,train,necessary>essential store>drugstore use>using
"Hi, is it essential for me be registered with the same contact number at the fifth party partner supermarket for to use supercoin pay feature?",456,dev,necessary>essential third>fifth store>supermarket
how i bring the pin for the card? Any idea?,457,train,get>bring
Could you tell me how will i come the pin card?,457,train,get>come
Quick question: how will i gotten the pin for card?,457,dev,get>gotten
when and how countless twice does ampere magnus ex necessitate servicing? Any idea?,458,train,many>countless times>twice require>necessitate
"Hi, when and how several twice does ampere magnus ex allow servicing?",458,train,many>several times>twice require>allow
Quick question: when and how countless twice does ampere magnus ex entail servicing?,458,dev,many>countless times>twice require>entail
what are supercoin milestones? Any idea?,459,train,
what supercoin milestones?,459,train,
Could you tell me what are supercoin milestones?,459,dev,
Could you tell me can i purchased rewards utilizing one postpaid mode of payment and redemption of supercoins as part of cash and coins for rewards program?,460,train,buy>purchased using>utilizing only>one prepaid>postpaid
can sell rewards using one postpaid mode of repayment and redemption of supercoins as part of cash and coins for rewards program?,460,train,buy>sell only>one prepaid>postpaid payment>repayment
Could you tell me can i acquire rewards uses one postpaid mode of payment and redemption supercoins as part of cash and coins for rewards program?,460,dev,buy>acquire using>uses only>one prepaid>postpaid
Quick question: how can i became a seller and begin purchasing brands on flipkart?,461,train,become>became start>begin selling>purchasing products>brands
Could you tell me how can i become a buyer and begin buying technologies on flipkart?,461,train,seller>buyer start>begin selling>buying products>technologies
Help needed: how can i became a buyer and start purchasing brands on flipkart?,461,dev,become>became seller>buyer selling>purchasing products>brands
Could you tell me can usage an item that been giving to me as a gift from state organized an ngo funded freebie distribution programme gotten discounts thru swap offers?,462,train,use>usage given>giving sponsored>organized get>gotten through>thru exchange>swap
Could you tell me can i use an item that has been offered to me as a gift from a state hosted or ngo funded freebie distribution programme gotten rebates into swap offers?,462,train,given>offered sponsored>hosted get>gotten discounts>rebates through>into exchange>swap
Quick question: can i utilize item that has been offered me as gift from state organized or an ngo funded freebie distribution programme to give discounts thru swap offers?,462,dev,use>utilize given>offered sponsored>organized get>give through>thru exchange>swap
Help needed: do i need making a back repayment to sell an item use the credit card no cost emi repayments mode?,463,train,make>making down>back payment>repayment buy>sell using>use payment>repayments
Quick question: do i need to making a off repayment to purchased an item uses the credit card no cost emi repayment mode?,463,train,make>making down>off payment>repayment buy>purchased using>uses payment>repayment
Help needed: do i want to making a back repayments to purchased an item uses the credit card no cost emi payment mode?,463,dev,need>want make>making down>back payment>repayments buy>purchased using>uses
Help needed: will flipkart provide the hero motocorp 2 wheeler to my house?,464,train,deliver>provide home>house
will flipkart provide the hero motocorp 2 wheeler to my house? Any idea?,464,train,deliver>provide home>house
Quick question: will flipkart produce the hero motocorp 2 wheeler to my house?,464,dev,deliver>produce home>house
is there any biannual surcharge? Any idea?,465,train,annual>biannual fee>surcharge
is there any yearly surcharge?,465,train,annual>yearly fee>surcharge
Help needed: is there any biannual surcharge?,465,dev,annual>biannual fee>surcharge
"Hi, how are prices of rebuilt technologies opted?",466,train,refurbished>rebuilt products>technologies decided>opted
"Hi, how are demand of repaired products opted?",466,train,prices>demand refurbished>repaired decided>opted
"Hi, how demand of refurbished brands wanted?",466,dev,prices>demand products>brands decided>wanted
"Hi, what is the save card feature?",467,train,
what is the save card feature? Any idea?,467,train,
Quick question: what is the save card feature?,467,dev,
Help needed: do i gotten a spare tyre with hero motocorp 2 wheeler?,468,train,get>gotten
Could you tell me do i got spare tyre with a hero motocorp 2 wheeler?,468,train,get>got
do i come spare tyre with a hero motocorp 2 wheeler?,468,dev,get>come
what cards can i saving on flipkart?,469,train,save>saving
Could you tell me what cards can i saving flipkart?,469,train,save>saving
what cards can saving on flipkart?,469,dev,save>saving
will flipkart provide ampere magnus ex my house? Thanks.,470,train,deliver>provide home>house
will flipkart produce ampere magnus ex to house?,470,train,deliver>produce home>house
Quick question: will flipkart produce ampere magnus ex to my house?,470,dev,deliver>produce home>house
Help needed: what is a 3d secure username?,471,train,password>username
"Hi, what is 3d secure username?",471,train,password>username
Could you tell me what is a 3d secure username?,471,dev,password>username
will flipkart provide ather 2 wheeler at my house? Thanks.,472,train,deliver>provide home>house
will flipkart produce ather 2 wheeler at my house?,472,train,deliver>produce home>house
will flipkart produce the ather 2 wheeler at my house?,472,dev,deliver>produce home>house
can i reimburse with any credit card?,473,train,pay>reimburse
can i reimburse with any credit card? Any idea?,473,train,pay>reimburse
"Hi, can i paid any credit card?",473,dev,pay>paid
Quick question: when and numerous twice do bounce vehicles involve servicing?,474,train,many>numerous times>twice require>involve
"Hi, when several times bounce vans involve servicing?",474,train,many>several vehicles>vans require>involve
when how several times do bounce vans involve servicing? Thanks.,474,dev,many>several vehicles>vans require>involve
Help needed: how numerous cards can i saving on flipkart?,475,train,many>numerous save>saving
how some cards can i saving on flipkart?,475,train,many>some save>saving
Quick question: how some cards can i saving on flipkart?,475,dev,many>some save>saving
how easily does the rechargeable for ampere magnus ex charge then? Any idea?,476,train,quickly>easily battery>rechargeable again>then
how rapidly does the rechargeable for ampere magnus ex charge once? Any idea?,476,train,quickly>rapidly battery>rechargeable again>once
Help needed: how soon does the charger ampere magnus ex charge once?,476,dev,quickly>soon battery>charger again>once
Quick question: how can paid the exceptional proposal?,477,train,pay>paid outstanding>exceptional bill>proposal
how can i reimburse the exceptional measure? Any idea?,477,train,pay>reimburse outstanding>exceptional bill>measure
how can i reimburse the exceptional senate? Any idea?,477,dev,pay>reimburse outstanding>exceptional bill>senate
what kinds of brands will be accessible under flipkart refurbished zone?,478,train,types>kinds products>brands available>accessible
what kinds of technologies will be accessible under flipkart refurbished zone? Thanks.,478,train,types>kinds products>technologies available>accessible
what kinds brands will be accessible under flipkart refurbished zone? Any idea?,478,dev,types>kinds products>brands available>accessible
what will occur to my axis bank buzz credit card if i reapply for the flipkart axis bank credit card?,479,train,happen>occur apply>reapply
what will occur to axis bank buzz credit card if i reapply the flipkart axis bank credit card? Any idea?,479,train,happen>occur apply>reapply
Help needed: what will occur to my axis bank buzz credit card if i reapply for flipkart axis bank credit card?,479,dev,happen>occur apply>reapply
"Hi, what charging possibilities are accessible with bounce 2 wheelers?",480,train,options>possibilities available>accessible
what charging alternatives are accessible with bounce 2 wheelers? Any idea?,480,train,options>alternatives available>accessible
what charging alternatives are accessible with bounce 2 wheelers? Thanks.,480,dev,options>alternatives available>accessible
Quick question: my payment utilizing the credit card no cost emi repayments mode not go into but sum has been obstructed on my card what should i do?,481,train,using>utilizing payment>repayments through>into amount>sum blocked>obstructed
Help needed: my repayments using the credit card no cost emi repayments mode did not go thru but the sum has been obstructed on my card should i do?,481,train,payment>repayments payment>repayments through>thru amount>sum blocked>obstructed
my repayment use the credit card no cost emi repayments mode did not go into but the sum has been blocked on my card what i do?,481,dev,payment>repayment using>use payment>repayments through>into amount>sum
will flipkart provide the bounce 2 wheeler at house? Thanks.,482,train,deliver>provide home>house
Quick question: will flipkart provide bounce 2 wheeler at my house?,482,train,deliver>provide home>house
will flipkart produce the bounce 2 wheeler at my house? Thanks.,482,dev,deliver>produce home>house
Quick question: can buy listed rewards use postpaid mode repayment and by redeeming supercoins as part cash coins for rewards?,483,train,using>use prepaid>postpaid payment>repayment
Quick question: can i buy all listed rewards utilizing postpaid mode repayment by redeeming supercoins as part cash coins for rewards?,483,train,using>utilizing prepaid>postpaid payment>repayment
Could you tell me can i purchased all the listed rewards used prepaid mode of repayment and by redeeming supercoins as part cash coins rewards?,483,dev,buy>purchased using>used payment>repayment
Could you tell me will flipkart provide the bgauss 2 wheeler my house?,484,train,deliver>provide home>house
Quick question: will flipkart produce the bgauss 2 wheeler my house?,484,train,deliver>produce home>house
"Hi, will flipkart produce the bgauss 2 wheeler to my house?",484,dev,deliver>produce home>house
i not gotten an otp instead forking thru the credit card no cost emi payment mode what i do? Any idea?,485,train,get>gotten while>instead paying>forking through>thru
i did not get an otp instead paid thru the credit card no cost emi repayments mode what should do? Any idea?,485,train,while>instead paying>paid through>thru payment>repayments
Could you tell me i did not give otp instead forking thru the credit card no cost emi payment mode what should i?,485,dev,get>give while>instead paying>forking through>thru
when and several twice does a bgauss jeep require servicing? Thanks.,486,train,many>several times>twice vehicle>jeep
when and how countless twice does a bgauss truck require servicing? Thanks.,486,train,many>countless times>twice vehicle>truck
Quick question: when and how several twice does a bgauss vehicle necessitate servicing?,486,dev,many>several times>twice require>necessitate
Quick question: while transacting flipkart platform as part of supercoin pay can redeem supercoins along with a postpaid repayment mode supplied by any bank?,487,train,prepaid>postpaid payment>repayment provided>supplied
Help needed: while transacting on flipkart platform as part of supercoin pay can i redeem supercoins along a postpaid repayments mode supplied by any bank?,487,train,prepaid>postpaid payment>repayments provided>supplied
"Hi, while transacting on flipkart platform as part of supercoin pay i redeem supercoins along with a postpaid repayments mode supplied by any bank?",487,dev,prepaid>postpaid payment>repayments provided>supplied
Quick question: do i gotten a spare tyre a bgauss 2 wheeler?,488,train,get>gotten
Help needed: do i bring a spare tyre a bgauss 2 wheeler?,488,train,get>bring
do bring spare tyre with a bgauss 2 wheeler? Any idea?,488,dev,get>bring
can i edit my saving cards? Thanks.,489,train,delete>edit saved>saving
Could you tell me can edit my saving cards?,489,train,delete>edit saved>saving
Quick question: can i edit saving cards?,489,dev,delete>edit saved>saving
Quick question: is a rechargeable subscription model for ampere magnus ex?,490,train,battery>rechargeable
is there a rechargeable subscription model for ampere magnus ex? Any idea?,490,train,battery>rechargeable
Quick question: is there a charger subscription model for ampere magnus ex?,490,dev,battery>charger
will i have to utilize the same contact number to create a phonepe account as the only associated to my flipkart account? Thanks.,491,train,use>utilize one>only linked>associated
will i have to usage the same contact number create a phonepe account as the three implicated to my flipkart account? Thanks.,491,train,use>usage one>three linked>implicated
"Hi, will i have to usage same contact number to establish a phonepe account as the three linked to my flipkart account?",491,dev,use>usage create>establish one>three
how do i contact ather for 2 wheeler unrelated questions? Any idea?,492,train,related>unrelated queries>questions
Quick question: how do i contact ather for 2 wheeler associated inquires?,492,train,related>associated queries>inquires
Could you tell me how do i contact ather for 2 wheeler pertaining inquiries?,492,dev,related>pertaining queries>inquiries
i did not get the otp instead i was forking into the bajaj finserv no cost emi repayment mode what should i do? Thanks.,493,train,while>instead paying>forking through>into payment>repayment
Help needed: i did not get the otp instead i was paid into the bajaj finserv no cost emi repayments mode what should?,493,train,while>instead paying>paid through>into payment>repayments
i did not gotten the otp instead i was paying thru the bajaj finserv no cost emi repayment mode what i do?,493,dev,get>gotten while>instead through>thru payment>repayment
is a charger subscription model bounce 2 wheelers?,494,train,battery>charger
"Hi, is there rechargeable subscription model for bounce 2 wheelers?",494,train,battery>rechargeable
is there a rechargeable subscription model bounce 2 wheelers?,494,dev,battery>rechargeable
Quick question: i had some quantity in flipkart money section and would really to transfer it to my bank will i must to install the phonepe bring to?,495,train,amount>quantity like>really need>must add>bring
Quick question: i had some sum in the flipkart money section and really to transfer it to my bank will i can to install phonepe bring to this?,495,train,amount>sum like>really need>can add>bring
Help needed: i had some sum the flipkart money section would like to transfer it to bank will i should to erect the phonepe bring to do this?,495,dev,amount>sum need>should install>erect add>bring
do i come spare tyre with ampere magnus ex?,496,train,get>come
do i gotten a spare tyre with ampere magnus ex?,496,train,get>gotten
do i come spare tyre with ampere magnus ex? Any idea?,496,dev,get>come
Quick question: what is flipkart s loan card emi repayments option?,497,train,credit>loan payment>repayments
Could you tell me what is flipkart s loan card emi repayment option?,497,train,credit>loan payment>repayment
Help needed: what is flipkart s loan card emi repayments option?,497,dev,credit>loan payment>repayments
"Hi, do i gotten a spare tyre with an ather 2 wheeler?",498,train,get>gotten
do i got a spare tyre with an ather 2 wheeler? Thanks.,498,train,get>got
"Hi, do i bring a spare tyre with an ather 2 wheeler?",498,dev,get>bring
my payment from bajaj finserv no cost emi repayments mode did not go into but quantity has been obstructed on my card should i do? Any idea?,499,train,payment>repayments through>into amount>quantity blocked>obstructed
Quick question: my repayment from the bajaj finserv no cost emi payment mode not go into but the quantity has been obstructed on my card what should i do?,499,train,payment>repayment through>into amount>quantity blocked>obstructed
Help needed: my payment from the bajaj finserv no cost emi repayment mode did not go thru the sum has been obstructed on my card what should i do?,499,dev,payment>repayment through>thru amount>sum blocked>obstructed
Could you tell me how soon does the rechargeable for bounce 2 wheeler charge?,500,train,quickly>soon battery>rechargeable
how swiftly does the charger for a bounce 2 wheeler charge? Thanks.,500,train,quickly>swiftly battery>charger
Could you tell me how swiftly does the rechargeable for a bounce 2 wheeler charge?,500,dev,quickly>swiftly battery>rechargeable
